frame,label,area,centroid_x,centroid_y
0,0,2856.0,20.643207550048828,250.313720703125
0,1,3082.0,188.93153381347656,381.45458984375
0,2,6045.0,78.17154693603516,407.35052490234375
0,3,3037.0,21.153112411499023,322.201171875
0,4,5369.0,203.71987915039065,470.0268249511719
0,5,4639.0,166.01466369628906,68.94438171386719
0,6,5371.0,198.63526916503903,176.98751831054688
0,7,3593.0,199.65821838378903,337.79766845703125
0,8,5376.0,297.8301696777344,359.0738525390625
0,9,4775.0,243.8148651123047,411.2178039550781
0,10,7040.0,320.5409240722656,454.7029724121094
0,11,3538.0,106.43555450439452,477.9796447753906
0,12,2935.0,423.9611511230469,25.493696212768555
0,13,2862.0,137.5852508544922,229.0111846923828
0,14,9238.0,257.8231201171875,206.8010406494141
0,15,1452.0,58.32575607299805,305.2754821777344
0,16,5136.0,211.9694366455078,22.999805450439453
0,17,2422.0,365.5615234375,31.28323745727539
0,18,1041.0,139.0393829345703,16.585975646972656
0,19,3648.0,269.83306884765625,61.313323974609375
0,20,3969.0,39.3897705078125,93.04938507080078
0,21,1958.0,273.60113525390625,124.80541229248048
0,22,3363.0,317.533447265625,121.7850112915039
0,23,5081.0,136.0358123779297,157.3280792236328
0,24,5417.0,327.1258850097656,237.55712890625
0,25,3422.0,366.4991149902344,291.6414489746094
0,26,1601.0,23.386632919311523,41.16239929199219
0,27,3456.0,85.78067016601562,38.61284637451172
0,28,5580.0,465.82080078125,69.14086151123047
0,29,4869.0,102.8178253173828,95.65065002441406
0,30,3068.0,407.817138671875,82.6701431274414
0,31,3635.0,374.5758056640625,111.31774139404295
0,32,4216.0,355.5325012207031,173.94639587402344
0,33,4072.0,484.5235900878906,127.43173217773438
0,34,0.0,0.0,0.0
0,35,3396.0,401.7105407714844,255.61248779296875
0,36,4602.0,462.8869934082031,302.4156799316406
0,37,3067.0,384.9272766113281,334.8744812011719
0,38,4276.0,471.7752685546875,400.4286804199219
0,39,3298.0,452.33050537109375,459.9308776855469
0,40,2347.0,490.6412353515625,349.5445251464844
0,41,2773.0,428.6476745605469,358.7453918457031
0,42,5467.0,96.01006317138672,362.3427734375
0,43,1001.0,499.0989074707031,446.7492370605469
0,44,3306.0,480.6252136230469,196.05958557128903
0,45,3317.0,87.41151428222656,185.4730224609375
0,46,4522.0,76.48164367675781,253.29168701171875
0,47,6244.0,32.94538879394531,169.5273895263672
0,48,3755.0,178.42210388183594,272.6053161621094
0,49,8892.0,264.4501647949219,297.8433532714844
0,50,5772.0,121.39813232421876,307.1846923828125
0,51,3120.0,155.61891174316406,430.8304443359375
0,52,1484.0,149.46023559570312,494.0390930175781
0,53,1372.0,30.654518127441406,12.077259063720703
0,54,0.0,0.0,0.0
0,55,2528.0,396.1973876953125,490.471923828125
0,56,3069.0,60.04952621459961,455.4845275878906
0,57,2733.0,262.5982360839844,491.0003662109375
0,58,458.0,387.25982666015625,6.017467021942139
0,59,0.0,0.0,0.0
0,60,5472.0,216.69883728027344,108.2258758544922
0,61,1154.0,332.53033447265625,500.3085021972656
0,62,0.0,0.0,0.0
0,63,628.0,284.7229309082031,6.826433181762695
0,64,0.0,0.0,0.0
0,65,0.0,0.0,0.0
0,66,0.0,0.0,0.0
0,67,0.0,0.0,0.0
0,68,1358.0,489.0927734375,15.752577781677246
0,69,941.0,98.5536651611328,9.429330825805664
0,70,0.0,0.0,0.0
0,71,5908.0,422.6347351074219,175.31787109375
0,72,3636.0,407.2923583984375,430.0910339355469
0,73,0.0,0.0,0.0
0,74,0.0,0.0,0.0
0,75,0.0,0.0,0.0
0,76,0.0,0.0,0.0
0,77,0.0,0.0,0.0
0,78,4646.0,323.2888488769531,45.40077590942383
0,79,2665.0,444.69232177734375,244.6900634765625
0,80,0.0,0.0,0.0
0,81,0.0,0.0,0.0
0,82,0.0,0.0,0.0
0,83,0.0,0.0,0.0
0,84,0.0,0.0,0.0
0,85,0.0,0.0,0.0
0,86,1797.0,491.9543762207031,246.0923767089844
0,87,2521.0,476.20904541015625,494.4411010742188
0,88,0.0,0.0,0.0
0,89,0.0,0.0,0.0
0,90,0.0,0.0,0.0
0,91,0.0,0.0,0.0
0,92,0.0,0.0,0.0
0,93,1225.0,18.277551651000977,377.01959228515625
0,94,0.0,0.0,0.0
0,95,0.0,0.0,0.0
0,96,0.0,0.0,0.0
0,97,0.0,0.0,0.0
0,98,0.0,0.0,0.0
0,99,5465.0,355.7183837890625,393.6854553222656
0,100,0.0,0.0,0.0
0,101,0.0,0.0,0.0
0,102,0.0,0.0,0.0
0,103,0.0,0.0,0.0
0,104,0.0,0.0,0.0
0,105,0.0,0.0,0.0
0,106,0.0,0.0,0.0
0,107,0.0,0.0,0.0
0,108,0.0,0.0,0.0
0,109,0.0,0.0,0.0
0,110,0.0,0.0,0.0
0,111,0.0,0.0,0.0
0,112,0.0,0.0,0.0
0,113,0.0,0.0,0.0
0,114,0.0,0.0,0.0
0,115,0.0,0.0,0.0
0,116,0.0,0.0,0.0
0,117,0.0,0.0,0.0
0,118,0.0,0.0,0.0
0,119,0.0,0.0,0.0
0,120,0.0,0.0,0.0
0,121,0.0,0.0,0.0
0,122,0.0,0.0,0.0
0,123,0.0,0.0,0.0
0,124,0.0,0.0,0.0
0,125,0.0,0.0,0.0
0,126,0.0,0.0,0.0
0,127,0.0,0.0,0.0
0,128,0.0,0.0,0.0
0,129,0.0,0.0,0.0
0,130,0.0,0.0,0.0
0,131,0.0,0.0,0.0
0,132,0.0,0.0,0.0
0,133,0.0,0.0,0.0
0,134,0.0,0.0,0.0
0,135,0.0,0.0,0.0
0,136,0.0,0.0,0.0
0,137,0.0,0.0,0.0
0,138,0.0,0.0,0.0
0,139,0.0,0.0,0.0
0,140,0.0,0.0,0.0
0,141,0.0,0.0,0.0
0,142,0.0,0.0,0.0
0,143,0.0,0.0,0.0
0,144,0.0,0.0,0.0
0,145,0.0,0.0,0.0
0,146,0.0,0.0,0.0
0,147,0.0,0.0,0.0
0,148,0.0,0.0,0.0
0,149,0.0,0.0,0.0
0,150,0.0,0.0,0.0
0,151,0.0,0.0,0.0
0,152,0.0,0.0,0.0
0,153,0.0,0.0,0.0
0,154,0.0,0.0,0.0
0,155,0.0,0.0,0.0
0,156,0.0,0.0,0.0
0,157,0.0,0.0,0.0
0,158,0.0,0.0,0.0
0,159,0.0,0.0,0.0
1,0,2515.0,20.079124450683597,247.2377777099609
1,1,3011.0,185.14944458007807,379.95550537109375
1,2,6195.0,76.6345443725586,405.2731323242188
1,3,2728.0,19.81048393249512,321.9582214355469
1,4,5493.0,203.78663635253903,470.229736328125
1,5,4478.0,164.5192108154297,69.23604583740234
1,6,5355.0,197.38319396972656,175.15350341796875
1,7,3715.0,198.2344512939453,336.1946105957031
1,8,5055.0,290.53057861328125,359.0061340332031
1,9,4232.0,239.78118896484372,410.676513671875
1,10,7081.0,318.6876220703125,451.6366271972656
1,11,3813.0,102.37975311279295,481.7120361328125
1,12,3296.0,422.83251953125,28.24120140075684
1,13,2860.0,136.8237762451172,230.9569854736328
1,14,8902.0,254.71624755859372,208.3706970214844
1,15,1888.0,59.32150268554688,304.721923828125
1,16,5364.0,210.0214385986328,23.334264755249023
1,17,2782.0,356.98345947265625,31.6682243347168
1,18,1066.0,137.1566619873047,17.504690170288086
1,19,3523.0,265.88531494140625,62.73658752441406
1,20,4060.0,39.9290657043457,91.4975357055664
1,21,2646.0,270.21807861328125,128.6322784423828
1,22,3716.0,317.1566162109375,122.39827728271484
1,23,5142.0,136.81155395507812,157.79054260253906
1,24,5500.0,324.0463562011719,237.74545288085935
1,25,3544.0,363.9367980957031,292.7026062011719
1,26,1290.0,22.900775909423828,39.42325592041016
1,27,3486.0,82.9575424194336,38.72920227050781
1,28,5711.0,466.1455078125,68.94344329833984
1,29,4786.0,102.49456787109376,96.47764587402344
1,30,3132.0,400.7691650390625,79.98914337158203
1,31,3391.0,374.276611328125,113.05043029785156
1,32,4088.0,355.8869934082031,175.3321990966797
1,33,4000.0,484.1527404785156,126.02774810791016
1,34,0.0,0.0,0.0
1,35,3679.0,400.5794982910156,255.3601531982422
1,36,4613.0,463.3984375,302.2497253417969
1,37,3198.0,384.9039916992188,334.3161315917969
1,38,4020.0,471.93756103515625,401.3833312988281
1,39,3248.0,450.9599609375,459.2780151367188
1,40,2564.0,490.7000732421875,349.9383850097656
1,41,2793.0,428.6824340820313,359.7984313964844
1,42,5133.0,93.56068420410156,359.8219299316406
1,43,987.0,498.1519775390625,443.7487487792969
1,44,3422.0,481.6890563964844,194.42840576171875
1,45,3504.0,85.0819091796875,182.82449340820312
1,46,4248.0,72.480224609375,250.46681213378903
1,47,5889.0,31.48463249206543,169.4637451171875
1,48,4383.0,186.6865234375,272.26055908203125
1,49,7597.0,270.0386962890625,300.1669006347656
1,50,6003.0,123.04180908203124,303.7369689941406
1,51,3539.0,154.29104614257812,429.47216796875
1,52,1541.0,150.73069763183594,494.0272521972656
1,53,1215.0,33.04197692871094,12.744032859802246
1,54,260.0,5.742307662963867,279.7730712890625
1,55,2357.0,398.6627197265625,489.7484130859375
1,56,3650.0,54.18876647949219,455.7589111328125
1,57,2770.0,264.8992919921875,489.8772583007813
1,58,558.0,385.95159912109375,6.874551773071289
1,59,0.0,0.0,0.0
1,60,4750.0,212.27810668945312,106.7743148803711
1,61,1704.0,337.32159423828125,499.8656005859375
1,62,0.0,0.0,0.0
1,63,728.0,285.22528076171875,7.751373767852783
1,64,0.0,0.0,0.0
1,65,0.0,0.0,0.0
1,66,0.0,0.0,0.0
1,67,0.0,0.0,0.0
1,68,1292.0,489.4837341308594,15.817337036132812
1,69,971.0,98.5447998046875,9.38311004638672
1,70,0.0,0.0,0.0
1,71,6014.0,421.82073974609375,173.87063598632812
1,72,3863.0,405.428955078125,428.7703857421875
1,73,0.0,0.0,0.0
1,74,0.0,0.0,0.0
1,75,0.0,0.0,0.0
1,76,0.0,0.0,0.0
1,77,0.0,0.0,0.0
1,78,3956.0,317.2029724121094,47.25101089477539
1,79,2856.0,446.9992980957031,242.72479248046875
1,80,0.0,0.0,0.0
1,81,0.0,0.0,0.0
1,82,0.0,0.0,0.0
1,83,0.0,0.0,0.0
1,84,0.0,0.0,0.0
1,85,0.0,0.0,0.0
1,86,1701.0,494.50970458984375,247.4908905029297
1,87,2592.0,475.9251403808594,492.8155822753906
1,88,0.0,0.0,0.0
1,89,0.0,0.0,0.0
1,90,0.0,0.0,0.0
1,91,0.0,0.0,0.0
1,92,0.0,0.0,0.0
1,93,1510.0,15.62582778930664,381.3748474121094
1,94,0.0,0.0,0.0
1,95,0.0,0.0,0.0
1,96,0.0,0.0,0.0
1,97,0.0,0.0,0.0
1,98,0.0,0.0,0.0
1,99,5798.0,350.7588806152344,390.1640319824219
1,100,0.0,0.0,0.0
1,101,0.0,0.0,0.0
1,102,0.0,0.0,0.0
1,103,0.0,0.0,0.0
1,104,0.0,0.0,0.0
1,105,0.0,0.0,0.0
1,106,0.0,0.0,0.0
1,107,0.0,0.0,0.0
1,108,0.0,0.0,0.0
1,109,0.0,0.0,0.0
1,110,0.0,0.0,0.0
1,111,0.0,0.0,0.0
1,112,0.0,0.0,0.0
1,113,0.0,0.0,0.0
1,114,0.0,0.0,0.0
1,115,0.0,0.0,0.0
1,116,0.0,0.0,0.0
1,117,0.0,0.0,0.0
1,118,0.0,0.0,0.0
1,119,0.0,0.0,0.0
1,120,0.0,0.0,0.0
1,121,0.0,0.0,0.0
1,122,0.0,0.0,0.0
1,123,0.0,0.0,0.0
1,124,0.0,0.0,0.0
1,125,0.0,0.0,0.0
1,126,0.0,0.0,0.0
1,127,0.0,0.0,0.0
1,128,0.0,0.0,0.0
1,129,0.0,0.0,0.0
1,130,0.0,0.0,0.0
1,131,0.0,0.0,0.0
1,132,0.0,0.0,0.0
1,133,0.0,0.0,0.0
1,134,0.0,0.0,0.0
1,135,0.0,0.0,0.0
1,136,0.0,0.0,0.0
1,137,0.0,0.0,0.0
1,138,0.0,0.0,0.0
1,139,0.0,0.0,0.0
1,140,0.0,0.0,0.0
1,141,0.0,0.0,0.0
1,142,0.0,0.0,0.0
1,143,0.0,0.0,0.0
1,144,0.0,0.0,0.0
1,145,0.0,0.0,0.0
1,146,0.0,0.0,0.0
1,147,0.0,0.0,0.0
1,148,0.0,0.0,0.0
1,149,0.0,0.0,0.0
1,150,0.0,0.0,0.0
1,151,0.0,0.0,0.0
1,152,0.0,0.0,0.0
1,153,0.0,0.0,0.0
1,154,0.0,0.0,0.0
1,155,0.0,0.0,0.0
1,156,0.0,0.0,0.0
1,157,0.0,0.0,0.0
1,158,0.0,0.0,0.0
1,159,0.0,0.0,0.0
2,0,2660.0,18.195112228393555,251.16390991210935
2,1,3380.0,177.37811279296875,377.2165832519531
2,2,6042.0,75.8171157836914,402.4253540039063
2,3,2602.0,19.095312118530277,320.3236083984375
2,4,6315.0,211.0619201660156,471.1640625
2,5,4329.0,157.68006896972656,70.97320556640625
2,6,3602.0,179.25457763671875,188.0416412353516
2,7,3675.0,192.49061584472656,335.11212158203125
2,8,4705.0,284.333251953125,357.7787475585937
2,9,4082.0,236.81846618652344,409.2809753417969
2,10,4513.0,305.9020690917969,436.7848510742188
2,11,4016.0,103.04979705810548,481.712646484375
2,12,4237.0,416.7493591308594,30.00660896301269
2,13,2781.0,132.8982391357422,230.6055450439453
2,14,8312.0,249.4149475097656,209.54006958007807
2,15,1961.0,58.22335433959961,303.4176330566406
2,16,5258.0,204.3634490966797,25.011030197143555
2,17,2844.0,341.61004638671875,41.48312377929688
2,18,1135.0,135.62554931640625,17.516300201416016
2,19,4419.0,253.8913726806641,70.058837890625
2,20,2761.0,39.22274398803711,102.58203887939452
2,21,5250.0,249.63943481445312,139.0470428466797
2,22,3785.0,314.5807189941406,121.70832061767578
2,23,5270.0,133.85464477539062,156.55123901367188
2,24,5561.0,321.5795593261719,234.9706878662109
2,25,3873.0,362.4730224609375,292.0247802734375
2,26,2422.0,23.560279846191406,56.32204818725586
2,27,3306.0,81.91227722167969,39.88172912597656
2,28,5002.0,467.2906799316406,71.0149917602539
2,29,4566.0,96.93605041503906,96.91393280029295
2,30,3365.0,402.5150146484375,83.4499282836914
2,31,3039.0,371.1602478027344,115.45508575439452
2,32,4141.0,353.6194152832031,175.34146118164062
2,33,3992.0,483.0300598144531,125.14303588867188
2,34,0.0,0.0,0.0
2,35,3644.0,399.1819458007813,253.98326110839844
2,36,4408.0,462.5927734375,302.5340270996094
2,37,3409.0,382.0642395019531,334.5784606933594
2,38,3554.0,471.19134521484375,403.8545227050781
2,39,3519.0,445.81982421875,458.3966979980469
2,40,3056.0,488.8763122558594,352.27618408203125
2,41,2931.0,427.7649230957031,359.6659851074219
2,42,4430.0,85.27359008789062,356.73272705078125
2,43,1009.0,497.6144714355469,441.79486083984375
2,44,3318.0,481.1570129394531,191.59945678710935
2,45,3357.0,82.12511444091797,181.58624267578125
2,46,4235.0,71.70555114746094,249.0129852294922
2,47,5648.0,30.09631729125977,170.0720672607422
2,48,4721.0,188.2963409423828,271.88201904296875
2,49,7471.0,269.4067687988281,300.8130187988281
2,50,5640.0,120.63333129882812,302.3803100585937
2,51,3952.0,153.44686889648438,429.95648193359375
2,52,1326.0,152.0972900390625,496.3265380859375
2,53,1634.0,31.647491455078125,13.927172660827637
2,54,0.0,0.0,0.0
2,55,5494.0,373.2691955566406,476.1241455078125
2,56,4685.0,47.97225189208984,452.7073669433594
2,57,1876.0,270.6556396484375,494.9306945800781
2,58,1248.0,369.0464782714844,12.633012771606444
2,59,1317.0,31.06985664367676,495.8200378417969
2,60,3228.0,196.1908264160156,109.78748321533205
2,61,2003.0,315.60809326171875,484.7393798828125
2,62,0.0,0.0,0.0
2,63,858.0,272.08624267578125,10.21212100982666
2,64,0.0,0.0,0.0
2,65,0.0,0.0,0.0
2,66,0.0,0.0,0.0
2,67,0.0,0.0,0.0
2,68,1339.0,487.4958801269531,20.08364486694336
2,69,994.0,96.93360137939452,9.844064712524414
2,70,0.0,0.0,0.0
2,71,6209.0,420.74908447265625,172.28717041015625
2,72,2937.0,408.2798767089844,420.205322265625
2,73,0.0,0.0,0.0
2,74,0.0,0.0,0.0
2,75,0.0,0.0,0.0
2,76,0.0,0.0,0.0
2,77,0.0,0.0,0.0
2,78,3149.0,306.45220947265625,48.37853240966797
2,79,2876.0,446.3480529785156,243.1919403076172
2,80,0.0,0.0,0.0
2,81,0.0,0.0,0.0
2,82,0.0,0.0,0.0
2,83,0.0,0.0,0.0
2,84,0.0,0.0,0.0
2,85,0.0,0.0,0.0
2,86,2187.0,493.7828063964844,245.79103088378903
2,87,3131.0,475.6451721191406,491.5238037109375
2,88,0.0,0.0,0.0
2,89,0.0,0.0,0.0
2,90,0.0,0.0,0.0
2,91,0.0,0.0,0.0
2,92,0.0,0.0,0.0
2,93,1567.0,14.463943481445312,380.0376586914063
2,94,0.0,0.0,0.0
2,95,0.0,0.0,0.0
2,96,0.0,0.0,0.0
2,97,0.0,0.0,0.0
2,98,0.0,0.0,0.0
2,99,5619.0,345.8230895996094,387.2130126953125
2,100,0.0,0.0,0.0
2,101,0.0,0.0,0.0
2,102,0.0,0.0,0.0
2,103,0.0,0.0,0.0
2,104,0.0,0.0,0.0
2,105,0.0,0.0,0.0
2,106,0.0,0.0,0.0
2,107,0.0,0.0,0.0
2,108,0.0,0.0,0.0
2,109,0.0,0.0,0.0
2,110,0.0,0.0,0.0
2,111,0.0,0.0,0.0
2,112,0.0,0.0,0.0
2,113,0.0,0.0,0.0
2,114,0.0,0.0,0.0
2,115,0.0,0.0,0.0
2,116,0.0,0.0,0.0
2,117,0.0,0.0,0.0
2,118,0.0,0.0,0.0
2,119,0.0,0.0,0.0
2,120,0.0,0.0,0.0
2,121,0.0,0.0,0.0
2,122,0.0,0.0,0.0
2,123,0.0,0.0,0.0
2,124,0.0,0.0,0.0
2,125,0.0,0.0,0.0
2,126,0.0,0.0,0.0
2,127,0.0,0.0,0.0
2,128,0.0,0.0,0.0
2,129,0.0,0.0,0.0
2,130,0.0,0.0,0.0
2,131,0.0,0.0,0.0
2,132,0.0,0.0,0.0
2,133,0.0,0.0,0.0
2,134,0.0,0.0,0.0
2,135,0.0,0.0,0.0
2,136,0.0,0.0,0.0
2,137,0.0,0.0,0.0
2,138,0.0,0.0,0.0
2,139,0.0,0.0,0.0
2,140,0.0,0.0,0.0
2,141,0.0,0.0,0.0
2,142,0.0,0.0,0.0
2,143,0.0,0.0,0.0
2,144,0.0,0.0,0.0
2,145,0.0,0.0,0.0
2,146,0.0,0.0,0.0
2,147,0.0,0.0,0.0
2,148,0.0,0.0,0.0
2,149,0.0,0.0,0.0
2,150,0.0,0.0,0.0
2,151,0.0,0.0,0.0
2,152,0.0,0.0,0.0
2,153,0.0,0.0,0.0
2,154,0.0,0.0,0.0
2,155,0.0,0.0,0.0
2,156,0.0,0.0,0.0
2,157,0.0,0.0,0.0
2,158,0.0,0.0,0.0
2,159,0.0,0.0,0.0
3,0,2548.0,17.223705291748047,250.6891632080078
3,1,3404.0,174.57608032226562,377.1275024414063
3,2,6297.0,75.27140045166016,400.2340698242188
3,3,2400.0,18.143333435058597,319.98583984375
3,4,6539.0,209.2399444580078,471.4350891113281
3,5,4731.0,149.21031188964844,74.18939208984375
3,6,3622.0,177.06985473632812,187.85118103027344
3,7,4026.0,192.32215881347656,334.0168762207031
3,8,4170.0,279.66473388671875,357.9822692871094
3,9,4160.0,235.90072631835935,408.20745849609375
3,10,3791.0,305.2028503417969,429.8235168457031
3,11,5202.0,109.09362030029295,483.593994140625
3,12,5782.0,409.6584167480469,38.80006790161133
3,13,2762.0,130.49710083007812,230.55430603027344
3,14,7794.0,245.2709808349609,210.1365203857422
3,15,1884.0,54.47505187988281,301.2393798828125
3,16,5092.0,198.80067443847656,26.236841201782227
3,17,2743.0,334.7622985839844,44.06161117553711
3,18,1096.0,133.8211669921875,16.78740882873535
3,19,4140.0,249.54879760742188,71.08551025390625
3,20,3034.0,31.713579177856445,102.41858673095705
3,21,5627.0,246.21609497070312,137.92660522460938
3,22,3633.0,309.3922424316406,123.92843627929688
3,23,5128.0,131.96392822265625,157.4736785888672
3,24,5297.0,318.5044250488281,235.3535919189453
3,25,3954.0,359.7878112792969,291.49139404296875
3,26,2284.0,23.91724967956543,53.0359001159668
3,27,3552.0,81.53378295898438,41.79194641113281
3,28,5234.0,466.2458801269531,70.31773376464844
3,29,3938.0,88.23057556152344,102.80776977539062
3,30,2627.0,393.9124450683594,96.35706329345705
3,31,3540.0,359.72967529296875,125.8302230834961
3,32,3465.0,346.6167297363281,183.58470153808597
3,33,4093.0,481.1419372558594,124.59442901611328
3,34,0.0,0.0,0.0
3,35,3838.0,397.6709289550781,254.2920837402344
3,36,4421.0,461.8348693847656,302.7201843261719
3,37,3619.0,378.7010192871094,334.1456298828125
3,38,3509.0,470.8401184082031,404.6195373535156
3,39,3372.0,445.5545654296875,458.0785827636719
3,40,3317.0,488.1546630859375,352.24810791015625
3,41,2951.0,424.944091796875,360.6140441894531
3,42,4050.0,82.27555847167969,354.1683959960937
3,43,950.0,497.4779052734375,441.0021057128906
3,44,3416.0,481.5743408203125,190.47218322753903
3,45,3265.0,79.49066162109375,182.866455078125
3,46,4056.0,69.72164916992188,247.9906311035156
3,47,5154.0,29.24078369140625,171.63775634765625
3,48,4968.0,188.5944061279297,270.3204650878906
3,49,7195.0,269.4476623535156,301.0072326660156
3,50,5824.0,117.40144348144533,302.5106506347656
3,51,3847.0,152.37457275390625,429.25787353515625
3,52,0.0,0.0,0.0
3,53,1578.0,31.37896156311035,13.044360160827637
3,54,0.0,0.0,0.0
3,55,5081.0,376.0405578613281,471.0482177734375
3,56,4590.0,46.138126373291016,450.9106750488281
3,57,1321.0,263.6964416503906,495.2672119140625
3,58,1778.0,362.8672790527344,12.294150352478027
3,59,1659.0,26.95901107788086,495.7196960449219
3,60,3083.0,189.30911254882807,108.4836196899414
3,61,4190.0,313.5326843261719,480.38092041015625
3,62,89.0,174.4044952392578,504.9550476074219
3,63,1180.0,265.9245910644531,11.82966136932373
3,64,0.0,0.0,0.0
3,65,0.0,0.0,0.0
3,66,0.0,0.0,0.0
3,67,0.0,0.0,0.0
3,68,1364.0,484.99853515625,18.94281578063965
3,69,992.0,95.81149291992188,10.55544376373291
3,70,0.0,0.0,0.0
3,71,6429.0,418.2005004882813,171.7263946533203
3,72,3347.0,404.797119140625,416.86376953125
3,73,0.0,0.0,0.0
3,74,0.0,0.0,0.0
3,75,0.0,0.0,0.0
3,76,0.0,0.0,0.0
3,77,0.0,0.0,0.0
3,78,2970.0,299.953857421875,49.09932708740234
3,79,2893.0,445.7594299316406,242.1676483154297
3,80,0.0,0.0,0.0
3,81,0.0,0.0,0.0
3,82,0.0,0.0,0.0
3,83,0.0,0.0,0.0
3,84,0.0,0.0,0.0
3,85,0.0,0.0,0.0
3,86,2240.0,493.2678527832031,246.8031311035156
3,87,2994.0,477.2735595703125,490.6994018554688
3,88,0.0,0.0,0.0
3,89,0.0,0.0,0.0
3,90,0.0,0.0,0.0
3,91,0.0,0.0,0.0
3,92,0.0,0.0,0.0
3,93,1514.0,13.145971298217772,380.1578674316406
3,94,0.0,0.0,0.0
3,95,0.0,0.0,0.0
3,96,0.0,0.0,0.0
3,97,0.0,0.0,0.0
3,98,0.0,0.0,0.0
3,99,4872.0,339.8873291015625,382.3121948242188
3,100,0.0,0.0,0.0
3,101,0.0,0.0,0.0
3,102,0.0,0.0,0.0
3,103,0.0,0.0,0.0
3,104,0.0,0.0,0.0
3,105,0.0,0.0,0.0
3,106,0.0,0.0,0.0
3,107,0.0,0.0,0.0
3,108,0.0,0.0,0.0
3,109,0.0,0.0,0.0
3,110,0.0,0.0,0.0
3,111,0.0,0.0,0.0
3,112,0.0,0.0,0.0
3,113,0.0,0.0,0.0
3,114,0.0,0.0,0.0
3,115,0.0,0.0,0.0
3,116,0.0,0.0,0.0
3,117,0.0,0.0,0.0
3,118,0.0,0.0,0.0
3,119,0.0,0.0,0.0
3,120,0.0,0.0,0.0
3,121,0.0,0.0,0.0
3,122,0.0,0.0,0.0
3,123,0.0,0.0,0.0
3,124,0.0,0.0,0.0
3,125,0.0,0.0,0.0
3,126,0.0,0.0,0.0
3,127,0.0,0.0,0.0
3,128,0.0,0.0,0.0
3,129,0.0,0.0,0.0
3,130,0.0,0.0,0.0
3,131,0.0,0.0,0.0
3,132,0.0,0.0,0.0
3,133,0.0,0.0,0.0
3,134,0.0,0.0,0.0
3,135,0.0,0.0,0.0
3,136,0.0,0.0,0.0
3,137,0.0,0.0,0.0
3,138,0.0,0.0,0.0
3,139,0.0,0.0,0.0
3,140,0.0,0.0,0.0
3,141,0.0,0.0,0.0
3,142,0.0,0.0,0.0
3,143,0.0,0.0,0.0
3,144,0.0,0.0,0.0
3,145,0.0,0.0,0.0
3,146,0.0,0.0,0.0
3,147,0.0,0.0,0.0
3,148,0.0,0.0,0.0
3,149,0.0,0.0,0.0
3,150,0.0,0.0,0.0
3,151,0.0,0.0,0.0
3,152,0.0,0.0,0.0
3,153,0.0,0.0,0.0
3,154,0.0,0.0,0.0
3,155,0.0,0.0,0.0
3,156,0.0,0.0,0.0
3,157,0.0,0.0,0.0
3,158,0.0,0.0,0.0
3,159,0.0,0.0,0.0
4,0,2374.0,16.247262954711914,249.918701171875
4,1,3673.0,168.96324157714844,377.2768859863281
4,2,6260.0,71.771728515625,398.90576171875
4,3,2408.0,17.898256301879883,319.04400634765625
4,4,6134.0,206.06944274902344,468.7618103027344
4,5,4411.0,147.82431030273438,74.59101867675781
4,6,3472.0,174.41964721679688,190.11981201171875
4,7,3925.0,189.80484008789065,334.05426025390625
4,8,4323.0,275.12677001953125,358.0761108398437
4,9,4085.0,233.4869079589844,407.8450317382813
4,10,4016.0,305.38818359375,429.574462890625
4,11,5644.0,110.83699798583984,483.7163391113281
4,12,6114.0,408.9959106445313,42.005069732666016
4,13,2497.0,127.7629165649414,231.20904541015625
4,14,7429.0,243.0083465576172,209.88504028320312
4,15,1798.0,53.03114700317383,298.1468200683594
4,16,5314.0,198.03274536132807,26.01373672485352
4,17,2910.0,333.58453369140625,43.63883209228516
4,18,1134.0,132.0961151123047,17.233686447143555
4,19,4054.0,248.43783569335935,69.80883026123047
4,20,3106.0,27.30586051940918,103.49227142333984
4,21,5518.0,241.30047607421875,137.6114501953125
4,22,3818.0,305.65478515625,127.55290985107422
4,23,5148.0,128.99806213378906,159.19192504882812
4,24,5067.0,315.39312744140625,236.1819610595703
4,25,3492.0,351.39288330078125,292.72509765625
4,26,2148.0,22.353816986083984,51.66806411743164
4,27,3780.0,80.76481628417969,42.509525299072266
4,28,5701.0,463.06842041015625,74.48271942138672
4,29,4452.0,84.60399627685547,105.96046447753906
4,30,2615.0,377.4814453125,97.88719177246094
4,31,3045.0,359.42266845703125,130.10049438476562
4,32,2632.0,331.0030517578125,182.6709747314453
4,33,3633.0,483.6936340332031,126.66419219970705
4,34,0.0,0.0,0.0
4,35,4663.0,395.4578552246094,258.109375
4,36,4295.0,461.93994140625,302.9203796386719
4,37,4266.0,373.9547729492188,335.0206298828125
4,38,3672.0,470.3488464355469,404.8692932128906
4,39,4075.0,445.3985290527344,455.5010986328125
4,40,3471.0,487.372802734375,350.5266418457031
4,41,3168.0,420.14013671875,362.5656433105469
4,42,3712.0,79.62284851074219,351.5732727050781
4,43,429.0,500.1911315917969,437.51513671875
4,44,3422.0,481.4278259277344,189.80975341796875
4,45,3094.0,77.06593322753906,186.1877899169922
4,46,3907.0,67.52469635009766,246.81085205078125
4,47,4623.0,28.001514434814453,173.61712646484375
4,48,5341.0,185.65267944335935,270.2312316894531
4,49,6965.0,266.27178955078125,300.1619567871094
4,50,5744.0,114.09244537353516,301.6843566894531
4,51,3744.0,149.83253479003906,428.3346557617188
4,52,0.0,0.0,0.0
4,53,1521.0,30.413543701171875,13.043392181396484
4,54,0.0,0.0,0.0
4,55,5074.0,372.8318786621094,469.9885559082031
4,56,4532.0,44.33428955078125,451.1882019042969
4,57,1692.0,257.0921936035156,495.12646484375
4,58,1789.0,361.0067138671875,12.757406234741213
4,59,1608.0,24.86256217956543,496.0167846679688
4,60,3496.0,188.7379913330078,108.92562866210938
4,61,3914.0,308.9586181640625,481.0973510742188
4,62,0.0,0.0,0.0
4,63,1069.0,269.0084228515625,10.990645408630373
4,64,0.0,0.0,0.0
4,65,0.0,0.0,0.0
4,66,0.0,0.0,0.0
4,67,0.0,0.0,0.0
4,68,1669.0,484.7219848632813,19.122228622436523
4,69,894.0,94.58612823486328,9.83221435546875
4,70,0.0,0.0,0.0
4,71,7732.0,410.2702941894531,173.2748260498047
4,72,3100.0,398.1590270996094,413.382568359375
4,73,0.0,0.0,0.0
4,74,0.0,0.0,0.0
4,75,0.0,0.0,0.0
4,76,0.0,0.0,0.0
4,77,0.0,0.0,0.0
4,78,2798.0,297.4363708496094,49.72837829589844
4,79,2944.0,445.3658142089844,241.44395446777344
4,80,0.0,0.0,0.0
4,81,0.0,0.0,0.0
4,82,0.0,0.0,0.0
4,83,0.0,0.0,0.0
4,84,0.0,0.0,0.0
4,85,0.0,0.0,0.0
4,86,2290.0,492.7799072265625,246.49563598632807
4,87,3269.0,475.7919921875,489.8822326660156
4,88,0.0,0.0,0.0
4,89,0.0,0.0,0.0
4,90,0.0,0.0,0.0
4,91,0.0,0.0,0.0
4,92,0.0,0.0,0.0
4,93,1459.0,12.590129852294922,380.2070007324219
4,94,0.0,0.0,0.0
4,95,0.0,0.0,0.0
4,96,0.0,0.0,0.0
4,97,0.0,0.0,0.0
4,98,0.0,0.0,0.0
4,99,4028.0,332.8838195800781,383.7149963378906
4,100,0.0,0.0,0.0
4,101,0.0,0.0,0.0
4,102,0.0,0.0,0.0
4,103,0.0,0.0,0.0
4,104,0.0,0.0,0.0
4,105,0.0,0.0,0.0
4,106,0.0,0.0,0.0
4,107,0.0,0.0,0.0
4,108,0.0,0.0,0.0
4,109,0.0,0.0,0.0
4,110,0.0,0.0,0.0
4,111,0.0,0.0,0.0
4,112,0.0,0.0,0.0
4,113,0.0,0.0,0.0
4,114,0.0,0.0,0.0
4,115,0.0,0.0,0.0
4,116,0.0,0.0,0.0
4,117,0.0,0.0,0.0
4,118,0.0,0.0,0.0
4,119,0.0,0.0,0.0
4,120,0.0,0.0,0.0
4,121,0.0,0.0,0.0
4,122,0.0,0.0,0.0
4,123,0.0,0.0,0.0
4,124,0.0,0.0,0.0
4,125,0.0,0.0,0.0
4,126,0.0,0.0,0.0
4,127,0.0,0.0,0.0
4,128,0.0,0.0,0.0
4,129,0.0,0.0,0.0
4,130,0.0,0.0,0.0
4,131,0.0,0.0,0.0
4,132,0.0,0.0,0.0
4,133,0.0,0.0,0.0
4,134,0.0,0.0,0.0
4,135,0.0,0.0,0.0
4,136,0.0,0.0,0.0
4,137,0.0,0.0,0.0
4,138,0.0,0.0,0.0
4,139,0.0,0.0,0.0
4,140,0.0,0.0,0.0
4,141,0.0,0.0,0.0
4,142,0.0,0.0,0.0
4,143,0.0,0.0,0.0
4,144,0.0,0.0,0.0
4,145,0.0,0.0,0.0
4,146,0.0,0.0,0.0
4,147,0.0,0.0,0.0
4,148,0.0,0.0,0.0
4,149,0.0,0.0,0.0
4,150,0.0,0.0,0.0
4,151,0.0,0.0,0.0
4,152,0.0,0.0,0.0
4,153,0.0,0.0,0.0
4,154,0.0,0.0,0.0
4,155,0.0,0.0,0.0
4,156,0.0,0.0,0.0
4,157,0.0,0.0,0.0
4,158,0.0,0.0,0.0
4,159,0.0,0.0,0.0
5,0,2285.0,16.11028480529785,249.9159698486328
5,1,3639.0,168.31272888183594,376.84912109375
5,2,6828.0,69.29100799560547,395.0243225097656
5,3,2284.0,17.49693489074707,317.8542175292969
5,4,5553.0,203.1772003173828,465.7911071777344
5,5,3962.0,145.8470458984375,73.10575103759766
5,6,3358.0,173.3076171875,190.3615264892578
5,7,3969.0,188.02821350097656,333.9412841796875
5,8,4078.0,271.7153015136719,357.667724609375
5,9,3968.0,231.44430541992188,407.4848937988281
5,10,4197.0,300.0726623535156,430.34619140625
5,11,4113.0,95.0119171142578,477.9900207519531
5,12,6320.0,406.9859313964844,42.32642364501953
5,13,2554.0,126.59123229980467,231.19224548339844
5,14,6411.0,239.0316619873047,213.90765380859372
5,15,1857.0,52.29887008666992,295.9908447265625
5,16,5061.0,194.0239105224609,26.796680450439453
5,17,2997.0,330.3853759765625,44.99332809448242
5,18,1334.0,129.97377014160156,18.6649169921875
5,19,3909.0,243.4410400390625,69.95267486572266
5,20,3137.0,24.52311134338379,105.71565246582033
5,21,6171.0,239.8543243408203,141.7037811279297
5,22,3803.0,303.6481628417969,128.59005737304688
5,23,5250.0,126.57828521728516,158.8780975341797
5,24,4464.0,309.0432434082031,236.72512817382807
5,25,3423.0,345.44464111328125,294.0645751953125
5,26,1995.0,21.048120498657227,52.41253280639648
5,27,3822.0,77.67242431640625,42.6936149597168
5,28,5594.0,460.150146484375,78.75312805175781
5,29,4756.0,82.88793182373047,106.73633575439452
5,30,2677.0,376.9249267578125,98.63914489746094
5,31,3302.0,356.95428466796875,132.06390380859375
5,32,2953.0,327.0450439453125,187.14797973632807
5,33,3230.0,484.0792541503906,129.46253967285156
5,34,0.0,0.0,0.0
5,35,5189.0,390.4921875,258.7473449707031
5,36,4552.0,458.95892333984375,304.5628356933594
5,37,4265.0,370.34326171875,337.3521728515625
5,38,3439.0,468.280029296875,405.4533386230469
5,39,4746.0,441.9810485839844,459.36724853515625
5,40,3755.0,487.32037353515625,351.9616394042969
5,41,3239.0,416.7113342285156,363.5430603027344
5,42,3208.0,81.96072387695312,348.1904602050781
5,43,548.0,500.392333984375,437.6806640625
5,44,3468.0,481.1940612792969,189.52392578125
5,45,3167.0,74.6302490234375,186.48753356933597
5,46,3556.0,64.86951446533203,244.72608947753903
5,47,4060.0,26.28768539428711,176.49778747558594
5,48,5415.0,182.51670837402344,270.3713684082031
5,49,6920.0,263.6842346191406,299.2270202636719
5,50,5632.0,110.9094467163086,300.09002685546875
5,51,3773.0,147.241455078125,427.2388000488281
5,52,0.0,0.0,0.0
5,53,1490.0,29.394630432128903,13.220805168151855
5,54,0.0,0.0,0.0
5,55,5481.0,371.72796630859375,471.8868713378906
5,56,3614.0,49.8660774230957,453.1483154296875
5,57,2114.0,246.62109375,495.65185546875
5,58,1830.0,359.00274658203125,12.502732276916504
5,59,1638.0,23.080585479736328,495.02197265625
5,60,3673.0,186.5390625,109.48571014404295
5,61,3846.0,308.2685852050781,482.2815856933594
5,62,0.0,0.0,0.0
5,63,1220.0,262.4418029785156,12.698360443115234
5,64,846.0,9.810874938964844,436.3616943359375
5,65,1989.0,143.71392822265625,496.5022583007813
5,66,0.0,0.0,0.0
5,67,0.0,0.0,0.0
5,68,2180.0,486.9376220703125,23.67981719970703
5,69,812.0,90.45689392089844,9.370689392089844
5,70,0.0,0.0,0.0
5,71,7773.0,409.44140625,174.1026611328125
5,72,3483.0,392.538330078125,411.2612609863281
5,73,0.0,0.0,0.0
5,74,0.0,0.0,0.0
5,75,0.0,0.0,0.0
5,76,0.0,0.0,0.0
5,77,0.0,0.0,0.0
5,78,2864.0,293.009765625,50.93016815185547
5,79,2987.0,444.41412353515625,241.74925231933597
5,80,0.0,0.0,0.0
5,81,0.0,0.0,0.0
5,82,0.0,0.0,0.0
5,83,0.0,0.0,0.0
5,84,0.0,0.0,0.0
5,85,0.0,0.0,0.0
5,86,2424.0,492.1819458007813,247.47401428222656
5,87,3039.0,479.87890625,489.157958984375
5,88,0.0,0.0,0.0
5,89,0.0,0.0,0.0
5,90,0.0,0.0,0.0
5,91,0.0,0.0,0.0
5,92,0.0,0.0,0.0
5,93,1384.0,11.396676063537598,377.3778991699219
5,94,0.0,0.0,0.0
5,95,151.0,301.3642272949219,2.708609342575073
5,96,0.0,0.0,0.0
5,97,0.0,0.0,0.0
5,98,0.0,0.0,0.0
5,99,3566.0,322.5723571777344,381.8365173339844
5,100,0.0,0.0,0.0
5,101,0.0,0.0,0.0
5,102,0.0,0.0,0.0
5,103,0.0,0.0,0.0
5,104,0.0,0.0,0.0
5,105,0.0,0.0,0.0
5,106,0.0,0.0,0.0
5,107,0.0,0.0,0.0
5,108,0.0,0.0,0.0
5,109,0.0,0.0,0.0
5,110,0.0,0.0,0.0
5,111,0.0,0.0,0.0
5,112,0.0,0.0,0.0
5,113,0.0,0.0,0.0
5,114,0.0,0.0,0.0
5,115,0.0,0.0,0.0
5,116,0.0,0.0,0.0
5,117,0.0,0.0,0.0
5,118,0.0,0.0,0.0
5,119,0.0,0.0,0.0
5,120,0.0,0.0,0.0
5,121,0.0,0.0,0.0
5,122,0.0,0.0,0.0
5,123,0.0,0.0,0.0
5,124,0.0,0.0,0.0
5,125,0.0,0.0,0.0
5,126,0.0,0.0,0.0
5,127,0.0,0.0,0.0
5,128,0.0,0.0,0.0
5,129,0.0,0.0,0.0
5,130,0.0,0.0,0.0
5,131,0.0,0.0,0.0
5,132,0.0,0.0,0.0
5,133,0.0,0.0,0.0
5,134,0.0,0.0,0.0
5,135,0.0,0.0,0.0
5,136,0.0,0.0,0.0
5,137,0.0,0.0,0.0
5,138,0.0,0.0,0.0
5,139,0.0,0.0,0.0
5,140,0.0,0.0,0.0
5,141,0.0,0.0,0.0
5,142,0.0,0.0,0.0
5,143,0.0,0.0,0.0
5,144,0.0,0.0,0.0
5,145,0.0,0.0,0.0
5,146,0.0,0.0,0.0
5,147,0.0,0.0,0.0
5,148,0.0,0.0,0.0
5,149,0.0,0.0,0.0
5,150,0.0,0.0,0.0
5,151,0.0,0.0,0.0
5,152,0.0,0.0,0.0
5,153,0.0,0.0,0.0
5,154,0.0,0.0,0.0
5,155,0.0,0.0,0.0
5,156,0.0,0.0,0.0
5,157,0.0,0.0,0.0
5,158,0.0,0.0,0.0
5,159,0.0,0.0,0.0
6,0,2195.0,15.604100227355955,250.35899353027344
6,1,3655.0,165.3091583251953,375.4410400390625
6,2,6819.0,67.64041900634766,393.9348754882813
6,3,2000.0,16.101499557495117,316.2554931640625
6,4,5040.0,202.5611114501953,460.80950927734375
6,5,4020.0,142.71218872070312,72.37860870361328
6,6,3290.0,171.31216430664062,191.2139892578125
6,7,3957.0,186.0940093994141,333.7705383300781
6,8,4009.0,270.8800048828125,355.8343811035156
6,9,3868.0,229.2112274169922,405.5822143554688
6,10,3920.0,297.4693908691406,428.1775512695313
6,11,5022.0,123.78633880615234,482.7598571777344
6,12,6215.0,407.3417663574219,42.591793060302734
6,13,2519.0,124.13616180419922,230.98968505859372
6,14,5516.0,232.5683441162109,212.9650115966797
6,15,1946.0,49.56731796264648,294.4331970214844
6,16,4889.0,191.6639404296875,27.76089096069336
6,17,3230.0,329.79443359375,45.735294342041016
6,18,1316.0,129.12234497070312,18.86246109008789
6,19,3944.0,240.59786987304688,71.23757934570312
6,20,2996.0,22.77670288085937,106.91622161865234
6,21,6182.0,238.093017578125,142.32044982910156
6,22,3738.0,301.4454345703125,129.74237060546875
6,23,5276.0,125.08661651611328,158.25796508789062
6,24,5282.0,300.5382385253906,234.8250732421875
6,25,3173.0,341.60479736328125,297.2247009277344
6,26,1835.0,19.23869132995605,53.422889709472656
6,27,3228.0,73.12577819824219,45.043060302734375
6,28,5493.0,459.388671875,79.90897369384766
6,29,4968.0,79.44403839111328,107.03643035888672
6,30,2490.0,375.1815185546875,97.19156646728516
6,31,3584.0,356.73101806640625,130.82058715820312
6,32,2946.0,325.4955749511719,187.32077026367188
6,33,2669.0,485.25927734375,126.93180847167967
6,34,0.0,0.0,0.0
6,35,5404.0,385.4557800292969,260.0079650878906
6,36,4450.0,455.2849426269531,305.2233581542969
6,37,3691.0,368.1817932128906,336.2804260253906
6,38,3329.0,466.0099182128906,406.524169921875
6,39,5715.0,444.4759521484375,462.9884643554688
6,40,4136.0,487.0790710449219,352.02392578125
6,41,3593.0,414.4283447265625,363.6315002441406
6,42,3131.0,74.41871643066406,346.7278747558594
6,43,453.0,499.9139099121094,437.3289184570313
6,44,3729.0,480.8278503417969,186.21212768554688
6,45,3193.0,73.26526641845703,187.8158416748047
6,46,3219.0,62.86921310424805,242.66262817382807
6,47,3781.0,25.25152015686035,177.60830688476562
6,48,5288.0,179.02609252929688,269.8241271972656
6,49,6921.0,259.8352966308594,298.3771057128906
6,50,5754.0,107.76173400878906,299.40789794921875
6,51,3870.0,144.55917358398438,425.2682189941406
6,52,0.0,0.0,0.0
6,53,1464.0,26.533470153808597,14.071038246154783
6,54,0.0,0.0,0.0
6,55,5909.0,371.25537109375,470.5031433105469
6,56,3556.0,49.2491569519043,451.537109375
6,57,2728.0,237.27052307128903,495.0945739746094
6,58,1923.0,357.9516296386719,12.688507080078123
6,59,1605.0,22.10280418395996,494.5732116699219
6,60,3648.0,182.7957763671875,110.81222534179688
6,61,4083.0,305.8163146972656,480.5968627929688
6,62,0.0,0.0,0.0
6,63,1285.0,259.7766418457031,12.694941520690918
6,64,823.0,8.60753345489502,436.3353576660156
6,65,0.0,0.0,0.0
6,66,1521.0,67.3813247680664,490.507568359375
6,67,0.0,0.0,0.0
6,68,2481.0,487.6344299316406,25.63522720336914
6,69,1378.0,86.91799926757812,14.023947715759276
6,70,0.0,0.0,0.0
6,71,8089.0,408.8286437988281,173.4307098388672
6,72,3104.0,388.7039184570313,410.4355773925781
6,73,0.0,0.0,0.0
6,74,0.0,0.0,0.0
6,75,0.0,0.0,0.0
6,76,0.0,0.0,0.0
6,77,0.0,0.0,0.0
6,78,2871.0,289.9494934082031,52.641239166259766
6,79,3256.0,442.32464599609375,242.9591522216797
6,80,0.0,0.0,0.0
6,81,0.0,0.0,0.0
6,82,0.0,0.0,0.0
6,83,0.0,0.0,0.0
6,84,0.0,0.0,0.0
6,85,0.0,0.0,0.0
6,86,2605.0,491.5397338867188,248.4276428222656
6,87,1921.0,489.5871887207031,486.3066101074219
6,88,0.0,0.0,0.0
6,89,0.0,0.0,0.0
6,90,0.0,0.0,0.0
6,91,0.0,0.0,0.0
6,92,0.0,0.0,0.0
6,93,1195.0,9.666109085083008,375.21087646484375
6,94,0.0,0.0,0.0
6,95,211.0,299.4833984375,3.5402843952178955
6,96,0.0,0.0,0.0
6,97,0.0,0.0,0.0
6,98,0.0,0.0,0.0
6,99,3822.0,321.3048095703125,380.5892333984375
6,100,0.0,0.0,0.0
6,101,0.0,0.0,0.0
6,102,0.0,0.0,0.0
6,103,0.0,0.0,0.0
6,104,0.0,0.0,0.0
6,105,0.0,0.0,0.0
6,106,0.0,0.0,0.0
6,107,0.0,0.0,0.0
6,108,0.0,0.0,0.0
6,109,0.0,0.0,0.0
6,110,0.0,0.0,0.0
6,111,0.0,0.0,0.0
6,112,0.0,0.0,0.0
6,113,0.0,0.0,0.0
6,114,0.0,0.0,0.0
6,115,0.0,0.0,0.0
6,116,0.0,0.0,0.0
6,117,0.0,0.0,0.0
6,118,0.0,0.0,0.0
6,119,0.0,0.0,0.0
6,120,0.0,0.0,0.0
6,121,0.0,0.0,0.0
6,122,0.0,0.0,0.0
6,123,0.0,0.0,0.0
6,124,0.0,0.0,0.0
6,125,0.0,0.0,0.0
6,126,0.0,0.0,0.0
6,127,0.0,0.0,0.0
6,128,0.0,0.0,0.0
6,129,0.0,0.0,0.0
6,130,0.0,0.0,0.0
6,131,0.0,0.0,0.0
6,132,0.0,0.0,0.0
6,133,0.0,0.0,0.0
6,134,0.0,0.0,0.0
6,135,0.0,0.0,0.0
6,136,0.0,0.0,0.0
6,137,0.0,0.0,0.0
6,138,0.0,0.0,0.0
6,139,0.0,0.0,0.0
6,140,0.0,0.0,0.0
6,141,0.0,0.0,0.0
6,142,0.0,0.0,0.0
6,143,0.0,0.0,0.0
6,144,0.0,0.0,0.0
6,145,0.0,0.0,0.0
6,146,0.0,0.0,0.0
6,147,0.0,0.0,0.0
6,148,0.0,0.0,0.0
6,149,0.0,0.0,0.0
6,150,0.0,0.0,0.0
6,151,0.0,0.0,0.0
6,152,0.0,0.0,0.0
6,153,0.0,0.0,0.0
6,154,0.0,0.0,0.0
6,155,0.0,0.0,0.0
6,156,0.0,0.0,0.0
6,157,0.0,0.0,0.0
6,158,0.0,0.0,0.0
6,159,0.0,0.0,0.0
7,0,2147.0,14.964601516723633,249.36143493652344
7,1,3777.0,162.34657287597656,374.927734375
7,2,6808.0,66.47032928466797,392.8639831542969
7,3,1721.0,14.41894245147705,312.92041015625
7,4,4832.0,198.93687438964844,458.8100280761719
7,5,4145.0,139.91651916503906,73.65838623046875
7,6,3101.0,168.2457275390625,191.06707763671875
7,7,4015.0,183.271240234375,333.7143249511719
7,8,3919.0,268.7565612792969,354.7601318359375
7,9,3615.0,227.4730224609375,403.6511840820313
7,10,3894.0,290.2696533203125,427.2716979980469
7,11,5191.0,123.45848846435548,482.6900329589844
7,12,6275.0,404.3893127441406,43.789642333984375
7,13,2418.0,122.75806427001952,230.833740234375
7,14,5387.0,229.40431213378903,212.25115966796875
7,15,2070.0,49.58019256591797,295.2579650878906
7,16,4748.0,190.3746795654297,27.825611114501957
7,17,3152.0,326.2718811035156,47.333438873291016
7,18,1370.0,128.57444763183594,18.932846069335938
7,19,4214.0,234.35903930664065,72.58875274658203
7,20,2881.0,22.2127742767334,106.64665222167967
7,21,6262.0,235.0218811035156,142.34877014160156
7,22,3824.0,299.4623413085937,130.49398803710938
7,23,5429.0,122.7738037109375,158.68226623535156
7,24,5052.0,295.6846923828125,234.1288604736328
7,25,3184.0,338.29931640625,297.0587463378906
7,26,1618.0,16.40358543395996,52.96909713745117
7,27,3096.0,69.40213012695312,48.41246795654297
7,28,5492.0,456.0690002441406,80.01493072509766
7,29,4871.0,77.19359588623047,107.92178344726562
7,30,2936.0,369.8286743164063,100.58787536621094
7,31,3037.0,353.1205139160156,135.14488220214844
7,32,3055.0,323.5181579589844,189.18133544921875
7,33,1915.0,488.47259521484375,117.92532348632812
7,34,0.0,0.0,0.0
7,35,5530.0,381.24212646484375,258.99530029296875
7,36,4639.0,450.7449951171875,306.5522766113281
7,37,3781.0,362.3528137207031,337.533447265625
7,38,4038.0,461.9021911621094,407.8650207519531
7,39,4876.0,441.7655944824219,459.408935546875
7,40,4029.0,485.5631713867188,354.83123779296875
7,41,3430.0,410.6271057128906,362.5755004882813
7,42,3052.0,66.93086242675781,344.8233947753906
7,43,0.0,0.0,0.0
7,44,4163.0,482.8609313964844,180.3795318603516
7,45,3165.0,70.31753540039062,188.1573486328125
7,46,3012.0,60.40238952636719,241.43460083007807
7,47,3481.0,23.642343521118164,177.24188232421875
7,48,5241.0,177.13185119628906,269.2864074707031
7,49,6943.0,257.1414489746094,297.7475280761719
7,50,5802.0,105.98414611816406,296.87384033203125
7,51,3868.0,141.77610778808594,424.3792724609375
7,52,0.0,0.0,0.0
7,53,1436.0,25.792478561401367,14.44707489013672
7,54,0.0,0.0,0.0
7,55,6133.0,368.4440002441406,468.416259765625
7,56,3597.0,46.15290451049805,449.7553405761719
7,57,2981.0,237.14659118652344,493.64105224609375
7,58,2012.0,356.3330078125,13.482107162475586
7,59,1611.0,21.357542037963867,493.7057800292969
7,60,3145.0,180.29348754882807,112.46804809570312
7,61,4164.0,304.4430847167969,478.7521667480469
7,62,0.0,0.0,0.0
7,63,1303.0,257.3791198730469,12.896392822265623
7,64,497.0,8.062374114990234,431.9899291992188
7,65,0.0,0.0,0.0
7,66,1618.0,65.343017578125,490.08837890625
7,67,270.0,503.4333190917969,299.5370483398437
7,68,2462.0,485.9683227539063,25.42323303222656
7,69,1655.0,83.108154296875,16.233837127685547
7,70,0.0,0.0,0.0
7,71,8569.0,410.6013488769531,171.4393768310547
7,72,2893.0,384.615966796875,409.4839172363281
7,73,0.0,0.0,0.0
7,74,0.0,0.0,0.0
7,75,0.0,0.0,0.0
7,76,0.0,0.0,0.0
7,77,0.0,0.0,0.0
7,78,2874.0,286.1151733398437,52.18336868286133
7,79,3383.0,440.7490539550781,243.237060546875
7,80,0.0,0.0,0.0
7,81,0.0,0.0,0.0
7,82,0.0,0.0,0.0
7,83,0.0,0.0,0.0
7,84,0.0,0.0,0.0
7,85,0.0,0.0,0.0
7,86,2770.0,490.4191284179688,247.82347106933597
7,87,2500.0,486.3976135253906,487.2296142578125
7,88,0.0,0.0,0.0
7,89,0.0,0.0,0.0
7,90,0.0,0.0,0.0
7,91,0.0,0.0,0.0
7,92,0.0,0.0,0.0
7,93,1138.0,9.021089553833008,373.1546630859375
7,94,0.0,0.0,0.0
7,95,250.0,299.9159851074219,4.047999858856201
7,96,0.0,0.0,0.0
7,97,0.0,0.0,0.0
7,98,0.0,0.0,0.0
7,99,3530.0,318.5872497558594,381.2566528320313
7,100,0.0,0.0,0.0
7,101,0.0,0.0,0.0
7,102,0.0,0.0,0.0
7,103,0.0,0.0,0.0
7,104,0.0,0.0,0.0
7,105,0.0,0.0,0.0
7,106,0.0,0.0,0.0
7,107,0.0,0.0,0.0
7,108,0.0,0.0,0.0
7,109,0.0,0.0,0.0
7,110,0.0,0.0,0.0
7,111,0.0,0.0,0.0
7,112,0.0,0.0,0.0
7,113,0.0,0.0,0.0
7,114,0.0,0.0,0.0
7,115,0.0,0.0,0.0
7,116,0.0,0.0,0.0
7,117,0.0,0.0,0.0
7,118,0.0,0.0,0.0
7,119,0.0,0.0,0.0
7,120,0.0,0.0,0.0
7,121,0.0,0.0,0.0
7,122,0.0,0.0,0.0
7,123,0.0,0.0,0.0
7,124,0.0,0.0,0.0
7,125,0.0,0.0,0.0
7,126,0.0,0.0,0.0
7,127,0.0,0.0,0.0
7,128,0.0,0.0,0.0
7,129,0.0,0.0,0.0
7,130,0.0,0.0,0.0
7,131,0.0,0.0,0.0
7,132,0.0,0.0,0.0
7,133,0.0,0.0,0.0
7,134,0.0,0.0,0.0
7,135,0.0,0.0,0.0
7,136,0.0,0.0,0.0
7,137,0.0,0.0,0.0
7,138,0.0,0.0,0.0
7,139,0.0,0.0,0.0
7,140,0.0,0.0,0.0
7,141,0.0,0.0,0.0
7,142,0.0,0.0,0.0
7,143,0.0,0.0,0.0
7,144,0.0,0.0,0.0
7,145,0.0,0.0,0.0
7,146,0.0,0.0,0.0
7,147,0.0,0.0,0.0
7,148,0.0,0.0,0.0
7,149,0.0,0.0,0.0
7,150,0.0,0.0,0.0
7,151,0.0,0.0,0.0
7,152,0.0,0.0,0.0
7,153,0.0,0.0,0.0
7,154,0.0,0.0,0.0
7,155,0.0,0.0,0.0
7,156,0.0,0.0,0.0
7,157,0.0,0.0,0.0
7,158,0.0,0.0,0.0
7,159,0.0,0.0,0.0
8,0,1997.0,14.272909164428713,249.1487274169922
8,1,3714.0,158.8193359375,373.5174865722656
8,2,6827.0,65.16259002685547,390.7181701660156
8,3,1632.0,13.89828395843506,311.29595947265625
8,4,4415.0,195.5621795654297,455.7513122558594
8,5,4229.0,138.02554321289062,73.17805480957031
8,6,3016.0,166.92771911621094,191.3836212158203
8,7,4025.0,179.94435119628906,333.58013916015625
8,8,3830.0,268.003662109375,355.00103759765625
8,9,3709.0,227.0145568847656,401.2574768066406
8,10,3827.0,285.3373413085937,425.9675903320313
8,11,5241.0,125.0473175048828,482.7069396972656
8,12,6407.0,402.91790771484375,43.88980865478516
8,13,2318.0,121.97411346435548,231.02415466308597
8,14,4948.0,226.6206512451172,212.1420745849609
8,15,1875.0,47.10079956054688,294.9642639160156
8,16,4687.0,188.89694213867188,27.582035064697266
8,17,3301.0,325.0630187988281,47.45259094238281
8,18,1238.0,127.42083740234376,20.713247299194336
8,19,4412.0,229.7980499267578,73.29442596435547
8,20,2924.0,21.386457443237305,107.86115264892578
8,21,6375.0,234.1082305908203,143.00015258789062
8,22,3611.0,296.8981018066406,130.33370971679688
8,23,5511.0,120.93395233154295,158.932861328125
8,24,5196.0,293.780029296875,233.04080200195312
8,25,3135.0,334.56109619140625,297.9307861328125
8,26,1537.0,14.55823040008545,52.30318832397461
8,27,2688.0,63.584075927734375,50.4453125
8,28,4901.0,451.8333129882813,79.9434814453125
8,29,4928.0,75.52110290527344,107.88616180419922
8,30,2845.0,368.9279479980469,100.72583770751952
8,31,3470.0,350.7394714355469,136.75820922851562
8,32,2662.0,317.6036682128906,188.7039794921875
8,33,4019.0,461.5391845703125,127.76063537597656
8,34,0.0,0.0,0.0
8,35,5538.0,378.72552490234375,258.5025329589844
8,36,4969.0,446.3320617675781,307.7138366699219
8,37,4166.0,353.8024597167969,340.9844055175781
8,38,4482.0,464.4676513671875,409.28424072265625
8,39,5723.0,437.0845642089844,465.6583862304688
8,40,3824.0,485.9513549804688,355.0972900390625
8,41,3801.0,407.7711181640625,363.9300231933594
8,42,2730.0,63.27948760986328,342.25750732421875
8,43,0.0,0.0,0.0
8,44,4077.0,483.5038146972656,179.17904663085938
8,45,3174.0,68.7151870727539,188.4971618652344
8,46,3064.0,59.07114791870117,240.81103515625
8,47,3207.0,22.145618438720703,178.45556640625
8,48,5372.0,176.43820190429688,268.7298889160156
8,49,7054.0,255.42288208007807,297.6278686523437
8,50,5869.0,103.02913665771484,295.79620361328125
8,51,3931.0,139.3078155517578,422.551513671875
8,52,0.0,0.0,0.0
8,53,1415.0,25.994346618652344,14.501060485839844
8,54,0.0,0.0,0.0
8,55,6004.0,363.70751953125,464.496826171875
8,56,3474.0,45.23258590698242,448.43408203125
8,57,3295.0,233.64552307128903,492.5062255859375
8,58,1854.0,353.8257751464844,12.795038223266602
8,59,1616.0,20.01670837402344,492.7561950683594
8,60,2980.0,177.61912536621094,116.0644302368164
8,61,4386.0,301.7138671875,476.8673095703125
8,62,0.0,0.0,0.0
8,63,1371.0,256.42889404296875,13.291028022766112
8,64,486.0,7.668724060058594,431.629638671875
8,65,0.0,0.0,0.0
8,66,1888.0,64.82733154296875,487.5810241699219
8,67,409.0,503.00732421875,300.4229736328125
8,68,2261.0,484.2366333007813,23.897390365600582
8,69,1877.0,83.11880493164062,20.215770721435547
8,70,0.0,0.0,0.0
8,71,6817.0,399.8006591796875,182.4424285888672
8,72,2569.0,383.0323181152344,409.599853515625
8,73,0.0,0.0,0.0
8,74,0.0,0.0,0.0
8,75,0.0,0.0,0.0
8,76,0.0,0.0,0.0
8,77,0.0,0.0,0.0
8,78,2830.0,284.0653686523437,54.09858703613281
8,79,3472.0,439.4164733886719,242.01641845703125
8,80,0.0,0.0,0.0
8,81,0.0,0.0,0.0
8,82,0.0,0.0,0.0
8,83,0.0,0.0,0.0
8,84,0.0,0.0,0.0
8,85,0.0,0.0,0.0
8,86,3009.0,489.7763366699219,249.26321411132807
8,87,2117.0,489.5314025878906,484.5753479003906
8,88,0.0,0.0,0.0
8,89,0.0,0.0,0.0
8,90,0.0,0.0,0.0
8,91,0.0,0.0,0.0
8,92,0.0,0.0,0.0
8,93,1168.0,8.716609954833984,371.9563293457031
8,94,0.0,0.0,0.0
8,95,282.0,298.365234375,5.166666507720947
8,96,0.0,0.0,0.0
8,97,0.0,0.0,0.0
8,98,0.0,0.0,0.0
8,99,2611.0,316.6097412109375,385.4480895996094
8,100,0.0,0.0,0.0
8,101,0.0,0.0,0.0
8,102,0.0,0.0,0.0
8,103,0.0,0.0,0.0
8,104,0.0,0.0,0.0
8,105,0.0,0.0,0.0
8,106,0.0,0.0,0.0
8,107,0.0,0.0,0.0
8,108,0.0,0.0,0.0
8,109,0.0,0.0,0.0
8,110,0.0,0.0,0.0
8,111,0.0,0.0,0.0
8,112,0.0,0.0,0.0
8,113,0.0,0.0,0.0
8,114,0.0,0.0,0.0
8,115,0.0,0.0,0.0
8,116,0.0,0.0,0.0
8,117,0.0,0.0,0.0
8,118,0.0,0.0,0.0
8,119,0.0,0.0,0.0
8,120,0.0,0.0,0.0
8,121,0.0,0.0,0.0
8,122,0.0,0.0,0.0
8,123,0.0,0.0,0.0
8,124,0.0,0.0,0.0
8,125,0.0,0.0,0.0
8,126,0.0,0.0,0.0
8,127,0.0,0.0,0.0
8,128,0.0,0.0,0.0
8,129,0.0,0.0,0.0
8,130,0.0,0.0,0.0
8,131,0.0,0.0,0.0
8,132,0.0,0.0,0.0
8,133,0.0,0.0,0.0
8,134,0.0,0.0,0.0
8,135,0.0,0.0,0.0
8,136,0.0,0.0,0.0
8,137,0.0,0.0,0.0
8,138,0.0,0.0,0.0
8,139,0.0,0.0,0.0
8,140,0.0,0.0,0.0
8,141,0.0,0.0,0.0
8,142,0.0,0.0,0.0
8,143,0.0,0.0,0.0
8,144,0.0,0.0,0.0
8,145,0.0,0.0,0.0
8,146,0.0,0.0,0.0
8,147,0.0,0.0,0.0
8,148,0.0,0.0,0.0
8,149,0.0,0.0,0.0
8,150,0.0,0.0,0.0
8,151,0.0,0.0,0.0
8,152,0.0,0.0,0.0
8,153,0.0,0.0,0.0
8,154,0.0,0.0,0.0
8,155,0.0,0.0,0.0
8,156,0.0,0.0,0.0
8,157,0.0,0.0,0.0
8,158,0.0,0.0,0.0
8,159,0.0,0.0,0.0
9,0,1905.0,13.732808113098145,248.9007873535156
9,1,3726.0,158.22088623046875,373.5786437988281
9,2,6793.0,63.29692459106445,389.5701599121094
9,3,1519.0,12.988808631896973,311.7366638183594
9,4,4236.0,192.8810272216797,453.8033447265625
9,5,4020.0,135.58656311035156,73.22014617919922
9,6,2895.0,165.48843383789062,193.29464721679688
9,7,3928.0,176.97097778320312,332.8309631347656
9,8,3555.0,261.6438903808594,353.9808654785156
9,9,3402.0,222.94796752929688,400.9676513671875
9,10,3526.0,276.63641357421875,426.3590393066406
9,11,5450.0,124.63724517822266,482.6603698730469
9,12,6879.0,400.7537536621094,44.32926177978516
9,13,2251.0,121.00666046142578,231.72412109375
9,14,4674.0,225.4910125732422,211.68528747558597
9,15,1509.0,40.91782760620117,295.2657470703125
9,16,4007.0,189.1342620849609,30.950586318969727
9,17,3487.0,319.346435546875,47.960426330566406
9,18,1075.0,127.00279235839844,23.539535522460938
9,19,4728.0,229.7971649169922,73.30033874511719
9,20,3036.0,21.26844596862793,110.25724792480467
9,21,6493.0,232.09857177734372,143.9196014404297
9,22,3691.0,296.0848083496094,131.25575256347656
9,23,5614.0,120.06751251220705,158.9784393310547
9,24,5166.0,290.6163330078125,232.9425048828125
9,25,3194.0,331.4868469238281,298.386962890625
9,26,1506.0,14.123505592346191,53.256309509277344
9,27,3153.0,63.47764205932617,48.492862701416016
9,28,3811.0,441.32275390625,88.95250701904297
9,29,4868.0,74.00534057617188,110.06285858154295
9,30,2896.0,364.467529296875,102.18577575683594
9,31,3357.0,350.3449401855469,138.24188232421875
9,32,2561.0,316.3807067871094,189.71495056152344
9,33,2920.0,444.3702087402344,137.53663635253906
9,34,0.0,0.0,0.0
9,35,5807.0,376.9774475097656,258.57672119140625
9,36,5110.0,443.8604736328125,308.8178100585937
9,37,4099.0,352.0619812011719,342.1087951660156
9,38,4023.0,463.84613037109375,409.9565124511719
9,39,5283.0,440.179443359375,458.7713317871094
9,40,4299.0,483.487548828125,357.93951416015625
9,41,3555.0,404.52825927734375,364.8824157714844
9,42,2572.0,64.75855255126953,342.84136962890625
9,43,0.0,0.0,0.0
9,44,4174.0,483.7738342285156,177.94082641601562
9,45,3056.0,68.52257537841797,190.60470581054688
9,46,2984.0,57.52748107910156,241.2044219970703
9,47,3021.0,21.747434616088867,180.62794494628903
9,48,5412.0,175.79803466796875,268.3863525390625
9,49,6963.0,253.32327270507807,297.4127502441406
9,50,6345.0,98.0591049194336,295.1985778808594
9,51,3768.0,136.9716033935547,421.3471374511719
9,52,0.0,0.0,0.0
9,53,1427.0,25.74982452392578,14.72109317779541
9,54,0.0,0.0,0.0
9,55,7035.0,364.7269287109375,467.7836608886719
9,56,3367.0,43.9073371887207,446.4677734375
9,57,3524.0,232.2582244873047,491.4106140136719
9,58,1900.0,353.3157958984375,12.722105026245115
9,59,1584.0,19.40656471252441,492.544189453125
9,60,3021.0,174.39523315429688,116.14763641357422
9,61,4259.0,298.8736877441406,474.7872619628906
9,62,0.0,0.0,0.0
9,63,1413.0,250.18258666992188,14.290870666503906
9,64,369.0,7.956639766693115,427.8455200195313
9,65,0.0,0.0,0.0
9,66,2065.0,62.77530288696289,485.3665771484375
9,67,438.0,503.1255798339844,302.61871337890625
9,68,3479.0,480.8479309082031,32.247772216796875
9,69,1733.0,86.9001693725586,16.632429122924805
9,70,681.0,154.60940551757812,7.5668134689331055
9,71,6428.0,397.1455993652344,184.4667053222656
9,72,2841.0,377.8574523925781,408.5508728027344
9,73,0.0,0.0,0.0
9,74,0.0,0.0,0.0
9,75,0.0,0.0,0.0
9,76,0.0,0.0,0.0
9,77,0.0,0.0,0.0
9,78,2265.0,280.5125732421875,53.033111572265625
9,79,3469.0,438.5751037597656,241.8388519287109
9,80,0.0,0.0,0.0
9,81,0.0,0.0,0.0
9,82,0.0,0.0,0.0
9,83,0.0,0.0,0.0
9,84,0.0,0.0,0.0
9,85,0.0,0.0,0.0
9,86,3214.0,488.8145751953125,249.48538208007807
9,87,2328.0,487.9574890136719,486.4793701171875
9,88,0.0,0.0,0.0
9,89,0.0,0.0,0.0
9,90,0.0,0.0,0.0
9,91,0.0,0.0,0.0
9,92,0.0,0.0,0.0
9,93,1090.0,8.404586791992188,369.9651489257813
9,94,0.0,0.0,0.0
9,95,391.0,292.24041748046875,5.818414211273193
9,96,0.0,0.0,0.0
9,97,0.0,0.0,0.0
9,98,0.0,0.0,0.0
9,99,3026.0,308.722412109375,383.0221557617188
9,100,0.0,0.0,0.0
9,101,0.0,0.0,0.0
9,102,0.0,0.0,0.0
9,103,0.0,0.0,0.0
9,104,0.0,0.0,0.0
9,105,0.0,0.0,0.0
9,106,0.0,0.0,0.0
9,107,0.0,0.0,0.0
9,108,0.0,0.0,0.0
9,109,0.0,0.0,0.0
9,110,0.0,0.0,0.0
9,111,0.0,0.0,0.0
9,112,0.0,0.0,0.0
9,113,0.0,0.0,0.0
9,114,0.0,0.0,0.0
9,115,0.0,0.0,0.0
9,116,0.0,0.0,0.0
9,117,0.0,0.0,0.0
9,118,0.0,0.0,0.0
9,119,0.0,0.0,0.0
9,120,0.0,0.0,0.0
9,121,0.0,0.0,0.0
9,122,0.0,0.0,0.0
9,123,0.0,0.0,0.0
9,124,0.0,0.0,0.0
9,125,0.0,0.0,0.0
9,126,0.0,0.0,0.0
9,127,0.0,0.0,0.0
9,128,0.0,0.0,0.0
9,129,0.0,0.0,0.0
9,130,0.0,0.0,0.0
9,131,0.0,0.0,0.0
9,132,0.0,0.0,0.0
9,133,0.0,0.0,0.0
9,134,0.0,0.0,0.0
9,135,0.0,0.0,0.0
9,136,0.0,0.0,0.0
9,137,0.0,0.0,0.0
9,138,0.0,0.0,0.0
9,139,0.0,0.0,0.0
9,140,0.0,0.0,0.0
9,141,0.0,0.0,0.0
9,142,0.0,0.0,0.0
9,143,0.0,0.0,0.0
9,144,0.0,0.0,0.0
9,145,0.0,0.0,0.0
9,146,0.0,0.0,0.0
9,147,0.0,0.0,0.0
9,148,0.0,0.0,0.0
9,149,0.0,0.0,0.0
9,150,0.0,0.0,0.0
9,151,0.0,0.0,0.0
9,152,0.0,0.0,0.0
9,153,0.0,0.0,0.0
9,154,0.0,0.0,0.0
9,155,0.0,0.0,0.0
9,156,0.0,0.0,0.0
9,157,0.0,0.0,0.0
9,158,0.0,0.0,0.0
9,159,0.0,0.0,0.0
10,0,1879.0,13.670037269592283,248.9265594482422
10,1,3994.0,151.59213256835938,370.8770751953125
10,2,6895.0,61.83089065551758,387.9620056152344
10,3,1361.0,12.290227890014648,310.09259033203125
10,4,4109.0,189.08761596679688,452.5049743652344
10,5,3941.0,132.8723602294922,72.74980926513672
10,6,2842.0,163.61294555664062,193.65869140625
10,7,3931.0,174.7563018798828,331.6916809082031
10,8,3413.0,257.2839050292969,352.4482727050781
10,9,3420.0,220.69357299804688,399.54736328125
10,10,3556.0,272.2398681640625,425.681396484375
10,11,5324.0,124.97840118408205,483.59765625
10,12,6961.0,398.8796081542969,44.85030746459961
10,13,2118.0,119.75495910644533,230.91123962402344
10,14,4265.0,223.71324157714844,210.579833984375
10,15,1315.0,37.58403015136719,295.9741516113281
10,16,3837.0,188.1756591796875,32.061767578125
10,17,3344.0,316.91119384765625,47.516746520996094
10,18,1291.0,124.63284301757812,25.21998405456543
10,19,4986.0,226.00942993164065,75.1456069946289
10,20,2960.0,20.371959686279297,111.91722869873048
10,21,6593.0,230.4943084716797,145.18777465820312
10,22,3641.0,294.8033447265625,132.18429565429688
10,23,5485.0,117.79744720458984,159.5338134765625
10,24,5059.0,286.2970886230469,232.81854248046875
10,25,3276.0,328.54547119140625,298.4017028808594
10,26,1442.0,14.11026382446289,55.29819869995117
10,27,2989.0,61.73603057861328,51.330543518066406
10,28,4565.0,445.7200317382813,84.09441375732422
10,29,4920.0,73.05101776123047,112.7319107055664
10,30,2993.0,362.3671875,101.6124267578125
10,31,3308.0,349.89752197265625,138.3155975341797
10,32,2487.0,313.4201965332031,189.96060180664065
10,33,3264.0,438.472412109375,138.5039825439453
10,34,0.0,0.0,0.0
10,35,5829.0,373.9051208496094,258.2767333984375
10,36,5277.0,441.3261413574219,309.6901550292969
10,37,4086.0,349.6889343261719,342.7530517578125
10,38,4002.0,461.90631103515625,408.2856140136719
10,39,6193.0,438.6404113769531,459.6271667480469
10,40,4384.0,484.38092041015625,358.14141845703125
10,41,3827.0,401.632080078125,366.9508666992188
10,42,1788.0,58.411075592041016,339.95806884765625
10,43,0.0,0.0,0.0
10,44,5233.0,476.947265625,177.3242950439453
10,45,2941.0,67.63753509521484,192.98912048339844
10,46,2847.0,56.35054397583008,241.57077026367188
10,47,2860.0,21.507343292236328,181.7534942626953
10,48,5446.0,174.33290100097656,266.80718994140625
10,49,6864.0,251.0273895263672,296.384765625
10,50,6674.0,94.64219665527344,294.76220703125
10,51,3799.0,134.38430786132812,420.5746154785156
10,52,0.0,0.0,0.0
10,53,1548.0,24.810077667236328,16.29005241394043
10,54,0.0,0.0,0.0
10,55,7044.0,363.1626892089844,467.00042724609375
10,56,3395.0,40.207069396972656,445.36083984375
10,57,3703.0,231.0974884033203,490.40966796875
10,58,1978.0,352.8923034667969,12.101617813110352
10,59,1625.0,19.890460968017575,492.8412170410156
10,60,2895.0,170.572021484375,119.4607925415039
10,61,4349.0,297.35479736328125,473.8753662109375
10,62,0.0,0.0,0.0
10,63,1523.0,247.24688720703125,14.757715225219728
10,64,219.0,6.511415481567383,423.4520568847656
10,65,0.0,0.0,0.0
10,66,2237.0,63.72641754150391,481.85247802734375
10,67,387.0,503.198974609375,302.9638366699219
10,68,2959.0,484.5052490234375,26.82595443725586
10,69,1737.0,82.58203887939453,16.44444465637207
10,70,845.0,153.0414276123047,8.1609468460083
10,71,5461.0,386.7026062011719,186.959716796875
10,72,2599.0,366.6764221191406,406.6275634765625
10,73,0.0,0.0,0.0
10,74,0.0,0.0,0.0
10,75,0.0,0.0,0.0
10,76,0.0,0.0,0.0
10,77,0.0,0.0,0.0
10,78,2334.0,279.2917785644531,55.82048034667969
10,79,3433.0,435.9073791503906,242.5822906494141
10,80,0.0,0.0,0.0
10,81,0.0,0.0,0.0
10,82,0.0,0.0,0.0
10,83,0.0,0.0,0.0
10,84,0.0,0.0,0.0
10,85,0.0,0.0,0.0
10,86,3566.0,487.3875427246094,249.39540100097656
10,87,1886.0,488.7476196289063,483.7942810058594
10,88,0.0,0.0,0.0
10,89,0.0,0.0,0.0
10,90,0.0,0.0,0.0
10,91,0.0,0.0,0.0
10,92,0.0,0.0,0.0
10,93,1188.0,9.10690212249756,365.4031982421875
10,94,0.0,0.0,0.0
10,95,436.0,289.2752380371094,6.596330165863037
10,96,0.0,0.0,0.0
10,97,0.0,0.0,0.0
10,98,0.0,0.0,0.0
10,99,2858.0,301.7680053710937,380.19384765625
10,100,0.0,0.0,0.0
10,101,0.0,0.0,0.0
10,102,0.0,0.0,0.0
10,103,0.0,0.0,0.0
10,104,0.0,0.0,0.0
10,105,0.0,0.0,0.0
10,106,0.0,0.0,0.0
10,107,0.0,0.0,0.0
10,108,0.0,0.0,0.0
10,109,0.0,0.0,0.0
10,110,0.0,0.0,0.0
10,111,0.0,0.0,0.0
10,112,0.0,0.0,0.0
10,113,0.0,0.0,0.0
10,114,0.0,0.0,0.0
10,115,0.0,0.0,0.0
10,116,0.0,0.0,0.0
10,117,0.0,0.0,0.0
10,118,0.0,0.0,0.0
10,119,0.0,0.0,0.0
10,120,0.0,0.0,0.0
10,121,0.0,0.0,0.0
10,122,0.0,0.0,0.0
10,123,0.0,0.0,0.0
10,124,0.0,0.0,0.0
10,125,0.0,0.0,0.0
10,126,0.0,0.0,0.0
10,127,0.0,0.0,0.0
10,128,0.0,0.0,0.0
10,129,0.0,0.0,0.0
10,130,0.0,0.0,0.0
10,131,0.0,0.0,0.0
10,132,0.0,0.0,0.0
10,133,0.0,0.0,0.0
10,134,0.0,0.0,0.0
10,135,0.0,0.0,0.0
10,136,0.0,0.0,0.0
10,137,0.0,0.0,0.0
10,138,0.0,0.0,0.0
10,139,0.0,0.0,0.0
10,140,0.0,0.0,0.0
10,141,0.0,0.0,0.0
10,142,0.0,0.0,0.0
10,143,0.0,0.0,0.0
10,144,0.0,0.0,0.0
10,145,0.0,0.0,0.0
10,146,0.0,0.0,0.0
10,147,0.0,0.0,0.0
10,148,0.0,0.0,0.0
10,149,0.0,0.0,0.0
10,150,0.0,0.0,0.0
10,151,0.0,0.0,0.0
10,152,0.0,0.0,0.0
10,153,0.0,0.0,0.0
10,154,0.0,0.0,0.0
10,155,0.0,0.0,0.0
10,156,0.0,0.0,0.0
10,157,0.0,0.0,0.0
10,158,0.0,0.0,0.0
10,159,0.0,0.0,0.0
11,0,1845.0,13.300271034240724,248.2482452392578
11,1,3890.0,150.7686309814453,370.86041259765625
11,2,6927.0,58.8514518737793,386.4600830078125
11,3,1132.0,11.223498344421388,308.0715637207031
11,4,3916.0,185.07635498046875,449.9956665039063
11,5,3879.0,130.6880645751953,72.59912109375
11,6,2846.0,161.67041015625,192.46310424804688
11,7,3982.0,171.35484313964844,330.4399719238281
11,8,3210.0,253.90467834472656,351.5881652832031
11,9,3317.0,218.92161560058597,397.6569213867188
11,10,3793.0,268.1141662597656,424.6090087890625
11,11,5321.0,124.65626525878906,483.4307556152344
11,12,7430.0,397.4787292480469,45.48990631103516
11,13,2026.0,117.68064880371094,229.7843017578125
11,14,3885.0,219.5631866455078,211.4350128173828
11,15,1631.0,38.17964553833008,297.2256164550781
11,16,3790.0,186.4493408203125,32.035884857177734
11,17,3255.0,315.5271911621094,46.90414810180664
11,18,1477.0,122.90250396728516,23.81178092956543
11,19,4887.0,223.1772003173828,75.24534606933594
11,20,2832.0,19.207273483276367,113.36688232421876
11,21,6844.0,228.5536193847656,145.95675659179688
11,22,3600.0,293.4100036621094,131.95555114746094
11,23,5408.0,115.50055694580078,159.4571075439453
11,24,4970.0,282.5545349121094,231.605224609375
11,25,3417.0,325.64764404296875,298.1826171875
11,26,1405.0,14.140213966369627,57.00569534301758
11,27,2895.0,60.55785751342773,51.86666488647461
11,28,5574.0,455.1847839355469,83.79942321777344
11,29,4949.0,71.2032699584961,112.87411499023438
11,30,3258.0,360.6715698242188,104.03376007080078
11,31,2843.0,347.1487731933594,140.1822052001953
11,32,2546.0,310.3507385253906,189.1614227294922
11,33,3579.0,440.0379943847656,138.09304809570312
11,34,883.0,503.5084838867188,107.19705200195312
11,35,5885.0,371.1131591796875,257.7554931640625
11,36,5162.0,438.6885070800781,311.10906982421875
11,37,4126.0,346.82330322265625,343.12603759765625
11,38,4562.0,460.9824523925781,408.8445739746094
11,39,5861.0,435.3895263671875,461.8088989257813
11,40,4114.0,483.2962951660156,357.3993530273437
11,41,3630.0,399.2385559082031,364.98870849609375
11,42,1770.0,63.6457633972168,340.7570495605469
11,43,0.0,0.0,0.0
11,44,5212.0,476.6636657714844,177.5773162841797
11,45,2801.0,66.26847839355469,193.4155731201172
11,46,2795.0,56.006080627441406,241.2257537841797
11,47,2760.0,21.338768005371094,181.9753570556641
11,48,5517.0,172.5617218017578,265.56427001953125
11,49,6872.0,249.0884704589844,296.04541015625
11,50,6366.0,94.12158203125,293.75982666015625
11,51,3720.0,131.91854858398438,419.8392333984375
11,52,0.0,0.0,0.0
11,53,1588.0,24.236146926879883,17.41624641418457
11,54,0.0,0.0,0.0
11,55,6935.0,361.6994934082031,466.10455322265625
11,56,3169.0,39.73524856567383,444.2738952636719
11,57,3032.0,221.1345672607422,484.3288269042969
11,58,1872.0,349.67626953125,12.055021286010742
11,59,1622.0,19.22749710083008,492.3175048828125
11,60,2876.0,168.00416564941406,118.6550750732422
11,61,4473.0,297.0272827148437,473.7936401367188
11,62,0.0,0.0,0.0
11,63,1565.0,245.2364196777344,14.91054344177246
11,64,213.0,7.319248676300049,423.5070495605469
11,65,0.0,0.0,0.0
11,66,2437.0,63.24661636352539,480.3081665039063
11,67,638.0,501.1880798339844,304.73980712890625
11,68,3081.0,485.6540222167969,27.899383544921875
11,69,1682.0,80.19143676757812,16.422117233276367
11,70,713.0,153.58766174316406,8.420757293701172
11,71,5606.0,384.0790100097656,186.58062744140625
11,72,3010.0,364.4129638671875,405.3132934570313
11,73,933.0,254.20150756835935,502.1275329589844
11,74,0.0,0.0,0.0
11,75,0.0,0.0,0.0
11,76,0.0,0.0,0.0
11,77,0.0,0.0,0.0
11,78,2628.0,277.85845947265625,56.18493270874024
11,79,3174.0,431.2838745117188,242.00819396972656
11,80,0.0,0.0,0.0
11,81,0.0,0.0,0.0
11,82,0.0,0.0,0.0
11,83,0.0,0.0,0.0
11,84,0.0,0.0,0.0
11,85,0.0,0.0,0.0
11,86,4162.0,483.7751159667969,250.2193603515625
11,87,2259.0,490.229736328125,481.3683166503906
11,88,0.0,0.0,0.0
11,89,0.0,0.0,0.0
11,90,0.0,0.0,0.0
11,91,0.0,0.0,0.0
11,92,0.0,0.0,0.0
11,93,1080.0,8.650925636291504,360.5305480957031
11,94,0.0,0.0,0.0
11,95,341.0,286.2111511230469,5.319648265838623
11,96,0.0,0.0,0.0
11,97,0.0,0.0,0.0
11,98,0.0,0.0,0.0
11,99,2566.0,297.03350830078125,378.1036682128906
11,100,0.0,0.0,0.0
11,101,0.0,0.0,0.0
11,102,0.0,0.0,0.0
11,103,0.0,0.0,0.0
11,104,0.0,0.0,0.0
11,105,0.0,0.0,0.0
11,106,0.0,0.0,0.0
11,107,0.0,0.0,0.0
11,108,0.0,0.0,0.0
11,109,0.0,0.0,0.0
11,110,0.0,0.0,0.0
11,111,0.0,0.0,0.0
11,112,0.0,0.0,0.0
11,113,0.0,0.0,0.0
11,114,0.0,0.0,0.0
11,115,0.0,0.0,0.0
11,116,0.0,0.0,0.0
11,117,0.0,0.0,0.0
11,118,0.0,0.0,0.0
11,119,0.0,0.0,0.0
11,120,0.0,0.0,0.0
11,121,0.0,0.0,0.0
11,122,0.0,0.0,0.0
11,123,0.0,0.0,0.0
11,124,0.0,0.0,0.0
11,125,0.0,0.0,0.0
11,126,0.0,0.0,0.0
11,127,0.0,0.0,0.0
11,128,0.0,0.0,0.0
11,129,0.0,0.0,0.0
11,130,0.0,0.0,0.0
11,131,0.0,0.0,0.0
11,132,0.0,0.0,0.0
11,133,0.0,0.0,0.0
11,134,0.0,0.0,0.0
11,135,0.0,0.0,0.0
11,136,0.0,0.0,0.0
11,137,0.0,0.0,0.0
11,138,0.0,0.0,0.0
11,139,0.0,0.0,0.0
11,140,0.0,0.0,0.0
11,141,0.0,0.0,0.0
11,142,0.0,0.0,0.0
11,143,0.0,0.0,0.0
11,144,0.0,0.0,0.0
11,145,0.0,0.0,0.0
11,146,0.0,0.0,0.0
11,147,0.0,0.0,0.0
11,148,0.0,0.0,0.0
11,149,0.0,0.0,0.0
11,150,0.0,0.0,0.0
11,151,0.0,0.0,0.0
11,152,0.0,0.0,0.0
11,153,0.0,0.0,0.0
11,154,0.0,0.0,0.0
11,155,0.0,0.0,0.0
11,156,0.0,0.0,0.0
11,157,0.0,0.0,0.0
11,158,0.0,0.0,0.0
11,159,0.0,0.0,0.0
12,0,1764.0,12.800453186035156,248.87017822265625
12,1,3899.0,149.72557067871094,371.2195434570313
12,2,6986.0,57.71013641357422,384.9901123046875
12,3,818.0,10.459657669067385,306.4535522460937
12,4,3630.0,181.16336059570312,448.5906372070313
12,5,3775.0,128.62701416015625,71.94410705566406
12,6,2759.0,161.5244598388672,192.8553771972656
12,7,4043.0,170.22581481933594,329.87164306640625
12,8,3180.0,251.117919921875,351.0509338378906
12,9,3090.0,216.98123168945312,397.3103637695313
12,10,3681.0,263.0331420898437,424.3227233886719
12,11,5384.0,125.10661315917967,483.39990234375
12,12,7649.0,395.8725280761719,47.45273971557617
12,13,1983.0,115.87897491455078,228.9167938232422
12,14,3602.0,217.62159729003903,211.02581787109372
12,15,1759.0,36.15576934814453,299.2922058105469
12,16,3566.0,184.70050048828125,31.514301300048828
12,17,3276.0,313.29669189453125,48.12515258789063
12,18,1457.0,121.34385681152344,24.44474983215332
12,19,4912.0,220.1783447265625,75.37031555175781
12,20,2770.0,18.606136322021484,114.25234985351562
12,21,6895.0,227.44046020507807,145.8375701904297
12,22,3508.0,292.4589538574219,132.22406005859375
12,23,5705.0,114.57808685302734,159.05416870117188
12,24,4863.0,279.63623046875,230.8418731689453
12,25,3481.0,323.2128601074219,298.0758361816406
12,26,1343.0,13.770662307739258,57.29635238647461
12,27,2849.0,59.18111801147461,53.03369522094727
12,28,5829.0,456.6448669433594,84.65431213378906
12,29,4813.0,69.13650512695312,113.25057220458984
12,30,2955.0,357.4081115722656,104.29204559326172
12,31,2758.0,344.6083984375,140.3582305908203
12,32,2620.0,307.9072570800781,189.4709930419922
12,33,3788.0,433.087646484375,140.6243438720703
12,34,782.0,501.8005065917969,111.41432189941406
12,35,6040.0,369.43792724609375,256.97998046875
12,36,5276.0,437.6466979980469,310.8021240234375
12,37,3927.0,344.35650634765625,343.1825866699219
12,38,4411.0,459.2437133789063,407.9621276855469
12,39,6283.0,435.6055908203125,460.8047180175781
12,40,4227.0,482.8493041992188,361.2928771972656
12,41,3765.0,396.6477966308594,363.4993286132813
12,42,1422.0,63.71308135986328,340.623779296875
12,43,0.0,0.0,0.0
12,44,5522.0,475.703369140625,176.6582794189453
12,45,2745.0,64.72640991210938,193.2469940185547
12,46,2764.0,54.23371887207031,241.3039093017578
12,47,2629.0,20.45758819580078,183.12628173828125
12,48,5531.0,171.41421508789062,264.7112731933594
12,49,6850.0,247.78335571289065,294.9472961425781
12,50,6581.0,92.9375457763672,293.7328796386719
12,51,3650.0,130.19671630859375,418.9778137207031
12,52,0.0,0.0,0.0
12,53,1544.0,22.57124328613281,17.478626251220703
12,54,0.0,0.0,0.0
12,55,7120.0,360.9991455078125,465.1799011230469
12,56,3008.0,36.3198127746582,442.3627014160156
12,57,2710.0,216.77084350585935,481.2664184570313
12,58,2009.0,348.9681396484375,12.339472770690918
12,59,1681.0,19.15645408630371,491.5651550292969
12,60,2882.0,166.10096740722656,117.68494415283205
12,61,4753.0,294.8251647949219,471.9520263671875
12,62,0.0,0.0,0.0
12,63,1674.0,243.77359008789065,15.32915210723877
12,64,0.0,0.0,0.0
12,65,0.0,0.0,0.0
12,66,2715.0,63.16022109985352,477.2224731445313
12,67,817.0,499.1015930175781,306.3757629394531
12,68,3124.0,484.5377807617188,27.070743560791016
12,69,1837.0,77.12574768066406,16.42351722717285
12,70,806.0,151.06204223632812,9.076923370361328
12,71,5223.0,380.4085693359375,187.4667816162109
12,72,2997.0,358.3516845703125,403.1658325195313
12,73,1386.0,248.4531097412109,499.7727355957031
12,74,0.0,0.0,0.0
12,75,0.0,0.0,0.0
12,76,0.0,0.0,0.0
12,77,0.0,0.0,0.0
12,78,2653.0,275.2611999511719,57.48737335205078
12,79,3214.0,430.7081604003906,242.49066162109372
12,80,0.0,0.0,0.0
12,81,0.0,0.0,0.0
12,82,0.0,0.0,0.0
12,83,0.0,0.0,0.0
12,84,0.0,0.0,0.0
12,85,0.0,0.0,0.0
12,86,3928.0,482.9597778320313,249.76654052734372
12,87,2197.0,492.18798828125,482.0013732910156
12,88,0.0,0.0,0.0
12,89,0.0,0.0,0.0
12,90,0.0,0.0,0.0
12,91,0.0,0.0,0.0
12,92,0.0,0.0,0.0
12,93,1060.0,8.60377311706543,357.4735717773437
12,94,0.0,0.0,0.0
12,95,367.0,285.4223327636719,5.760218143463135
12,96,0.0,0.0,0.0
12,97,0.0,0.0,0.0
12,98,0.0,0.0,0.0
12,99,2582.0,292.08868408203125,376.6951904296875
12,100,0.0,0.0,0.0
12,101,0.0,0.0,0.0
12,102,0.0,0.0,0.0
12,103,0.0,0.0,0.0
12,104,0.0,0.0,0.0
12,105,0.0,0.0,0.0
12,106,0.0,0.0,0.0
12,107,0.0,0.0,0.0
12,108,0.0,0.0,0.0
12,109,0.0,0.0,0.0
12,110,0.0,0.0,0.0
12,111,0.0,0.0,0.0
12,112,0.0,0.0,0.0
12,113,0.0,0.0,0.0
12,114,0.0,0.0,0.0
12,115,0.0,0.0,0.0
12,116,0.0,0.0,0.0
12,117,0.0,0.0,0.0
12,118,0.0,0.0,0.0
12,119,0.0,0.0,0.0
12,120,0.0,0.0,0.0
12,121,0.0,0.0,0.0
12,122,0.0,0.0,0.0
12,123,0.0,0.0,0.0
12,124,0.0,0.0,0.0
12,125,0.0,0.0,0.0
12,126,0.0,0.0,0.0
12,127,0.0,0.0,0.0
12,128,0.0,0.0,0.0
12,129,0.0,0.0,0.0
12,130,0.0,0.0,0.0
12,131,0.0,0.0,0.0
12,132,0.0,0.0,0.0
12,133,0.0,0.0,0.0
12,134,0.0,0.0,0.0
12,135,0.0,0.0,0.0
12,136,0.0,0.0,0.0
12,137,0.0,0.0,0.0
12,138,0.0,0.0,0.0
12,139,0.0,0.0,0.0
12,140,0.0,0.0,0.0
12,141,0.0,0.0,0.0
12,142,0.0,0.0,0.0
12,143,0.0,0.0,0.0
12,144,0.0,0.0,0.0
12,145,0.0,0.0,0.0
12,146,0.0,0.0,0.0
12,147,0.0,0.0,0.0
12,148,0.0,0.0,0.0
12,149,0.0,0.0,0.0
12,150,0.0,0.0,0.0
12,151,0.0,0.0,0.0
12,152,0.0,0.0,0.0
12,153,0.0,0.0,0.0
12,154,0.0,0.0,0.0
12,155,0.0,0.0,0.0
12,156,0.0,0.0,0.0
12,157,0.0,0.0,0.0
12,158,0.0,0.0,0.0
12,159,0.0,0.0,0.0
13,0,1671.0,12.04428482055664,247.56912231445312
13,1,4104.0,149.01608276367188,371.5175476074219
13,2,6950.0,55.80776977539063,384.1880493164063
13,3,0.0,0.0,0.0
13,4,3544.0,178.64051818847656,447.33831787109375
13,5,3609.0,126.20476531982422,71.04904174804688
13,6,2688.0,160.8802032470703,192.2440490722656
13,7,4030.0,169.22804260253906,328.6650085449219
13,8,3069.0,248.416748046875,350.090576171875
13,9,2878.0,214.490966796875,396.1997985839844
13,10,3739.0,258.6255798339844,422.4765930175781
13,11,5522.0,124.50959777832033,482.9500122070313
13,12,7664.0,394.2330322265625,47.96685791015625
13,13,1919.0,115.4163589477539,228.21939086914065
13,14,3271.0,214.6945953369141,211.031494140625
13,15,1789.0,26.81162643432617,298.2789306640625
13,16,3545.0,183.6205902099609,31.39407539367676
13,17,2987.0,312.3451538085937,49.09173202514648
13,18,1441.0,120.23455810546876,24.92852210998535
13,19,5238.0,217.1141662597656,76.42210388183594
13,20,2666.0,17.492874145507812,114.5607681274414
13,21,6843.0,226.2216796875,146.13693237304688
13,22,3372.0,290.54150390625,133.3365936279297
13,23,6009.0,112.62306213378906,158.29139709472656
13,24,4615.0,277.1473388671875,231.00433349609372
13,25,3501.0,321.26763916015625,298.60211181640625
13,26,1258.0,13.007948875427246,57.45627975463867
13,27,2962.0,58.16576766967773,55.59385681152344
13,28,5869.0,454.81787109375,85.27108764648438
13,29,4588.0,66.5244140625,115.03726959228516
13,30,2931.0,352.0433349609375,103.71647644042967
13,31,2790.0,342.7734680175781,141.98745727539062
13,32,2663.0,301.9763488769531,189.7765655517578
13,33,3848.0,427.532470703125,142.5959014892578
13,34,1240.0,497.4911193847656,117.21451568603516
13,35,6179.0,367.1742858886719,256.559814453125
13,36,5479.0,434.55029296875,311.091796875
13,37,3551.0,339.9459228515625,345.2621765136719
13,38,4293.0,456.77685546875,406.4020385742188
13,39,6574.0,435.2144775390625,462.0462341308594
13,40,4263.0,481.7717590332031,362.0408020019531
13,41,3855.0,394.6490173339844,362.87548828125
13,42,1139.0,69.3617172241211,341.502197265625
13,43,0.0,0.0,0.0
13,44,5288.0,472.1554565429688,178.50396728515625
13,45,2656.0,63.50602340698242,193.86822509765625
13,46,2739.0,52.792625427246094,240.8974151611328
13,47,2454.0,19.64792251586914,183.4502868652344
13,48,5506.0,171.1661834716797,263.0699157714844
13,49,6851.0,246.79200744628903,293.71099853515625
13,50,7280.0,89.06991577148438,294.32391357421875
13,51,3439.0,127.36173248291016,418.0104675292969
13,52,0.0,0.0,0.0
13,53,1474.0,21.60787010192871,17.81886100769043
13,54,0.0,0.0,0.0
13,55,7224.0,360.04498291015625,464.8610229492188
13,56,2872.0,34.058494567871094,441.5128784179688
13,57,2664.0,214.16140747070312,479.9992370605469
13,58,2109.0,347.74346923828125,12.723566055297852
13,59,1685.0,18.94777488708496,491.31097412109375
13,60,2733.0,163.42626953125,118.58726501464844
13,61,4899.0,292.78076171875,469.896728515625
13,62,0.0,0.0,0.0
13,63,1733.0,242.9965362548828,15.893248558044434
13,64,0.0,0.0,0.0
13,65,0.0,0.0,0.0
13,66,2843.0,62.34892654418945,475.6306762695313
13,67,874.0,498.7745971679688,305.6590270996094
13,68,3219.0,483.8191833496094,27.995651245117188
13,69,1951.0,75.04151916503906,17.088159561157227
13,70,852.0,149.3885040283203,9.119718551635742
13,71,4960.0,375.806640625,187.25
13,72,2964.0,354.9443359375,402.6163940429688
13,73,1597.0,247.1152191162109,499.5347595214844
13,74,0.0,0.0,0.0
13,75,0.0,0.0,0.0
13,76,0.0,0.0,0.0
13,77,0.0,0.0,0.0
13,78,2775.0,275.56072998046875,57.945587158203125
13,79,3368.0,428.87884521484375,242.99880981445312
13,80,0.0,0.0,0.0
13,81,0.0,0.0,0.0
13,82,0.0,0.0,0.0
13,83,0.0,0.0,0.0
13,84,0.0,0.0,0.0
13,85,0.0,0.0,0.0
13,86,3959.0,481.875732421875,248.95655822753903
13,87,2186.0,492.6706237792969,481.31243896484375
13,88,0.0,0.0,0.0
13,89,0.0,0.0,0.0
13,90,0.0,0.0,0.0
13,91,0.0,0.0,0.0
13,92,0.0,0.0,0.0
13,93,1241.0,9.109588623046877,352.474609375
13,94,0.0,0.0,0.0
13,95,407.0,287.18182373046875,6.0
13,96,0.0,0.0,0.0
13,97,0.0,0.0,0.0
13,98,0.0,0.0,0.0
13,99,2681.0,289.76837158203125,374.7530822753906
13,100,0.0,0.0,0.0
13,101,0.0,0.0,0.0
13,102,0.0,0.0,0.0
13,103,0.0,0.0,0.0
13,104,0.0,0.0,0.0
13,105,0.0,0.0,0.0
13,106,0.0,0.0,0.0
13,107,0.0,0.0,0.0
13,108,0.0,0.0,0.0
13,109,0.0,0.0,0.0
13,110,0.0,0.0,0.0
13,111,0.0,0.0,0.0
13,112,0.0,0.0,0.0
13,113,0.0,0.0,0.0
13,114,0.0,0.0,0.0
13,115,0.0,0.0,0.0
13,116,0.0,0.0,0.0
13,117,0.0,0.0,0.0
13,118,0.0,0.0,0.0
13,119,0.0,0.0,0.0
13,120,0.0,0.0,0.0
13,121,0.0,0.0,0.0
13,122,0.0,0.0,0.0
13,123,0.0,0.0,0.0
13,124,0.0,0.0,0.0
13,125,0.0,0.0,0.0
13,126,0.0,0.0,0.0
13,127,0.0,0.0,0.0
13,128,0.0,0.0,0.0
13,129,0.0,0.0,0.0
13,130,0.0,0.0,0.0
13,131,0.0,0.0,0.0
13,132,0.0,0.0,0.0
13,133,0.0,0.0,0.0
13,134,0.0,0.0,0.0
13,135,0.0,0.0,0.0
13,136,0.0,0.0,0.0
13,137,0.0,0.0,0.0
13,138,0.0,0.0,0.0
13,139,0.0,0.0,0.0
13,140,0.0,0.0,0.0
13,141,0.0,0.0,0.0
13,142,0.0,0.0,0.0
13,143,0.0,0.0,0.0
13,144,0.0,0.0,0.0
13,145,0.0,0.0,0.0
13,146,0.0,0.0,0.0
13,147,0.0,0.0,0.0
13,148,0.0,0.0,0.0
13,149,0.0,0.0,0.0
13,150,0.0,0.0,0.0
13,151,0.0,0.0,0.0
13,152,0.0,0.0,0.0
13,153,0.0,0.0,0.0
13,154,0.0,0.0,0.0
13,155,0.0,0.0,0.0
13,156,0.0,0.0,0.0
13,157,0.0,0.0,0.0
13,158,0.0,0.0,0.0
13,159,0.0,0.0,0.0
14,0,1610.0,11.562732696533203,245.4037322998047
14,1,4263.0,147.90335083007812,370.0325927734375
14,2,7088.0,53.63741683959961,381.67974853515625
14,3,0.0,0.0,0.0
14,4,3476.0,177.0699005126953,445.5325012207031
14,5,3615.0,124.41521453857422,71.21466064453125
14,6,2612.0,159.8472442626953,192.6581115722656
14,7,3853.0,166.84817504882812,326.9924621582031
14,8,2920.0,244.3592529296875,349.6325378417969
14,9,2757.0,213.06092834472656,394.3449401855469
14,10,3772.0,255.4191436767578,421.2666931152344
14,11,5840.0,124.07191467285156,483.0407409667969
14,12,8304.0,391.9725341796875,49.381744384765625
14,13,2029.0,112.36865234375,228.0137939453125
14,14,2854.0,211.1541748046875,210.29608154296875
14,15,2111.0,24.66508674621582,299.5324401855469
14,16,3253.0,181.7159576416016,31.491853713989254
14,17,3021.0,308.71630859375,49.24627685546875
14,18,1407.0,119.72494506835938,25.714996337890625
14,19,5517.0,214.38336181640625,76.63512420654297
14,20,2610.0,17.44061279296875,115.88467407226562
14,21,6858.0,224.40158081054688,146.2290802001953
14,22,3185.0,288.3880615234375,133.64804077148438
14,23,5985.0,112.10259246826172,158.3114471435547
14,24,4621.0,272.47998046875,232.40164184570312
14,25,3649.0,318.71990966796875,299.2469177246094
14,26,1220.0,12.526229858398438,58.99917984008789
14,27,2936.0,56.910423278808594,56.334129333496094
14,28,5744.0,455.0149841308594,85.70960998535156
14,29,4707.0,64.79264831542969,117.73464965820312
14,30,2646.0,344.2879943847656,103.86810302734376
14,31,2790.0,341.5125427246094,141.47491455078125
14,32,2938.0,295.766845703125,189.893798828125
14,33,4019.0,423.5247497558594,141.7377471923828
14,34,1167.0,499.05999755859375,117.68466186523438
14,35,6208.0,364.9368591308594,256.117919921875
14,36,5101.0,433.7106323242188,311.9466857910156
14,37,3729.0,339.44970703125,345.0514831542969
14,38,4360.0,456.8873901367188,407.5750122070313
14,39,5894.0,432.4241638183594,459.1231689453125
14,40,4348.0,481.4864196777344,364.89398193359375
14,41,3911.0,394.0575256347656,362.35107421875
14,42,916.0,82.66157531738281,342.5742492675781
14,43,0.0,0.0,0.0
14,44,5741.0,469.92388916015625,177.91952514648438
14,45,2413.0,63.26895904541016,194.78077697753903
14,46,2671.0,50.44926834106445,240.87271118164065
14,47,2297.0,19.020896911621094,183.9612579345703
14,48,5561.0,169.88023376464844,262.30029296875
14,49,6663.0,244.89134216308597,293.5218505859375
14,50,6971.0,87.91177368164062,292.9592590332031
14,51,3298.0,127.16100311279295,416.5081787109375
14,52,0.0,0.0,0.0
14,53,1428.0,20.59943962097168,18.50700187683105
14,54,0.0,0.0,0.0
14,55,7210.0,359.29071044921875,464.8496398925781
14,56,2856.0,33.04551696777344,438.5945434570313
14,57,2284.0,210.1331024169922,477.2972717285156
14,58,2090.0,344.61053466796875,13.125837326049805
14,59,1747.0,18.88666343688965,490.5855712890625
14,60,2574.0,161.23155212402344,119.5528335571289
14,61,5122.0,290.8619689941406,468.7727355957031
14,62,0.0,0.0,0.0
14,63,1865.0,241.14959716796875,16.401609420776367
14,64,0.0,0.0,0.0
14,65,0.0,0.0,0.0
14,66,2957.0,61.8687858581543,471.836669921875
14,67,940.0,497.2734069824219,310.2712707519531
14,68,3264.0,483.7772521972656,29.077205657958984
14,69,2102.0,73.14985656738281,17.138439178466797
14,70,924.0,150.5108184814453,9.403679847717283
14,71,4863.0,371.5346374511719,187.20872497558597
14,72,3133.0,352.9562683105469,402.7478332519531
14,73,1929.0,243.88336181640625,497.8942565917969
14,74,0.0,0.0,0.0
14,75,0.0,0.0,0.0
14,76,0.0,0.0,0.0
14,77,0.0,0.0,0.0
14,78,2489.0,272.9292907714844,58.67014694213867
14,79,3473.0,426.4848937988281,243.71954345703125
14,80,0.0,0.0,0.0
14,81,0.0,0.0,0.0
14,82,0.0,0.0,0.0
14,83,0.0,0.0,0.0
14,84,0.0,0.0,0.0
14,85,0.0,0.0,0.0
14,86,4415.0,482.0944519042969,251.7003326416016
14,87,2097.0,493.0615234375,478.0019226074219
14,88,0.0,0.0,0.0
14,89,0.0,0.0,0.0
14,90,0.0,0.0,0.0
14,91,0.0,0.0,0.0
14,92,0.0,0.0,0.0
14,93,1102.0,9.253175735473633,347.7431945800781
14,94,0.0,0.0,0.0
14,95,416.0,286.7019348144531,6.122596263885498
14,96,0.0,0.0,0.0
14,97,0.0,0.0,0.0
14,98,0.0,0.0,0.0
14,99,2647.0,287.6407165527344,372.62939453125
14,100,0.0,0.0,0.0
14,101,0.0,0.0,0.0
14,102,0.0,0.0,0.0
14,103,0.0,0.0,0.0
14,104,0.0,0.0,0.0
14,105,0.0,0.0,0.0
14,106,0.0,0.0,0.0
14,107,0.0,0.0,0.0
14,108,0.0,0.0,0.0
14,109,0.0,0.0,0.0
14,110,0.0,0.0,0.0
14,111,0.0,0.0,0.0
14,112,0.0,0.0,0.0
14,113,0.0,0.0,0.0
14,114,0.0,0.0,0.0
14,115,0.0,0.0,0.0
14,116,0.0,0.0,0.0
14,117,0.0,0.0,0.0
14,118,0.0,0.0,0.0
14,119,0.0,0.0,0.0
14,120,0.0,0.0,0.0
14,121,0.0,0.0,0.0
14,122,0.0,0.0,0.0
14,123,0.0,0.0,0.0
14,124,0.0,0.0,0.0
14,125,0.0,0.0,0.0
14,126,0.0,0.0,0.0
14,127,0.0,0.0,0.0
14,128,0.0,0.0,0.0
14,129,0.0,0.0,0.0
14,130,0.0,0.0,0.0
14,131,0.0,0.0,0.0
14,132,0.0,0.0,0.0
14,133,0.0,0.0,0.0
14,134,0.0,0.0,0.0
14,135,0.0,0.0,0.0
14,136,0.0,0.0,0.0
14,137,0.0,0.0,0.0
14,138,0.0,0.0,0.0
14,139,0.0,0.0,0.0
14,140,0.0,0.0,0.0
14,141,0.0,0.0,0.0
14,142,0.0,0.0,0.0
14,143,0.0,0.0,0.0
14,144,0.0,0.0,0.0
14,145,0.0,0.0,0.0
14,146,0.0,0.0,0.0
14,147,0.0,0.0,0.0
14,148,0.0,0.0,0.0
14,149,0.0,0.0,0.0
14,150,0.0,0.0,0.0
14,151,0.0,0.0,0.0
14,152,0.0,0.0,0.0
14,153,0.0,0.0,0.0
14,154,0.0,0.0,0.0
14,155,0.0,0.0,0.0
14,156,0.0,0.0,0.0
14,157,0.0,0.0,0.0
14,158,0.0,0.0,0.0
14,159,0.0,0.0,0.0
15,0,1572.0,11.709287643432615,245.02798461914065
15,1,4286.0,144.431640625,367.6507263183594
15,2,6958.0,51.76430130004883,380.9889221191406
15,3,0.0,0.0,0.0
15,4,3477.0,174.05694580078125,444.07073974609375
15,5,3659.0,123.2855987548828,70.54359436035156
15,6,2572.0,158.50193786621094,192.9650115966797
15,7,3834.0,165.17840576171875,325.538330078125
15,8,2825.0,239.8952178955078,349.3150329589844
15,9,2677.0,211.2357177734375,393.14306640625
15,10,3659.0,251.25198364257807,420.4085693359375
15,11,5430.0,120.3769760131836,482.0506591796875
15,12,7817.0,386.87310791015625,54.69400024414063
15,13,2148.0,109.9594955444336,227.4739227294922
15,14,2695.0,209.25973510742188,209.6883087158203
15,15,1894.0,22.12777137756348,298.9355773925781
15,16,3124.0,179.47567749023438,31.536170959472656
15,17,2947.0,305.0105285644531,49.77604293823242
15,18,1144.0,118.13811492919922,25.76398658752441
15,19,5658.0,207.64210510253903,78.58625030517578
15,20,2538.0,16.676910400390625,118.46375274658205
15,21,6958.0,222.7398681640625,146.49195861816406
15,22,3078.0,286.7618713378906,133.85153198242188
15,23,6009.0,110.83657836914062,157.6277313232422
15,24,4340.0,271.3585205078125,234.37234497070312
15,25,3884.0,315.7178039550781,300.6634826660156
15,26,1216.0,12.575657844543455,61.12664413452149
15,27,3014.0,56.44359588623047,57.476444244384766
15,28,5597.0,454.7425537109375,86.2762222290039
15,29,4669.0,62.996360778808594,119.52944946289062
15,30,2877.0,342.2148132324219,105.29266357421876
15,31,2645.0,339.5319519042969,143.2555694580078
15,32,3091.0,288.36041259765625,191.1559295654297
15,33,3899.0,423.9484558105469,139.73428344726562
15,34,992.0,500.62298583984375,118.09475708007812
15,35,5900.0,360.961181640625,256.1903381347656
15,36,5367.0,432.56195068359375,313.2890014648437
15,37,3492.0,337.1809997558594,346.0271911621094
15,38,3872.0,450.7373352050781,405.04107666015625
15,39,6525.0,433.3259887695313,461.4161071777344
15,40,4360.0,482.2302856445313,369.3706359863281
15,41,3963.0,392.49456787109375,361.8374938964844
15,42,893.0,79.28555297851562,340.0526428222656
15,43,0.0,0.0,0.0
15,44,6013.0,468.8923950195313,176.9620819091797
15,45,2337.0,61.96576690673828,195.0333709716797
15,46,2546.0,49.37823867797852,241.2898712158203
15,47,2078.0,18.36477470397949,186.48941040039065
15,48,5515.0,168.6232147216797,261.3831481933594
15,49,6488.0,242.86312866210935,292.6410217285156
15,50,6975.0,84.96501922607422,292.5806579589844
15,51,3121.0,128.474853515625,413.0762634277344
15,52,0.0,0.0,0.0
15,53,1419.0,19.835094451904297,19.630022048950195
15,54,0.0,0.0,0.0
15,55,6886.0,358.6322937011719,465.0271606445313
15,56,2549.0,30.277755737304688,437.0525817871094
15,57,2279.0,209.88372802734372,475.2970581054688
15,58,2111.0,341.7228698730469,13.472288131713867
15,59,1725.0,18.142608642578125,490.3333435058594
15,60,2099.0,157.55360412597656,123.11624908447266
15,61,5383.0,290.7716979980469,466.7592468261719
15,62,0.0,0.0,0.0
15,63,1997.0,240.1026611328125,17.03655433654785
15,64,0.0,0.0,0.0
15,65,0.0,0.0,0.0
15,66,3677.0,63.895294189453125,465.8509521484375
15,67,1126.0,497.1962585449219,311.6101379394531
15,68,3538.0,483.8323974609375,30.93781852722168
15,69,2144.0,72.3255615234375,17.448694229125977
15,70,1045.0,148.01339721679688,10.312918663024902
15,71,5192.0,370.6533203125,187.7869873046875
15,72,3277.0,351.0604248046875,402.8074340820313
15,73,2079.0,243.6565704345703,497.6763000488281
15,74,896.0,415.9575805664063,7.9609375
15,75,388.0,180.40463256835935,503.0438232421875
15,76,0.0,0.0,0.0
15,77,0.0,0.0,0.0
15,78,2610.0,268.7237548828125,60.82490539550781
15,79,3616.0,421.8340759277344,245.09292602539065
15,80,0.0,0.0,0.0
15,81,0.0,0.0,0.0
15,82,0.0,0.0,0.0
15,83,0.0,0.0,0.0
15,84,0.0,0.0,0.0
15,85,0.0,0.0,0.0
15,86,4684.0,480.2527770996094,251.46690368652344
15,87,2533.0,489.6506042480469,482.2684631347656
15,88,0.0,0.0,0.0
15,89,0.0,0.0,0.0
15,90,0.0,0.0,0.0
15,91,0.0,0.0,0.0
15,92,0.0,0.0,0.0
15,93,962.0,9.77962589263916,344.2910461425781
15,94,0.0,0.0,0.0
15,95,413.0,286.2615051269531,5.934624671936035
15,96,0.0,0.0,0.0
15,97,0.0,0.0,0.0
15,98,0.0,0.0,0.0
15,99,2761.0,285.45562744140625,371.3668823242188
15,100,0.0,0.0,0.0
15,101,0.0,0.0,0.0
15,102,0.0,0.0,0.0
15,103,0.0,0.0,0.0
15,104,0.0,0.0,0.0
15,105,0.0,0.0,0.0
15,106,0.0,0.0,0.0
15,107,0.0,0.0,0.0
15,108,0.0,0.0,0.0
15,109,0.0,0.0,0.0
15,110,0.0,0.0,0.0
15,111,0.0,0.0,0.0
15,112,0.0,0.0,0.0
15,113,0.0,0.0,0.0
15,114,0.0,0.0,0.0
15,115,0.0,0.0,0.0
15,116,0.0,0.0,0.0
15,117,0.0,0.0,0.0
15,118,0.0,0.0,0.0
15,119,0.0,0.0,0.0
15,120,0.0,0.0,0.0
15,121,0.0,0.0,0.0
15,122,0.0,0.0,0.0
15,123,0.0,0.0,0.0
15,124,0.0,0.0,0.0
15,125,0.0,0.0,0.0
15,126,0.0,0.0,0.0
15,127,0.0,0.0,0.0
15,128,0.0,0.0,0.0
15,129,0.0,0.0,0.0
15,130,0.0,0.0,0.0
15,131,0.0,0.0,0.0
15,132,0.0,0.0,0.0
15,133,0.0,0.0,0.0
15,134,0.0,0.0,0.0
15,135,0.0,0.0,0.0
15,136,0.0,0.0,0.0
15,137,0.0,0.0,0.0
15,138,0.0,0.0,0.0
15,139,0.0,0.0,0.0
15,140,0.0,0.0,0.0
15,141,0.0,0.0,0.0
15,142,0.0,0.0,0.0
15,143,0.0,0.0,0.0
15,144,0.0,0.0,0.0
15,145,0.0,0.0,0.0
15,146,0.0,0.0,0.0
15,147,0.0,0.0,0.0
15,148,0.0,0.0,0.0
15,149,0.0,0.0,0.0
15,150,0.0,0.0,0.0
15,151,0.0,0.0,0.0
15,152,0.0,0.0,0.0
15,153,0.0,0.0,0.0
15,154,0.0,0.0,0.0
15,155,0.0,0.0,0.0
15,156,0.0,0.0,0.0
15,157,0.0,0.0,0.0
15,158,0.0,0.0,0.0
15,159,0.0,0.0,0.0
16,0,1579.0,11.81760597229004,243.93667602539065
16,1,4540.0,142.23370361328125,366.34075927734375
16,2,6733.0,49.82845687866211,380.01947021484375
16,3,0.0,0.0,0.0
16,4,3495.0,171.62774658203125,442.5224609375
16,5,3447.0,123.36872863769533,71.71366119384766
16,6,2546.0,156.97918701171875,192.30596923828125
16,7,3701.0,163.23507690429688,323.9716186523437
16,8,2498.0,231.3418731689453,350.9379577636719
16,9,2461.0,210.642822265625,391.2198181152344
16,10,3747.0,247.14144897460935,419.2615356445313
16,11,5276.0,118.5970458984375,481.0934448242188
16,12,7743.0,382.8477478027344,58.4432373046875
16,13,2347.0,108.8095474243164,227.9599456787109
16,14,2557.0,207.8228454589844,207.8380889892578
16,15,2050.0,20.606342315673828,298.8414611816406
16,16,2952.0,179.3499298095703,31.64092063903809
16,17,2967.0,303.668701171875,49.427032470703125
16,18,1265.0,118.47351837158205,28.929643630981445
16,19,5817.0,206.7429962158203,78.83049774169922
16,20,2679.0,16.99141502380371,120.0194091796875
16,21,6891.0,221.6186370849609,145.87940979003906
16,22,2993.0,285.503173828125,133.50418090820312
16,23,5974.0,109.32122802734376,156.77418518066406
16,24,3759.0,263.6382141113281,235.9510498046875
16,25,4274.0,309.14178466796875,303.67242431640625
16,26,1190.0,12.872268676757812,61.871429443359375
16,27,3054.0,57.333003997802734,58.74754333496094
16,28,5482.0,453.1497497558594,86.64848327636719
16,29,4347.0,63.0296745300293,119.414306640625
16,30,2074.0,328.1615295410156,103.8495635986328
16,31,2714.0,340.0840148925781,142.14332580566406
16,32,3322.0,285.92413330078125,191.6134796142578
16,33,4208.0,417.8445739746094,138.04515075683594
16,34,0.0,0.0,0.0
16,35,6556.0,355.9508972167969,253.20347595214844
16,36,5616.0,431.4552917480469,313.9230651855469
16,37,3393.0,334.8585205078125,345.9286804199219
16,38,4131.0,452.7833557128906,407.57904052734375
16,39,6068.0,431.7633361816406,458.8371887207031
16,40,4556.0,482.4106750488281,370.0610046386719
16,41,4004.0,389.3526611328125,361.3459167480469
16,42,816.0,78.23774719238281,340.0943603515625
16,43,0.0,0.0,0.0
16,44,6117.0,466.8338928222656,175.55763244628906
16,45,2338.0,61.99315643310547,195.9875946044922
16,46,2363.0,48.10918426513672,242.2589874267578
16,47,2036.0,19.18516731262207,187.0122833251953
16,48,5590.0,169.13023376464844,260.7513427734375
16,49,6262.0,241.48179626464844,292.25982666015625
16,50,6842.0,83.93510437011719,292.6657409667969
16,51,2899.0,128.51742553710938,411.5319213867188
16,52,0.0,0.0,0.0
16,53,1416.0,19.06355857849121,20.55296516418457
16,54,0.0,0.0,0.0
16,55,6945.0,358.6886901855469,464.061767578125
16,56,2337.0,29.91998291015625,435.1155395507813
16,57,2105.0,209.2964324951172,471.9657897949219
16,58,2070.0,339.69854736328125,13.62946891784668
16,59,1763.0,17.787294387817383,489.4798583984375
16,60,2039.0,156.39234924316406,124.05198669433594
16,61,5550.0,290.75567626953125,465.1428833007813
16,62,0.0,0.0,0.0
16,63,2109.0,238.4784240722656,18.214794158935547
16,64,0.0,0.0,0.0
16,65,0.0,0.0,0.0
16,66,4068.0,63.81686401367188,463.0162353515625
16,67,854.0,495.1615905761719,314.4110107421875
16,68,3676.0,484.3139343261719,32.64445114135742
16,69,2251.0,70.71968078613281,17.555309295654297
16,70,1150.0,146.60781860351562,10.412174224853516
16,71,5058.0,368.61328125,187.40036010742188
16,72,3307.0,346.8116149902344,401.5288696289063
16,73,2358.0,240.8316345214844,496.6200256347656
16,74,1380.0,416.5014343261719,10.887681007385254
16,75,644.0,177.87266540527344,501.3462829589844
16,76,495.0,501.3959655761719,215.9535369873047
16,77,0.0,0.0,0.0
16,78,2397.0,269.316650390625,61.884857177734375
16,79,3594.0,421.3772888183594,244.786865234375
16,80,0.0,0.0,0.0
16,81,0.0,0.0,0.0
16,82,0.0,0.0,0.0
16,83,0.0,0.0,0.0
16,84,0.0,0.0,0.0
16,85,0.0,0.0,0.0
16,86,4414.0,477.9492492675781,256.6309509277344
16,87,2601.0,486.4386901855469,482.39947509765625
16,88,0.0,0.0,0.0
16,89,0.0,0.0,0.0
16,90,0.0,0.0,0.0
16,91,0.0,0.0,0.0
16,92,0.0,0.0,0.0
16,93,814.0,9.235872268676758,344.3489074707031
16,94,0.0,0.0,0.0
16,95,422.0,284.5118408203125,5.796208381652832
16,96,0.0,0.0,0.0
16,97,0.0,0.0,0.0
16,98,0.0,0.0,0.0
16,99,2577.0,282.7462158203125,369.8335266113281
16,100,0.0,0.0,0.0
16,101,0.0,0.0,0.0
16,102,0.0,0.0,0.0
16,103,0.0,0.0,0.0
16,104,0.0,0.0,0.0
16,105,0.0,0.0,0.0
16,106,0.0,0.0,0.0
16,107,0.0,0.0,0.0
16,108,0.0,0.0,0.0
16,109,0.0,0.0,0.0
16,110,0.0,0.0,0.0
16,111,0.0,0.0,0.0
16,112,0.0,0.0,0.0
16,113,0.0,0.0,0.0
16,114,0.0,0.0,0.0
16,115,0.0,0.0,0.0
16,116,0.0,0.0,0.0
16,117,0.0,0.0,0.0
16,118,0.0,0.0,0.0
16,119,0.0,0.0,0.0
16,120,0.0,0.0,0.0
16,121,0.0,0.0,0.0
16,122,0.0,0.0,0.0
16,123,0.0,0.0,0.0
16,124,0.0,0.0,0.0
16,125,0.0,0.0,0.0
16,126,0.0,0.0,0.0
16,127,0.0,0.0,0.0
16,128,0.0,0.0,0.0
16,129,0.0,0.0,0.0
16,130,0.0,0.0,0.0
16,131,0.0,0.0,0.0
16,132,0.0,0.0,0.0
16,133,0.0,0.0,0.0
16,134,0.0,0.0,0.0
16,135,0.0,0.0,0.0
16,136,0.0,0.0,0.0
16,137,0.0,0.0,0.0
16,138,0.0,0.0,0.0
16,139,0.0,0.0,0.0
16,140,0.0,0.0,0.0
16,141,0.0,0.0,0.0
16,142,0.0,0.0,0.0
16,143,0.0,0.0,0.0
16,144,0.0,0.0,0.0
16,145,0.0,0.0,0.0
16,146,0.0,0.0,0.0
16,147,0.0,0.0,0.0
16,148,0.0,0.0,0.0
16,149,0.0,0.0,0.0
16,150,0.0,0.0,0.0
16,151,0.0,0.0,0.0
16,152,0.0,0.0,0.0
16,153,0.0,0.0,0.0
16,154,0.0,0.0,0.0
16,155,0.0,0.0,0.0
16,156,0.0,0.0,0.0
16,157,0.0,0.0,0.0
16,158,0.0,0.0,0.0
16,159,0.0,0.0,0.0
17,0,1477.0,11.396750450134276,243.1178131103516
17,1,4788.0,141.37698364257812,366.378662109375
17,2,6558.0,48.93000793457031,379.9609680175781
17,3,0.0,0.0,0.0
17,4,3438.0,169.5904541015625,442.85980224609375
17,5,3238.0,122.8245849609375,71.75601959228516
17,6,2497.0,156.45294189453125,192.0841064453125
17,7,3791.0,160.58348083496094,322.3371276855469
17,8,2703.0,232.0410614013672,349.6052551269531
17,9,2293.0,210.34234619140625,390.3131408691406
17,10,3849.0,243.9449157714844,418.7186279296875
17,11,5019.0,116.74158477783205,480.508056640625
17,12,7915.0,380.2752990722656,59.85761260986328
17,13,2456.0,107.29723358154295,227.3758087158203
17,14,2286.0,206.1421661376953,207.42169189453125
17,15,2001.0,19.34132957458496,298.2084045410156
17,16,2799.0,178.5970001220703,31.90282249450684
17,17,3376.0,299.56011962890625,48.04887390136719
17,18,1385.0,116.9169692993164,28.6433219909668
17,19,5345.0,201.4806365966797,79.17642974853516
17,20,2598.0,16.46497344970703,120.2190170288086
17,21,6887.0,220.81704711914065,146.30970764160156
17,22,2826.0,283.9465637207031,133.4943389892578
17,23,5980.0,108.1511688232422,156.67274475097656
17,24,3463.0,258.6959228515625,235.82298278808597
17,25,4089.0,309.5199279785156,302.7705993652344
17,26,1126.0,12.312610626220703,63.287742614746094
17,27,3141.0,57.33015060424805,60.53549957275391
17,28,5338.0,452.2872009277344,85.52903747558594
17,29,4415.0,61.21404266357422,122.34745025634766
17,30,2035.0,325.6771545410156,104.5931167602539
17,31,2646.0,338.2312927246094,142.23582458496094
17,32,3371.0,283.9896240234375,191.20350646972656
17,33,4083.0,414.3610229492188,138.21063232421875
17,34,0.0,0.0,0.0
17,35,6591.0,350.1703796386719,251.6936798095703
17,36,5458.0,427.6471252441406,313.7433166503906
17,37,3367.0,333.72674560546875,346.1247253417969
17,38,4298.0,448.6093444824219,404.57330322265625
17,39,6636.0,432.1720886230469,461.5574035644531
17,40,4585.0,482.6588745117188,370.2626037597656
17,41,3952.0,387.6629638671875,362.3248901367188
17,42,720.0,83.60972595214844,340.68609619140625
17,43,0.0,0.0,0.0
17,44,5741.0,464.0428466796875,178.3814697265625
17,45,2206.0,60.602447509765625,196.44696044921875
17,46,2378.0,47.39192581176758,242.7245635986328
17,47,1868.0,18.17291259765625,188.8966827392578
17,48,5697.0,169.42214965820312,259.6268310546875
17,49,6168.0,241.12127685546875,291.6240234375
17,50,6831.0,81.10584259033203,293.30816650390625
17,51,2763.0,129.24212646484375,411.1607055664063
17,52,0.0,0.0,0.0
17,53,1425.0,17.943157196044922,20.890525817871094
17,54,0.0,0.0,0.0
17,55,7001.0,356.9994201660156,463.5732116699219
17,56,1990.0,26.430150985717773,434.370361328125
17,57,1936.0,208.37705993652344,470.3698425292969
17,58,1950.0,337.7928161621094,12.998461723327637
17,59,1701.0,17.613168716430664,490.0981750488281
17,60,2172.0,155.9447479248047,124.04557800292967
17,61,5526.0,289.1407775878906,463.9211120605469
17,62,0.0,0.0,0.0
17,63,2188.0,237.3793487548828,18.598262786865234
17,64,0.0,0.0,0.0
17,65,0.0,0.0,0.0
17,66,4604.0,62.94048690795898,460.2586975097656
17,67,1805.0,495.7096862792969,303.4709167480469
17,68,3691.0,484.1966857910156,32.6407470703125
17,69,2305.0,68.62863159179688,18.68807029724121
17,70,1187.0,147.0286407470703,11.168492317199709
17,71,5169.0,368.1220703125,187.42909240722656
17,72,3158.0,342.2137451171875,400.4939880371094
17,73,2491.0,238.8896026611328,495.95703125
17,74,1549.0,414.5222778320313,11.764364242553713
17,75,914.0,175.14332580566406,500.7330322265625
17,76,0.0,0.0,0.0
17,77,254.0,504.11810302734375,165.68504333496094
17,78,2564.0,263.5674743652344,66.08267974853516
17,79,3805.0,417.75872802734375,245.61155700683597
17,80,0.0,0.0,0.0
17,81,0.0,0.0,0.0
17,82,0.0,0.0,0.0
17,83,0.0,0.0,0.0
17,84,0.0,0.0,0.0
17,85,0.0,0.0,0.0
17,86,4375.0,476.20501708984375,248.6628570556641
17,87,1326.0,494.8167419433594,462.8016662597656
17,88,0.0,0.0,0.0
17,89,0.0,0.0,0.0
17,90,0.0,0.0,0.0
17,91,0.0,0.0,0.0
17,92,0.0,0.0,0.0
17,93,848.0,8.573113441467285,346.3844299316406
17,94,0.0,0.0,0.0
17,95,284.0,283.0035095214844,4.767605781555176
17,96,0.0,0.0,0.0
17,97,0.0,0.0,0.0
17,98,0.0,0.0,0.0
17,99,2496.0,281.47998046875,368.47076416015625
17,100,0.0,0.0,0.0
17,101,0.0,0.0,0.0
17,102,0.0,0.0,0.0
17,103,0.0,0.0,0.0
17,104,0.0,0.0,0.0
17,105,0.0,0.0,0.0
17,106,0.0,0.0,0.0
17,107,0.0,0.0,0.0
17,108,0.0,0.0,0.0
17,109,0.0,0.0,0.0
17,110,0.0,0.0,0.0
17,111,0.0,0.0,0.0
17,112,0.0,0.0,0.0
17,113,0.0,0.0,0.0
17,114,0.0,0.0,0.0
17,115,0.0,0.0,0.0
17,116,0.0,0.0,0.0
17,117,0.0,0.0,0.0
17,118,0.0,0.0,0.0
17,119,0.0,0.0,0.0
17,120,0.0,0.0,0.0
17,121,0.0,0.0,0.0
17,122,0.0,0.0,0.0
17,123,0.0,0.0,0.0
17,124,0.0,0.0,0.0
17,125,0.0,0.0,0.0
17,126,0.0,0.0,0.0
17,127,0.0,0.0,0.0
17,128,0.0,0.0,0.0
17,129,0.0,0.0,0.0
17,130,0.0,0.0,0.0
17,131,0.0,0.0,0.0
17,132,0.0,0.0,0.0
17,133,0.0,0.0,0.0
17,134,0.0,0.0,0.0
17,135,0.0,0.0,0.0
17,136,0.0,0.0,0.0
17,137,0.0,0.0,0.0
17,138,0.0,0.0,0.0
17,139,0.0,0.0,0.0
17,140,0.0,0.0,0.0
17,141,0.0,0.0,0.0
17,142,0.0,0.0,0.0
17,143,0.0,0.0,0.0
17,144,0.0,0.0,0.0
17,145,0.0,0.0,0.0
17,146,0.0,0.0,0.0
17,147,0.0,0.0,0.0
17,148,0.0,0.0,0.0
17,149,0.0,0.0,0.0
17,150,0.0,0.0,0.0
17,151,0.0,0.0,0.0
17,152,0.0,0.0,0.0
17,153,0.0,0.0,0.0
17,154,0.0,0.0,0.0
17,155,0.0,0.0,0.0
17,156,0.0,0.0,0.0
17,157,0.0,0.0,0.0
17,158,0.0,0.0,0.0
17,159,0.0,0.0,0.0
18,0,1459.0,11.221384048461914,242.73611450195312
18,1,5075.0,139.50265502929688,366.6027526855469
18,2,6322.0,46.92423248291016,379.4859313964844
18,3,0.0,0.0,0.0
18,4,3467.0,168.1586456298828,440.8453979492188
18,5,3165.0,122.9503936767578,72.59652709960938
18,6,2406.0,155.91354370117188,192.2813873291016
18,7,3851.0,159.7151336669922,321.4300231933594
18,8,2621.0,231.02975463867188,348.7573547363281
18,9,2278.0,213.9604949951172,387.9859619140625
18,10,3889.0,241.87811279296875,417.7197265625
18,11,4928.0,116.41963958740234,480.4997863769531
18,12,8079.0,379.5869445800781,61.10211563110352
18,13,2600.0,106.58692169189452,227.53192138671875
18,14,2176.0,205.171875,206.3736267089844
18,15,1855.0,18.66091728210449,296.00054931640625
18,16,2611.0,177.6610565185547,32.782073974609375
18,17,3841.0,295.74224853515625,49.35980224609375
18,18,1432.0,116.4155044555664,29.111034393310547
18,19,5222.0,197.95155334472656,80.14764404296875
18,20,2496.0,16.025239944458008,119.7107391357422
18,21,6760.0,219.97056579589844,146.9508819580078
18,22,2772.0,282.9018859863281,133.6370849609375
18,23,5935.0,107.84465026855467,156.68408203125
18,24,3539.0,257.1477966308594,236.3402099609375
18,25,4015.0,307.5783386230469,302.9063415527344
18,26,1064.0,11.708646774291992,64.05451202392578
18,27,3120.0,57.71474456787109,62.33589553833008
18,28,5098.0,452.6620178222656,86.05374908447266
18,29,4553.0,58.77487182617188,125.33692169189452
18,30,1849.0,322.7923278808594,104.81503295898438
18,31,2557.0,335.4352722167969,142.17950439453125
18,32,3359.0,281.3051452636719,192.5153350830078
18,33,4772.0,411.4440612792969,139.41407775878906
18,34,0.0,0.0,0.0
18,35,6561.0,349.204833984375,251.89285278320312
18,36,5527.0,426.8391418457031,314.2735595703125
18,37,3387.0,332.49542236328125,345.2208557128906
18,38,3883.0,447.0213623046875,405.1310729980469
18,39,7106.0,432.4895935058594,462.7004089355469
18,40,4902.0,481.4771423339844,371.1521911621094
18,41,3985.0,386.3304748535156,362.8476867675781
18,42,757.0,82.40026092529297,339.9775390625
18,43,0.0,0.0,0.0
18,44,5822.0,463.6975402832031,178.5340118408203
18,45,2172.0,59.872928619384766,196.8241271972656
18,46,2294.0,47.21708679199219,242.30862426757807
18,47,1717.0,16.716365814208984,189.85032653808597
18,48,5611.0,169.29745483398438,258.781494140625
18,49,5992.0,239.83094787597656,291.79638671875
18,50,6825.0,79.5838851928711,293.40997314453125
18,51,2537.0,128.38037109375,410.6468200683594
18,52,0.0,0.0,0.0
18,53,1377.0,16.501815795898438,21.456064224243164
18,54,0.0,0.0,0.0
18,55,7047.0,356.1763916015625,462.61572265625
18,56,1687.0,21.47599220275879,433.9928894042969
18,57,1841.0,206.71917724609372,468.3367614746094
18,58,1986.0,336.362548828125,13.607754707336426
18,59,1675.0,17.10746192932129,489.86865234375
18,60,2112.0,154.78408813476562,125.3735809326172
18,61,5619.0,288.4178771972656,463.59619140625
18,62,0.0,0.0,0.0
18,63,2345.0,236.2857208251953,19.16929626464844
18,64,0.0,0.0,0.0
18,65,0.0,0.0,0.0
18,66,5111.0,62.41479110717773,457.45745849609375
18,67,1526.0,494.9220275878906,306.7273864746094
18,68,3759.0,483.9952087402344,33.588985443115234
18,69,2555.0,66.88414764404297,19.998825073242188
18,70,1300.0,148.25538635253906,10.900769233703612
18,71,4956.0,364.0706176757813,189.27603149414065
18,72,3030.0,340.31024169921875,399.7937316894531
18,73,2676.0,237.27279663085935,494.9630126953125
18,74,1640.0,412.7603759765625,12.245731353759766
18,75,1021.0,174.2331085205078,499.2164611816406
18,76,0.0,0.0,0.0
18,77,0.0,0.0,0.0
18,78,2344.0,258.281982421875,71.15870666503906
18,79,3734.0,416.4705505371094,246.0650787353516
18,80,0.0,0.0,0.0
18,81,0.0,0.0,0.0
18,82,0.0,0.0,0.0
18,83,0.0,0.0,0.0
18,84,0.0,0.0,0.0
18,85,0.0,0.0,0.0
18,86,4414.0,473.9734802246094,251.4975128173828
18,87,1433.0,493.8855590820313,464.85345458984375
18,88,0.0,0.0,0.0
18,89,0.0,0.0,0.0
18,90,0.0,0.0,0.0
18,91,0.0,0.0,0.0
18,92,0.0,0.0,0.0
18,93,811.0,9.799013137817385,342.4229431152344
18,94,0.0,0.0,0.0
18,95,268.0,282.1305847167969,4.630597114562988
18,96,0.0,0.0,0.0
18,97,0.0,0.0,0.0
18,98,0.0,0.0,0.0
18,99,2379.0,281.4897155761719,367.345947265625
18,100,0.0,0.0,0.0
18,101,0.0,0.0,0.0
18,102,0.0,0.0,0.0
18,103,0.0,0.0,0.0
18,104,0.0,0.0,0.0
18,105,0.0,0.0,0.0
18,106,0.0,0.0,0.0
18,107,0.0,0.0,0.0
18,108,0.0,0.0,0.0
18,109,0.0,0.0,0.0
18,110,0.0,0.0,0.0
18,111,0.0,0.0,0.0
18,112,0.0,0.0,0.0
18,113,0.0,0.0,0.0
18,114,0.0,0.0,0.0
18,115,0.0,0.0,0.0
18,116,0.0,0.0,0.0
18,117,0.0,0.0,0.0
18,118,0.0,0.0,0.0
18,119,0.0,0.0,0.0
18,120,0.0,0.0,0.0
18,121,0.0,0.0,0.0
18,122,0.0,0.0,0.0
18,123,0.0,0.0,0.0
18,124,0.0,0.0,0.0
18,125,0.0,0.0,0.0
18,126,0.0,0.0,0.0
18,127,0.0,0.0,0.0
18,128,0.0,0.0,0.0
18,129,0.0,0.0,0.0
18,130,0.0,0.0,0.0
18,131,0.0,0.0,0.0
18,132,0.0,0.0,0.0
18,133,0.0,0.0,0.0
18,134,0.0,0.0,0.0
18,135,0.0,0.0,0.0
18,136,0.0,0.0,0.0
18,137,0.0,0.0,0.0
18,138,0.0,0.0,0.0
18,139,0.0,0.0,0.0
18,140,0.0,0.0,0.0
18,141,0.0,0.0,0.0
18,142,0.0,0.0,0.0
18,143,0.0,0.0,0.0
18,144,0.0,0.0,0.0
18,145,0.0,0.0,0.0
18,146,0.0,0.0,0.0
18,147,0.0,0.0,0.0
18,148,0.0,0.0,0.0
18,149,0.0,0.0,0.0
18,150,0.0,0.0,0.0
18,151,0.0,0.0,0.0
18,152,0.0,0.0,0.0
18,153,0.0,0.0,0.0
18,154,0.0,0.0,0.0
18,155,0.0,0.0,0.0
18,156,0.0,0.0,0.0
18,157,0.0,0.0,0.0
18,158,0.0,0.0,0.0
18,159,0.0,0.0,0.0
19,0,1440.0,11.540971755981444,242.428466796875
19,1,5090.0,138.35775756835938,366.4479370117188
19,2,6147.0,47.008785247802734,378.9347534179688
19,3,0.0,0.0,0.0
19,4,3500.0,166.7008514404297,439.91058349609375
19,5,2899.0,122.6260757446289,73.24801635742188
19,6,2421.0,155.2490692138672,192.097900390625
19,7,4144.0,158.58084106445312,320.292236328125
19,8,2637.0,232.03829956054688,347.4342041015625
19,9,1655.0,214.24349975585935,383.2664794921875
19,10,4425.0,236.0761566162109,414.40338134765625
19,11,4802.0,116.50499725341795,480.5050048828125
19,12,8218.0,376.6105041503906,63.74348831176758
19,13,2729.0,104.38951873779295,227.9223175048828
19,14,2094.0,203.4670562744141,206.2335205078125
19,15,1592.0,17.007537841796875,296.1476135253906
19,16,2477.0,176.84739685058594,33.50141143798828
19,17,4618.0,290.89019775390625,51.94218444824219
19,18,1473.0,115.84725189208984,31.15410804748535
19,19,5221.0,195.70657348632807,80.23003387451172
19,20,2459.0,15.404229164123535,120.06465911865234
19,21,6623.0,218.8204803466797,146.6409454345703
19,22,2670.0,281.0157165527344,132.9636688232422
19,23,5823.0,107.995361328125,156.91258239746094
19,24,3484.0,255.9931182861328,237.3843231201172
19,25,4049.0,305.2267150878906,302.5860595703125
19,26,995.0,11.452260971069336,64.67034912109375
19,27,3207.0,58.19176864624024,62.90739059448242
19,28,4924.0,451.735595703125,85.60032653808594
19,29,4805.0,58.25473403930664,127.1125946044922
19,30,1753.0,320.2002258300781,107.7221908569336
19,31,2521.0,334.37921142578125,143.1118621826172
19,32,3708.0,279.0652770996094,193.25376892089844
19,33,4833.0,413.4624328613281,138.8741912841797
19,34,0.0,0.0,0.0
19,35,6333.0,346.7771911621094,250.9351043701172
19,36,5669.0,426.0271606445313,313.3651428222656
19,37,3372.0,329.43475341796875,345.5596008300781
19,38,4399.0,446.8563232421875,404.2457275390625
19,39,6857.0,431.910888671875,463.6187744140625
19,40,4577.0,482.4902648925781,370.88812255859375
19,41,4063.0,384.90869140625,360.788818359375
19,42,561.0,87.88770294189453,340.32977294921875
19,43,0.0,0.0,0.0
19,44,5698.0,464.9359436035156,179.50439453125
19,45,2043.0,59.848751068115234,197.6573638916016
19,46,2194.0,46.48404693603516,243.10801696777344
19,47,1659.0,16.791440963745117,191.3339385986328
19,48,5500.0,169.0618133544922,257.91583251953125
19,49,5632.0,238.06480407714844,291.21075439453125
19,50,6967.0,76.6948471069336,294.4756774902344
19,51,2452.0,128.0138702392578,409.8935546875
19,52,0.0,0.0,0.0
19,53,1290.0,14.75658893585205,22.41317749023437
19,54,0.0,0.0,0.0
19,55,7048.0,356.172119140625,462.5387268066406
19,56,1482.0,18.95614051818848,432.0688171386719
19,57,1728.0,204.9166717529297,466.8350830078125
19,58,1988.0,335.7364196777344,13.414989471435549
19,59,1560.0,16.219871520996094,490.0467834472656
19,60,2071.0,154.24722290039062,125.6716537475586
19,61,5329.0,286.46124267578125,459.6027526855469
19,62,0.0,0.0,0.0
19,63,2471.0,236.04937744140625,19.8794002532959
19,64,0.0,0.0,0.0
19,65,0.0,0.0,0.0
19,66,5599.0,60.9148063659668,456.6302795410156
19,67,1480.0,493.9696044921875,309.5837707519531
19,68,3929.0,483.3644714355469,34.36421585083008
19,69,2692.0,64.4468765258789,19.808692932128903
19,70,1501.0,147.83877563476562,11.01132583618164
19,71,4972.0,364.1751708984375,189.1047821044922
19,72,3176.0,339.8605041503906,399.535888671875
19,73,2831.0,234.6948089599609,493.2942504882813
19,74,1738.0,411.6985168457031,13.326236724853516
19,75,1034.0,173.324951171875,498.6643981933594
19,76,0.0,0.0,0.0
19,77,0.0,0.0,0.0
19,78,1596.0,251.85025024414065,76.75438690185547
19,79,4146.0,415.9893798828125,246.0014495849609
19,80,476.0,304.3067321777344,506.4012756347656
19,81,0.0,0.0,0.0
19,82,0.0,0.0,0.0
19,83,0.0,0.0,0.0
19,84,0.0,0.0,0.0
19,85,0.0,0.0,0.0
19,86,4460.0,475.7103271484375,253.75650024414065
19,87,2165.0,493.3265686035156,473.6018371582031
19,88,0.0,0.0,0.0
19,89,0.0,0.0,0.0
19,90,0.0,0.0,0.0
19,91,0.0,0.0,0.0
19,92,0.0,0.0,0.0
19,93,867.0,10.183390617370604,342.4452209472656
19,94,0.0,0.0,0.0
19,95,264.0,280.9583435058594,4.753787994384766
19,96,0.0,0.0,0.0
19,97,0.0,0.0,0.0
19,98,0.0,0.0,0.0
19,99,2251.0,280.0213317871094,367.94580078125
19,100,0.0,0.0,0.0
19,101,0.0,0.0,0.0
19,102,0.0,0.0,0.0
19,103,0.0,0.0,0.0
19,104,0.0,0.0,0.0
19,105,0.0,0.0,0.0
19,106,0.0,0.0,0.0
19,107,0.0,0.0,0.0
19,108,0.0,0.0,0.0
19,109,0.0,0.0,0.0
19,110,0.0,0.0,0.0
19,111,0.0,0.0,0.0
19,112,0.0,0.0,0.0
19,113,0.0,0.0,0.0
19,114,0.0,0.0,0.0
19,115,0.0,0.0,0.0
19,116,0.0,0.0,0.0
19,117,0.0,0.0,0.0
19,118,0.0,0.0,0.0
19,119,0.0,0.0,0.0
19,120,0.0,0.0,0.0
19,121,0.0,0.0,0.0
19,122,0.0,0.0,0.0
19,123,0.0,0.0,0.0
19,124,0.0,0.0,0.0
19,125,0.0,0.0,0.0
19,126,0.0,0.0,0.0
19,127,0.0,0.0,0.0
19,128,0.0,0.0,0.0
19,129,0.0,0.0,0.0
19,130,0.0,0.0,0.0
19,131,0.0,0.0,0.0
19,132,0.0,0.0,0.0
19,133,0.0,0.0,0.0
19,134,0.0,0.0,0.0
19,135,0.0,0.0,0.0
19,136,0.0,0.0,0.0
19,137,0.0,0.0,0.0
19,138,0.0,0.0,0.0
19,139,0.0,0.0,0.0
19,140,0.0,0.0,0.0
19,141,0.0,0.0,0.0
19,142,0.0,0.0,0.0
19,143,0.0,0.0,0.0
19,144,0.0,0.0,0.0
19,145,0.0,0.0,0.0
19,146,0.0,0.0,0.0
19,147,0.0,0.0,0.0
19,148,0.0,0.0,0.0
19,149,0.0,0.0,0.0
19,150,0.0,0.0,0.0
19,151,0.0,0.0,0.0
19,152,0.0,0.0,0.0
19,153,0.0,0.0,0.0
19,154,0.0,0.0,0.0
19,155,0.0,0.0,0.0
19,156,0.0,0.0,0.0
19,157,0.0,0.0,0.0
19,158,0.0,0.0,0.0
19,159,0.0,0.0,0.0
20,0,1402.0,11.077033042907717,242.9700469970703
20,1,5293.0,135.75572204589844,366.1711730957031
20,2,5705.0,46.53409194946289,379.75775146484375
20,3,0.0,0.0,0.0
20,4,3495.0,165.88583374023438,438.8818359375
20,5,2749.0,122.29792785644533,74.53546905517578
20,6,2413.0,154.6092071533203,191.7376708984375
20,7,4283.0,156.93812561035156,318.6873779296875
20,8,2436.0,228.43472290039065,346.2520446777344
20,9,1700.0,215.1241149902344,381.1658935546875
20,10,4521.0,235.68701171875,413.34417724609375
20,11,4716.0,115.3954620361328,480.3229370117188
20,12,8070.0,374.2684020996094,66.38029479980469
20,13,2910.0,103.48900604248048,227.75567626953125
20,14,1974.0,202.06028747558597,205.4154052734375
20,15,1523.0,17.303348541259766,296.7984313964844
20,16,2350.0,175.55361938476562,33.96808624267578
20,17,4789.0,289.41094970703125,52.07162094116211
20,18,1456.0,114.70191955566406,33.23763656616211
20,19,5253.0,193.90158081054688,80.37140655517578
20,20,2427.0,15.090234756469728,121.01895141601562
20,21,6345.0,216.2006378173828,147.0783233642578
20,22,2669.0,279.2015686035156,132.88497924804688
20,23,5696.0,107.21576690673828,156.546875
20,24,3368.0,254.47564697265625,237.9257659912109
20,25,4201.0,302.0680847167969,304.2420959472656
20,26,991.0,11.57618522644043,65.6104965209961
20,27,3197.0,58.857364654541016,64.4526138305664
20,28,4785.0,451.449951171875,85.03155517578125
20,29,4884.0,56.67342376708984,129.7903289794922
20,30,1695.0,317.5911560058594,109.2324447631836
20,31,2459.0,333.0048828125,143.89019775390625
20,32,3957.0,275.9977111816406,194.05130004882807
20,33,5014.0,412.3292846679688,139.38592529296875
20,34,1837.0,493.6652221679688,123.19107055664062
20,35,6194.0,343.5863647460937,249.9602813720703
20,36,5625.0,425.4240112304688,312.9217834472656
20,37,3317.0,328.16522216796875,345.8863525390625
20,38,4110.0,443.0530395507813,403.4034118652344
20,39,6698.0,430.89459228515625,462.8792114257813
20,40,4897.0,481.2064514160156,369.9389343261719
20,41,4163.0,383.6130065917969,360.7268676757813
20,42,627.0,85.88676452636719,339.45135498046875
20,43,0.0,0.0,0.0
20,44,5569.0,463.5589904785156,179.5640106201172
20,45,1888.0,60.007415771484375,198.2372894287109
20,46,2176.0,45.758731842041016,243.6971435546875
20,47,1587.0,16.78449821472168,193.6093292236328
20,48,5393.0,169.2356719970703,256.8939514160156
20,49,5434.0,236.51803588867188,290.612060546875
20,50,6760.0,75.63195037841797,294.32574462890625
20,51,2316.0,127.75733947753906,409.0082092285156
20,52,0.0,0.0,0.0
20,53,1320.0,14.76742458343506,22.933332443237305
20,54,0.0,0.0,0.0
20,55,7164.0,355.9866027832031,461.5203857421875
20,56,1253.0,17.0726261138916,429.1859436035156
20,57,1760.0,204.28012084960935,465.4971618652344
20,58,2026.0,336.0606994628906,14.095755577087402
20,59,1496.0,16.16042709350586,490.4946594238281
20,60,2003.0,152.8092803955078,126.21967315673828
20,61,5258.0,285.8837890625,459.139404296875
20,62,0.0,0.0,0.0
20,63,2565.0,234.6284637451172,20.661598205566406
20,64,0.0,0.0,0.0
20,65,0.0,0.0,0.0
20,66,5927.0,59.4158935546875,455.2036437988281
20,67,2221.0,496.2809448242188,290.6217956542969
20,68,3922.0,482.9760437011719,35.09561538696289
20,69,2708.0,64.10894012451172,21.105243682861328
20,70,1655.0,146.43263244628906,11.49607276916504
20,71,4759.0,361.7564697265625,188.3313751220703
20,72,3055.0,337.33648681640625,398.89361572265625
20,73,2896.0,233.399169921875,493.1667785644531
20,74,2017.0,410.5914611816406,15.035201072692873
20,75,1124.0,172.092529296875,497.7704772949219
20,76,0.0,0.0,0.0
20,77,0.0,0.0,0.0
20,78,1608.0,249.6735076904297,80.1461410522461
20,79,4623.0,413.0231323242188,247.2422637939453
20,80,617.0,305.6191101074219,505.75201416015625
20,81,0.0,0.0,0.0
20,82,0.0,0.0,0.0
20,83,0.0,0.0,0.0
20,84,0.0,0.0,0.0
20,85,0.0,0.0,0.0
20,86,3326.0,468.3638000488281,253.57366943359372
20,87,2859.0,492.4197387695313,472.0650634765625
20,88,0.0,0.0,0.0
20,89,0.0,0.0,0.0
20,90,0.0,0.0,0.0
20,91,0.0,0.0,0.0
20,92,0.0,0.0,0.0
20,93,1035.0,10.483091354370115,344.7768249511719
20,94,0.0,0.0,0.0
20,95,180.0,278.95001220703125,4.866666793823242
20,96,0.0,0.0,0.0
20,97,0.0,0.0,0.0
20,98,0.0,0.0,0.0
20,99,2154.0,278.22052001953125,367.1634216308594
20,100,0.0,0.0,0.0
20,101,0.0,0.0,0.0
20,102,0.0,0.0,0.0
20,103,0.0,0.0,0.0
20,104,0.0,0.0,0.0
20,105,0.0,0.0,0.0
20,106,0.0,0.0,0.0
20,107,0.0,0.0,0.0
20,108,0.0,0.0,0.0
20,109,0.0,0.0,0.0
20,110,0.0,0.0,0.0
20,111,0.0,0.0,0.0
20,112,0.0,0.0,0.0
20,113,0.0,0.0,0.0
20,114,0.0,0.0,0.0
20,115,0.0,0.0,0.0
20,116,0.0,0.0,0.0
20,117,0.0,0.0,0.0
20,118,0.0,0.0,0.0
20,119,0.0,0.0,0.0
20,120,0.0,0.0,0.0
20,121,0.0,0.0,0.0
20,122,0.0,0.0,0.0
20,123,0.0,0.0,0.0
20,124,0.0,0.0,0.0
20,125,0.0,0.0,0.0
20,126,0.0,0.0,0.0
20,127,0.0,0.0,0.0
20,128,0.0,0.0,0.0
20,129,0.0,0.0,0.0
20,130,0.0,0.0,0.0
20,131,0.0,0.0,0.0
20,132,0.0,0.0,0.0
20,133,0.0,0.0,0.0
20,134,0.0,0.0,0.0
20,135,0.0,0.0,0.0
20,136,0.0,0.0,0.0
20,137,0.0,0.0,0.0
20,138,0.0,0.0,0.0
20,139,0.0,0.0,0.0
20,140,0.0,0.0,0.0
20,141,0.0,0.0,0.0
20,142,0.0,0.0,0.0
20,143,0.0,0.0,0.0
20,144,0.0,0.0,0.0
20,145,0.0,0.0,0.0
20,146,0.0,0.0,0.0
20,147,0.0,0.0,0.0
20,148,0.0,0.0,0.0
20,149,0.0,0.0,0.0
20,150,0.0,0.0,0.0
20,151,0.0,0.0,0.0
20,152,0.0,0.0,0.0
20,153,0.0,0.0,0.0
20,154,0.0,0.0,0.0
20,155,0.0,0.0,0.0
20,156,0.0,0.0,0.0
20,157,0.0,0.0,0.0
20,158,0.0,0.0,0.0
20,159,0.0,0.0,0.0
21,0,1445.0,11.78961944580078,241.28097534179688
21,1,5570.0,134.3793487548828,366.4183044433594
21,2,5290.0,45.497352600097656,379.8291015625
21,3,0.0,0.0,0.0
21,4,3483.0,164.26414489746094,438.0482482910156
21,5,2571.0,122.25243377685548,75.033447265625
21,6,2374.0,154.4473419189453,191.5311737060547
21,7,4284.0,156.7191925048828,318.37091064453125
21,8,2505.0,226.8223571777344,346.1768493652344
21,9,1495.0,215.45150756835935,380.5692443847656
21,10,4681.0,234.39649963378903,412.748779296875
21,11,4300.0,113.76441955566406,480.2983703613281
21,12,8113.0,372.3765563964844,67.75212860107422
21,13,3318.0,101.6338119506836,227.67962646484372
21,14,1870.0,201.0577545166016,204.41604614257807
21,15,1596.0,16.74498748779297,295.7305908203125
21,16,2210.0,174.46742248535156,34.66832733154297
21,17,5001.0,286.2871398925781,53.51309585571289
21,18,1433.0,113.87787628173828,33.8569450378418
21,19,5257.0,191.61631774902344,81.21247863769531
21,20,2455.0,15.071690559387209,122.39836883544922
21,21,6098.0,213.7946929931641,148.06591796875
21,22,2628.0,277.7637023925781,132.5627899169922
21,23,5564.0,107.07691955566406,155.89773559570312
21,24,3581.0,254.12286376953125,237.09913635253903
21,25,4297.0,298.8475646972656,305.3311462402344
21,26,957.0,11.156740188598633,66.71055603027344
21,27,3336.0,59.99100875854492,65.81265258789062
21,28,4451.0,450.4136047363281,85.2983627319336
21,29,4821.0,55.96909332275391,131.59033203125
21,30,1636.0,316.6106262207031,110.37897491455078
21,31,2329.0,330.3409118652344,144.46458435058594
21,32,3894.0,275.242431640625,193.29327392578125
21,33,5220.0,412.9386901855469,138.97030639648438
21,34,1885.0,492.5458984375,125.0923080444336
21,35,6146.0,342.54864501953125,251.2696075439453
21,36,5689.0,424.9470825195313,313.7969665527344
21,37,3236.0,326.89801025390625,344.7858581542969
21,38,4349.0,441.1455383300781,401.7394714355469
21,39,6945.0,430.3848876953125,464.2046203613281
21,40,4971.0,483.9973754882813,375.4986877441406
21,41,4176.0,381.300537109375,360.1044006347656
21,42,610.0,83.66229248046875,340.4016418457031
21,43,0.0,0.0,0.0
21,44,5053.0,461.1424865722656,179.6455535888672
21,45,1726.0,59.34299087524414,198.0086975097656
21,46,2098.0,45.938514709472656,245.07720947265625
21,47,1528.0,16.888744354248047,194.1380920410156
21,48,5479.0,169.02317810058594,256.3316345214844
21,49,5156.0,235.41815185546875,290.1208190917969
21,50,6576.0,74.4660873413086,296.1907043457031
21,51,2160.0,126.63565063476562,408.6791687011719
21,52,0.0,0.0,0.0
21,53,1312.0,13.97560977935791,23.34756088256836
21,54,0.0,0.0,0.0
21,55,7083.0,355.3965759277344,461.9538269042969
21,56,1189.0,18.846088409423828,426.5862121582031
21,57,1733.0,203.344482421875,464.7662963867188
21,58,2139.0,335.2996826171875,14.30762004852295
21,59,1411.0,15.98795223236084,491.0736999511719
21,60,1873.0,150.7522735595703,126.64442443847656
21,61,5030.0,284.92266845703125,458.06341552734375
21,62,0.0,0.0,0.0
21,63,2759.0,233.0014495849609,21.426965713500977
21,64,0.0,0.0,0.0
21,65,0.0,0.0,0.0
21,66,6291.0,59.16944885253906,454.7366027832031
21,67,1635.0,494.0666809082031,309.4073486328125
21,68,4193.0,482.3188781738281,35.78726577758789
21,69,2819.0,62.78573989868164,21.7130184173584
21,70,1765.0,145.41302490234375,12.239093780517578
21,71,4913.0,360.7142333984375,187.76022338867188
21,72,3214.0,333.6424865722656,398.7402038574219
21,73,2971.0,232.20599365234372,492.60247802734375
21,74,2149.0,411.3224792480469,16.029781341552734
21,75,1398.0,167.28326416015625,497.18597412109375
21,76,0.0,0.0,0.0
21,77,0.0,0.0,0.0
21,78,1527.0,247.3123779296875,87.98821258544922
21,79,4801.0,412.5211486816406,246.17767333984372
21,80,731.0,301.5116271972656,504.265380859375
21,81,0.0,0.0,0.0
21,82,0.0,0.0,0.0
21,83,0.0,0.0,0.0
21,84,0.0,0.0,0.0
21,85,0.0,0.0,0.0
21,86,4066.0,474.1318359375,255.3403778076172
21,87,2451.0,491.6368713378906,476.5344848632813
21,88,0.0,0.0,0.0
21,89,0.0,0.0,0.0
21,90,0.0,0.0,0.0
21,91,0.0,0.0,0.0
21,92,0.0,0.0,0.0
21,93,1060.0,10.881132125854492,344.51416015625
21,94,0.0,0.0,0.0
21,95,253.0,279.2529602050781,5.126482009887695
21,96,0.0,0.0,0.0
21,97,0.0,0.0,0.0
21,98,0.0,0.0,0.0
21,99,2002.0,276.8251647949219,367.2767333984375
21,100,0.0,0.0,0.0
21,101,0.0,0.0,0.0
21,102,0.0,0.0,0.0
21,103,0.0,0.0,0.0
21,104,0.0,0.0,0.0
21,105,0.0,0.0,0.0
21,106,0.0,0.0,0.0
21,107,0.0,0.0,0.0
21,108,0.0,0.0,0.0
21,109,0.0,0.0,0.0
21,110,0.0,0.0,0.0
21,111,0.0,0.0,0.0
21,112,0.0,0.0,0.0
21,113,0.0,0.0,0.0
21,114,0.0,0.0,0.0
21,115,0.0,0.0,0.0
21,116,0.0,0.0,0.0
21,117,0.0,0.0,0.0
21,118,0.0,0.0,0.0
21,119,0.0,0.0,0.0
21,120,0.0,0.0,0.0
21,121,0.0,0.0,0.0
21,122,0.0,0.0,0.0
21,123,0.0,0.0,0.0
21,124,0.0,0.0,0.0
21,125,0.0,0.0,0.0
21,126,0.0,0.0,0.0
21,127,0.0,0.0,0.0
21,128,0.0,0.0,0.0
21,129,0.0,0.0,0.0
21,130,0.0,0.0,0.0
21,131,0.0,0.0,0.0
21,132,0.0,0.0,0.0
21,133,0.0,0.0,0.0
21,134,0.0,0.0,0.0
21,135,0.0,0.0,0.0
21,136,0.0,0.0,0.0
21,137,0.0,0.0,0.0
21,138,0.0,0.0,0.0
21,139,0.0,0.0,0.0
21,140,0.0,0.0,0.0
21,141,0.0,0.0,0.0
21,142,0.0,0.0,0.0
21,143,0.0,0.0,0.0
21,144,0.0,0.0,0.0
21,145,0.0,0.0,0.0
21,146,0.0,0.0,0.0
21,147,0.0,0.0,0.0
21,148,0.0,0.0,0.0
21,149,0.0,0.0,0.0
21,150,0.0,0.0,0.0
21,151,0.0,0.0,0.0
21,152,0.0,0.0,0.0
21,153,0.0,0.0,0.0
21,154,0.0,0.0,0.0
21,155,0.0,0.0,0.0
21,156,0.0,0.0,0.0
21,157,0.0,0.0,0.0
21,158,0.0,0.0,0.0
21,159,0.0,0.0,0.0
22,0,1625.0,12.814153671264648,241.6529235839844
22,1,5644.0,133.34815979003906,366.01116943359375
22,2,5224.0,44.46879959106445,379.7084655761719
22,3,0.0,0.0,0.0
22,4,3644.0,163.97804260253906,437.88775634765625
22,5,2545.0,120.9206314086914,76.9536361694336
22,6,2295.0,153.60000610351562,191.32940673828125
22,7,4329.0,155.80526733398438,317.6368713378906
22,8,2521.0,224.9325714111328,346.3462829589844
22,9,1337.0,211.54525756835935,381.4622192382813
22,10,4684.0,234.49252319335935,412.01068115234375
22,11,3926.0,112.71752166748048,479.8283386230469
22,12,8060.0,370.2210998535156,68.53076934814453
22,13,3535.0,99.96463775634766,227.12306213378903
22,14,1732.0,198.95553588867188,204.0987243652344
22,15,1143.0,14.618547439575195,297.25634765625
22,16,2123.0,173.49081420898438,35.26472091674805
22,17,4940.0,285.98583984375,52.9378547668457
22,18,1582.0,112.9013900756836,33.971553802490234
22,19,5241.0,189.1104736328125,81.65445709228516
22,20,2500.0,15.449199676513672,122.1852035522461
22,21,5920.0,213.20811462402344,149.44509887695312
22,22,2593.0,277.2325439453125,132.53143310546875
22,23,5462.0,105.99505615234376,155.1733856201172
22,24,3727.0,254.1671600341797,237.0069732666016
22,25,4448.0,296.8354187011719,305.4116516113281
22,26,989.0,11.74216365814209,66.5328598022461
22,27,3300.0,61.0966682434082,67.67969512939453
22,28,4495.0,451.1067810058594,84.75305938720703
22,29,4464.0,54.07415008544922,133.9791717529297
22,30,1599.0,316.2670288085937,111.6691665649414
22,31,2328.0,329.3947448730469,145.6065216064453
22,32,4010.0,274.5423889160156,193.8740692138672
22,33,5767.0,416.6343078613281,137.69619750976562
22,34,1408.0,495.0561218261719,126.8053970336914
22,35,5826.0,341.4268798828125,251.0966339111328
22,36,6192.0,425.8556213378906,314.9954833984375
22,37,3230.0,324.4383850097656,345.8609924316406
22,38,4247.0,439.51800537109375,400.69036865234375
22,39,7079.0,430.5065612792969,465.0375671386719
22,40,4695.0,485.201904296875,380.77252197265625
22,41,4150.0,380.0812072753906,359.42120361328125
22,42,647.0,83.56568908691406,339.44976806640625
22,43,0.0,0.0,0.0
22,44,5242.0,460.108154296875,181.1341094970703
22,45,1594.0,59.09347534179688,197.18695068359372
22,46,2012.0,45.52385711669922,245.5879669189453
22,47,1485.0,16.917171478271484,193.4141387939453
22,48,5462.0,168.64903259277344,255.7207946777344
22,49,4948.0,233.89410400390625,289.54425048828125
22,50,6745.0,71.6183853149414,296.1326904296875
22,51,2132.0,125.90009307861328,407.7537536621094
22,52,0.0,0.0,0.0
22,53,1185.0,12.54261589050293,23.94599151611328
22,54,0.0,0.0,0.0
22,55,6959.0,355.2158508300781,462.6156005859375
22,56,981.0,12.747197151184082,428.2640075683594
22,57,1654.0,204.32708740234372,464.2146301269531
22,58,2139.0,333.4221496582031,14.436652183532717
22,59,785.0,9.422929763793944,487.210205078125
22,60,1937.0,150.7501220703125,128.79556274414062
22,61,4798.0,283.78302001953125,456.579833984375
22,62,0.0,0.0,0.0
22,63,2970.0,233.94915771484372,21.045454025268555
22,64,0.0,0.0,0.0
22,65,0.0,0.0,0.0
22,66,6713.0,58.71800994873047,453.6408386230469
22,67,1821.0,493.6710510253906,308.78692626953125
22,68,4279.0,481.9009094238281,35.31549453735352
22,69,3015.0,59.97379684448242,22.348922729492188
22,70,1787.0,146.4812469482422,12.589255332946776
22,71,4679.0,359.0376281738281,187.89292907714844
22,72,3534.0,332.8463439941406,399.3619079589844
22,73,3003.0,230.5451202392578,492.2950439453125
22,74,2328.0,411.1701049804688,16.778350830078125
22,75,1591.0,163.7115020751953,496.5072326660156
22,76,0.0,0.0,0.0
22,77,0.0,0.0,0.0
22,78,1882.0,245.7385711669922,89.08926391601562
22,79,5200.0,411.7648010253906,246.8421173095703
22,80,1005.0,302.1114501953125,503.0348205566406
22,81,551.0,29.642467498779297,503.4918212890625
22,82,0.0,0.0,0.0
22,83,0.0,0.0,0.0
22,84,0.0,0.0,0.0
22,85,0.0,0.0,0.0
22,86,2698.0,467.23052978515625,254.84988403320312
22,87,2318.0,491.3964538574219,476.7070617675781
22,88,0.0,0.0,0.0
22,89,0.0,0.0,0.0
22,90,0.0,0.0,0.0
22,91,0.0,0.0,0.0
22,92,0.0,0.0,0.0
22,93,979.0,10.191011428833008,343.7589416503906
22,94,0.0,0.0,0.0
22,95,0.0,0.0,0.0
22,96,0.0,0.0,0.0
22,97,0.0,0.0,0.0
22,98,0.0,0.0,0.0
22,99,1887.0,274.18707275390625,366.2109069824219
22,100,0.0,0.0,0.0
22,101,0.0,0.0,0.0
22,102,0.0,0.0,0.0
22,103,0.0,0.0,0.0
22,104,0.0,0.0,0.0
22,105,0.0,0.0,0.0
22,106,0.0,0.0,0.0
22,107,0.0,0.0,0.0
22,108,0.0,0.0,0.0
22,109,0.0,0.0,0.0
22,110,0.0,0.0,0.0
22,111,0.0,0.0,0.0
22,112,0.0,0.0,0.0
22,113,0.0,0.0,0.0
22,114,0.0,0.0,0.0
22,115,0.0,0.0,0.0
22,116,0.0,0.0,0.0
22,117,0.0,0.0,0.0
22,118,0.0,0.0,0.0
22,119,0.0,0.0,0.0
22,120,0.0,0.0,0.0
22,121,0.0,0.0,0.0
22,122,0.0,0.0,0.0
22,123,0.0,0.0,0.0
22,124,0.0,0.0,0.0
22,125,0.0,0.0,0.0
22,126,0.0,0.0,0.0
22,127,0.0,0.0,0.0
22,128,0.0,0.0,0.0
22,129,0.0,0.0,0.0
22,130,0.0,0.0,0.0
22,131,0.0,0.0,0.0
22,132,0.0,0.0,0.0
22,133,0.0,0.0,0.0
22,134,0.0,0.0,0.0
22,135,0.0,0.0,0.0
22,136,0.0,0.0,0.0
22,137,0.0,0.0,0.0
22,138,0.0,0.0,0.0
22,139,0.0,0.0,0.0
22,140,0.0,0.0,0.0
22,141,0.0,0.0,0.0
22,142,0.0,0.0,0.0
22,143,0.0,0.0,0.0
22,144,0.0,0.0,0.0
22,145,0.0,0.0,0.0
22,146,0.0,0.0,0.0
22,147,0.0,0.0,0.0
22,148,0.0,0.0,0.0
22,149,0.0,0.0,0.0
22,150,0.0,0.0,0.0
22,151,0.0,0.0,0.0
22,152,0.0,0.0,0.0
22,153,0.0,0.0,0.0
22,154,0.0,0.0,0.0
22,155,0.0,0.0,0.0
22,156,0.0,0.0,0.0
22,157,0.0,0.0,0.0
22,158,0.0,0.0,0.0
22,159,0.0,0.0,0.0
23,0,1781.0,13.500280380249023,241.48960876464844
23,1,6195.0,130.3242950439453,365.8739318847656
23,2,4758.0,42.07334899902344,380.5941467285156
23,3,0.0,0.0,0.0
23,4,4046.0,163.380615234375,436.6319885253906
23,5,2398.0,120.66638946533205,77.4170150756836
23,6,2425.0,152.76907348632812,190.8618621826172
23,7,4414.0,154.28341674804688,315.5831298828125
23,8,2620.0,222.39503479003903,343.7049560546875
23,9,1319.0,214.0227508544922,379.3851318359375
23,10,4505.0,233.6839141845703,411.4703674316406
23,11,3477.0,109.70836639404295,477.7129821777344
23,12,8197.0,368.3165893554688,69.26924133300781
23,13,3735.0,98.8792495727539,226.7183380126953
23,14,1654.0,198.52902221679688,203.73336791992188
23,15,1238.0,15.2205171585083,300.1599426269531
23,16,2050.0,171.84878540039062,34.52000045776367
23,17,5040.0,284.337890625,51.96131134033203
23,18,1691.0,112.10467529296876,33.65700912475586
23,19,5123.0,186.5526123046875,81.08296203613281
23,20,2482.0,15.061241149902344,121.89122009277344
23,21,5741.0,211.4027099609375,149.29925537109375
23,22,2485.0,276.8881225585937,132.39195251464844
23,23,5387.0,104.72879028320312,154.36978149414062
23,24,3548.0,254.15953063964844,237.9337615966797
23,25,4422.0,294.1130676269531,305.5094909667969
23,26,962.0,11.74220371246338,66.1673583984375
23,27,3321.0,61.778079986572266,68.81632232666016
23,28,4230.0,449.2354736328125,84.46146392822266
23,29,4425.0,53.74666595458984,134.69424438476562
23,30,1509.0,313.9682006835937,112.05500030517578
23,31,2283.0,328.9018859863281,145.3591766357422
23,32,4262.0,271.0072631835937,193.897705078125
23,33,5797.0,415.0819396972656,137.94566345214844
23,34,1699.0,495.5538635253906,125.3855209350586
23,35,5897.0,340.1053161621094,252.28404235839844
23,36,6439.0,427.9127197265625,316.07843017578125
23,37,3311.0,322.2301330566406,345.8230285644531
23,38,4510.0,439.5520935058594,400.0408020019531
23,39,7029.0,430.7749328613281,464.8614196777344
23,40,4405.0,487.6404113769531,382.5906982421875
23,41,4266.0,379.2203369140625,358.8138732910156
23,42,661.0,77.47806549072266,337.6853332519531
23,43,0.0,0.0,0.0
23,44,5655.0,462.8161010742188,181.60671997070312
23,45,1445.0,58.12248992919922,197.03253173828125
23,46,1882.0,45.136024475097656,245.48670959472656
23,47,1393.0,17.051687240600586,192.7760162353516
23,48,5383.0,168.55563354492188,254.86383056640625
23,49,4574.0,233.5341033935547,287.3292541503906
23,50,6438.0,71.41084289550781,295.4128723144531
23,51,1868.0,122.98715209960938,407.5455017089844
23,52,0.0,0.0,0.0
23,53,1054.0,11.059772491455078,24.4914608001709
23,54,0.0,0.0,0.0
23,55,7030.0,355.4120788574219,462.9074096679688
23,56,846.0,11.39479923248291,426.8120422363281
23,57,1688.0,206.91232299804688,463.5888671875
23,58,2067.0,333.3730163574219,14.390420913696287
23,59,578.0,7.62110710144043,483.6383972167969
23,60,1843.0,149.38687133789062,128.94302368164062
23,61,4613.0,283.3375244140625,454.1890258789063
23,62,0.0,0.0,0.0
23,63,2962.0,232.3919677734375,21.370695114135746
23,64,0.0,0.0,0.0
23,65,0.0,0.0,0.0
23,66,6866.0,57.43795394897461,452.8713989257813
23,67,1611.0,493.9093627929688,309.7808837890625
23,68,4455.0,482.417724609375,37.20404052734375
23,69,3134.0,57.205169677734375,23.23388671875
23,70,1690.0,145.8426055908203,12.504141807556152
23,71,4603.0,356.1961669921875,187.4853363037109
23,72,3543.0,330.0914611816406,398.6892395019531
23,73,2872.0,230.80258178710935,491.9913024902344
23,74,2471.0,411.5483703613281,17.059085845947266
23,75,2120.0,158.67877197265625,496.0872497558594
23,76,0.0,0.0,0.0
23,77,0.0,0.0,0.0
23,78,2209.0,243.22589111328125,91.5885009765625
23,79,5422.0,410.9542541503906,245.0066375732422
23,80,1241.0,299.4875183105469,501.5003967285156
23,81,739.0,26.535860061645508,502.4749755859375
23,82,0.0,0.0,0.0
23,83,0.0,0.0,0.0
23,84,0.0,0.0,0.0
23,85,0.0,0.0,0.0
23,86,2970.0,467.8326721191406,254.4461212158203
23,87,2149.0,491.3173522949219,477.143798828125
23,88,0.0,0.0,0.0
23,89,0.0,0.0,0.0
23,90,0.0,0.0,0.0
23,91,0.0,0.0,0.0
23,92,0.0,0.0,0.0
23,93,1000.0,10.31700038909912,344.8930053710937
23,94,0.0,0.0,0.0
23,95,0.0,0.0,0.0
23,96,0.0,0.0,0.0
23,97,0.0,0.0,0.0
23,98,0.0,0.0,0.0
23,99,1858.0,271.5489807128906,365.5064697265625
23,100,0.0,0.0,0.0
23,101,0.0,0.0,0.0
23,102,0.0,0.0,0.0
23,103,0.0,0.0,0.0
23,104,0.0,0.0,0.0
23,105,0.0,0.0,0.0
23,106,0.0,0.0,0.0
23,107,0.0,0.0,0.0
23,108,0.0,0.0,0.0
23,109,0.0,0.0,0.0
23,110,0.0,0.0,0.0
23,111,0.0,0.0,0.0
23,112,0.0,0.0,0.0
23,113,0.0,0.0,0.0
23,114,0.0,0.0,0.0
23,115,0.0,0.0,0.0
23,116,0.0,0.0,0.0
23,117,0.0,0.0,0.0
23,118,0.0,0.0,0.0
23,119,0.0,0.0,0.0
23,120,0.0,0.0,0.0
23,121,0.0,0.0,0.0
23,122,0.0,0.0,0.0
23,123,0.0,0.0,0.0
23,124,0.0,0.0,0.0
23,125,0.0,0.0,0.0
23,126,0.0,0.0,0.0
23,127,0.0,0.0,0.0
23,128,0.0,0.0,0.0
23,129,0.0,0.0,0.0
23,130,0.0,0.0,0.0
23,131,0.0,0.0,0.0
23,132,0.0,0.0,0.0
23,133,0.0,0.0,0.0
23,134,0.0,0.0,0.0
23,135,0.0,0.0,0.0
23,136,0.0,0.0,0.0
23,137,0.0,0.0,0.0
23,138,0.0,0.0,0.0
23,139,0.0,0.0,0.0
23,140,0.0,0.0,0.0
23,141,0.0,0.0,0.0
23,142,0.0,0.0,0.0
23,143,0.0,0.0,0.0
23,144,0.0,0.0,0.0
23,145,0.0,0.0,0.0
23,146,0.0,0.0,0.0
23,147,0.0,0.0,0.0
23,148,0.0,0.0,0.0
23,149,0.0,0.0,0.0
23,150,0.0,0.0,0.0
23,151,0.0,0.0,0.0
23,152,0.0,0.0,0.0
23,153,0.0,0.0,0.0
23,154,0.0,0.0,0.0
23,155,0.0,0.0,0.0
23,156,0.0,0.0,0.0
23,157,0.0,0.0,0.0
23,158,0.0,0.0,0.0
23,159,0.0,0.0,0.0
24,0,1821.0,14.256452560424805,240.3684844970703
24,1,6553.0,127.35052490234376,364.1831359863281
24,2,4484.0,40.8169059753418,380.9221801757813
24,3,0.0,0.0,0.0
24,4,4085.0,163.24945068359375,435.1498107910156
24,5,2283.0,120.91984558105467,77.5137939453125
24,6,2553.0,151.92205810546875,190.13278198242188
24,7,4601.0,151.873291015625,313.0360717773437
24,8,2542.0,220.05860900878903,342.1097412109375
24,9,1164.0,212.65206909179688,376.8273315429688
24,10,4745.0,233.8870391845703,409.34710693359375
24,11,3182.0,108.20993041992188,477.0455627441406
24,12,8264.0,366.8851623535156,69.9975814819336
24,13,3880.0,96.70206451416016,225.9128875732422
24,14,1767.0,199.8206024169922,202.8194732666016
24,15,1714.0,20.65402603149414,294.5641784667969
24,16,2032.0,171.69488525390625,33.6264762878418
24,17,5217.0,283.2742919921875,51.83783721923828
24,18,1670.0,112.14191436767578,33.537723541259766
24,19,4991.0,184.3007354736328,81.16569519042969
24,20,2448.0,15.020424842834473,121.54003143310548
24,21,5318.0,210.9849548339844,149.4228973388672
24,22,2429.0,276.6895751953125,131.8147430419922
24,23,5375.0,103.98418426513672,153.73135375976562
24,24,3380.0,253.1254425048828,239.24142456054688
24,25,4716.0,289.0672302246094,304.6285095214844
24,26,851.0,11.220916748046877,66.70270538330078
24,27,3368.0,63.08432388305664,69.58075714111328
24,28,4024.0,448.8908996582031,83.1791763305664
24,29,4466.0,52.77116012573242,135.77877807617188
24,30,1389.0,312.9013671875,112.94816589355467
24,31,2203.0,327.92510986328125,145.14163208007812
24,32,4388.0,269.5360107421875,193.91705322265625
24,33,5882.0,412.6669616699219,138.37078857421875
24,34,1840.0,490.1043395996094,123.98043823242188
24,35,6002.0,338.77740478515625,251.95985412597656
24,36,6315.0,425.0133056640625,316.2465515136719
24,37,3257.0,318.977294921875,344.9091186523437
24,38,4366.0,437.37310791015625,399.2929382324219
24,39,7221.0,430.7373046875,465.0094299316406
24,40,4496.0,485.9377136230469,384.0447082519531
24,41,4375.0,377.4217224121094,358.75885009765625
24,42,623.0,72.2921371459961,336.4269714355469
24,43,0.0,0.0,0.0
24,44,5390.0,465.2449035644531,181.29981994628903
24,45,1158.0,56.403282165527344,196.38169860839844
24,46,1768.0,45.7313346862793,243.408935546875
24,47,1266.0,17.36492919921875,192.25592041015625
24,48,5344.0,168.82447814941406,253.40663146972656
24,49,3980.0,230.1525115966797,286.7027587890625
24,50,5730.0,71.71273803710938,295.6849975585937
24,51,1831.0,122.0666275024414,405.90277099609375
24,52,0.0,0.0,0.0
24,53,969.0,9.951496124267578,26.33849334716797
24,54,0.0,0.0,0.0
24,55,6692.0,354.9457702636719,463.4786376953125
24,56,578.0,12.707612037658691,419.4775085449219
24,57,1945.0,206.27301025390625,464.1321411132813
24,58,2008.0,334.0353698730469,14.290338516235352
24,59,412.0,7.718446731567383,482.4514465332031
24,60,1873.0,150.23704528808594,129.05178833007812
24,61,4553.0,283.5657958984375,453.2442321777344
24,62,0.0,0.0,0.0
24,63,2949.0,230.77110290527344,21.8212947845459
24,64,0.0,0.0,0.0
24,65,0.0,0.0,0.0
24,66,7122.0,57.158241271972656,452.0432434082031
24,67,1556.0,494.44537353515625,314.9762268066406
24,68,4478.0,481.67327880859375,37.40486907958984
24,69,3337.0,55.49565505981445,23.893617630004883
24,70,1621.0,144.1542205810547,12.897594451904297
24,71,4640.0,354.9752197265625,187.12306213378903
24,72,3660.0,330.10382080078125,398.7153015136719
24,73,2726.0,232.3279571533203,492.4101257324219
24,74,2519.0,410.6705017089844,17.52957534790039
24,75,2411.0,155.9332275390625,495.19244384765625
24,76,0.0,0.0,0.0
24,77,0.0,0.0,0.0
24,78,2454.0,240.48287963867188,92.8626708984375
24,79,5750.0,411.3104248046875,243.58590698242188
24,80,1305.0,298.353271484375,500.8567199707031
24,81,896.0,27.77901840209961,501.98773193359375
24,82,0.0,0.0,0.0
24,83,0.0,0.0,0.0
24,84,0.0,0.0,0.0
24,85,0.0,0.0,0.0
24,86,4398.0,475.2428283691406,254.1637115478516
24,87,2033.0,492.1824951171875,476.3305358886719
24,88,0.0,0.0,0.0
24,89,0.0,0.0,0.0
24,90,0.0,0.0,0.0
24,91,0.0,0.0,0.0
24,92,0.0,0.0,0.0
24,93,942.0,10.828025817871094,343.3662414550781
24,94,0.0,0.0,0.0
24,95,0.0,0.0,0.0
24,96,0.0,0.0,0.0
24,97,0.0,0.0,0.0
24,98,0.0,0.0,0.0
24,99,1765.0,269.78582763671875,365.43060302734375
24,100,0.0,0.0,0.0
24,101,0.0,0.0,0.0
24,102,0.0,0.0,0.0
24,103,0.0,0.0,0.0
24,104,0.0,0.0,0.0
24,105,0.0,0.0,0.0
24,106,0.0,0.0,0.0
24,107,0.0,0.0,0.0
24,108,0.0,0.0,0.0
24,109,0.0,0.0,0.0
24,110,0.0,0.0,0.0
24,111,0.0,0.0,0.0
24,112,0.0,0.0,0.0
24,113,0.0,0.0,0.0
24,114,0.0,0.0,0.0
24,115,0.0,0.0,0.0
24,116,0.0,0.0,0.0
24,117,0.0,0.0,0.0
24,118,0.0,0.0,0.0
24,119,0.0,0.0,0.0
24,120,0.0,0.0,0.0
24,121,0.0,0.0,0.0
24,122,0.0,0.0,0.0
24,123,0.0,0.0,0.0
24,124,0.0,0.0,0.0
24,125,0.0,0.0,0.0
24,126,0.0,0.0,0.0
24,127,0.0,0.0,0.0
24,128,0.0,0.0,0.0
24,129,0.0,0.0,0.0
24,130,0.0,0.0,0.0
24,131,0.0,0.0,0.0
24,132,0.0,0.0,0.0
24,133,0.0,0.0,0.0
24,134,0.0,0.0,0.0
24,135,0.0,0.0,0.0
24,136,0.0,0.0,0.0
24,137,0.0,0.0,0.0
24,138,0.0,0.0,0.0
24,139,0.0,0.0,0.0
24,140,0.0,0.0,0.0
24,141,0.0,0.0,0.0
24,142,0.0,0.0,0.0
24,143,0.0,0.0,0.0
24,144,0.0,0.0,0.0
24,145,0.0,0.0,0.0
24,146,0.0,0.0,0.0
24,147,0.0,0.0,0.0
24,148,0.0,0.0,0.0
24,149,0.0,0.0,0.0
24,150,0.0,0.0,0.0
24,151,0.0,0.0,0.0
24,152,0.0,0.0,0.0
24,153,0.0,0.0,0.0
24,154,0.0,0.0,0.0
24,155,0.0,0.0,0.0
24,156,0.0,0.0,0.0
24,157,0.0,0.0,0.0
24,158,0.0,0.0,0.0
24,159,0.0,0.0,0.0
25,0,1986.0,14.316717147827148,239.3282928466797
25,1,6720.0,125.46875,364.1544494628906
25,2,3708.0,41.68122863769531,378.1995544433594
25,3,0.0,0.0,0.0
25,4,4109.0,161.0905303955078,433.9352722167969
25,5,2276.0,119.7359390258789,78.65202331542969
25,6,2505.0,151.44232177734375,190.46188354492188
25,7,4706.0,150.108154296875,311.0788269042969
25,8,2564.0,219.0635681152344,341.5015563964844
25,9,1057.0,210.36802673339844,374.765380859375
25,10,4976.0,232.423828125,408.6830749511719
25,11,3012.0,107.28286743164062,477.3084411621094
25,12,8225.0,364.7717895507813,70.75076293945312
25,13,4120.0,96.11528778076172,225.95849609375
25,14,1740.0,198.55401611328125,202.6965484619141
25,15,1756.0,21.705581665039062,294.9270935058594
25,16,1997.0,170.66600036621094,34.28242492675781
25,17,5034.0,283.1658630371094,52.53019332885742
25,18,1751.0,111.934326171875,33.82124328613281
25,19,4953.0,182.25559997558597,82.38300323486328
25,20,2288.0,14.343968391418455,120.34221649169922
25,21,5147.0,211.2997894287109,149.95045471191406
25,22,2317.0,276.15753173828125,131.1260223388672
25,23,5208.0,104.1574478149414,153.9214630126953
25,24,2985.0,247.8492431640625,239.3061981201172
25,25,5044.0,284.6809997558594,303.7585144042969
25,26,765.0,10.248366355895996,66.94379425048828
25,27,3493.0,62.4048080444336,71.75493621826172
25,28,3950.0,448.5924072265625,82.8253173828125
25,29,4547.0,51.03255081176758,138.96217346191406
25,30,1422.0,313.9374084472656,115.0506362915039
25,31,2081.0,325.95916748046875,146.03604125976562
25,32,4520.0,268.0309753417969,194.2586212158203
25,33,7337.0,423.2972717285156,136.25473022460938
25,34,0.0,0.0,0.0
25,35,6248.0,335.1515808105469,251.5121612548828
25,36,5987.0,422.5782470703125,315.5672302246094
25,37,3276.0,317.1034851074219,345.01739501953125
25,38,3955.0,433.9160461425781,398.4356384277344
25,39,7343.0,430.3986206054688,464.6999816894531
25,40,5079.0,482.3423767089844,383.8948669433594
25,41,4506.0,375.3082580566406,357.7434387207031
25,42,593.0,70.65092468261719,337.86004638671875
25,43,0.0,0.0,0.0
25,44,5415.0,467.3002624511719,180.87738037109372
25,45,898.0,57.01113510131836,196.3195953369141
25,46,1645.0,45.79878234863281,242.66261291503903
25,47,1234.0,19.021879196166992,192.00729370117188
25,48,5103.0,168.97608947753906,252.75328063964844
25,49,3542.0,226.6490631103516,285.6126403808594
25,50,5641.0,70.76954650878906,296.57861328125
25,51,1741.0,121.14876556396484,406.1803588867188
25,52,0.0,0.0,0.0
25,53,853.0,9.003517150878906,26.722156524658203
25,54,0.0,0.0,0.0
25,55,6506.0,354.76544189453125,463.9037780761719
25,56,1024.0,16.185546875,411.65625
25,57,1913.0,205.48248291015625,462.8928527832031
25,58,1980.0,334.6454467773437,14.262121200561523
25,59,391.0,8.171355247497559,484.1841430664063
25,60,1942.0,150.83522033691406,131.01235961914062
25,61,4428.0,283.4342956542969,451.80511474609375
25,62,0.0,0.0,0.0
25,63,2955.0,227.72555541992188,22.978679656982425
25,64,0.0,0.0,0.0
25,65,0.0,0.0,0.0
25,66,7202.0,56.11149597167969,451.48931884765625
25,67,0.0,0.0,0.0
25,68,4659.0,481.1214904785156,37.72569274902344
25,69,3587.0,53.93365097045898,24.393644332885746
25,70,1568.0,144.636474609375,13.043367385864258
25,71,4609.0,353.4460754394531,186.9403381347656
25,72,3708.0,329.4873352050781,399.2057800292969
25,73,2630.0,232.42282104492188,491.1992492675781
25,74,2540.0,409.9952697753906,18.193307876586918
25,75,2746.0,157.14239501953125,494.87109375
25,76,0.0,0.0,0.0
25,77,0.0,0.0,0.0
25,78,2644.0,239.51626586914065,92.12670135498048
25,79,6018.0,410.6683349609375,243.6237945556641
25,80,1563.0,296.6807556152344,499.6724243164063
25,81,889.0,27.6546688079834,501.7243957519531
25,82,0.0,0.0,0.0
25,83,0.0,0.0,0.0
25,84,0.0,0.0,0.0
25,85,0.0,0.0,0.0
25,86,5911.0,479.5929565429688,268.1708679199219
25,87,2230.0,492.4538269042969,478.0228576660156
25,88,0.0,0.0,0.0
25,89,0.0,0.0,0.0
25,90,0.0,0.0,0.0
25,91,0.0,0.0,0.0
25,92,0.0,0.0,0.0
25,93,840.0,11.08571434020996,343.8595275878906
25,94,0.0,0.0,0.0
25,95,299.0,276.4347839355469,4.678929805755615
25,96,0.0,0.0,0.0
25,97,0.0,0.0,0.0
25,98,0.0,0.0,0.0
25,99,1660.0,268.416259765625,365.462646484375
25,100,0.0,0.0,0.0
25,101,0.0,0.0,0.0
25,102,0.0,0.0,0.0
25,103,0.0,0.0,0.0
25,104,0.0,0.0,0.0
25,105,0.0,0.0,0.0
25,106,0.0,0.0,0.0
25,107,0.0,0.0,0.0
25,108,0.0,0.0,0.0
25,109,0.0,0.0,0.0
25,110,0.0,0.0,0.0
25,111,0.0,0.0,0.0
25,112,0.0,0.0,0.0
25,113,0.0,0.0,0.0
25,114,0.0,0.0,0.0
25,115,0.0,0.0,0.0
25,116,0.0,0.0,0.0
25,117,0.0,0.0,0.0
25,118,0.0,0.0,0.0
25,119,0.0,0.0,0.0
25,120,0.0,0.0,0.0
25,121,0.0,0.0,0.0
25,122,0.0,0.0,0.0
25,123,0.0,0.0,0.0
25,124,0.0,0.0,0.0
25,125,0.0,0.0,0.0
25,126,0.0,0.0,0.0
25,127,0.0,0.0,0.0
25,128,0.0,0.0,0.0
25,129,0.0,0.0,0.0
25,130,0.0,0.0,0.0
25,131,0.0,0.0,0.0
25,132,0.0,0.0,0.0
25,133,0.0,0.0,0.0
25,134,0.0,0.0,0.0
25,135,0.0,0.0,0.0
25,136,0.0,0.0,0.0
25,137,0.0,0.0,0.0
25,138,0.0,0.0,0.0
25,139,0.0,0.0,0.0
25,140,0.0,0.0,0.0
25,141,0.0,0.0,0.0
25,142,0.0,0.0,0.0
25,143,0.0,0.0,0.0
25,144,0.0,0.0,0.0
25,145,0.0,0.0,0.0
25,146,0.0,0.0,0.0
25,147,0.0,0.0,0.0
25,148,0.0,0.0,0.0
25,149,0.0,0.0,0.0
25,150,0.0,0.0,0.0
25,151,0.0,0.0,0.0
25,152,0.0,0.0,0.0
25,153,0.0,0.0,0.0
25,154,0.0,0.0,0.0
25,155,0.0,0.0,0.0
25,156,0.0,0.0,0.0
25,157,0.0,0.0,0.0
25,158,0.0,0.0,0.0
25,159,0.0,0.0,0.0
26,0,2116.0,14.613421440124512,239.757568359375
26,1,6769.0,123.31555938720705,362.6268310546875
26,2,2360.0,40.06440734863281,368.6072082519531
26,3,0.0,0.0,0.0
26,4,4056.0,159.35206604003906,433.4196166992188
26,5,2275.0,118.96659088134766,78.46373748779297
26,6,2564.0,150.29173278808594,191.30577087402344
26,7,4871.0,148.88133239746094,309.7737731933594
26,8,2442.0,217.9156494140625,340.6486511230469
26,9,1095.0,207.03561401367188,374.2694091796875
26,10,5003.0,232.2626495361328,408.4735107421875
26,11,2786.0,106.52368927001952,477.0707092285156
26,12,8242.0,364.36859130859375,70.60834503173828
26,13,4219.0,95.34463500976562,225.7008819580078
26,14,1784.0,198.06838989257807,202.0891265869141
26,15,1560.0,17.625640869140625,299.0243530273437
26,16,1871.0,169.6916046142578,34.826297760009766
26,17,5169.0,283.2313842773437,52.08144760131836
26,18,1835.0,111.3711166381836,33.04741287231445
26,19,4995.0,179.57838439941406,83.62522888183594
26,20,2242.0,14.11240005493164,119.89652252197266
26,21,4930.0,209.5941162109375,149.69046020507812
26,22,2194.0,275.37420654296875,130.29443359375
26,23,5137.0,103.9491958618164,152.4913330078125
26,24,2683.0,242.85873413085935,239.77114868164065
26,25,5320.0,280.9182434082031,302.5911560058594
26,26,541.0,9.530499458312988,68.5582275390625
26,27,3566.0,60.72041320800781,71.4520492553711
26,28,3685.0,444.8043518066406,82.10041046142578
26,29,4628.0,50.24459838867188,140.242431640625
26,30,1340.0,313.0059814453125,115.88880920410156
26,31,1968.0,324.18902587890625,145.26524353027344
26,32,4792.0,266.5509033203125,193.9317626953125
26,33,8059.0,429.5418701171875,134.2227325439453
26,34,0.0,0.0,0.0
26,35,6321.0,331.2774963378906,250.8085784912109
26,36,5377.0,419.8521423339844,314.07830810546875
26,37,3223.0,315.4812316894531,343.71734619140625
26,38,3663.0,432.3368835449219,399.7179870605469
26,39,7571.0,429.2380065917969,463.9953918457031
26,40,3930.0,483.56488037109375,392.9190979003906
26,41,4691.0,374.5380554199219,357.20166015625
26,42,448.0,68.921875,336.90625
26,43,0.0,0.0,0.0
26,44,4867.0,465.1259460449219,178.82740783691406
26,45,830.0,55.22168731689453,196.5891571044922
26,46,1664.0,45.43930435180664,243.79266357421875
26,47,1167.0,17.796058654785156,191.79605102539065
26,48,4959.0,168.93667602539062,252.76971435546875
26,49,3042.0,223.57659912109372,284.9608764648437
26,50,5714.0,68.22331237792969,296.7628479003906
26,51,1979.0,121.97675323486328,404.724609375
26,52,0.0,0.0,0.0
26,53,0.0,0.0,0.0
26,54,0.0,0.0,0.0
26,55,6043.0,354.1361999511719,463.7390441894531
26,56,2419.0,32.45431900024414,403.75732421875
26,57,2045.0,204.65084838867188,462.832275390625
26,58,1968.0,334.5787658691406,13.919715881347656
26,59,395.0,8.273417472839355,482.2379760742188
26,60,1776.0,150.40089416503906,133.20101928710938
26,61,4419.0,284.18035888671875,451.1258239746094
26,62,0.0,0.0,0.0
26,63,3052.0,226.58355712890625,23.394166946411133
26,64,0.0,0.0,0.0
26,65,0.0,0.0,0.0
26,66,6893.0,56.02886962890625,452.2440185546875
26,67,0.0,0.0,0.0
26,68,4835.0,480.6446838378906,38.9925537109375
26,69,4178.0,46.2809944152832,25.57754898071289
26,70,1537.0,146.42745971679688,13.153546333312988
26,71,4839.0,352.7489013671875,185.59495544433597
26,72,3823.0,328.1093444824219,399.2597351074219
26,73,2553.0,231.89463806152344,490.6760559082031
26,74,2463.0,408.39544677734375,17.553796768188477
26,75,2883.0,155.6791534423828,493.9160461425781
26,76,0.0,0.0,0.0
26,77,0.0,0.0,0.0
26,78,2873.0,238.37417602539065,92.3118667602539
26,79,6473.0,409.4461669921875,244.60836791992188
26,80,1715.0,294.40582275390625,499.2752075195313
26,81,970.0,28.019588470458984,501.4288635253906
26,82,0.0,0.0,0.0
26,83,0.0,0.0,0.0
26,84,0.0,0.0,0.0
26,85,0.0,0.0,0.0
26,86,6972.0,482.94964599609375,267.2924499511719
26,87,2306.0,492.0958251953125,480.0902099609375
26,88,0.0,0.0,0.0
26,89,0.0,0.0,0.0
26,90,0.0,0.0,0.0
26,91,0.0,0.0,0.0
26,92,0.0,0.0,0.0
26,93,757.0,9.796565055847168,346.78466796875
26,94,0.0,0.0,0.0
26,95,202.0,275.0594177246094,4.133663177490234
26,96,0.0,0.0,0.0
26,97,0.0,0.0,0.0
26,98,0.0,0.0,0.0
26,99,1710.0,267.5438537597656,364.3157958984375
26,100,0.0,0.0,0.0
26,101,0.0,0.0,0.0
26,102,0.0,0.0,0.0
26,103,0.0,0.0,0.0
26,104,0.0,0.0,0.0
26,105,0.0,0.0,0.0
26,106,0.0,0.0,0.0
26,107,0.0,0.0,0.0
26,108,0.0,0.0,0.0
26,109,0.0,0.0,0.0
26,110,0.0,0.0,0.0
26,111,0.0,0.0,0.0
26,112,0.0,0.0,0.0
26,113,0.0,0.0,0.0
26,114,0.0,0.0,0.0
26,115,0.0,0.0,0.0
26,116,0.0,0.0,0.0
26,117,0.0,0.0,0.0
26,118,0.0,0.0,0.0
26,119,0.0,0.0,0.0
26,120,0.0,0.0,0.0
26,121,0.0,0.0,0.0
26,122,0.0,0.0,0.0
26,123,0.0,0.0,0.0
26,124,0.0,0.0,0.0
26,125,0.0,0.0,0.0
26,126,0.0,0.0,0.0
26,127,0.0,0.0,0.0
26,128,0.0,0.0,0.0
26,129,0.0,0.0,0.0
26,130,0.0,0.0,0.0
26,131,0.0,0.0,0.0
26,132,0.0,0.0,0.0
26,133,0.0,0.0,0.0
26,134,0.0,0.0,0.0
26,135,0.0,0.0,0.0
26,136,0.0,0.0,0.0
26,137,0.0,0.0,0.0
26,138,0.0,0.0,0.0
26,139,0.0,0.0,0.0
26,140,0.0,0.0,0.0
26,141,0.0,0.0,0.0
26,142,0.0,0.0,0.0
26,143,0.0,0.0,0.0
26,144,0.0,0.0,0.0
26,145,0.0,0.0,0.0
26,146,0.0,0.0,0.0
26,147,0.0,0.0,0.0
26,148,0.0,0.0,0.0
26,149,0.0,0.0,0.0
26,150,0.0,0.0,0.0
26,151,0.0,0.0,0.0
26,152,0.0,0.0,0.0
26,153,0.0,0.0,0.0
26,154,0.0,0.0,0.0
26,155,0.0,0.0,0.0
26,156,0.0,0.0,0.0
26,157,0.0,0.0,0.0
26,158,0.0,0.0,0.0
26,159,0.0,0.0,0.0
27,0,2150.0,14.863720893859863,239.97674560546875
27,1,6853.0,119.47161865234376,361.9867248535156
27,2,1863.0,40.81964492797852,366.2286682128906
27,3,0.0,0.0,0.0
27,4,4259.0,158.64991760253906,432.51654052734375
27,5,2373.0,115.841552734375,81.38053131103516
27,6,2563.0,149.8938751220703,190.66835021972656
27,7,5099.0,148.5136260986328,309.2545471191406
27,8,2336.0,216.28082275390625,339.0492248535156
27,9,1051.0,210.5556640625,369.78021240234375
27,10,5276.0,230.89537048339844,406.7373046875
27,11,2611.0,105.7426300048828,477.2052917480469
27,12,8303.0,363.1103210449219,70.15115356445312
27,13,4404.0,94.36353302001952,225.8685302734375
27,14,1817.0,197.96202087402344,201.10731506347656
27,15,1496.0,17.2627010345459,298.9826354980469
27,16,1837.0,168.11105346679688,34.61349868774414
27,17,5085.0,282.58172607421875,51.88082504272461
27,18,1909.0,110.31534576416016,32.66265106201172
27,19,5015.0,177.11366271972656,83.9248275756836
27,20,2199.0,13.340154647827148,119.2983169555664
27,21,4641.0,209.14781188964844,149.6724853515625
27,22,2103.0,274.2643737792969,129.9163055419922
27,23,4990.0,103.63587188720705,154.10922241210938
27,24,2561.0,240.94259643554688,238.70167541503903
27,25,5530.0,278.2895202636719,301.8750305175781
27,26,458.0,8.312227249145508,65.22925567626953
27,27,3568.0,59.37696075439453,71.16984558105469
27,28,3366.0,442.354736328125,81.54545593261719
27,29,4818.0,50.10045623779297,141.14486694335938
27,30,1545.0,315.2297668457031,117.10873413085938
27,31,1693.0,319.443603515625,146.897216796875
27,32,4743.0,265.6025695800781,192.9135589599609
27,33,8179.0,427.7745361328125,133.85108947753906
27,34,0.0,0.0,0.0
27,35,6289.0,329.0914306640625,250.62298583984372
27,36,5226.0,418.3677673339844,315.1239929199219
27,37,2989.0,314.9481506347656,342.53729248046875
27,38,4013.0,430.8422546386719,395.8604431152344
27,39,7649.0,428.9873046875,464.22369384765625
27,40,4221.0,483.6640625,393.7896118164063
27,41,4741.0,372.1369018554688,356.2279968261719
27,42,375.0,66.78133392333984,336.7439880371094
27,43,0.0,0.0,0.0
27,44,4893.0,464.6488952636719,180.8221893310547
27,45,580.0,51.99827575683594,199.12242126464844
27,46,1602.0,45.36391830444336,244.12109375
27,47,1162.0,17.476764678955078,190.7831268310547
27,48,4994.0,170.08790588378906,252.00421142578125
27,49,2683.0,222.7987365722656,283.9944152832031
27,50,5617.0,66.70037078857422,297.51788330078125
27,51,1897.0,119.84818267822266,403.9552001953125
27,52,0.0,0.0,0.0
27,53,0.0,0.0,0.0
27,54,0.0,0.0,0.0
27,55,5969.0,353.81622314453125,464.5518493652344
27,56,2758.0,28.693256378173828,401.1348876953125
27,57,2090.0,203.5990447998047,462.69329833984375
27,58,1947.0,333.2963562011719,13.360040664672852
27,59,0.0,0.0,0.0
27,60,1752.0,150.72659301757812,134.11814880371094
27,61,4353.0,284.385009765625,450.9940185546875
27,62,0.0,0.0,0.0
27,63,3073.0,224.6358642578125,23.318256378173828
27,64,0.0,0.0,0.0
27,65,0.0,0.0,0.0
27,66,6933.0,55.05755233764648,450.8199768066406
27,67,0.0,0.0,0.0
27,68,5166.0,479.6686096191406,39.82326889038086
27,69,4009.0,46.7867317199707,25.467947006225582
27,70,1503.0,145.15701293945312,13.013306617736816
27,71,4926.0,350.8130187988281,184.980712890625
27,72,3952.0,326.9633178710937,398.9762268066406
27,73,2531.0,230.77084350585935,489.9837951660156
27,74,2407.0,408.2879028320313,17.58205223083496
27,75,2923.0,154.3992462158203,493.53814697265625
27,76,0.0,0.0,0.0
27,77,0.0,0.0,0.0
27,78,3163.0,236.89093017578125,91.8558349609375
27,79,6734.0,408.1749267578125,244.9272308349609
27,80,1821.0,291.9923095703125,498.8374633789063
27,81,1155.0,34.20692825317383,501.4138488769531
27,82,277.0,501.5631713867188,139.5559539794922
27,83,130.0,10.838461875915527,484.4769287109375
27,84,0.0,0.0,0.0
27,85,0.0,0.0,0.0
27,86,6824.0,481.9660034179688,267.7674255371094
27,87,2374.0,492.22705078125,480.3534240722656
27,88,0.0,0.0,0.0
27,89,0.0,0.0,0.0
27,90,0.0,0.0,0.0
27,91,0.0,0.0,0.0
27,92,0.0,0.0,0.0
27,93,628.0,9.210190773010254,346.1496887207031
27,94,0.0,0.0,0.0
27,95,263.0,275.1635131835937,4.133080005645752
27,96,0.0,0.0,0.0
27,97,0.0,0.0,0.0
27,98,0.0,0.0,0.0
27,99,1710.0,268.0789489746094,362.3380126953125
27,100,0.0,0.0,0.0
27,101,0.0,0.0,0.0
27,102,0.0,0.0,0.0
27,103,0.0,0.0,0.0
27,104,0.0,0.0,0.0
27,105,0.0,0.0,0.0
27,106,0.0,0.0,0.0
27,107,0.0,0.0,0.0
27,108,0.0,0.0,0.0
27,109,0.0,0.0,0.0
27,110,0.0,0.0,0.0
27,111,0.0,0.0,0.0
27,112,0.0,0.0,0.0
27,113,0.0,0.0,0.0
27,114,0.0,0.0,0.0
27,115,0.0,0.0,0.0
27,116,0.0,0.0,0.0
27,117,0.0,0.0,0.0
27,118,0.0,0.0,0.0
27,119,0.0,0.0,0.0
27,120,0.0,0.0,0.0
27,121,0.0,0.0,0.0
27,122,0.0,0.0,0.0
27,123,0.0,0.0,0.0
27,124,0.0,0.0,0.0
27,125,0.0,0.0,0.0
27,126,0.0,0.0,0.0
27,127,0.0,0.0,0.0
27,128,0.0,0.0,0.0
27,129,0.0,0.0,0.0
27,130,0.0,0.0,0.0
27,131,0.0,0.0,0.0
27,132,0.0,0.0,0.0
27,133,0.0,0.0,0.0
27,134,0.0,0.0,0.0
27,135,0.0,0.0,0.0
27,136,0.0,0.0,0.0
27,137,0.0,0.0,0.0
27,138,0.0,0.0,0.0
27,139,0.0,0.0,0.0
27,140,0.0,0.0,0.0
27,141,0.0,0.0,0.0
27,142,0.0,0.0,0.0
27,143,0.0,0.0,0.0
27,144,0.0,0.0,0.0
27,145,0.0,0.0,0.0
27,146,0.0,0.0,0.0
27,147,0.0,0.0,0.0
27,148,0.0,0.0,0.0
27,149,0.0,0.0,0.0
27,150,0.0,0.0,0.0
27,151,0.0,0.0,0.0
27,152,0.0,0.0,0.0
27,153,0.0,0.0,0.0
27,154,0.0,0.0,0.0
27,155,0.0,0.0,0.0
27,156,0.0,0.0,0.0
27,157,0.0,0.0,0.0
27,158,0.0,0.0,0.0
27,159,0.0,0.0,0.0
28,0,2210.0,15.332579612731934,239.06561279296875
28,1,6847.0,118.08718872070312,360.9228820800781
28,2,1887.0,39.5108642578125,366.1716918945313
28,3,0.0,0.0,0.0
28,4,4564.0,156.21144104003906,431.2832946777344
28,5,2153.0,118.3186264038086,78.53227996826172
28,6,2652.0,148.7145538330078,189.99246215820312
28,7,5192.0,146.53138732910156,307.6589050292969
28,8,2635.0,214.46337890625,337.954833984375
28,9,913.0,209.1445770263672,369.2300109863281
28,10,5499.0,230.8965301513672,405.213134765625
28,11,2352.0,104.51020050048828,478.1955871582031
28,12,8072.0,361.6827392578125,69.56379699707031
28,13,4592.0,92.42530822753906,224.85430908203125
28,14,1886.0,197.0996856689453,200.56362915039065
28,15,1751.0,18.523700714111328,296.3563537597656
28,16,1741.0,168.0109100341797,33.74382400512695
28,17,5113.0,281.6937255859375,51.38333511352539
28,18,1946.0,112.13514709472656,33.69938278198242
28,19,4921.0,174.59397888183594,84.65149688720703
28,20,2155.0,13.44686794281006,118.0696029663086
28,21,4405.0,208.36595153808597,149.10328674316406
28,22,1972.0,273.8909606933594,127.85598754882812
28,23,4875.0,102.90727996826172,153.08267211914062
28,24,2546.0,240.30714416503903,238.88766479492188
28,25,5559.0,276.6285400390625,301.3856811523437
28,26,402.0,7.087064743041992,65.95771026611328
28,27,3649.0,58.123321533203125,71.74650573730469
28,28,3276.0,441.4871826171875,80.27594757080078
28,29,4888.0,51.018821716308594,139.63624572753906
28,30,1582.0,315.7079772949219,117.39949798583984
28,31,1652.0,316.6731262207031,146.56234741210938
28,32,4940.0,264.2779235839844,192.17428588867188
28,33,8515.0,427.8816223144531,133.00950622558594
28,34,0.0,0.0,0.0
28,35,6037.0,327.2666931152344,249.6350860595703
28,36,5551.0,419.9699096679688,315.0538635253906
28,37,2933.0,313.523681640625,342.0555725097656
28,38,3865.0,429.082275390625,396.6915893554688
28,39,7815.0,428.3833618164063,464.0478515625
28,40,4409.0,482.14788818359375,393.6783752441406
28,41,4991.0,371.2406311035156,356.5928649902344
28,42,309.0,58.867313385009766,339.1488647460937
28,43,0.0,0.0,0.0
28,44,4336.0,463.5712585449219,179.81088256835938
28,45,514.0,52.95136260986328,195.3424072265625
28,46,1389.0,45.82073593139648,243.24549865722656
28,47,1096.0,18.588502883911133,191.1377716064453
28,48,4947.0,170.0238494873047,251.90985107421875
28,49,2395.0,222.6935272216797,282.2025146484375
28,50,5376.0,65.99962615966797,297.7144775390625
28,51,1853.0,114.30113220214844,403.0620727539063
28,52,0.0,0.0,0.0
28,53,0.0,0.0,0.0
28,54,0.0,0.0,0.0
28,55,5845.0,352.7947082519531,464.2663879394531
28,56,2725.0,28.332843780517575,402.0517578125
28,57,2190.0,202.33470153808597,462.32464599609375
28,58,1872.0,332.894775390625,13.230769157409668
28,59,0.0,0.0,0.0
28,60,1661.0,150.5400390625,135.3311309814453
28,61,4295.0,284.33526611328125,450.9841613769531
28,62,0.0,0.0,0.0
28,63,3078.0,223.2664031982422,23.46588706970215
28,64,0.0,0.0,0.0
28,65,0.0,0.0,0.0
28,66,6768.0,54.83318710327149,450.9017333984375
28,67,0.0,0.0,0.0
28,68,5207.0,480.1378784179688,40.40983200073242
28,69,4168.0,46.80278396606445,25.71017265319824
28,70,1327.0,144.61944580078125,12.574980735778809
28,71,5145.0,350.449951171875,184.04373168945312
28,72,3916.0,323.08758544921875,398.355224609375
28,73,2497.0,230.75531005859372,489.6896362304688
28,74,2536.0,407.4341430664063,18.156150817871094
28,75,2995.0,153.82504272460938,493.2400817871094
28,76,0.0,0.0,0.0
28,77,0.0,0.0,0.0
28,78,3412.0,234.7831115722656,91.96922302246094
28,79,6924.0,406.2124633789063,245.82986450195312
28,80,1828.0,289.3763732910156,498.0278930664063
28,81,1074.0,26.33612632751465,500.0437622070313
28,82,256.0,501.80859375,137.68359375
28,83,152.0,9.197368621826172,482.5789489746094
28,84,253.0,68.39130401611328,503.0751037597656
28,85,0.0,0.0,0.0
28,86,6988.0,481.5645446777344,264.9948425292969
28,87,2405.0,492.5837707519531,479.984619140625
28,88,0.0,0.0,0.0
28,89,0.0,0.0,0.0
28,90,0.0,0.0,0.0
28,91,0.0,0.0,0.0
28,92,0.0,0.0,0.0
28,93,585.0,9.21709442138672,347.4683837890625
28,94,0.0,0.0,0.0
28,95,273.0,275.8864440917969,4.05494499206543
28,96,0.0,0.0,0.0
28,97,0.0,0.0,0.0
28,98,0.0,0.0,0.0
28,99,1466.0,267.6459655761719,360.0709533691406
28,100,0.0,0.0,0.0
28,101,0.0,0.0,0.0
28,102,0.0,0.0,0.0
28,103,0.0,0.0,0.0
28,104,0.0,0.0,0.0
28,105,0.0,0.0,0.0
28,106,0.0,0.0,0.0
28,107,0.0,0.0,0.0
28,108,0.0,0.0,0.0
28,109,0.0,0.0,0.0
28,110,0.0,0.0,0.0
28,111,0.0,0.0,0.0
28,112,0.0,0.0,0.0
28,113,0.0,0.0,0.0
28,114,0.0,0.0,0.0
28,115,0.0,0.0,0.0
28,116,0.0,0.0,0.0
28,117,0.0,0.0,0.0
28,118,0.0,0.0,0.0
28,119,0.0,0.0,0.0
28,120,0.0,0.0,0.0
28,121,0.0,0.0,0.0
28,122,0.0,0.0,0.0
28,123,0.0,0.0,0.0
28,124,0.0,0.0,0.0
28,125,0.0,0.0,0.0
28,126,0.0,0.0,0.0
28,127,0.0,0.0,0.0
28,128,0.0,0.0,0.0
28,129,0.0,0.0,0.0
28,130,0.0,0.0,0.0
28,131,0.0,0.0,0.0
28,132,0.0,0.0,0.0
28,133,0.0,0.0,0.0
28,134,0.0,0.0,0.0
28,135,0.0,0.0,0.0
28,136,0.0,0.0,0.0
28,137,0.0,0.0,0.0
28,138,0.0,0.0,0.0
28,139,0.0,0.0,0.0
28,140,0.0,0.0,0.0
28,141,0.0,0.0,0.0
28,142,0.0,0.0,0.0
28,143,0.0,0.0,0.0
28,144,0.0,0.0,0.0
28,145,0.0,0.0,0.0
28,146,0.0,0.0,0.0
28,147,0.0,0.0,0.0
28,148,0.0,0.0,0.0
28,149,0.0,0.0,0.0
28,150,0.0,0.0,0.0
28,151,0.0,0.0,0.0
28,152,0.0,0.0,0.0
28,153,0.0,0.0,0.0
28,154,0.0,0.0,0.0
28,155,0.0,0.0,0.0
28,156,0.0,0.0,0.0
28,157,0.0,0.0,0.0
28,158,0.0,0.0,0.0
28,159,0.0,0.0,0.0
29,0,2318.0,16.120363235473633,239.59231567382807
29,1,6753.0,116.30386352539062,359.8674621582031
29,2,1901.0,36.92530059814453,365.89111328125
29,3,0.0,0.0,0.0
29,4,4835.0,154.4684600830078,431.57373046875
29,5,2082.0,117.74015045166016,78.92555236816406
29,6,2735.0,147.80291748046875,189.8497314453125
29,7,5362.0,144.44964599609375,305.9432983398437
29,8,2692.0,212.792724609375,336.0148620605469
29,9,1088.0,204.20404052734372,370.56341552734375
29,10,5404.0,231.34585571289065,405.08642578125
29,11,2039.0,103.29132080078124,478.9019165039063
29,12,7802.0,360.8137512207031,69.86798095703125
29,13,4516.0,93.32152557373048,226.0155029296875
29,14,1894.0,196.2201690673828,200.53167724609372
29,15,1895.0,18.324539184570312,300.6670227050781
29,16,1651.0,168.01332092285156,35.034523010253906
29,17,5164.0,280.9343566894531,51.7358627319336
29,18,1913.0,112.34187316894533,33.820701599121094
29,19,4907.0,172.35174560546875,85.61320495605469
29,20,2077.0,13.279730796813965,116.77948760986328
29,21,3652.0,208.927978515625,152.38609313964844
29,22,1887.0,272.70269775390625,127.06253051757812
29,23,4900.0,103.13449096679688,151.7993927001953
29,24,2455.0,238.27291870117188,239.1458282470703
29,25,5534.0,275.6729431152344,300.5628967285156
29,26,451.0,7.181818008422852,64.8270492553711
29,27,3584.0,58.80413055419922,72.80301666259766
29,28,3239.0,441.2445068359375,79.15653228759766
29,29,5015.0,49.83828353881836,141.49212646484375
29,30,1590.0,314.5050354003906,116.87987518310548
29,31,1688.0,316.2897033691406,145.3370819091797
29,32,5115.0,262.9986267089844,191.86334228515625
29,33,8648.0,428.9817199707031,132.00543212890625
29,34,0.0,0.0,0.0
29,35,6004.0,325.6257629394531,250.18453979492188
29,36,4905.0,420.9832763671875,315.9771728515625
29,37,3024.0,309.9282531738281,342.0922546386719
29,38,3662.0,427.6204223632813,397.1488342285156
29,39,8085.0,428.44970703125,464.2750854492188
29,40,4711.0,480.7127990722656,392.1933898925781
29,41,5434.0,369.9313659667969,356.1672668457031
29,42,325.0,54.2984619140625,339.3323059082031
29,43,0.0,0.0,0.0
29,44,4107.0,460.3413696289063,181.60189819335935
29,45,518.0,55.395751953125,196.1293487548828
29,46,1356.0,47.607669830322266,243.5899658203125
29,47,1042.0,20.00767707824707,192.59788513183597
29,48,4834.0,170.0074462890625,251.9017333984375
29,49,2210.0,221.83529663085935,281.466064453125
29,50,4838.0,65.21269226074219,297.5498046875
29,51,1848.0,114.14935302734376,402.1428527832031
29,52,0.0,0.0,0.0
29,53,0.0,0.0,0.0
29,54,0.0,0.0,0.0
29,55,5629.0,352.09307861328125,463.1732177734375
29,56,2966.0,30.309844970703125,402.6716003417969
29,57,2137.0,201.7145538330078,462.0004577636719
29,58,1984.0,332.93902587890625,13.683971405029297
29,59,0.0,0.0,0.0
29,60,1865.0,160.17425537109375,136.10133361816406
29,61,4195.0,283.0400390625,451.6073913574219
29,62,0.0,0.0,0.0
29,63,3133.0,222.5678253173828,23.612192153930664
29,64,0.0,0.0,0.0
29,65,0.0,0.0,0.0
29,66,6521.0,55.05137252807617,451.69146728515625
29,67,0.0,0.0,0.0
29,68,5124.0,480.0355224609375,40.46721267700195
29,69,4320.0,47.03449249267578,26.25462913513184
29,70,1523.0,146.92054748535156,12.737360000610352
29,71,5427.0,350.1905212402344,183.6288909912109
29,72,3902.0,321.190673828125,399.1386413574219
29,73,2399.0,229.21258544921875,488.9987487792969
29,74,2661.0,408.0045166015625,18.69409942626953
29,75,3082.0,153.0983123779297,492.7998046875
29,76,0.0,0.0,0.0
29,77,0.0,0.0,0.0
29,78,3645.0,232.7198944091797,93.76158905029295
29,79,7339.0,405.6205139160156,247.94427490234372
29,80,2045.0,288.88165283203125,498.504638671875
29,81,1000.0,26.99799919128418,500.010009765625
29,82,0.0,0.0,0.0
29,83,233.0,9.274678230285645,480.2317504882813
29,84,307.0,68.74592590332031,502.4429931640625
29,85,0.0,0.0,0.0
29,86,7016.0,481.6911315917969,266.9810485839844
29,87,2069.0,492.67230224609375,477.6041564941406
29,88,0.0,0.0,0.0
29,89,0.0,0.0,0.0
29,90,0.0,0.0,0.0
29,91,0.0,0.0,0.0
29,92,0.0,0.0,0.0
29,93,510.0,7.905882358551025,345.8647155761719
29,94,0.0,0.0,0.0
29,95,258.0,274.6511535644531,3.813953399658203
29,96,0.0,0.0,0.0
29,97,0.0,0.0,0.0
29,98,0.0,0.0,0.0
29,99,1386.0,265.0555419921875,360.1558532714844
29,100,0.0,0.0,0.0
29,101,0.0,0.0,0.0
29,102,0.0,0.0,0.0
29,103,0.0,0.0,0.0
29,104,0.0,0.0,0.0
29,105,0.0,0.0,0.0
29,106,0.0,0.0,0.0
29,107,0.0,0.0,0.0
29,108,0.0,0.0,0.0
29,109,0.0,0.0,0.0
29,110,0.0,0.0,0.0
29,111,0.0,0.0,0.0
29,112,0.0,0.0,0.0
29,113,0.0,0.0,0.0
29,114,0.0,0.0,0.0
29,115,0.0,0.0,0.0
29,116,0.0,0.0,0.0
29,117,0.0,0.0,0.0
29,118,0.0,0.0,0.0
29,119,0.0,0.0,0.0
29,120,0.0,0.0,0.0
29,121,0.0,0.0,0.0
29,122,0.0,0.0,0.0
29,123,0.0,0.0,0.0
29,124,0.0,0.0,0.0
29,125,0.0,0.0,0.0
29,126,0.0,0.0,0.0
29,127,0.0,0.0,0.0
29,128,0.0,0.0,0.0
29,129,0.0,0.0,0.0
29,130,0.0,0.0,0.0
29,131,0.0,0.0,0.0
29,132,0.0,0.0,0.0
29,133,0.0,0.0,0.0
29,134,0.0,0.0,0.0
29,135,0.0,0.0,0.0
29,136,0.0,0.0,0.0
29,137,0.0,0.0,0.0
29,138,0.0,0.0,0.0
29,139,0.0,0.0,0.0
29,140,0.0,0.0,0.0
29,141,0.0,0.0,0.0
29,142,0.0,0.0,0.0
29,143,0.0,0.0,0.0
29,144,0.0,0.0,0.0
29,145,0.0,0.0,0.0
29,146,0.0,0.0,0.0
29,147,0.0,0.0,0.0
29,148,0.0,0.0,0.0
29,149,0.0,0.0,0.0
29,150,0.0,0.0,0.0
29,151,0.0,0.0,0.0
29,152,0.0,0.0,0.0
29,153,0.0,0.0,0.0
29,154,0.0,0.0,0.0
29,155,0.0,0.0,0.0
29,156,0.0,0.0,0.0
29,157,0.0,0.0,0.0
29,158,0.0,0.0,0.0
29,159,0.0,0.0,0.0
30,0,2226.0,16.58894920349121,240.27133178710935
30,1,6759.0,114.03668975830078,359.334228515625
30,2,1424.0,34.40519714355469,362.0962219238281
30,3,0.0,0.0,0.0
30,4,5024.0,153.518310546875,430.9520263671875
30,5,2084.0,118.3973159790039,78.12091827392578
30,6,2880.0,147.00936889648438,189.13645935058597
30,7,5182.0,139.1815948486328,301.58935546875
30,8,3055.0,206.35220336914065,335.58953857421875
30,9,1370.0,204.34671020507807,370.5386962890625
30,10,5145.0,232.0913543701172,405.2142028808594
30,11,1864.0,103.19742584228516,478.2644958496094
30,12,7520.0,358.9437561035156,69.05438995361328
30,13,4491.0,92.1514129638672,226.77354431152344
30,14,1944.0,195.97943115234372,200.12808227539065
30,15,2576.0,22.662267684936523,304.92352294921875
30,16,1592.0,167.3128204345703,35.26884460449219
30,17,5264.0,278.8009033203125,51.98822021484375
30,18,1945.0,112.12956237792967,33.569664001464844
30,19,4802.0,171.0195770263672,85.4477310180664
30,20,1885.0,12.77347469329834,115.32413482666016
30,21,3443.0,207.75079345703125,151.6357879638672
30,22,1847.0,271.8511047363281,127.05792999267578
30,23,4571.0,102.85123443603516,152.6554412841797
30,24,2344.0,236.4803771972656,240.413818359375
30,25,5520.0,272.0639343261719,300.08551025390625
30,26,406.0,7.081280708312988,66.47537231445312
30,27,3646.0,58.48189926147461,73.26851654052734
30,28,3178.0,438.0324096679688,78.89364624023438
30,29,5277.0,50.96153259277344,141.3604278564453
30,30,1853.0,317.5990295410156,117.51753997802734
30,31,1507.0,313.8977966308594,145.89979553222656
30,32,5252.0,261.1591796875,191.54112243652344
30,33,8856.0,429.4322509765625,131.98147583007812
30,34,0.0,0.0,0.0
30,35,6135.0,323.6929016113281,251.276611328125
30,36,5529.0,424.9466552734375,317.0799560546875
30,37,3104.0,306.4168701171875,342.6507873535156
30,38,3756.0,427.9297180175781,398.5034484863281
30,39,8223.0,424.7810974121094,465.0061950683594
30,40,4452.0,480.6361083984375,390.82525634765625
30,41,5568.0,368.3419494628906,356.0150756835937
30,42,286.0,54.08042144775391,339.7552490234375
30,43,0.0,0.0,0.0
30,44,3974.0,461.4255065917969,182.4521942138672
30,45,508.0,57.437007904052734,196.405517578125
30,46,1257.0,47.05250549316406,244.38902282714844
30,47,1305.0,17.374711990356445,190.8038330078125
30,48,4761.0,169.48182678222656,251.4387664794922
30,49,1957.0,219.10118103027344,282.00665283203125
30,50,3917.0,67.66658020019531,295.7227478027344
30,51,1831.0,113.7362060546875,401.2075500488281
30,52,0.0,0.0,0.0
30,53,0.0,0.0,0.0
30,54,0.0,0.0,0.0
30,55,5123.0,350.6045227050781,462.3484191894531
30,56,3356.0,30.310487747192383,399.5241394042969
30,57,2166.0,202.0909576416016,461.1237182617188
30,58,2062.0,331.7817687988281,13.876818656921388
30,59,0.0,0.0,0.0
30,60,1911.0,159.73207092285156,135.7608642578125
30,61,4128.0,283.0789794921875,451.1983947753906
30,62,0.0,0.0,0.0
30,63,3089.0,220.8374938964844,23.876983642578125
30,64,0.0,0.0,0.0
30,65,0.0,0.0,0.0
30,66,6351.0,55.5301513671875,450.9019165039063
30,67,0.0,0.0,0.0
30,68,5315.0,479.6491088867188,41.92285919189453
30,69,4378.0,46.01438903808594,26.341480255126957
30,70,1403.0,147.49679565429688,12.841767311096191
30,71,5624.0,348.78680419921875,183.62179565429688
30,72,3907.0,320.544921875,400.1722412109375
30,73,2349.0,229.17539978027344,487.9433898925781
30,74,2687.0,407.6583557128906,19.15779685974121
30,75,3188.0,153.39146423339844,492.4560852050781
30,76,0.0,0.0,0.0
30,77,0.0,0.0,0.0
30,78,3608.0,231.23780822753903,95.2059326171875
30,79,7293.0,403.1883850097656,248.7482452392578
30,80,2207.0,287.9084777832031,498.12640380859375
30,81,967.0,27.099275588989254,498.8459167480469
30,82,0.0,0.0,0.0
30,83,379.0,7.8680739402771,475.8548889160156
30,84,455.0,68.79560089111328,501.6791076660156
30,85,0.0,0.0,0.0
30,86,7124.0,480.7923889160156,262.9298095703125
30,87,2474.0,490.3075866699219,475.5274963378906
30,88,0.0,0.0,0.0
30,89,0.0,0.0,0.0
30,90,0.0,0.0,0.0
30,91,0.0,0.0,0.0
30,92,0.0,0.0,0.0
30,93,368.0,8.046195983886719,345.0543518066406
30,94,0.0,0.0,0.0
30,95,262.0,270.885498046875,3.851145029067993
30,96,0.0,0.0,0.0
30,97,0.0,0.0,0.0
30,98,0.0,0.0,0.0
30,99,1245.0,263.9678649902344,361.4747009277344
30,100,0.0,0.0,0.0
30,101,0.0,0.0,0.0
30,102,0.0,0.0,0.0
30,103,0.0,0.0,0.0
30,104,0.0,0.0,0.0
30,105,0.0,0.0,0.0
30,106,0.0,0.0,0.0
30,107,0.0,0.0,0.0
30,108,0.0,0.0,0.0
30,109,0.0,0.0,0.0
30,110,0.0,0.0,0.0
30,111,0.0,0.0,0.0
30,112,0.0,0.0,0.0
30,113,0.0,0.0,0.0
30,114,0.0,0.0,0.0
30,115,0.0,0.0,0.0
30,116,0.0,0.0,0.0
30,117,0.0,0.0,0.0
30,118,0.0,0.0,0.0
30,119,0.0,0.0,0.0
30,120,0.0,0.0,0.0
30,121,0.0,0.0,0.0
30,122,0.0,0.0,0.0
30,123,0.0,0.0,0.0
30,124,0.0,0.0,0.0
30,125,0.0,0.0,0.0
30,126,0.0,0.0,0.0
30,127,0.0,0.0,0.0
30,128,0.0,0.0,0.0
30,129,0.0,0.0,0.0
30,130,0.0,0.0,0.0
30,131,0.0,0.0,0.0
30,132,0.0,0.0,0.0
30,133,0.0,0.0,0.0
30,134,0.0,0.0,0.0
30,135,0.0,0.0,0.0
30,136,0.0,0.0,0.0
30,137,0.0,0.0,0.0
30,138,0.0,0.0,0.0
30,139,0.0,0.0,0.0
30,140,0.0,0.0,0.0
30,141,0.0,0.0,0.0
30,142,0.0,0.0,0.0
30,143,0.0,0.0,0.0
30,144,0.0,0.0,0.0
30,145,0.0,0.0,0.0
30,146,0.0,0.0,0.0
30,147,0.0,0.0,0.0
30,148,0.0,0.0,0.0
30,149,0.0,0.0,0.0
30,150,0.0,0.0,0.0
30,151,0.0,0.0,0.0
30,152,0.0,0.0,0.0
30,153,0.0,0.0,0.0
30,154,0.0,0.0,0.0
30,155,0.0,0.0,0.0
30,156,0.0,0.0,0.0
30,157,0.0,0.0,0.0
30,158,0.0,0.0,0.0
30,159,0.0,0.0,0.0
31,0,2281.0,16.927663803100586,239.9671173095703
31,1,6693.0,113.3003158569336,358.1134033203125
31,2,1834.0,36.06270599365234,365.9165649414063
31,3,0.0,0.0,0.0
31,4,4986.0,151.45909118652344,430.5144348144531
31,5,2093.0,118.37696838378906,78.68179321289062
31,6,2915.0,145.49331665039062,189.3204040527344
31,7,5037.0,135.81497192382812,298.6789855957031
31,8,3346.0,202.141357421875,334.6368713378906
31,9,1203.0,202.41146850585935,369.64007568359375
31,10,5169.0,230.26194763183597,403.6662902832031
31,11,1487.0,101.38735961914062,477.1929931640625
31,12,7266.0,359.27691650390625,68.07858276367188
31,13,4282.0,92.41545867919922,226.94769287109372
31,14,2016.0,195.71875,200.02430725097656
31,15,3427.0,27.213014602661133,304.4429626464844
31,16,1503.0,168.06320190429688,34.8243522644043
31,17,5270.0,278.5872802734375,51.95540618896485
31,18,2006.0,113.3155517578125,33.7083740234375
31,19,4593.0,171.29588317871094,83.78009796142578
31,20,1771.0,12.037266731262209,115.28514862060548
31,21,3352.0,206.7052459716797,151.79354858398438
31,22,1734.0,272.058837890625,125.50691986083984
31,23,4373.0,102.9656982421875,152.73861694335938
31,24,2358.0,237.03179931640625,241.3091583251953
31,25,5415.0,270.1767272949219,299.1434936523437
31,26,340.0,6.01764726638794,65.7441177368164
31,27,3752.0,57.68177032470703,73.77452087402344
31,28,2953.0,435.1744079589844,78.31764221191406
31,29,5518.0,50.84233474731445,142.29539489746094
31,30,2056.0,317.55059814453125,116.95476531982422
31,31,1253.0,311.0518798828125,145.2825164794922
31,32,5400.0,260.4220275878906,191.09518432617188
31,33,9056.0,430.2456970214844,131.2730712890625
31,34,0.0,0.0,0.0
31,35,5976.0,323.0716247558594,251.72254943847656
31,36,6130.0,428.5357360839844,322.0256042480469
31,37,3388.0,304.8010559082031,341.8072509765625
31,38,3703.0,428.193359375,399.2541198730469
31,39,8628.0,423.6629638671875,465.0255126953125
31,40,4443.0,480.5631408691406,391.0571594238281
31,41,5503.0,367.43304443359375,356.1826171875
31,42,345.0,50.71304321289063,338.8492736816406
31,43,0.0,0.0,0.0
31,44,4061.0,462.3356323242188,181.73529052734372
31,45,498.0,59.67871475219727,196.9417724609375
31,46,1227.0,48.34637451171875,243.60064697265625
31,47,1333.0,16.627906799316406,190.6421661376953
31,48,4717.0,169.87747192382812,251.24676513671875
31,49,1781.0,217.2930908203125,282.380126953125
31,50,2909.0,72.71880340576172,292.2000732421875
31,51,1923.0,113.24024963378906,400.1741943359375
31,52,0.0,0.0,0.0
31,53,0.0,0.0,0.0
31,54,0.0,0.0,0.0
31,55,4557.0,349.9883728027344,461.2591552734375
31,56,3038.0,28.98288345336914,402.5213928222656
31,57,2354.0,202.36915588378903,460.0480041503906
31,58,2070.0,331.9439697265625,13.965700149536133
31,59,0.0,0.0,0.0
31,60,2082.0,159.2031707763672,134.2276611328125
31,61,4286.0,283.61480712890625,449.921142578125
31,62,0.0,0.0,0.0
31,63,3096.0,220.7793884277344,24.028100967407227
31,64,0.0,0.0,0.0
31,65,0.0,0.0,0.0
31,66,6308.0,55.34812927246094,451.6160583496094
31,67,0.0,0.0,0.0
31,68,5537.0,479.3357543945313,42.990970611572266
31,69,4494.0,45.81998062133789,26.638851165771484
31,70,1241.0,149.08541870117188,13.809024810791016
31,71,6071.0,348.4136047363281,182.8211212158203
31,72,3939.0,320.94287109375,400.6346740722656
31,73,2234.0,228.21441650390625,487.2940979003906
31,74,2668.0,408.0607299804688,19.031858444213867
31,75,3438.0,150.9784698486328,491.5215148925781
31,76,0.0,0.0,0.0
31,77,0.0,0.0,0.0
31,78,3706.0,230.56260681152344,96.42606353759766
31,79,7251.0,402.30615234375,249.44876098632807
31,80,2411.0,285.794677734375,497.8394775390625
31,81,821.0,27.70523834228516,498.6175537109375
31,82,0.0,0.0,0.0
31,83,320.0,8.412500381469727,476.6000061035156
31,84,393.0,67.77099609375,499.84222412109375
31,85,0.0,0.0,0.0
31,86,7589.0,479.6249694824219,267.15838623046875
31,87,2574.0,491.9766845703125,479.187255859375
31,88,0.0,0.0,0.0
31,89,0.0,0.0,0.0
31,90,0.0,0.0,0.0
31,91,0.0,0.0,0.0
31,92,0.0,0.0,0.0
31,93,354.0,7.03389835357666,346.6525573730469
31,94,0.0,0.0,0.0
31,95,277.0,271.60650634765625,3.819494485855103
31,96,0.0,0.0,0.0
31,97,0.0,0.0,0.0
31,98,0.0,0.0,0.0
31,99,1213.0,261.9505310058594,361.7279357910156
31,100,0.0,0.0,0.0
31,101,0.0,0.0,0.0
31,102,0.0,0.0,0.0
31,103,0.0,0.0,0.0
31,104,0.0,0.0,0.0
31,105,0.0,0.0,0.0
31,106,0.0,0.0,0.0
31,107,0.0,0.0,0.0
31,108,0.0,0.0,0.0
31,109,0.0,0.0,0.0
31,110,0.0,0.0,0.0
31,111,0.0,0.0,0.0
31,112,0.0,0.0,0.0
31,113,0.0,0.0,0.0
31,114,0.0,0.0,0.0
31,115,0.0,0.0,0.0
31,116,0.0,0.0,0.0
31,117,0.0,0.0,0.0
31,118,0.0,0.0,0.0
31,119,0.0,0.0,0.0
31,120,0.0,0.0,0.0
31,121,0.0,0.0,0.0
31,122,0.0,0.0,0.0
31,123,0.0,0.0,0.0
31,124,0.0,0.0,0.0
31,125,0.0,0.0,0.0
31,126,0.0,0.0,0.0
31,127,0.0,0.0,0.0
31,128,0.0,0.0,0.0
31,129,0.0,0.0,0.0
31,130,0.0,0.0,0.0
31,131,0.0,0.0,0.0
31,132,0.0,0.0,0.0
31,133,0.0,0.0,0.0
31,134,0.0,0.0,0.0
31,135,0.0,0.0,0.0
31,136,0.0,0.0,0.0
31,137,0.0,0.0,0.0
31,138,0.0,0.0,0.0
31,139,0.0,0.0,0.0
31,140,0.0,0.0,0.0
31,141,0.0,0.0,0.0
31,142,0.0,0.0,0.0
31,143,0.0,0.0,0.0
31,144,0.0,0.0,0.0
31,145,0.0,0.0,0.0
31,146,0.0,0.0,0.0
31,147,0.0,0.0,0.0
31,148,0.0,0.0,0.0
31,149,0.0,0.0,0.0
31,150,0.0,0.0,0.0
31,151,0.0,0.0,0.0
31,152,0.0,0.0,0.0
31,153,0.0,0.0,0.0
31,154,0.0,0.0,0.0
31,155,0.0,0.0,0.0
31,156,0.0,0.0,0.0
31,157,0.0,0.0,0.0
31,158,0.0,0.0,0.0
31,159,0.0,0.0,0.0
32,0,2286.0,16.725284576416016,238.71697998046875
32,1,6416.0,110.21134948730467,356.7872619628906
32,2,1523.0,35.245567321777344,365.9684753417969
32,3,0.0,0.0,0.0
32,4,4997.0,150.75384521484375,430.4554748535156
32,5,2068.0,118.81866455078124,78.7872314453125
32,6,3071.0,144.53305053710938,189.5021209716797
32,7,5070.0,134.1445770263672,297.29803466796875
32,8,3390.0,198.7554626464844,333.2849426269531
32,9,1214.0,201.4687042236328,368.5543518066406
32,10,5099.0,229.07237243652344,403.0943298339844
32,11,1281.0,101.2537078857422,475.7494201660156
32,12,7233.0,360.16949462890625,67.35213470458984
32,13,4226.0,91.54827117919922,225.3861846923828
32,14,1964.0,194.49847412109372,198.92922973632807
32,15,3537.0,26.696918487548828,306.2561340332031
32,16,1249.0,167.68614196777344,35.98799133300781
32,17,5263.0,278.1921081542969,51.396732330322266
32,18,2082.0,113.0086441040039,33.1978874206543
32,19,4587.0,170.98931884765625,83.26378631591797
32,20,1695.0,11.77817153930664,114.06666564941406
32,21,2658.0,209.96878051757807,153.0504150390625
32,22,1623.0,271.7005615234375,124.04251098632812
32,23,4193.0,103.61388397216795,151.48223876953125
32,24,2271.0,234.65786743164065,241.37869262695312
32,25,5557.0,267.79107666015625,298.5105285644531
32,26,286.0,4.930069923400879,63.52797317504883
32,27,3859.0,57.35968017578125,73.43223571777344
32,28,2840.0,435.52783203125,79.09365844726562
32,29,5641.0,50.9087028503418,141.87307739257812
32,30,2167.0,317.8075561523437,116.68850708007812
32,31,1028.0,308.5846252441406,143.7490234375
32,32,5516.0,257.890869140625,190.427490234375
32,33,9174.0,429.6200256347656,131.67822265625
32,34,0.0,0.0,0.0
32,35,5804.0,320.77117919921875,251.03428649902344
32,36,4227.0,414.0733337402344,317.31512451171875
32,37,3499.0,302.60504150390625,340.80535888671875
32,38,3940.0,427.5989990234375,397.43603515625
32,39,9164.0,419.53228759765625,465.3721008300781
32,40,4484.0,480.8347473144531,392.5031127929688
32,41,5591.0,365.8055725097656,355.5827331542969
32,42,353.0,43.4645881652832,342.86968994140625
32,43,0.0,0.0,0.0
32,44,3263.0,456.9788513183594,181.77444458007807
32,45,430.0,60.225582122802734,194.2255859375
32,46,1320.0,48.63484954833984,243.5477294921875
32,47,1324.0,16.377643585205078,189.60044860839844
32,48,4707.0,170.37327575683594,251.23794555664065
32,49,1474.0,216.1831817626953,281.8914489746094
32,50,2947.0,71.40855407714844,291.41534423828125
32,51,2239.0,115.9044189453125,397.5792846679688
32,52,0.0,0.0,0.0
32,53,0.0,0.0,0.0
32,54,0.0,0.0,0.0
32,55,3584.0,346.3133239746094,458.9073791503906
32,56,3130.0,28.4916934967041,401.0508117675781
32,57,2502.0,202.8689117431641,460.11431884765625
32,58,2060.0,330.7446594238281,14.48786449432373
32,59,0.0,0.0,0.0
32,60,2577.0,165.8083038330078,135.06442260742188
32,61,4398.0,283.7091979980469,449.8435668945313
32,62,0.0,0.0,0.0
32,63,3131.0,219.82785034179688,23.910572052001957
32,64,0.0,0.0,0.0
32,65,0.0,0.0,0.0
32,66,6375.0,55.05160903930664,451.5982666015625
32,67,0.0,0.0,0.0
32,68,5522.0,479.4866027832031,43.62911987304688
32,69,4500.0,44.67377853393555,26.336889266967773
32,70,1533.0,149.49771118164062,13.262883186340332
32,71,6510.0,345.38525390625,181.7357940673828
32,72,4150.0,320.4889221191406,401.10748291015625
32,73,1962.0,226.4215087890625,487.21966552734375
32,74,2717.0,407.4468078613281,18.715126037597656
32,75,3456.0,150.08419799804688,491.2650451660156
32,76,0.0,0.0,0.0
32,77,0.0,0.0,0.0
32,78,3710.0,230.41293334960935,96.25794982910156
32,79,7495.0,401.1174011230469,250.03414916992188
32,80,2339.0,278.2821655273437,496.9888916015625
32,81,0.0,0.0,0.0
32,82,0.0,0.0,0.0
32,83,0.0,0.0,0.0
32,84,395.0,63.12405014038086,498.349365234375
32,85,1120.0,500.9803466796875,181.8669586181641
32,86,7219.0,477.1101379394531,259.98004150390625
32,87,1891.0,490.0962524414063,481.3759765625
32,88,133.0,9.172932624816896,474.5864562988281
32,89,138.0,27.746376037597656,493.6159362792969
32,90,82.0,38.31707382202149,496.42681884765625
32,91,0.0,0.0,0.0
32,92,0.0,0.0,0.0
32,93,211.0,5.943128108978272,348.47393798828125
32,94,0.0,0.0,0.0
32,95,260.0,271.7576904296875,3.4576923847198486
32,96,0.0,0.0,0.0
32,97,0.0,0.0,0.0
32,98,0.0,0.0,0.0
32,99,1167.0,259.3847351074219,361.41217041015625
32,100,0.0,0.0,0.0
32,101,0.0,0.0,0.0
32,102,0.0,0.0,0.0
32,103,0.0,0.0,0.0
32,104,0.0,0.0,0.0
32,105,0.0,0.0,0.0
32,106,0.0,0.0,0.0
32,107,0.0,0.0,0.0
32,108,0.0,0.0,0.0
32,109,0.0,0.0,0.0
32,110,0.0,0.0,0.0
32,111,0.0,0.0,0.0
32,112,0.0,0.0,0.0
32,113,0.0,0.0,0.0
32,114,0.0,0.0,0.0
32,115,0.0,0.0,0.0
32,116,0.0,0.0,0.0
32,117,0.0,0.0,0.0
32,118,0.0,0.0,0.0
32,119,0.0,0.0,0.0
32,120,0.0,0.0,0.0
32,121,0.0,0.0,0.0
32,122,0.0,0.0,0.0
32,123,0.0,0.0,0.0
32,124,0.0,0.0,0.0
32,125,0.0,0.0,0.0
32,126,0.0,0.0,0.0
32,127,0.0,0.0,0.0
32,128,0.0,0.0,0.0
32,129,0.0,0.0,0.0
32,130,0.0,0.0,0.0
32,131,0.0,0.0,0.0
32,132,0.0,0.0,0.0
32,133,0.0,0.0,0.0
32,134,0.0,0.0,0.0
32,135,0.0,0.0,0.0
32,136,0.0,0.0,0.0
32,137,0.0,0.0,0.0
32,138,0.0,0.0,0.0
32,139,0.0,0.0,0.0
32,140,0.0,0.0,0.0
32,141,0.0,0.0,0.0
32,142,0.0,0.0,0.0
32,143,0.0,0.0,0.0
32,144,0.0,0.0,0.0
32,145,0.0,0.0,0.0
32,146,0.0,0.0,0.0
32,147,0.0,0.0,0.0
32,148,0.0,0.0,0.0
32,149,0.0,0.0,0.0
32,150,0.0,0.0,0.0
32,151,0.0,0.0,0.0
32,152,0.0,0.0,0.0
32,153,0.0,0.0,0.0
32,154,0.0,0.0,0.0
32,155,0.0,0.0,0.0
32,156,0.0,0.0,0.0
32,157,0.0,0.0,0.0
32,158,0.0,0.0,0.0
32,159,0.0,0.0,0.0
33,0,2235.0,16.689485549926758,237.0009002685547
33,1,6462.0,108.04410552978516,355.9288024902344
33,2,690.0,32.84492874145508,358.39276123046875
33,3,0.0,0.0,0.0
33,4,4948.0,148.61964416503906,430.5392150878906
33,5,2084.0,118.89826965332033,79.58637237548828
33,6,3231.0,142.86630249023438,189.09130859375
33,7,4706.0,130.96408081054688,295.47833251953125
33,8,3683.0,195.17947387695312,331.4070129394531
33,9,1171.0,200.09136962890625,368.607177734375
33,10,5070.0,228.6662750244141,403.0029602050781
33,11,1115.0,100.8439483642578,475.9040222167969
33,12,7090.0,360.8833618164063,67.5542984008789
33,13,4134.0,91.37638854980467,224.3509979248047
33,14,2166.0,193.622802734375,195.39566040039065
33,15,4222.0,29.87162399291992,306.0592041015625
33,16,1233.0,168.52230834960938,36.42741394042969
33,17,5185.0,277.94464111328125,51.73133850097656
33,18,2144.0,112.5634307861328,34.1068115234375
33,19,4371.0,171.04324340820312,82.28803253173828
33,20,1670.0,11.416766166687012,114.61676788330078
33,21,1579.0,217.6377410888672,150.55795288085938
33,22,1606.0,271.728515625,122.98567962646484
33,23,3858.0,103.7734603881836,150.78720092773438
33,24,2261.0,233.4099884033203,241.30960083007807
33,25,5582.0,266.8161926269531,297.9290466308594
33,26,0.0,0.0,0.0
33,27,4256.0,54.34751129150391,73.69596099853516
33,28,2689.0,435.1703186035156,80.41948699951172
33,29,5700.0,51.29386138916016,143.08543395996094
33,30,2339.0,317.8614807128906,116.61992645263672
33,31,865.0,306.36993408203125,143.77224731445312
33,32,5539.0,255.53384399414065,189.54991149902344
33,33,9113.0,428.5420837402344,132.17974853515625
33,34,0.0,0.0,0.0
33,35,5830.0,320.0773620605469,251.0
33,36,2896.0,397.870849609375,320.45684814453125
33,37,3517.0,301.119140625,339.8271179199219
33,38,3976.0,427.1737976074219,397.3128662109375
33,39,9447.0,417.4909362792969,464.2256774902344
33,40,4357.0,480.693603515625,392.5310974121094
33,41,5445.0,363.8719787597656,356.3331604003906
33,42,298.0,40.08053588867188,343.7416076660156
33,43,0.0,0.0,0.0
33,44,3182.0,454.9534912109375,181.9553680419922
33,45,336.0,60.10118865966797,193.7291717529297
33,46,1460.0,48.59657669067383,244.71849060058597
33,47,1285.0,16.59844398498535,189.4474639892578
33,48,4637.0,170.40069580078125,251.1192626953125
33,49,1418.0,215.1121368408203,281.43865966796875
33,50,2371.0,76.24884033203125,286.8228454589844
33,51,2425.0,118.21607971191406,396.0152587890625
33,52,0.0,0.0,0.0
33,53,0.0,0.0,0.0
33,54,0.0,0.0,0.0
33,55,3126.0,343.333984375,462.0454406738281
33,56,3837.0,30.191295623779297,397.4222106933594
33,57,2687.0,202.3256378173828,459.305908203125
33,58,2100.0,329.8190612792969,15.23476219177246
33,59,0.0,0.0,0.0
33,60,3254.0,169.18653869628906,137.75537109375
33,61,4204.0,283.33062744140625,449.4733581542969
33,62,0.0,0.0,0.0
33,63,3111.0,219.4156188964844,23.2655086517334
33,64,0.0,0.0,0.0
33,65,0.0,0.0,0.0
33,66,5930.0,56.87993240356445,451.2576599121094
33,67,0.0,0.0,0.0
33,68,5537.0,479.1087341308594,44.10691833496094
33,69,4456.0,43.93895721435547,26.053634643554688
33,70,1558.0,148.37869262695312,13.937098503112791
33,71,6722.0,342.9433288574219,181.8237152099609
33,72,4339.0,320.0790405273437,401.8333740234375
33,73,1878.0,224.7582550048828,487.6341857910156
33,74,2811.0,406.9139099121094,19.30914306640625
33,75,3521.0,148.44760131835938,491.046875
33,76,0.0,0.0,0.0
33,77,0.0,0.0,0.0
33,78,3915.0,229.62860107421875,97.11392211914062
33,79,7308.0,400.4800109863281,250.13040161132807
33,80,2588.0,278.34814453125,496.1653747558594
33,81,0.0,0.0,0.0
33,82,0.0,0.0,0.0
33,83,0.0,0.0,0.0
33,84,648.0,68.91512298583984,498.2175903320313
33,85,1400.0,499.9914245605469,179.13357543945312
33,86,7252.0,475.6576232910156,259.26446533203125
33,87,2077.0,488.72076416015625,481.48193359375
33,88,0.0,0.0,0.0
33,89,217.0,29.631336212158203,493.5990905761719
33,90,0.0,0.0,0.0
33,91,573.0,8.528796195983887,467.7521667480469
33,92,38.0,41.15789413452149,498.1052551269531
33,93,254.0,7.830708503723144,350.5433044433594
33,94,0.0,0.0,0.0
33,95,309.0,271.7864074707031,4.07443380355835
33,96,0.0,0.0,0.0
33,97,0.0,0.0,0.0
33,98,0.0,0.0,0.0
33,99,1212.0,258.04620361328125,361.1650085449219
33,100,0.0,0.0,0.0
33,101,0.0,0.0,0.0
33,102,0.0,0.0,0.0
33,103,0.0,0.0,0.0
33,104,0.0,0.0,0.0
33,105,0.0,0.0,0.0
33,106,0.0,0.0,0.0
33,107,0.0,0.0,0.0
33,108,0.0,0.0,0.0
33,109,0.0,0.0,0.0
33,110,0.0,0.0,0.0
33,111,0.0,0.0,0.0
33,112,0.0,0.0,0.0
33,113,0.0,0.0,0.0
33,114,0.0,0.0,0.0
33,115,0.0,0.0,0.0
33,116,0.0,0.0,0.0
33,117,0.0,0.0,0.0
33,118,0.0,0.0,0.0
33,119,0.0,0.0,0.0
33,120,0.0,0.0,0.0
33,121,0.0,0.0,0.0
33,122,0.0,0.0,0.0
33,123,0.0,0.0,0.0
33,124,0.0,0.0,0.0
33,125,0.0,0.0,0.0
33,126,0.0,0.0,0.0
33,127,0.0,0.0,0.0
33,128,0.0,0.0,0.0
33,129,0.0,0.0,0.0
33,130,0.0,0.0,0.0
33,131,0.0,0.0,0.0
33,132,0.0,0.0,0.0
33,133,0.0,0.0,0.0
33,134,0.0,0.0,0.0
33,135,0.0,0.0,0.0
33,136,0.0,0.0,0.0
33,137,0.0,0.0,0.0
33,138,0.0,0.0,0.0
33,139,0.0,0.0,0.0
33,140,0.0,0.0,0.0
33,141,0.0,0.0,0.0
33,142,0.0,0.0,0.0
33,143,0.0,0.0,0.0
33,144,0.0,0.0,0.0
33,145,0.0,0.0,0.0
33,146,0.0,0.0,0.0
33,147,0.0,0.0,0.0
33,148,0.0,0.0,0.0
33,149,0.0,0.0,0.0
33,150,0.0,0.0,0.0
33,151,0.0,0.0,0.0
33,152,0.0,0.0,0.0
33,153,0.0,0.0,0.0
33,154,0.0,0.0,0.0
33,155,0.0,0.0,0.0
33,156,0.0,0.0,0.0
33,157,0.0,0.0,0.0
33,158,0.0,0.0,0.0
33,159,0.0,0.0,0.0
34,0,2074.0,15.97782039642334,236.6769561767578
34,1,6272.0,106.19068908691406,355.4618835449219
34,2,694.0,31.50576400756836,358.3746337890625
34,3,0.0,0.0,0.0
34,4,5036.0,146.85107421875,429.5278015136719
34,5,2044.0,117.9486312866211,79.17955017089844
34,6,3508.0,140.0467529296875,189.47349548339844
34,7,4778.0,130.56655883789062,295.0324401855469
34,8,3623.0,192.6179962158203,329.0932922363281
34,9,1247.0,201.23736572265625,366.3512573242188
34,10,5003.0,229.025390625,402.2402648925781
34,11,1019.0,100.33071899414062,474.3218994140625
34,12,6653.0,362.0174255371094,67.25747680664062
34,13,4059.0,90.15052795410156,224.92953491210935
34,14,2381.0,194.04493713378903,193.67030334472656
34,15,4445.0,31.01709747314453,305.6913452148437
34,16,1219.0,168.7292938232422,35.11566925048828
34,17,5177.0,278.233154296875,50.4384765625
34,18,2204.0,112.51497650146484,34.01406478881836
34,19,4297.0,171.22364807128906,80.32440948486328
34,20,1545.0,10.596763610839844,114.10096740722656
34,21,935.0,225.0684509277344,147.88876342773438
34,22,1491.0,272.225341796875,121.44064331054688
34,23,3572.0,103.04507446289062,149.7242431640625
34,24,2156.0,234.23794555664065,241.50881958007807
34,25,5470.0,266.2310791015625,297.462158203125
34,26,0.0,0.0,0.0
34,27,4262.0,53.86766815185547,73.97911834716797
34,28,2541.0,434.3270263671875,80.97835540771484
34,29,5837.0,51.115814208984375,143.07623291015625
34,30,2588.0,318.2279663085937,115.147216796875
34,31,748.0,307.3422546386719,142.11497497558594
34,32,5570.0,254.4228057861328,187.8775634765625
34,33,9066.0,429.1318054199219,131.31381225585938
34,34,0.0,0.0,0.0
34,35,5724.0,318.3836364746094,249.6953125
34,36,3791.0,405.1640625,320.53045654296875
34,37,3790.0,299.0232238769531,339.6060791015625
34,38,4137.0,427.1737976074219,398.8327331542969
34,39,9402.0,415.0164794921875,464.4284057617188
34,40,4648.0,480.9296569824219,392.047119140625
34,41,5381.0,363.0880737304688,355.56085205078125
34,42,296.0,42.02702713012695,342.6756896972656
34,43,0.0,0.0,0.0
34,44,3164.0,453.6965942382813,181.2964630126953
34,45,337.0,61.37982177734375,192.2017822265625
34,46,1600.0,47.584999084472656,244.6031188964844
34,47,1254.0,15.443381309509276,188.47129821777344
34,48,4629.0,170.9539794921875,250.7986602783203
34,49,1348.0,216.46438598632807,280.41912841796875
34,50,2061.0,77.18195343017578,286.7530212402344
34,51,2511.0,120.4962158203125,394.43408203125
34,52,0.0,0.0,0.0
34,53,0.0,0.0,0.0
34,54,0.0,0.0,0.0
34,55,2811.0,342.31768798828125,462.93988037109375
34,56,3797.0,30.63734436035156,397.4221801757813
34,57,3009.0,202.5985412597656,458.3675537109375
34,58,2247.0,329.93768310546875,16.161104202270508
34,59,0.0,0.0,0.0
34,60,3921.0,171.29176330566406,137.55648803710938
34,61,4049.0,284.0555725097656,449.3674926757813
34,62,0.0,0.0,0.0
34,63,3074.0,219.48634338378903,22.98796272277832
34,64,0.0,0.0,0.0
34,65,0.0,0.0,0.0
34,66,5771.0,55.12164306640625,450.5569152832031
34,67,0.0,0.0,0.0
34,68,5705.0,478.75390625,44.86064910888672
34,69,4439.0,43.62852096557617,25.82135581970215
34,70,1536.0,147.4485626220703,13.367838859558104
34,71,6944.0,341.82965087890625,181.11721801757807
34,72,4553.0,319.6595764160156,401.8280334472656
34,73,1857.0,224.91329956054688,488.2207946777344
34,74,2910.0,407.43951416015625,19.82783508300781
34,75,3613.0,147.65956115722656,490.97259521484375
34,76,0.0,0.0,0.0
34,77,0.0,0.0,0.0
34,78,4034.0,230.2711944580078,97.14080047607422
34,79,7408.0,399.8671569824219,250.25782775878903
34,80,2821.0,282.170166015625,496.0914611816406
34,81,0.0,0.0,0.0
34,82,0.0,0.0,0.0
34,83,0.0,0.0,0.0
34,84,943.0,72.0243911743164,498.5949096679688
34,85,1749.0,499.801025390625,174.82333374023438
34,86,9235.0,474.31390380859375,270.60821533203125
34,87,2277.0,487.43170166015625,480.1225280761719
34,88,0.0,0.0,0.0
34,89,0.0,0.0,0.0
34,90,0.0,0.0,0.0
34,91,0.0,0.0,0.0
34,92,0.0,0.0,0.0
34,93,264.0,6.670454502105713,350.7613525390625
34,94,132.0,5.583333492279053,453.3333435058594
34,95,206.0,269.1601867675781,3.3883495330810547
34,96,0.0,0.0,0.0
34,97,0.0,0.0,0.0
34,98,0.0,0.0,0.0
34,99,1072.0,254.15577697753903,360.0419921875
34,100,0.0,0.0,0.0
34,101,0.0,0.0,0.0
34,102,0.0,0.0,0.0
34,103,0.0,0.0,0.0
34,104,0.0,0.0,0.0
34,105,0.0,0.0,0.0
34,106,0.0,0.0,0.0
34,107,0.0,0.0,0.0
34,108,0.0,0.0,0.0
34,109,0.0,0.0,0.0
34,110,0.0,0.0,0.0
34,111,0.0,0.0,0.0
34,112,0.0,0.0,0.0
34,113,0.0,0.0,0.0
34,114,0.0,0.0,0.0
34,115,0.0,0.0,0.0
34,116,0.0,0.0,0.0
34,117,0.0,0.0,0.0
34,118,0.0,0.0,0.0
34,119,0.0,0.0,0.0
34,120,0.0,0.0,0.0
34,121,0.0,0.0,0.0
34,122,0.0,0.0,0.0
34,123,0.0,0.0,0.0
34,124,0.0,0.0,0.0
34,125,0.0,0.0,0.0
34,126,0.0,0.0,0.0
34,127,0.0,0.0,0.0
34,128,0.0,0.0,0.0
34,129,0.0,0.0,0.0
34,130,0.0,0.0,0.0
34,131,0.0,0.0,0.0
34,132,0.0,0.0,0.0
34,133,0.0,0.0,0.0
34,134,0.0,0.0,0.0
34,135,0.0,0.0,0.0
34,136,0.0,0.0,0.0
34,137,0.0,0.0,0.0
34,138,0.0,0.0,0.0
34,139,0.0,0.0,0.0
34,140,0.0,0.0,0.0
34,141,0.0,0.0,0.0
34,142,0.0,0.0,0.0
34,143,0.0,0.0,0.0
34,144,0.0,0.0,0.0
34,145,0.0,0.0,0.0
34,146,0.0,0.0,0.0
34,147,0.0,0.0,0.0
34,148,0.0,0.0,0.0
34,149,0.0,0.0,0.0
34,150,0.0,0.0,0.0
34,151,0.0,0.0,0.0
34,152,0.0,0.0,0.0
34,153,0.0,0.0,0.0
34,154,0.0,0.0,0.0
34,155,0.0,0.0,0.0
34,156,0.0,0.0,0.0
34,157,0.0,0.0,0.0
34,158,0.0,0.0,0.0
34,159,0.0,0.0,0.0
35,0,1951.0,15.07688331604004,236.74269104003903
35,1,6054.0,104.32870483398438,353.6656799316406
35,2,308.0,34.83116912841797,355.0616760253906
35,3,0.0,0.0,0.0
35,4,5001.0,145.30014038085938,427.8984069824219
35,5,2166.0,118.6698989868164,79.02354431152344
35,6,3787.0,137.4488983154297,188.91629028320312
35,7,4371.0,128.2029266357422,293.0475769042969
35,8,3928.0,189.607177734375,326.64129638671875
35,9,1290.0,200.7379913330078,365.7798461914063
35,10,5000.0,229.56280517578125,401.9249877929688
35,11,1069.0,100.46866607666016,472.8718566894531
35,12,6641.0,363.1686401367188,65.60969543457031
35,13,3912.0,89.48159790039062,224.83384704589844
35,14,2514.0,193.17063903808597,191.8631591796875
35,15,4340.0,29.044931411743164,307.1702880859375
35,16,1245.0,168.87469482421875,35.17028045654297
35,17,5132.0,278.91796875,49.935306549072266
35,18,2239.0,111.74988555908205,33.71728515625
35,19,3966.0,172.63943481445312,78.79753112792969
35,20,1462.0,10.339261054992676,114.12654113769533
35,21,779.0,224.10397338867188,144.81515502929688
35,22,1408.0,271.2571105957031,120.75212860107422
35,23,3227.0,102.93709564208984,147.85528564453125
35,24,2160.0,233.2356414794922,241.14259338378903
35,25,5387.0,265.1635437011719,296.5576477050781
35,26,0.0,0.0,0.0
35,27,4198.0,53.88375473022461,74.65412139892578
35,28,2495.0,433.615234375,80.23526763916016
35,29,5902.0,51.42239761352539,143.11996459960938
35,30,2923.0,319.1330871582031,114.3711929321289
35,31,466.0,296.3905639648437,140.84764099121094
35,32,5654.0,252.6151428222656,186.28564453125
35,33,9088.0,429.87158203125,130.92947387695312
35,34,0.0,0.0,0.0
35,35,5553.0,316.4698486328125,248.5993194580078
35,36,3388.0,402.5144653320313,321.4046630859375
35,37,3933.0,299.5758972167969,337.435791015625
35,38,4440.0,426.662841796875,397.3353576660156
35,39,9802.0,409.4504089355469,463.67425537109375
35,40,4588.0,481.8977661132813,394.2460632324219
35,41,5471.0,361.4940490722656,355.3792724609375
35,42,254.0,45.437007904052734,342.779541015625
35,43,0.0,0.0,0.0
35,44,3256.0,452.7334289550781,180.48126220703125
35,45,299.0,62.588626861572266,191.3645477294922
35,46,1837.0,47.01633071899414,244.40391540527344
35,47,1334.0,15.37556266784668,188.36431884765625
35,48,4610.0,170.65292358398438,250.88134765625
35,49,1268.0,216.6979522705078,280.0331115722656
35,50,2216.0,76.42192840576172,287.794677734375
35,51,2746.0,120.3088150024414,392.17626953125
35,52,0.0,0.0,0.0
35,53,0.0,0.0,0.0
35,54,0.0,0.0,0.0
35,55,2281.0,336.1924743652344,465.1977233886719
35,56,4182.0,29.63868904113769,391.40625
35,57,3136.0,201.15402221679688,456.6629333496094
35,58,1857.0,329.604736328125,16.242326736450195
35,59,0.0,0.0,0.0
35,60,4011.0,169.00547790527344,135.3291015625
35,61,3765.0,284.0698547363281,449.6632080078125
35,62,0.0,0.0,0.0
35,63,3011.0,219.1820068359375,22.901029586791992
35,64,0.0,0.0,0.0
35,65,0.0,0.0,0.0
35,66,5629.0,53.01900863647461,449.1851196289063
35,67,0.0,0.0,0.0
35,68,5768.0,478.9154052734375,44.52964782714844
35,69,4488.0,42.937835693359375,26.34848403930664
35,70,1495.0,148.94448852539062,13.48829460144043
35,71,7213.0,339.8597106933594,179.60238647460938
35,72,4511.0,317.90887451171875,402.1361083984375
35,73,1968.0,225.37144470214844,486.9806823730469
35,74,2827.0,406.69720458984375,19.29854965209961
35,75,3641.0,148.0164794921875,490.3622741699219
35,76,0.0,0.0,0.0
35,77,0.0,0.0,0.0
35,78,4108.0,230.4021453857422,96.27482604980467
35,79,7481.0,397.6150207519531,250.82247924804688
35,80,2712.0,279.2374572753906,495.74853515625
35,81,0.0,0.0,0.0
35,82,0.0,0.0,0.0
35,83,0.0,0.0,0.0
35,84,1254.0,71.14513397216797,497.9593200683594
35,85,1526.0,499.4692077636719,178.32830810546875
35,86,9421.0,473.4969787597656,268.92218017578125
35,87,2597.0,486.4451293945313,479.1917724609375
35,88,0.0,0.0,0.0
35,89,0.0,0.0,0.0
35,90,0.0,0.0,0.0
35,91,0.0,0.0,0.0
35,92,0.0,0.0,0.0
35,93,0.0,0.0,0.0
35,94,0.0,0.0,0.0
35,95,286.0,271.1748352050781,4.580419540405273
35,96,0.0,0.0,0.0
35,97,0.0,0.0,0.0
35,98,0.0,0.0,0.0
35,99,1120.0,253.97232055664065,359.8080444335937
35,100,0.0,0.0,0.0
35,101,0.0,0.0,0.0
35,102,0.0,0.0,0.0
35,103,0.0,0.0,0.0
35,104,0.0,0.0,0.0
35,105,0.0,0.0,0.0
35,106,0.0,0.0,0.0
35,107,0.0,0.0,0.0
35,108,0.0,0.0,0.0
35,109,0.0,0.0,0.0
35,110,0.0,0.0,0.0
35,111,0.0,0.0,0.0
35,112,0.0,0.0,0.0
35,113,0.0,0.0,0.0
35,114,0.0,0.0,0.0
35,115,0.0,0.0,0.0
35,116,0.0,0.0,0.0
35,117,0.0,0.0,0.0
35,118,0.0,0.0,0.0
35,119,0.0,0.0,0.0
35,120,0.0,0.0,0.0
35,121,0.0,0.0,0.0
35,122,0.0,0.0,0.0
35,123,0.0,0.0,0.0
35,124,0.0,0.0,0.0
35,125,0.0,0.0,0.0
35,126,0.0,0.0,0.0
35,127,0.0,0.0,0.0
35,128,0.0,0.0,0.0
35,129,0.0,0.0,0.0
35,130,0.0,0.0,0.0
35,131,0.0,0.0,0.0
35,132,0.0,0.0,0.0
35,133,0.0,0.0,0.0
35,134,0.0,0.0,0.0
35,135,0.0,0.0,0.0
35,136,0.0,0.0,0.0
35,137,0.0,0.0,0.0
35,138,0.0,0.0,0.0
35,139,0.0,0.0,0.0
35,140,0.0,0.0,0.0
35,141,0.0,0.0,0.0
35,142,0.0,0.0,0.0
35,143,0.0,0.0,0.0
35,144,0.0,0.0,0.0
35,145,0.0,0.0,0.0
35,146,0.0,0.0,0.0
35,147,0.0,0.0,0.0
35,148,0.0,0.0,0.0
35,149,0.0,0.0,0.0
35,150,0.0,0.0,0.0
35,151,0.0,0.0,0.0
35,152,0.0,0.0,0.0
35,153,0.0,0.0,0.0
35,154,0.0,0.0,0.0
35,155,0.0,0.0,0.0
35,156,0.0,0.0,0.0
35,157,0.0,0.0,0.0
35,158,0.0,0.0,0.0
35,159,0.0,0.0,0.0
36,0,1894.0,14.618796348571776,237.6187896728516
36,1,5596.0,104.30021667480467,352.0133972167969
36,2,391.0,40.565216064453125,356.0383605957031
36,3,0.0,0.0,0.0
36,4,5021.0,144.1250762939453,426.8745422363281
36,5,2087.0,117.7925262451172,80.29851531982422
36,6,4087.0,134.8338623046875,188.10716247558597
36,7,4461.0,127.17731475830078,292.2723693847656
36,8,4057.0,189.2474670410156,326.4232177734375
36,9,1353.0,199.3835906982422,366.3215026855469
36,10,4839.0,229.86795043945312,402.2688598632813
36,11,967.0,100.37745666503906,472.7166442871094
36,12,6476.0,361.849609375,65.27362823486328
36,13,3713.0,90.33719635009766,224.76568603515625
36,14,2680.0,192.95074462890625,190.0044708251953
36,15,4437.0,29.14266395568848,307.3597106933594
36,16,1218.0,169.18472290039062,35.160919189453125
36,17,5049.0,279.0568542480469,48.80609893798828
36,18,2394.0,112.21094512939452,34.81620788574219
36,19,3746.0,174.26400756835938,76.6871337890625
36,20,1447.0,10.449896812438965,112.97235870361328
36,21,593.0,227.24957275390625,140.9763946533203
36,22,1308.0,271.2140808105469,120.00764465332033
36,23,2808.0,102.63390350341795,144.42271423339844
36,24,2165.0,233.7325592041016,241.38845825195312
36,25,5172.0,265.6129150390625,295.4884033203125
36,26,0.0,0.0,0.0
36,27,4212.0,53.82858657836914,74.82478332519531
36,28,2423.0,433.6219482421875,80.3887710571289
36,29,5951.0,51.23004531860352,144.5607452392578
36,30,3258.0,319.06170654296875,114.83057403564452
36,31,292.0,292.7637023925781,140.74314880371094
36,32,5758.0,251.46543884277344,184.9963531494141
36,33,9009.0,429.2498474121094,130.58319091796875
36,34,0.0,0.0,0.0
36,35,5358.0,315.5287475585937,248.86151123046875
36,36,4680.0,416.613037109375,326.5173034667969
36,37,3930.0,297.1305236816406,338.0933837890625
36,38,4809.0,427.4279479980469,397.6331787109375
36,39,9697.0,404.5640869140625,464.6509094238281
36,40,4212.0,482.0472412109375,394.1889953613281
36,41,5539.0,360.3094482421875,355.5580444335937
36,42,210.0,47.4952392578125,340.26190185546875
36,43,0.0,0.0,0.0
36,44,3213.0,450.2794799804688,180.2994079589844
36,45,304.0,66.1151351928711,191.32237243652344
36,46,1999.0,47.2546272277832,243.2191162109375
36,47,1368.0,14.741228103637695,187.94371032714844
36,48,4550.0,171.0947265625,250.84022521972656
36,49,1275.0,216.7741241455078,279.8446960449219
36,50,2062.0,76.55625915527344,287.2007751464844
36,51,2918.0,119.85366821289062,390.4157104492188
36,52,0.0,0.0,0.0
36,53,0.0,0.0,0.0
36,54,0.0,0.0,0.0
36,55,1898.0,333.1022033691406,455.7771301269531
36,56,4305.0,29.95586585998535,391.5242614746094
36,57,3170.0,200.1447906494141,455.5914916992188
36,58,1679.0,328.7015991210937,15.567599296569824
36,59,0.0,0.0,0.0
36,60,4358.0,167.82720947265625,132.91004943847656
36,61,3496.0,282.6533203125,449.7408447265625
36,62,0.0,0.0,0.0
36,63,2891.0,218.7039031982422,22.387754440307617
36,64,0.0,0.0,0.0
36,65,0.0,0.0,0.0
36,66,5731.0,52.24864959716797,450.3210754394531
36,67,0.0,0.0,0.0
36,68,5701.0,478.91790771484375,45.05034255981445
36,69,4476.0,42.86751556396485,25.810768127441406
36,70,1500.0,148.39199829101562,13.503999710083008
36,71,7375.0,338.5179748535156,180.3236541748047
36,72,4559.0,316.0881652832031,402.06646728515625
36,73,1922.0,224.91571044921875,485.4110412597656
36,74,3061.0,406.0058898925781,20.671348571777344
36,75,3726.0,147.61459350585938,489.5869445800781
36,76,0.0,0.0,0.0
36,77,0.0,0.0,0.0
36,78,4134.0,230.8476104736328,94.5263671875
36,79,7465.0,396.3740234375,251.26443481445312
36,80,3015.0,279.6825866699219,495.8786010742188
36,81,0.0,0.0,0.0
36,82,0.0,0.0,0.0
36,83,0.0,0.0,0.0
36,84,1446.0,69.35477447509766,498.4052429199219
36,85,1636.0,498.78912353515625,177.79278564453125
36,86,9625.0,472.08538818359375,268.4209899902344
36,87,3032.0,485.6856994628906,479.5267028808594
36,88,0.0,0.0,0.0
36,89,0.0,0.0,0.0
36,90,0.0,0.0,0.0
36,91,0.0,0.0,0.0
36,92,0.0,0.0,0.0
36,93,0.0,0.0,0.0
36,94,0.0,0.0,0.0
36,95,280.0,268.9857177734375,4.974999904632568
36,96,623.0,498.7688598632813,344.7399597167969
36,97,0.0,0.0,0.0
36,98,0.0,0.0,0.0
36,99,1140.0,250.93946838378903,357.6429748535156
36,100,0.0,0.0,0.0
36,101,0.0,0.0,0.0
36,102,0.0,0.0,0.0
36,103,0.0,0.0,0.0
36,104,0.0,0.0,0.0
36,105,0.0,0.0,0.0
36,106,0.0,0.0,0.0
36,107,0.0,0.0,0.0
36,108,0.0,0.0,0.0
36,109,0.0,0.0,0.0
36,110,0.0,0.0,0.0
36,111,0.0,0.0,0.0
36,112,0.0,0.0,0.0
36,113,0.0,0.0,0.0
36,114,0.0,0.0,0.0
36,115,0.0,0.0,0.0
36,116,0.0,0.0,0.0
36,117,0.0,0.0,0.0
36,118,0.0,0.0,0.0
36,119,0.0,0.0,0.0
36,120,0.0,0.0,0.0
36,121,0.0,0.0,0.0
36,122,0.0,0.0,0.0
36,123,0.0,0.0,0.0
36,124,0.0,0.0,0.0
36,125,0.0,0.0,0.0
36,126,0.0,0.0,0.0
36,127,0.0,0.0,0.0
36,128,0.0,0.0,0.0
36,129,0.0,0.0,0.0
36,130,0.0,0.0,0.0
36,131,0.0,0.0,0.0
36,132,0.0,0.0,0.0
36,133,0.0,0.0,0.0
36,134,0.0,0.0,0.0
36,135,0.0,0.0,0.0
36,136,0.0,0.0,0.0
36,137,0.0,0.0,0.0
36,138,0.0,0.0,0.0
36,139,0.0,0.0,0.0
36,140,0.0,0.0,0.0
36,141,0.0,0.0,0.0
36,142,0.0,0.0,0.0
36,143,0.0,0.0,0.0
36,144,0.0,0.0,0.0
36,145,0.0,0.0,0.0
36,146,0.0,0.0,0.0
36,147,0.0,0.0,0.0
36,148,0.0,0.0,0.0
36,149,0.0,0.0,0.0
36,150,0.0,0.0,0.0
36,151,0.0,0.0,0.0
36,152,0.0,0.0,0.0
36,153,0.0,0.0,0.0
36,154,0.0,0.0,0.0
36,155,0.0,0.0,0.0
36,156,0.0,0.0,0.0
36,157,0.0,0.0,0.0
36,158,0.0,0.0,0.0
36,159,0.0,0.0,0.0
37,0,1793.0,14.243725776672363,238.05911254882807
37,1,5351.0,102.5638198852539,351.1739807128906
37,2,493.0,36.93914794921875,355.75860595703125
37,3,0.0,0.0,0.0
37,4,5134.0,142.287109375,426.6544494628906
37,5,2135.0,117.96159362792967,80.1067886352539
37,6,4293.0,132.0803680419922,187.05776977539065
37,7,4286.0,122.52030181884766,289.9493713378906
37,8,4781.0,187.14056396484372,325.5086669921875
37,9,1331.0,201.29150390625,366.6318664550781
37,10,4727.0,230.1605682373047,401.4658203125
37,11,670.0,99.54776000976562,472.2567138671875
37,12,5894.0,362.8372802734375,64.32218933105469
37,13,3696.0,89.98890686035156,223.96969604492188
37,14,2821.0,192.6703338623047,188.41368103027344
37,15,4934.0,32.51418685913086,306.4993896484375
37,16,1220.0,169.64590454101562,34.203277587890625
37,17,4991.0,279.2107849121094,49.06952667236328
37,18,2428.0,111.70881652832033,34.61408615112305
37,19,3638.0,175.15914916992188,75.21715545654297
37,20,1266.0,10.305686950683594,109.71011352539062
37,21,473.0,233.39111328125,138.07821655273438
37,22,1317.0,270.406982421875,119.73424530029295
37,23,2515.0,103.42823028564452,141.39999389648438
37,24,2061.0,232.13003540039065,241.08685302734372
37,25,5043.0,264.3882751464844,294.3835144042969
37,26,0.0,0.0,0.0
37,27,4357.0,53.7358283996582,75.34220886230469
37,28,2436.0,432.5743103027344,80.23194122314453
37,29,5917.0,49.96890258789063,144.451416015625
37,30,3502.0,320.42803955078125,113.82038879394533
37,31,294.0,289.3775634765625,139.72789001464844
37,32,5611.0,249.94528198242188,185.03903198242188
37,33,9056.0,428.1923522949219,130.7781524658203
37,34,0.0,0.0,0.0
37,35,5144.0,312.8965759277344,247.69964599609372
37,36,5109.0,416.0510864257813,326.3761901855469
37,37,3893.0,295.5918273925781,337.3863220214844
37,38,5119.0,428.320556640625,398.6247253417969
37,39,9768.0,404.0312194824219,464.6070861816406
37,40,3892.0,481.1153564453125,393.024658203125
37,41,5491.0,359.134033203125,355.47186279296875
37,42,172.0,48.75,341.5348815917969
37,43,0.0,0.0,0.0
37,44,2825.0,445.4460144042969,181.3040771484375
37,45,304.0,66.69407653808594,188.59539794921875
37,46,2080.0,47.02163314819336,242.07452392578125
37,47,1452.0,14.60881519317627,187.9256134033203
37,48,4533.0,170.7054901123047,250.4237823486328
37,49,1222.0,217.04010009765625,278.59820556640625
37,50,1417.0,78.05363464355469,283.1813659667969
37,51,3074.0,120.5341567993164,388.6415100097656
37,52,0.0,0.0,0.0
37,53,0.0,0.0,0.0
37,54,0.0,0.0,0.0
37,55,1770.0,329.69830322265625,458.0321960449219
37,56,4165.0,30.54909896850586,392.8861999511719
37,57,3338.0,199.905029296875,454.87298583984375
37,58,1852.0,327.9886474609375,17.68304443359375
37,59,0.0,0.0,0.0
37,60,4510.0,168.09889221191406,131.246337890625
37,61,3272.0,281.286376953125,449.5220031738281
37,62,0.0,0.0,0.0
37,63,2840.0,218.91162109375,22.13380241394043
37,64,0.0,0.0,0.0
37,65,0.0,0.0,0.0
37,66,5538.0,52.51607131958008,449.926513671875
37,67,0.0,0.0,0.0
37,68,5660.0,478.6842651367188,44.87632369995117
37,69,4444.0,42.654815673828125,25.26125144958496
37,70,1470.0,147.7857208251953,13.36938762664795
37,71,7530.0,336.9134216308594,180.4359893798828
37,72,4765.0,315.2801818847656,402.4541320800781
37,73,1842.0,225.3604736328125,484.5597229003906
37,74,3168.0,406.84564208984375,21.315025329589844
37,75,3850.0,146.89195251464844,488.9701232910156
37,76,0.0,0.0,0.0
37,77,0.0,0.0,0.0
37,78,4111.0,230.85137939453125,93.7387466430664
37,79,7511.0,394.5499877929688,251.469970703125
37,80,3053.0,278.45758056640625,495.3439331054688
37,81,0.0,0.0,0.0
37,82,0.0,0.0,0.0
37,83,0.0,0.0,0.0
37,84,1697.0,70.34354400634766,498.2828369140625
37,85,1884.0,496.2154846191406,180.29139709472656
37,86,9685.0,471.0506896972656,268.3584899902344
37,87,2551.0,485.3445739746094,481.6248474121094
37,88,0.0,0.0,0.0
37,89,0.0,0.0,0.0
37,90,0.0,0.0,0.0
37,91,0.0,0.0,0.0
37,92,0.0,0.0,0.0
37,93,0.0,0.0,0.0
37,94,0.0,0.0,0.0
37,95,236.0,267.7754211425781,5.51694917678833
37,96,458.0,500.4432373046875,344.4192199707031
37,97,404.0,11.571782112121582,473.1361389160156
37,98,0.0,0.0,0.0
37,99,951.0,252.7728729248047,357.23974609375
37,100,0.0,0.0,0.0
37,101,0.0,0.0,0.0
37,102,0.0,0.0,0.0
37,103,0.0,0.0,0.0
37,104,0.0,0.0,0.0
37,105,0.0,0.0,0.0
37,106,0.0,0.0,0.0
37,107,0.0,0.0,0.0
37,108,0.0,0.0,0.0
37,109,0.0,0.0,0.0
37,110,0.0,0.0,0.0
37,111,0.0,0.0,0.0
37,112,0.0,0.0,0.0
37,113,0.0,0.0,0.0
37,114,0.0,0.0,0.0
37,115,0.0,0.0,0.0
37,116,0.0,0.0,0.0
37,117,0.0,0.0,0.0
37,118,0.0,0.0,0.0
37,119,0.0,0.0,0.0
37,120,0.0,0.0,0.0
37,121,0.0,0.0,0.0
37,122,0.0,0.0,0.0
37,123,0.0,0.0,0.0
37,124,0.0,0.0,0.0
37,125,0.0,0.0,0.0
37,126,0.0,0.0,0.0
37,127,0.0,0.0,0.0
37,128,0.0,0.0,0.0
37,129,0.0,0.0,0.0
37,130,0.0,0.0,0.0
37,131,0.0,0.0,0.0
37,132,0.0,0.0,0.0
37,133,0.0,0.0,0.0
37,134,0.0,0.0,0.0
37,135,0.0,0.0,0.0
37,136,0.0,0.0,0.0
37,137,0.0,0.0,0.0
37,138,0.0,0.0,0.0
37,139,0.0,0.0,0.0
37,140,0.0,0.0,0.0
37,141,0.0,0.0,0.0
37,142,0.0,0.0,0.0
37,143,0.0,0.0,0.0
37,144,0.0,0.0,0.0
37,145,0.0,0.0,0.0
37,146,0.0,0.0,0.0
37,147,0.0,0.0,0.0
37,148,0.0,0.0,0.0
37,149,0.0,0.0,0.0
37,150,0.0,0.0,0.0
37,151,0.0,0.0,0.0
37,152,0.0,0.0,0.0
37,153,0.0,0.0,0.0
37,154,0.0,0.0,0.0
37,155,0.0,0.0,0.0
37,156,0.0,0.0,0.0
37,157,0.0,0.0,0.0
37,158,0.0,0.0,0.0
37,159,0.0,0.0,0.0
38,0,1648.0,13.495145797729492,238.03579711914065
38,1,4823.0,102.7205047607422,349.2025756835937
38,2,592.0,43.07939147949219,359.2010192871094
38,3,0.0,0.0,0.0
38,4,5396.0,140.07376098632812,426.7413024902344
38,5,2202.0,117.92279815673828,79.217529296875
38,6,4479.0,130.28175354003906,186.39450073242188
38,7,4258.0,121.166748046875,288.5
38,8,4907.0,185.0052947998047,324.0002136230469
38,9,1360.0,203.0367584228516,365.189697265625
38,10,4586.0,228.9749298095703,401.6480712890625
38,11,526.0,98.56654357910156,472.5133056640625
38,12,5448.0,361.8294677734375,64.12738800048828
38,13,3307.0,91.51527404785156,224.1998748779297
38,14,2903.0,192.1663818359375,187.68032836914065
38,15,4691.0,30.70411491394043,307.043701171875
38,16,1236.0,169.32281494140625,33.667476654052734
38,17,4649.0,279.1774597167969,48.86104583740234
38,18,2412.0,110.44278717041016,34.272804260253906
38,19,3507.0,176.4128875732422,73.26490020751953
38,20,1177.0,9.847068786621094,109.276123046875
38,21,480.0,241.12290954589844,133.7395782470703
38,22,1185.0,273.0084533691406,118.12911224365234
38,23,2213.0,105.0388641357422,139.94261169433594
38,24,2018.0,230.1803741455078,241.38552856445312
38,25,4916.0,263.71197509765625,294.2103271484375
38,26,0.0,0.0,0.0
38,27,4361.0,53.54689407348633,75.53130340576172
38,28,2618.0,431.2589721679688,81.01336669921875
38,29,6005.0,50.70824432373047,143.6093292236328
38,30,3603.0,320.3802490234375,111.70941162109376
38,31,282.0,291.96099853515625,139.65957641601562
38,32,5633.0,248.7187957763672,183.77490234375
38,33,9136.0,427.26116943359375,131.78514099121094
38,34,0.0,0.0,0.0
38,35,5194.0,310.5978088378906,248.59202575683597
38,36,5078.0,420.6902465820313,328.6126403808594
38,37,3954.0,293.81158447265625,337.1201171875
38,38,5406.0,429.1847839355469,399.7830200195313
38,39,9367.0,401.1760559082031,464.9402160644531
38,40,3639.0,482.0071411132813,394.02252197265625
38,41,5688.0,359.0986328125,355.1365966796875
38,42,277.0,49.671478271484375,341.2599182128906
38,43,0.0,0.0,0.0
38,44,2646.0,441.9988708496094,182.6810302734375
38,45,367.0,68.09264373779297,187.4686584472656
38,46,2447.0,47.03718948364258,240.89251708984372
38,47,1531.0,15.091443061828612,187.23971557617188
38,48,4392.0,170.07286071777344,249.84927368164065
38,49,1163.0,216.4342193603516,278.06964111328125
38,50,1555.0,76.74726867675781,283.8778076171875
38,51,3336.0,122.5452651977539,386.2610778808594
38,52,0.0,0.0,0.0
38,53,0.0,0.0,0.0
38,54,0.0,0.0,0.0
38,55,1595.0,328.7573547363281,458.322265625
38,56,4143.0,30.839006423950195,392.4919128417969
38,57,3340.0,199.7490997314453,454.66107177734375
38,58,2061.0,329.2333679199219,18.33867073059082
38,59,0.0,0.0,0.0
38,60,4820.0,168.8842315673828,128.99314880371094
38,61,3293.0,281.5757751464844,450.1339111328125
38,62,0.0,0.0,0.0
38,63,2674.0,218.32647705078125,21.02879524230957
38,64,0.0,0.0,0.0
38,65,0.0,0.0,0.0
38,66,5784.0,48.50881576538086,451.3345336914063
38,67,0.0,0.0,0.0
38,68,5670.0,479.00140380859375,45.35238265991211
38,69,4381.0,42.11161804199219,24.9947509765625
38,70,1481.0,146.6866912841797,13.214719772338867
38,71,7671.0,335.2071533203125,181.2256622314453
38,72,5005.0,314.9764099121094,402.9576416015625
38,73,1867.0,225.5313262939453,484.2035217285156
38,74,3246.0,409.0754699707031,22.853973388671875
38,75,3893.0,146.74415588378906,488.75006103515625
38,76,0.0,0.0,0.0
38,77,0.0,0.0,0.0
38,78,4192.0,232.2535858154297,91.13287353515624
38,79,7384.0,392.84954833984375,252.748779296875
38,80,2781.0,274.8173217773437,494.828125
38,81,0.0,0.0,0.0
38,82,0.0,0.0,0.0
38,83,0.0,0.0,0.0
38,84,1831.0,69.96996307373047,497.5914916992188
38,85,1966.0,495.0707092285156,181.3809814453125
38,86,9818.0,469.3770751953125,266.7689819335937
38,87,2648.0,483.0445556640625,483.5162353515625
38,88,0.0,0.0,0.0
38,89,0.0,0.0,0.0
38,90,0.0,0.0,0.0
38,91,0.0,0.0,0.0
38,92,0.0,0.0,0.0
38,93,0.0,0.0,0.0
38,94,0.0,0.0,0.0
38,95,351.0,269.7492980957031,5.282051086425781
38,96,0.0,0.0,0.0
38,97,0.0,0.0,0.0
38,98,441.0,500.4376525878906,338.26983642578125
38,99,956.0,250.5313873291016,357.1568908691406
38,100,0.0,0.0,0.0
38,101,0.0,0.0,0.0
38,102,0.0,0.0,0.0
38,103,0.0,0.0,0.0
38,104,0.0,0.0,0.0
38,105,0.0,0.0,0.0
38,106,0.0,0.0,0.0
38,107,0.0,0.0,0.0
38,108,0.0,0.0,0.0
38,109,0.0,0.0,0.0
38,110,0.0,0.0,0.0
38,111,0.0,0.0,0.0
38,112,0.0,0.0,0.0
38,113,0.0,0.0,0.0
38,114,0.0,0.0,0.0
38,115,0.0,0.0,0.0
38,116,0.0,0.0,0.0
38,117,0.0,0.0,0.0
38,118,0.0,0.0,0.0
38,119,0.0,0.0,0.0
38,120,0.0,0.0,0.0
38,121,0.0,0.0,0.0
38,122,0.0,0.0,0.0
38,123,0.0,0.0,0.0
38,124,0.0,0.0,0.0
38,125,0.0,0.0,0.0
38,126,0.0,0.0,0.0
38,127,0.0,0.0,0.0
38,128,0.0,0.0,0.0
38,129,0.0,0.0,0.0
38,130,0.0,0.0,0.0
38,131,0.0,0.0,0.0
38,132,0.0,0.0,0.0
38,133,0.0,0.0,0.0
38,134,0.0,0.0,0.0
38,135,0.0,0.0,0.0
38,136,0.0,0.0,0.0
38,137,0.0,0.0,0.0
38,138,0.0,0.0,0.0
38,139,0.0,0.0,0.0
38,140,0.0,0.0,0.0
38,141,0.0,0.0,0.0
38,142,0.0,0.0,0.0
38,143,0.0,0.0,0.0
38,144,0.0,0.0,0.0
38,145,0.0,0.0,0.0
38,146,0.0,0.0,0.0
38,147,0.0,0.0,0.0
38,148,0.0,0.0,0.0
38,149,0.0,0.0,0.0
38,150,0.0,0.0,0.0
38,151,0.0,0.0,0.0
38,152,0.0,0.0,0.0
38,153,0.0,0.0,0.0
38,154,0.0,0.0,0.0
38,155,0.0,0.0,0.0
38,156,0.0,0.0,0.0
38,157,0.0,0.0,0.0
38,158,0.0,0.0,0.0
38,159,0.0,0.0,0.0
39,0,1522.0,12.571616172790527,237.0794982910156
39,1,4567.0,99.03087615966795,347.416015625
39,2,464.0,46.10129165649414,359.9375
39,3,0.0,0.0,0.0
39,4,5368.0,138.71759033203125,426.8966064453125
39,5,2174.0,119.23780822753906,77.66789245605469
39,6,4660.0,127.69956970214844,187.2257537841797
39,7,4412.0,118.09133911132812,286.9462890625
39,8,5059.0,183.30657958984372,322.9557189941406
39,9,1136.0,200.62852478027344,364.1170654296875
39,10,4637.0,228.19430541992188,401.0442199707031
39,11,573.0,100.70506286621094,472.6090698242188
39,12,4805.0,362.02435302734375,63.01977157592773
39,13,2700.0,94.30851745605467,226.5559234619141
39,14,3119.0,191.5152282714844,186.62103271484372
39,15,4820.0,31.45103645324707,306.0251159667969
39,16,1275.0,169.2682342529297,33.25568771362305
39,17,4365.0,280.31317138671875,46.87880706787109
39,18,2427.0,109.3951416015625,34.136383056640625
39,19,3311.0,178.0806427001953,71.69979095458984
39,20,1062.0,9.47269344329834,109.1572494506836
39,21,311.0,240.3054656982422,131.30224609375
39,22,1153.0,274.1300964355469,115.62445831298828
39,23,2137.0,105.51006317138672,139.81890869140625
39,24,2080.0,229.4937438964844,241.46778869628903
39,25,4671.0,263.88055419921875,293.9537658691406
39,26,0.0,0.0,0.0
39,27,4481.0,52.6221809387207,75.42178344726562
39,28,2832.0,429.654296875,81.48516845703125
39,29,6174.0,51.24522018432617,143.0275421142578
39,30,3707.0,322.3113098144531,108.42459869384766
39,31,388.0,292.4510192871094,137.58763122558594
39,32,5692.0,247.93955993652344,181.166015625
39,33,8888.0,427.5465698242188,130.84518432617188
39,34,0.0,0.0,0.0
39,35,5461.0,310.6072082519531,248.55484008789065
39,36,4854.0,418.470947265625,328.803466796875
39,37,4210.0,292.2707824707031,336.5484619140625
39,38,6014.0,430.2214965820313,401.072998046875
39,39,8624.0,398.3262939453125,464.6986389160156
39,40,3398.0,484.578857421875,392.81549072265625
39,41,5543.0,358.49737548828125,354.702880859375
39,42,337.0,43.89020919799805,343.23443603515625
39,43,0.0,0.0,0.0
39,44,3116.0,441.2564086914063,181.83729553222656
39,45,420.0,68.84761810302734,188.9071502685547
39,46,2826.0,47.77671432495117,239.150390625
39,47,1541.0,15.215444564819336,187.1881866455078
39,48,4272.0,169.91058349609375,249.6619873046875
39,49,1202.0,216.8327789306641,278.1048278808594
39,50,1115.0,75.95964050292969,281.7318420410156
39,51,3665.0,124.79208374023438,384.48541259765625
39,52,0.0,0.0,0.0
39,53,0.0,0.0,0.0
39,54,0.0,0.0,0.0
39,55,1419.0,326.6849975585937,458.5447387695313
39,56,4241.0,30.79981231689453,391.7901306152344
39,57,3605.0,199.4366149902344,454.5212097167969
39,58,2227.0,330.2433776855469,18.48226356506348
39,59,0.0,0.0,0.0
39,60,5094.0,169.02316284179688,126.53494262695312
39,61,3196.0,281.6023254394531,449.4005126953125
39,62,0.0,0.0,0.0
39,63,2597.0,218.48324584960935,20.18020820617676
39,64,0.0,0.0,0.0
39,65,0.0,0.0,0.0
39,66,5645.0,48.46235656738281,450.9178161621094
39,67,0.0,0.0,0.0
39,68,5677.0,478.6919250488281,45.078739166259766
39,69,4272.0,41.72846603393555,24.58965301513672
39,70,1474.0,145.81207275390625,12.86702823638916
39,71,7786.0,333.66851806640625,180.3095245361328
39,72,5093.0,315.71783447265625,402.8656921386719
39,73,1834.0,226.712646484375,484.0932312011719
39,74,3318.0,409.3360595703125,23.330923080444336
39,75,3768.0,147.39410400390625,489.4020690917969
39,76,0.0,0.0,0.0
39,77,0.0,0.0,0.0
39,78,4311.0,234.97378540039065,88.12062072753906
39,79,7165.0,392.7500305175781,252.96734619140625
39,80,2893.0,276.8119506835937,494.7860412597656
39,81,0.0,0.0,0.0
39,82,0.0,0.0,0.0
39,83,0.0,0.0,0.0
39,84,1849.0,71.50675964355469,497.2006530761719
39,85,2005.0,496.0653381347656,177.87730407714844
39,86,9980.0,468.6754455566406,266.9313659667969
39,87,2917.0,480.4806213378906,482.7946472167969
39,88,0.0,0.0,0.0
39,89,0.0,0.0,0.0
39,90,0.0,0.0,0.0
39,91,0.0,0.0,0.0
39,92,0.0,0.0,0.0
39,93,0.0,0.0,0.0
39,94,0.0,0.0,0.0
39,95,354.0,269.9548034667969,5.231638431549072
39,96,0.0,0.0,0.0
39,97,0.0,0.0,0.0
39,98,627.0,499.2392272949219,338.4609375
39,99,1056.0,247.1344757080078,358.70928955078125
39,100,813.0,349.8290405273437,500.1808166503906
39,101,0.0,0.0,0.0
39,102,0.0,0.0,0.0
39,103,0.0,0.0,0.0
39,104,0.0,0.0,0.0
39,105,0.0,0.0,0.0
39,106,0.0,0.0,0.0
39,107,0.0,0.0,0.0
39,108,0.0,0.0,0.0
39,109,0.0,0.0,0.0
39,110,0.0,0.0,0.0
39,111,0.0,0.0,0.0
39,112,0.0,0.0,0.0
39,113,0.0,0.0,0.0
39,114,0.0,0.0,0.0
39,115,0.0,0.0,0.0
39,116,0.0,0.0,0.0
39,117,0.0,0.0,0.0
39,118,0.0,0.0,0.0
39,119,0.0,0.0,0.0
39,120,0.0,0.0,0.0
39,121,0.0,0.0,0.0
39,122,0.0,0.0,0.0
39,123,0.0,0.0,0.0
39,124,0.0,0.0,0.0
39,125,0.0,0.0,0.0
39,126,0.0,0.0,0.0
39,127,0.0,0.0,0.0
39,128,0.0,0.0,0.0
39,129,0.0,0.0,0.0
39,130,0.0,0.0,0.0
39,131,0.0,0.0,0.0
39,132,0.0,0.0,0.0
39,133,0.0,0.0,0.0
39,134,0.0,0.0,0.0
39,135,0.0,0.0,0.0
39,136,0.0,0.0,0.0
39,137,0.0,0.0,0.0
39,138,0.0,0.0,0.0
39,139,0.0,0.0,0.0
39,140,0.0,0.0,0.0
39,141,0.0,0.0,0.0
39,142,0.0,0.0,0.0
39,143,0.0,0.0,0.0
39,144,0.0,0.0,0.0
39,145,0.0,0.0,0.0
39,146,0.0,0.0,0.0
39,147,0.0,0.0,0.0
39,148,0.0,0.0,0.0
39,149,0.0,0.0,0.0
39,150,0.0,0.0,0.0
39,151,0.0,0.0,0.0
39,152,0.0,0.0,0.0
39,153,0.0,0.0,0.0
39,154,0.0,0.0,0.0
39,155,0.0,0.0,0.0
39,156,0.0,0.0,0.0
39,157,0.0,0.0,0.0
39,158,0.0,0.0,0.0
39,159,0.0,0.0,0.0
40,0,1421.0,11.572835922241213,237.1766357421875
40,1,4286.0,95.7925796508789,346.70953369140625
40,2,430.0,44.05581283569336,358.5511779785156
40,3,0.0,0.0,0.0
40,4,5644.0,138.17930603027344,426.58203125
40,5,2160.0,119.94444274902344,77.39027404785156
40,6,4737.0,125.92337036132812,187.8784027099609
40,7,4090.0,116.05477142333984,285.9313049316406
40,8,5548.0,181.85797119140625,321.1068725585937
40,9,1015.0,199.8620758056641,363.7812805175781
40,10,4489.0,228.3145446777344,400.9857482910156
40,11,548.0,102.21533203125,473.02191162109375
40,12,4165.0,362.7728576660156,62.12268829345703
40,13,2357.0,96.0144271850586,227.3589324951172
40,14,3182.0,190.71746826171875,186.61219787597656
40,15,4754.0,31.46129608154297,306.1821594238281
40,16,1323.0,169.87225341796875,33.1020393371582
40,17,4089.0,279.8811340332031,47.217411041259766
40,18,2516.0,108.7484130859375,34.69435501098633
40,19,3121.0,179.2659454345703,71.27202606201172
40,20,961.0,9.002080917358398,109.44224548339844
40,21,261.0,241.0229949951172,130.4214630126953
40,22,1029.0,275.3323669433594,114.0097198486328
40,23,2014.0,105.4190673828125,141.56106567382812
40,24,2093.0,229.33444213867188,241.67320251464844
40,25,4373.0,265.6103210449219,292.2469787597656
40,26,0.0,0.0,0.0
40,27,4522.0,52.118309020996094,76.27775573730469
40,28,2920.0,428.90032958984375,80.27157592773438
40,29,6304.0,51.94321060180664,142.6613311767578
40,30,4086.0,323.9493408203125,106.89745330810548
40,31,346.0,287.2485656738281,138.089599609375
40,32,5689.0,247.515380859375,180.2373046875
40,33,8760.0,428.3335571289063,129.66427612304688
40,34,0.0,0.0,0.0
40,35,5430.0,310.17218017578125,247.8592987060547
40,36,5072.0,419.1447143554688,329.6151428222656
40,37,4279.0,293.0572509765625,334.5318908691406
40,38,6971.0,433.0850524902344,402.7799377441406
40,39,8050.0,392.94049072265625,465.32025146484375
40,40,2422.0,489.7056274414063,393.4599609375
40,41,5551.0,358.4208374023437,354.84307861328125
40,42,392.0,41.448978424072266,343.7933654785156
40,43,0.0,0.0,0.0
40,44,3177.0,437.4328002929688,181.19798278808597
40,45,399.0,65.160400390625,192.16542053222656
40,46,3152.0,48.22779083251953,239.49777221679688
40,47,1552.0,15.252577781677246,187.52963256835935
40,48,4276.0,169.4927520751953,249.53858947753903
40,49,1166.0,218.09776306152344,277.84991455078125
40,50,1122.0,76.62744903564453,282.4224548339844
40,51,3842.0,125.5676727294922,382.6660461425781
40,52,0.0,0.0,0.0
40,53,0.0,0.0,0.0
40,54,0.0,0.0,0.0
40,55,1220.0,324.353271484375,455.6180419921875
40,56,4176.0,31.4940128326416,392.1355285644531
40,57,3754.0,200.29861450195312,454.1611633300781
40,58,2729.0,331.8398742675781,19.02235221862793
40,59,0.0,0.0,0.0
40,60,5366.0,169.51211547851562,125.60734558105467
40,61,2920.0,281.41748046875,449.46575927734375
40,62,0.0,0.0,0.0
40,63,2525.0,218.3445587158203,20.287919998168945
40,64,0.0,0.0,0.0
40,65,0.0,0.0,0.0
40,66,5657.0,47.71575164794922,451.4923095703125
40,67,0.0,0.0,0.0
40,68,5612.0,479.7286071777344,44.52708435058594
40,69,4209.0,41.46329116821289,24.61534881591797
40,70,1499.0,143.89126586914062,13.132755279541016
40,71,7890.0,332.76690673828125,179.67147827148438
40,72,5242.0,314.6728210449219,402.4778747558594
40,73,1691.0,228.43702697753903,482.9225158691406
40,74,3374.0,411.3636779785156,23.33402442932129
40,75,3757.0,148.2368927001953,489.6741943359375
40,76,0.0,0.0,0.0
40,77,0.0,0.0,0.0
40,78,4357.0,236.33441162109372,87.07367706298828
40,79,6941.0,392.6638793945313,254.0532989501953
40,80,2871.0,274.964111328125,493.88470458984375
40,81,0.0,0.0,0.0
40,82,0.0,0.0,0.0
40,83,0.0,0.0,0.0
40,84,1893.0,71.66349792480469,497.7665100097656
40,85,2187.0,495.6703186035156,178.29583740234375
40,86,10028.0,467.6940612792969,264.38104248046875
40,87,4231.0,481.77783203125,474.3918762207031
40,88,0.0,0.0,0.0
40,89,0.0,0.0,0.0
40,90,0.0,0.0,0.0
40,91,0.0,0.0,0.0
40,92,0.0,0.0,0.0
40,93,0.0,0.0,0.0
40,94,0.0,0.0,0.0
40,95,418.0,269.595703125,5.971292018890381
40,96,0.0,0.0,0.0
40,97,0.0,0.0,0.0
40,98,877.0,498.283935546875,337.8586120605469
40,99,1330.0,245.20977783203125,356.509033203125
40,100,763.0,360.5753479003906,500.27392578125
40,101,375.0,322.67999267578125,502.01068115234375
40,102,0.0,0.0,0.0
40,103,0.0,0.0,0.0
40,104,0.0,0.0,0.0
40,105,0.0,0.0,0.0
40,106,0.0,0.0,0.0
40,107,0.0,0.0,0.0
40,108,0.0,0.0,0.0
40,109,0.0,0.0,0.0
40,110,0.0,0.0,0.0
40,111,0.0,0.0,0.0
40,112,0.0,0.0,0.0
40,113,0.0,0.0,0.0
40,114,0.0,0.0,0.0
40,115,0.0,0.0,0.0
40,116,0.0,0.0,0.0
40,117,0.0,0.0,0.0
40,118,0.0,0.0,0.0
40,119,0.0,0.0,0.0
40,120,0.0,0.0,0.0
40,121,0.0,0.0,0.0
40,122,0.0,0.0,0.0
40,123,0.0,0.0,0.0
40,124,0.0,0.0,0.0
40,125,0.0,0.0,0.0
40,126,0.0,0.0,0.0
40,127,0.0,0.0,0.0
40,128,0.0,0.0,0.0
40,129,0.0,0.0,0.0
40,130,0.0,0.0,0.0
40,131,0.0,0.0,0.0
40,132,0.0,0.0,0.0
40,133,0.0,0.0,0.0
40,134,0.0,0.0,0.0
40,135,0.0,0.0,0.0
40,136,0.0,0.0,0.0
40,137,0.0,0.0,0.0
40,138,0.0,0.0,0.0
40,139,0.0,0.0,0.0
40,140,0.0,0.0,0.0
40,141,0.0,0.0,0.0
40,142,0.0,0.0,0.0
40,143,0.0,0.0,0.0
40,144,0.0,0.0,0.0
40,145,0.0,0.0,0.0
40,146,0.0,0.0,0.0
40,147,0.0,0.0,0.0
40,148,0.0,0.0,0.0
40,149,0.0,0.0,0.0
40,150,0.0,0.0,0.0
40,151,0.0,0.0,0.0
40,152,0.0,0.0,0.0
40,153,0.0,0.0,0.0
40,154,0.0,0.0,0.0
40,155,0.0,0.0,0.0
40,156,0.0,0.0,0.0
40,157,0.0,0.0,0.0
40,158,0.0,0.0,0.0
40,159,0.0,0.0,0.0
41,0,1326.0,11.070889472961426,236.1380157470703
41,1,4041.0,92.7057647705078,344.6290588378906
41,2,377.0,45.67374038696289,358.25994873046875
41,3,0.0,0.0,0.0
41,4,5860.0,137.3460693359375,425.5541076660156
41,5,2066.0,119.19313049316406,77.92110443115234
41,6,5055.0,123.33016967773438,188.13946533203125
41,7,3739.0,117.5688705444336,283.3078308105469
41,8,5978.0,181.36767578125,319.15875244140625
41,9,1080.0,199.4120330810547,363.3351745605469
41,10,4348.0,229.00230407714844,401.0552062988281
41,11,554.0,102.46570587158205,475.1335754394531
41,12,3779.0,362.85552978515625,62.07832717895508
41,13,1707.0,100.3766860961914,229.42002868652344
41,14,3281.0,190.3462371826172,185.09600830078125
41,15,5026.0,33.68503952026367,304.0372009277344
41,16,1437.0,169.9032745361328,32.409881591796875
41,17,3918.0,279.5604858398437,46.0558967590332
41,18,2837.0,105.82234954833984,33.357418060302734
41,19,2839.0,179.76365661621094,69.45333099365234
41,20,870.0,8.95862102508545,109.0873565673828
41,21,294.0,243.63604736328125,126.70068359375
41,22,630.0,270.0825500488281,118.4031753540039
41,23,2009.0,106.0746612548828,140.69337463378906
41,24,2128.0,228.7857208251953,240.99717712402344
41,25,3904.0,266.5801696777344,290.7351379394531
41,26,0.0,0.0,0.0
41,27,4558.0,51.389644622802734,76.41509246826172
41,28,3159.0,428.5666198730469,80.5495376586914
41,29,6341.0,51.95269012451172,142.54376220703125
41,30,4674.0,320.35302734375,105.59648895263672
41,31,354.0,287.61016845703125,137.08192443847656
41,32,5699.0,246.94754028320312,178.83505249023438
41,33,8671.0,427.3324890136719,129.6875762939453
41,34,0.0,0.0,0.0
41,35,5482.0,309.9277648925781,247.70083618164065
41,36,5057.0,417.5619812011719,329.4289245605469
41,37,4307.0,292.2509765625,333.2279968261719
41,38,7362.0,433.6343383789063,402.40234375
41,39,7745.0,389.2923278808594,465.4251708984375
41,40,2343.0,491.5979614257813,394.4267883300781
41,41,5523.0,357.242431640625,355.1790771484375
41,42,354.0,37.13559341430664,344.91241455078125
41,43,0.0,0.0,0.0
41,44,3296.0,434.8482971191406,181.58221435546875
41,45,402.0,65.39801025390625,193.47015380859372
41,46,3413.0,49.16993713378906,238.31292724609372
41,47,1582.0,15.13211154937744,186.93804931640625
41,48,4193.0,169.9093780517578,248.37109375
41,49,1149.0,220.4943389892578,277.0591735839844
41,50,1155.0,82.20692443847656,280.7930603027344
41,51,4032.0,124.65724182128906,380.5535583496094
41,52,0.0,0.0,0.0
41,53,0.0,0.0,0.0
41,54,0.0,0.0,0.0
41,55,1053.0,323.146240234375,454.2402648925781
41,56,4188.0,31.88371467590332,391.1728820800781
41,57,3922.0,200.8151397705078,453.2534484863281
41,58,2976.0,332.9855651855469,19.717405319213867
41,59,0.0,0.0,0.0
41,60,5489.0,170.04281616210938,122.93350219726562
41,61,2753.0,283.18560791015625,451.1100769042969
41,62,0.0,0.0,0.0
41,63,2447.0,218.3535003662109,19.744585037231445
41,64,0.0,0.0,0.0
41,65,0.0,0.0,0.0
41,66,5821.0,45.33551025390625,452.676513671875
41,67,0.0,0.0,0.0
41,68,5502.0,479.6748352050781,43.91330337524414
41,69,3893.0,37.79476165771485,25.465707778930664
41,70,1473.0,142.67820739746094,13.306857109069824
41,71,7822.0,331.3694763183594,179.7876434326172
41,72,5407.0,312.8013610839844,402.3833923339844
41,73,1794.0,229.3913116455078,483.0306701660156
41,74,3384.0,411.515380859375,22.791074752807617
41,75,3729.0,149.48512268066406,489.07427978515625
41,76,0.0,0.0,0.0
41,77,0.0,0.0,0.0
41,78,4309.0,236.22000122070312,84.1450424194336
41,79,6700.0,390.6316528320313,255.0349273681641
41,80,2653.0,273.28570556640625,494.0610656738281
41,81,0.0,0.0,0.0
41,82,0.0,0.0,0.0
41,83,0.0,0.0,0.0
41,84,2004.0,72.80538940429688,497.2724609375
41,85,2433.0,494.62103271484375,178.1496124267578
41,86,10165.0,466.8357238769531,264.2649230957031
41,87,4600.0,480.5315246582031,474.78759765625
41,88,0.0,0.0,0.0
41,89,0.0,0.0,0.0
41,90,0.0,0.0,0.0
41,91,0.0,0.0,0.0
41,92,0.0,0.0,0.0
41,93,0.0,0.0,0.0
41,94,0.0,0.0,0.0
41,95,394.0,270.0812072753906,5.469542980194092
41,96,0.0,0.0,0.0
41,97,0.0,0.0,0.0
41,98,935.0,497.72406005859375,338.5903625488281
41,99,1398.0,244.53933715820312,355.2897033691406
41,100,658.0,369.6778259277344,501.5303955078125
41,101,735.0,325.7727966308594,500.9346923828125
41,102,492.0,18.091463088989254,499.8008117675781
41,103,0.0,0.0,0.0
41,104,0.0,0.0,0.0
41,105,0.0,0.0,0.0
41,106,0.0,0.0,0.0
41,107,0.0,0.0,0.0
41,108,0.0,0.0,0.0
41,109,0.0,0.0,0.0
41,110,0.0,0.0,0.0
41,111,0.0,0.0,0.0
41,112,0.0,0.0,0.0
41,113,0.0,0.0,0.0
41,114,0.0,0.0,0.0
41,115,0.0,0.0,0.0
41,116,0.0,0.0,0.0
41,117,0.0,0.0,0.0
41,118,0.0,0.0,0.0
41,119,0.0,0.0,0.0
41,120,0.0,0.0,0.0
41,121,0.0,0.0,0.0
41,122,0.0,0.0,0.0
41,123,0.0,0.0,0.0
41,124,0.0,0.0,0.0
41,125,0.0,0.0,0.0
41,126,0.0,0.0,0.0
41,127,0.0,0.0,0.0
41,128,0.0,0.0,0.0
41,129,0.0,0.0,0.0
41,130,0.0,0.0,0.0
41,131,0.0,0.0,0.0
41,132,0.0,0.0,0.0
41,133,0.0,0.0,0.0
41,134,0.0,0.0,0.0
41,135,0.0,0.0,0.0
41,136,0.0,0.0,0.0
41,137,0.0,0.0,0.0
41,138,0.0,0.0,0.0
41,139,0.0,0.0,0.0
41,140,0.0,0.0,0.0
41,141,0.0,0.0,0.0
41,142,0.0,0.0,0.0
41,143,0.0,0.0,0.0
41,144,0.0,0.0,0.0
41,145,0.0,0.0,0.0
41,146,0.0,0.0,0.0
41,147,0.0,0.0,0.0
41,148,0.0,0.0,0.0
41,149,0.0,0.0,0.0
41,150,0.0,0.0,0.0
41,151,0.0,0.0,0.0
41,152,0.0,0.0,0.0
41,153,0.0,0.0,0.0
41,154,0.0,0.0,0.0
41,155,0.0,0.0,0.0
41,156,0.0,0.0,0.0
41,157,0.0,0.0,0.0
41,158,0.0,0.0,0.0
41,159,0.0,0.0,0.0
42,0,1221.0,10.223587036132812,236.3398895263672
42,1,3682.0,91.00027465820312,343.1415100097656
42,2,406.0,47.89655303955078,358.7955627441406
42,3,0.0,0.0,0.0
42,4,5850.0,137.17794799804688,424.4936828613281
42,5,2121.0,119.97312927246094,78.16454315185547
42,6,5268.0,120.8496551513672,187.90756225585935
42,7,4017.0,116.72367095947266,281.709228515625
42,8,6284.0,181.38113403320312,318.66900634765625
42,9,884.0,198.14366149902344,362.3857421875
42,10,4265.0,228.69894409179688,398.83001708984375
42,11,562.0,103.84697723388672,473.7989196777344
42,12,3320.0,361.7514953613281,60.08463668823242
42,13,1369.0,105.544189453125,230.2359313964844
42,14,3579.0,189.870361328125,183.85302734375
42,15,4924.0,33.87875747680664,304.5227355957031
42,16,1535.0,168.97459411621094,32.504234313964844
42,17,3792.0,279.0614318847656,45.28955841064453
42,18,3064.0,105.1011734008789,33.55646133422852
42,19,2559.0,181.47283935546875,68.71512603759766
42,20,782.0,7.818414211273193,109.26726531982422
42,21,268.0,247.28358459472656,123.7686538696289
42,22,729.0,271.629638671875,116.46776580810548
42,23,1952.0,105.26998138427734,141.3760223388672
42,24,2141.0,228.44418334960935,241.64501953125
42,25,3595.0,267.8400573730469,288.628662109375
42,26,0.0,0.0,0.0
42,27,4600.0,50.83869552612305,76.43695831298828
42,28,3251.0,427.3512878417969,80.19993591308594
42,29,6354.0,51.16210174560547,142.1215057373047
42,30,4911.0,322.59051513671875,104.20464324951172
42,31,365.0,287.05206298828125,137.3972625732422
42,32,5682.0,246.53343200683597,177.79144287109375
42,33,8455.0,428.2532348632813,128.5641632080078
42,34,0.0,0.0,0.0
42,35,5381.0,308.8106384277344,247.47482299804688
42,36,5306.0,415.8382873535156,329.742919921875
42,37,4571.0,289.14306640625,333.3887634277344
42,38,7324.0,433.275390625,403.8488464355469
42,39,7405.0,387.011474609375,464.5404357910156
42,40,2217.0,492.1560668945313,391.5453186035156
42,41,5531.0,356.0037841796875,355.5281066894531
42,42,367.0,37.32152557373047,344.593994140625
42,43,0.0,0.0,0.0
42,44,3567.0,430.5508728027344,180.53070068359372
42,45,336.0,65.58036041259766,194.38987731933597
42,46,3803.0,49.75151062011719,238.61924743652344
42,47,1570.0,15.164331436157228,187.3923492431641
42,48,4066.0,170.80471801757812,248.23782348632807
42,49,991.0,221.8869781494141,276.901123046875
42,50,921.0,81.45711517333984,279.3746032714844
42,51,4200.0,124.27952575683594,378.9830932617188
42,52,0.0,0.0,0.0
42,53,0.0,0.0,0.0
42,54,0.0,0.0,0.0
42,55,799.0,322.8886108398437,452.3804626464844
42,56,4227.0,31.60515785217285,390.3146362304688
42,57,4312.0,201.19967651367188,452.7272644042969
42,58,3087.0,332.1091613769531,19.282150268554688
42,59,0.0,0.0,0.0
42,60,5568.0,170.34608459472656,120.6799545288086
42,61,2778.0,283.9305114746094,451.3113708496094
42,62,0.0,0.0,0.0
42,63,2437.0,217.5699615478516,19.45958137512207
42,64,0.0,0.0,0.0
42,65,0.0,0.0,0.0
42,66,5788.0,45.3785400390625,451.911376953125
42,67,0.0,0.0,0.0
42,68,5486.0,479.8993835449219,43.720924377441406
42,69,3766.0,36.91131210327149,24.903079986572266
42,70,1395.0,142.5526885986328,12.083870887756348
42,71,7772.0,329.826171875,179.8008270263672
42,72,5503.0,311.98291015625,402.9609375
42,73,1349.0,236.57598876953125,477.8206176757813
42,74,3440.0,411.6816711425781,24.16657066345215
42,75,3698.0,150.0886993408203,489.1243896484375
42,76,0.0,0.0,0.0
42,77,0.0,0.0,0.0
42,78,4225.0,236.5531311035156,82.49089050292969
42,79,6579.0,389.14788818359375,254.93646240234372
42,80,2615.0,272.6305847167969,493.98736572265625
42,81,0.0,0.0,0.0
42,82,0.0,0.0,0.0
42,83,0.0,0.0,0.0
42,84,2129.0,73.43635559082031,496.7515258789063
42,85,2508.0,494.7519836425781,177.59130859375
42,86,10267.0,465.3258972167969,262.84893798828125
42,87,4889.0,480.1167907714844,474.0087890625
42,88,0.0,0.0,0.0
42,89,0.0,0.0,0.0
42,90,0.0,0.0,0.0
42,91,0.0,0.0,0.0
42,92,0.0,0.0,0.0
42,93,0.0,0.0,0.0
42,94,0.0,0.0,0.0
42,95,382.0,269.7591552734375,5.235601902008057
42,96,0.0,0.0,0.0
42,97,0.0,0.0,0.0
42,98,1117.0,496.9981994628906,337.2471008300781
42,99,1262.0,241.45245361328125,354.0309143066406
42,100,897.0,376.56634521484375,501.7413635253906
42,101,836.0,325.25,500.7200927734375
42,102,413.0,20.380146026611328,498.6198425292969
42,103,351.0,209.6353302001953,504.3903198242188
42,104,0.0,0.0,0.0
42,105,0.0,0.0,0.0
42,106,0.0,0.0,0.0
42,107,0.0,0.0,0.0
42,108,0.0,0.0,0.0
42,109,0.0,0.0,0.0
42,110,0.0,0.0,0.0
42,111,0.0,0.0,0.0
42,112,0.0,0.0,0.0
42,113,0.0,0.0,0.0
42,114,0.0,0.0,0.0
42,115,0.0,0.0,0.0
42,116,0.0,0.0,0.0
42,117,0.0,0.0,0.0
42,118,0.0,0.0,0.0
42,119,0.0,0.0,0.0
42,120,0.0,0.0,0.0
42,121,0.0,0.0,0.0
42,122,0.0,0.0,0.0
42,123,0.0,0.0,0.0
42,124,0.0,0.0,0.0
42,125,0.0,0.0,0.0
42,126,0.0,0.0,0.0
42,127,0.0,0.0,0.0
42,128,0.0,0.0,0.0
42,129,0.0,0.0,0.0
42,130,0.0,0.0,0.0
42,131,0.0,0.0,0.0
42,132,0.0,0.0,0.0
42,133,0.0,0.0,0.0
42,134,0.0,0.0,0.0
42,135,0.0,0.0,0.0
42,136,0.0,0.0,0.0
42,137,0.0,0.0,0.0
42,138,0.0,0.0,0.0
42,139,0.0,0.0,0.0
42,140,0.0,0.0,0.0
42,141,0.0,0.0,0.0
42,142,0.0,0.0,0.0
42,143,0.0,0.0,0.0
42,144,0.0,0.0,0.0
42,145,0.0,0.0,0.0
42,146,0.0,0.0,0.0
42,147,0.0,0.0,0.0
42,148,0.0,0.0,0.0
42,149,0.0,0.0,0.0
42,150,0.0,0.0,0.0
42,151,0.0,0.0,0.0
42,152,0.0,0.0,0.0
42,153,0.0,0.0,0.0
42,154,0.0,0.0,0.0
42,155,0.0,0.0,0.0
42,156,0.0,0.0,0.0
42,157,0.0,0.0,0.0
42,158,0.0,0.0,0.0
42,159,0.0,0.0,0.0
43,0,1107.0,9.414633750915527,236.51129150390625
43,1,3445.0,88.42438507080078,342.0130615234375
43,2,423.0,49.01654815673828,360.2765808105469
43,3,0.0,0.0,0.0
43,4,5834.0,137.3419647216797,424.38037109375
43,5,2198.0,120.989990234375,78.25159454345703
43,6,5304.0,119.93438720703124,187.841064453125
43,7,3804.0,117.25341796875,281.02838134765625
43,8,6701.0,180.27220153808597,317.9906005859375
43,9,1043.0,200.61553955078125,365.0105590820313
43,10,4051.0,230.24758911132807,399.68896484375
43,11,685.0,107.27007293701172,475.5824890136719
43,12,2887.0,362.8943481445313,58.83165740966797
43,13,1241.0,108.0096664428711,230.54391479492188
43,14,3752.0,189.5466461181641,183.4517517089844
43,15,5052.0,34.7913703918457,304.4671325683594
43,16,1589.0,169.7262420654297,31.99811172485352
43,17,3605.0,279.4274597167969,44.74895858764648
43,18,3263.0,104.4391632080078,33.028194427490234
43,19,2371.0,184.6870574951172,67.14466094970703
43,20,761.0,7.5321946144104,107.9329833984375
43,21,262.0,245.22137451171875,122.66030883789062
43,22,866.0,272.1674499511719,115.96997833251952
43,23,1843.0,106.94953918457033,140.1980438232422
43,24,2127.0,227.86648559570312,241.8260498046875
43,25,3471.0,268.5240478515625,286.75396728515625
43,26,0.0,0.0,0.0
43,27,4672.0,51.341609954833984,77.14640045166016
43,28,3641.0,427.27191162109375,80.41828918457031
43,29,6303.0,51.45803451538086,142.45089721679688
43,30,5060.0,324.421142578125,102.59921264648438
43,31,284.0,287.3450622558594,136.9225311279297
43,32,5713.0,246.2604522705078,177.16610717773438
43,33,8061.0,429.0503540039063,127.89430236816406
43,34,0.0,0.0,0.0
43,35,3359.0,324.4194641113281,254.16940307617188
43,36,4976.0,408.4768981933594,326.8585205078125
43,37,4576.0,288.8039855957031,332.77557373046875
43,38,7757.0,433.50238037109375,402.06884765625
43,39,7082.0,386.0447692871094,463.85400390625
43,40,2558.0,492.1317443847656,391.8170471191406
43,41,5435.0,354.4110412597656,355.73687744140625
43,42,373.0,34.855228424072266,344.9142150878906
43,43,0.0,0.0,0.0
43,44,3756.0,429.2281799316406,179.9068145751953
43,45,294.0,66.89795684814453,192.4149627685547
43,46,4107.0,49.96907806396485,238.57025146484372
43,47,1655.0,15.534138679504396,187.13232421875
43,48,3929.0,171.04530334472656,247.8035125732422
43,49,907.0,222.96913146972656,276.8368225097656
43,50,863.0,84.538818359375,277.3580627441406
43,51,4340.0,123.83917236328124,378.254150390625
43,52,0.0,0.0,0.0
43,53,0.0,0.0,0.0
43,54,0.0,0.0,0.0
43,55,752.0,323.20611572265625,454.4268493652344
43,56,4265.0,32.09894561767578,390.4989318847656
43,57,4348.0,202.22171020507807,451.8272705078125
43,58,3328.0,332.3248291015625,20.100059509277344
43,59,0.0,0.0,0.0
43,60,5740.0,171.09129333496094,118.53205871582033
43,61,2526.0,285.3832092285156,452.842041015625
43,62,0.0,0.0,0.0
43,63,2316.0,217.87608337402344,18.612693786621094
43,64,0.0,0.0,0.0
43,65,0.0,0.0,0.0
43,66,5913.0,45.514122009277344,452.4237976074219
43,67,0.0,0.0,0.0
43,68,5191.0,480.3511962890625,42.06626892089844
43,69,3703.0,36.19065475463867,24.88468742370605
43,70,1300.0,143.0469207763672,12.338461875915527
43,71,9875.0,320.0999450683594,190.0571136474609
43,72,5690.0,310.04937744140625,403.6296997070313
43,73,1360.0,238.84706115722656,476.621337890625
43,74,3435.0,412.46142578125,24.194759368896484
43,75,3535.0,152.34738159179688,489.0599670410156
43,76,0.0,0.0,0.0
43,77,0.0,0.0,0.0
43,78,4156.0,238.1566467285156,80.01275634765625
43,79,6346.0,388.2034301757813,255.39096069335935
43,80,2500.0,273.9872131347656,493.6888122558594
43,81,0.0,0.0,0.0
43,82,0.0,0.0,0.0
43,83,0.0,0.0,0.0
43,84,2104.0,74.93916320800781,497.0950622558594
43,85,2705.0,494.9090576171875,174.9785614013672
43,86,10302.0,464.21722412109375,262.1553955078125
43,87,4993.0,479.5389404296875,474.65631103515625
43,88,0.0,0.0,0.0
43,89,0.0,0.0,0.0
43,90,0.0,0.0,0.0
43,91,0.0,0.0,0.0
43,92,0.0,0.0,0.0
43,93,0.0,0.0,0.0
43,94,0.0,0.0,0.0
43,95,372.0,269.7338562011719,5.051075458526611
43,96,0.0,0.0,0.0
43,97,0.0,0.0,0.0
43,98,1348.0,495.9792175292969,335.9169006347656
43,99,1283.0,240.13873291015625,350.5284423828125
43,100,1087.0,380.8813171386719,501.9834289550781
43,101,869.0,324.24395751953125,500.4533996582031
43,102,429.0,20.780885696411133,498.097900390625
43,103,524.0,211.81106567382807,503.2519226074219
43,104,0.0,0.0,0.0
43,105,0.0,0.0,0.0
43,106,0.0,0.0,0.0
43,107,0.0,0.0,0.0
43,108,0.0,0.0,0.0
43,109,0.0,0.0,0.0
43,110,0.0,0.0,0.0
43,111,0.0,0.0,0.0
43,112,0.0,0.0,0.0
43,113,0.0,0.0,0.0
43,114,0.0,0.0,0.0
43,115,0.0,0.0,0.0
43,116,0.0,0.0,0.0
43,117,0.0,0.0,0.0
43,118,0.0,0.0,0.0
43,119,0.0,0.0,0.0
43,120,0.0,0.0,0.0
43,121,0.0,0.0,0.0
43,122,0.0,0.0,0.0
43,123,0.0,0.0,0.0
43,124,0.0,0.0,0.0
43,125,0.0,0.0,0.0
43,126,0.0,0.0,0.0
43,127,0.0,0.0,0.0
43,128,0.0,0.0,0.0
43,129,0.0,0.0,0.0
43,130,0.0,0.0,0.0
43,131,0.0,0.0,0.0
43,132,0.0,0.0,0.0
43,133,0.0,0.0,0.0
43,134,0.0,0.0,0.0
43,135,0.0,0.0,0.0
43,136,0.0,0.0,0.0
43,137,0.0,0.0,0.0
43,138,0.0,0.0,0.0
43,139,0.0,0.0,0.0
43,140,0.0,0.0,0.0
43,141,0.0,0.0,0.0
43,142,0.0,0.0,0.0
43,143,0.0,0.0,0.0
43,144,0.0,0.0,0.0
43,145,0.0,0.0,0.0
43,146,0.0,0.0,0.0
43,147,0.0,0.0,0.0
43,148,0.0,0.0,0.0
43,149,0.0,0.0,0.0
43,150,0.0,0.0,0.0
43,151,0.0,0.0,0.0
43,152,0.0,0.0,0.0
43,153,0.0,0.0,0.0
43,154,0.0,0.0,0.0
43,155,0.0,0.0,0.0
43,156,0.0,0.0,0.0
43,157,0.0,0.0,0.0
43,158,0.0,0.0,0.0
43,159,0.0,0.0,0.0
44,0,964.0,8.317427635192871,235.37551879882807
44,1,3219.0,88.46846771240234,341.158447265625
44,2,438.0,50.5684928894043,360.6986389160156
44,3,0.0,0.0,0.0
44,4,5990.0,135.37596130371094,425.7076721191406
44,5,2277.0,121.27755737304688,79.66183471679688
44,6,5485.0,118.74002075195312,188.2583465576172
44,7,3622.0,117.61927032470705,279.44451904296875
44,8,6953.0,179.93484497070312,316.470458984375
44,9,938.0,197.8017120361328,365.8560791015625
44,10,4166.0,229.87542724609372,398.77484130859375
44,11,675.0,108.47555541992188,477.3007507324219
44,12,2617.0,363.7462768554688,57.60030746459961
44,13,1085.0,110.54930877685548,230.6774139404297
44,14,3924.0,189.30224609375,183.02191162109372
44,15,5025.0,35.62208938598633,303.68536376953125
44,16,1681.0,170.41819763183594,31.478286743164062
44,17,3367.0,279.844970703125,44.70597076416016
44,18,3575.0,104.21902465820312,33.45790100097656
44,19,2282.0,185.56704711914065,67.15907287597656
44,20,613.0,6.464926719665527,107.42903900146484
44,21,247.0,245.32388305664065,121.36842346191406
44,22,881.0,271.90692138671875,114.91487121582033
44,23,1697.0,107.74897003173828,139.0565643310547
44,24,2258.0,228.7909698486328,242.4415435791016
44,25,3198.0,269.6575927734375,285.2889404296875
44,26,0.0,0.0,0.0
44,27,4672.0,50.73929977416992,77.92658233642578
44,28,4050.0,429.4241943359375,79.32098388671875
44,29,6294.0,50.86399841308594,142.1549072265625
44,30,5214.0,324.84521484375,101.0197525024414
44,31,317.0,285.7034606933594,136.59622192382812
44,32,5685.0,245.83905029296875,176.22708129882812
44,33,7685.0,427.1089172363281,127.54183197021484
44,34,0.0,0.0,0.0
44,35,3078.0,325.88531494140625,255.876220703125
44,36,5273.0,404.0860900878906,327.7527160644531
44,37,4886.0,286.73699951171875,331.2151184082031
44,38,7884.0,432.8087158203125,402.6709899902344
44,39,7115.0,382.6372375488281,464.3997192382813
44,40,2464.0,491.9715881347656,391.7248229980469
44,41,5068.0,351.8883056640625,357.3310852050781
44,42,550.0,36.10909271240234,344.5
44,43,0.0,0.0,0.0
44,44,3996.0,427.8941345214844,179.14588928222656
44,45,317.0,66.29022216796875,190.58360290527344
44,46,4343.0,49.005985260009766,238.75201416015625
44,47,1648.0,15.359829902648926,186.2827606201172
44,48,3809.0,171.9448699951172,247.6502990722656
44,49,753.0,224.45948791503903,277.0969543457031
44,50,892.0,86.13004302978516,276.6883544921875
44,51,4579.0,124.79078674316406,377.2162170410156
44,52,0.0,0.0,0.0
44,53,0.0,0.0,0.0
44,54,0.0,0.0,0.0
44,55,588.0,320.7806091308594,453.0306091308594
44,56,4283.0,32.77001953125,390.7268371582031
44,57,4584.0,203.6581573486328,451.9376220703125
44,58,3419.0,331.9371032714844,20.37876510620117
44,59,0.0,0.0,0.0
44,60,5673.0,171.60549926757812,117.71038055419922
44,61,2115.0,286.8070983886719,454.5943298339844
44,62,0.0,0.0,0.0
44,63,2183.0,218.52816772460935,18.245532989501957
44,64,0.0,0.0,0.0
44,65,0.0,0.0,0.0
44,66,5746.0,44.36007690429688,453.033935546875
44,67,0.0,0.0,0.0
44,68,3836.0,478.9069213867188,30.60166931152344
44,69,3645.0,34.816184997558594,25.40274429321289
44,70,1213.0,144.02061462402344,11.738664627075195
44,71,10163.0,319.4349975585937,190.6461639404297
44,72,5954.0,308.25848388671875,404.44525146484375
44,73,1321.0,239.7448883056641,477.4261779785156
44,74,3323.0,411.7523193359375,23.59103202819824
44,75,3365.0,153.37503051757812,489.5325317382813
44,76,0.0,0.0,0.0
44,77,0.0,0.0,0.0
44,78,4158.0,238.55723571777344,77.7000961303711
44,79,6058.0,386.9164733886719,255.31626892089844
44,80,2631.0,275.5975036621094,494.0243225097656
44,81,0.0,0.0,0.0
44,82,0.0,0.0,0.0
44,83,0.0,0.0,0.0
44,84,2144.0,75.66324615478516,497.15625
44,85,2793.0,494.5603332519531,175.63873291015625
44,86,10138.0,462.05474853515625,260.61016845703125
44,87,5086.0,479.0332336425781,474.2526550292969
44,88,0.0,0.0,0.0
44,89,0.0,0.0,0.0
44,90,0.0,0.0,0.0
44,91,0.0,0.0,0.0
44,92,0.0,0.0,0.0
44,93,0.0,0.0,0.0
44,94,0.0,0.0,0.0
44,95,430.0,269.4418640136719,5.5
44,96,0.0,0.0,0.0
44,97,0.0,0.0,0.0
44,98,1939.0,494.3986511230469,331.2568359375
44,99,1117.0,238.922119140625,351.2640991210937
44,100,953.0,389.6012573242188,502.5110168457031
44,101,644.0,323.8540344238281,501.2391357421875
44,102,464.0,19.381465911865234,497.0797424316406
44,103,532.0,210.71617126464844,503.5770568847656
44,104,217.0,466.2442321777344,64.14286041259766
44,105,0.0,0.0,0.0
44,106,0.0,0.0,0.0
44,107,0.0,0.0,0.0
44,108,0.0,0.0,0.0
44,109,0.0,0.0,0.0
44,110,0.0,0.0,0.0
44,111,0.0,0.0,0.0
44,112,0.0,0.0,0.0
44,113,0.0,0.0,0.0
44,114,0.0,0.0,0.0
44,115,0.0,0.0,0.0
44,116,0.0,0.0,0.0
44,117,0.0,0.0,0.0
44,118,0.0,0.0,0.0
44,119,0.0,0.0,0.0
44,120,0.0,0.0,0.0
44,121,0.0,0.0,0.0
44,122,0.0,0.0,0.0
44,123,0.0,0.0,0.0
44,124,0.0,0.0,0.0
44,125,0.0,0.0,0.0
44,126,0.0,0.0,0.0
44,127,0.0,0.0,0.0
44,128,0.0,0.0,0.0
44,129,0.0,0.0,0.0
44,130,0.0,0.0,0.0
44,131,0.0,0.0,0.0
44,132,0.0,0.0,0.0
44,133,0.0,0.0,0.0
44,134,0.0,0.0,0.0
44,135,0.0,0.0,0.0
44,136,0.0,0.0,0.0
44,137,0.0,0.0,0.0
44,138,0.0,0.0,0.0
44,139,0.0,0.0,0.0
44,140,0.0,0.0,0.0
44,141,0.0,0.0,0.0
44,142,0.0,0.0,0.0
44,143,0.0,0.0,0.0
44,144,0.0,0.0,0.0
44,145,0.0,0.0,0.0
44,146,0.0,0.0,0.0
44,147,0.0,0.0,0.0
44,148,0.0,0.0,0.0
44,149,0.0,0.0,0.0
44,150,0.0,0.0,0.0
44,151,0.0,0.0,0.0
44,152,0.0,0.0,0.0
44,153,0.0,0.0,0.0
44,154,0.0,0.0,0.0
44,155,0.0,0.0,0.0
44,156,0.0,0.0,0.0
44,157,0.0,0.0,0.0
44,158,0.0,0.0,0.0
44,159,0.0,0.0,0.0
45,0,681.0,6.85756254196167,232.7694549560547
45,1,3258.0,87.77010345458984,339.5500183105469
45,2,417.0,54.48201370239258,363.067138671875
45,3,0.0,0.0,0.0
45,4,5806.0,133.8026123046875,426.05029296875
45,5,2407.0,122.83381652832033,79.03697204589844
45,6,5501.0,118.49609375,188.3601226806641
45,7,3491.0,115.5236358642578,277.3847045898437
45,8,7288.0,178.2305145263672,314.0322570800781
45,9,980.0,196.8500061035156,367.7877502441406
45,10,4162.0,231.2111968994141,401.7320861816406
45,11,865.0,113.60693359375,478.882080078125
45,12,2203.0,363.76214599609375,55.76577377319336
45,13,1006.0,111.2942352294922,230.52186584472656
45,14,3995.0,188.9354248046875,181.91539001464844
45,15,4887.0,35.28013229370117,303.0697631835937
45,16,1682.0,172.80320739746094,30.17835998535156
45,17,3123.0,279.62921142578125,44.12648010253906
45,18,3773.0,104.13119506835938,32.622318267822266
45,19,2225.0,187.2085418701172,66.12000274658203
45,20,576.0,6.02256965637207,109.921875
45,21,315.0,244.92698669433597,118.54285430908205
45,22,843.0,272.2740173339844,113.95492553710938
45,23,1740.0,107.8586196899414,138.84942626953125
45,24,2349.0,227.5564117431641,241.16815185546875
45,25,2891.0,270.6942138671875,285.1940612792969
45,26,0.0,0.0,0.0
45,27,4762.0,50.388702392578125,77.5031509399414
45,28,4477.0,429.3424072265625,79.80410766601562
45,29,6166.0,50.89215087890625,141.8979949951172
45,30,5523.0,325.39508056640625,99.41336059570312
45,31,326.0,286.5950927734375,137.36196899414062
45,32,5656.0,245.8438873291016,174.25743103027344
45,33,7350.0,427.0112915039063,127.94108581542967
45,34,0.0,0.0,0.0
45,35,3084.0,325.6021423339844,257.5774841308594
45,36,5795.0,402.9622192382813,326.09783935546875
45,37,4729.0,286.2719421386719,330.56396484375
45,38,7951.0,431.3155517578125,402.4217224121094
45,39,6619.0,387.282958984375,465.7409057617188
45,40,2514.0,491.9021606445313,391.5918884277344
45,41,4955.0,351.2381286621094,359.7852783203125
45,42,647.0,34.0278205871582,344.9520874023437
45,43,0.0,0.0,0.0
45,44,4170.0,427.041015625,179.08633422851562
45,45,303.0,66.2541275024414,189.93728637695312
45,46,4601.0,47.23125457763672,238.53988647460935
45,47,1727.0,15.438332557678224,186.2287139892578
45,48,3615.0,171.72006225585938,246.6066436767578
45,49,815.0,228.67239379882807,276.0478515625
45,50,799.0,84.86107635498047,274.48309326171875
45,51,4699.0,124.98893737792967,376.797607421875
45,52,0.0,0.0,0.0
45,53,0.0,0.0,0.0
45,54,0.0,0.0,0.0
45,55,1311.0,328.1205139160156,463.8764343261719
45,56,4337.0,33.09453582763672,390.9349670410156
45,57,4760.0,201.9180603027344,451.743896484375
45,58,3484.0,331.08380126953125,20.79448890686035
45,59,0.0,0.0,0.0
45,60,5672.0,172.03402709960938,116.74665069580078
45,61,1838.0,289.5016174316406,456.9580993652344
45,62,0.0,0.0,0.0
45,63,2012.0,220.6988067626953,17.595924377441406
45,64,0.0,0.0,0.0
45,65,0.0,0.0,0.0
45,66,3935.0,55.03506851196289,446.5908508300781
45,67,0.0,0.0,0.0
45,68,3669.0,479.8604431152344,29.88634490966797
45,69,3456.0,33.8359375,25.627893447875977
45,70,1144.0,146.222900390625,11.847902297973633
45,71,10224.0,318.2752380371094,191.3166046142578
45,72,5926.0,306.5217590332031,404.45208740234375
45,73,1163.0,242.09629821777344,474.0129089355469
45,74,3430.0,412.0708312988281,24.1839656829834
45,75,2981.0,155.3173370361328,490.0764770507813
45,76,0.0,0.0,0.0
45,77,0.0,0.0,0.0
45,78,4100.0,239.3451232910156,75.31926727294922
45,79,5635.0,385.0269775390625,253.64205932617188
45,80,2851.0,277.3900451660156,493.2746276855469
45,81,0.0,0.0,0.0
45,82,0.0,0.0,0.0
45,83,0.0,0.0,0.0
45,84,2277.0,75.99955749511719,496.364501953125
45,85,2876.0,494.3410949707031,175.37864685058594
45,86,10019.0,460.178955078125,259.11737060546875
45,87,5422.0,478.01513671875,473.0236206054688
45,88,0.0,0.0,0.0
45,89,0.0,0.0,0.0
45,90,0.0,0.0,0.0
45,91,0.0,0.0,0.0
45,92,0.0,0.0,0.0
45,93,0.0,0.0,0.0
45,94,0.0,0.0,0.0
45,95,396.0,269.8737487792969,5.563131332397461
45,96,0.0,0.0,0.0
45,97,0.0,0.0,0.0
45,98,2089.0,494.0536193847656,329.1029052734375
45,99,1509.0,237.39894104003903,350.7958984375
45,100,0.0,0.0,0.0
45,101,0.0,0.0,0.0
45,102,663.0,18.334840774536133,498.2926025390625
45,103,671.0,210.84799194335935,502.7257690429688
45,104,0.0,0.0,0.0
45,105,864.0,482.2592468261719,70.70833587646484
45,106,1743.0,18.10728645324707,466.5421752929688
45,107,0.0,0.0,0.0
45,108,0.0,0.0,0.0
45,109,0.0,0.0,0.0
45,110,0.0,0.0,0.0
45,111,0.0,0.0,0.0
45,112,0.0,0.0,0.0
45,113,0.0,0.0,0.0
45,114,0.0,0.0,0.0
45,115,0.0,0.0,0.0
45,116,0.0,0.0,0.0
45,117,0.0,0.0,0.0
45,118,0.0,0.0,0.0
45,119,0.0,0.0,0.0
45,120,0.0,0.0,0.0
45,121,0.0,0.0,0.0
45,122,0.0,0.0,0.0
45,123,0.0,0.0,0.0
45,124,0.0,0.0,0.0
45,125,0.0,0.0,0.0
45,126,0.0,0.0,0.0
45,127,0.0,0.0,0.0
45,128,0.0,0.0,0.0
45,129,0.0,0.0,0.0
45,130,0.0,0.0,0.0
45,131,0.0,0.0,0.0
45,132,0.0,0.0,0.0
45,133,0.0,0.0,0.0
45,134,0.0,0.0,0.0
45,135,0.0,0.0,0.0
45,136,0.0,0.0,0.0
45,137,0.0,0.0,0.0
45,138,0.0,0.0,0.0
45,139,0.0,0.0,0.0
45,140,0.0,0.0,0.0
45,141,0.0,0.0,0.0
45,142,0.0,0.0,0.0
45,143,0.0,0.0,0.0
45,144,0.0,0.0,0.0
45,145,0.0,0.0,0.0
45,146,0.0,0.0,0.0
45,147,0.0,0.0,0.0
45,148,0.0,0.0,0.0
45,149,0.0,0.0,0.0
45,150,0.0,0.0,0.0
45,151,0.0,0.0,0.0
45,152,0.0,0.0,0.0
45,153,0.0,0.0,0.0
45,154,0.0,0.0,0.0
45,155,0.0,0.0,0.0
45,156,0.0,0.0,0.0
45,157,0.0,0.0,0.0
45,158,0.0,0.0,0.0
45,159,0.0,0.0,0.0
46,0,0.0,0.0,0.0
46,1,2890.0,86.48685455322266,337.7449951171875
46,2,516.0,54.319766998291016,361.905029296875
46,3,0.0,0.0,0.0
46,4,5466.0,131.61671447753906,427.7156982421875
46,5,2344.0,123.40955352783205,78.01280212402344
46,6,5393.0,118.33673095703124,187.9551239013672
46,7,3382.0,112.93524169921876,276.9627380371094
46,8,7333.0,176.21450805664062,312.1917419433594
46,9,1143.0,195.58004760742188,371.0472412109375
46,10,4224.0,231.851806640625,403.6105651855469
46,11,911.0,117.01317596435548,478.5938415527344
46,12,2111.0,362.150634765625,56.16390228271485
46,13,1091.0,109.66727447509766,230.17323303222656
46,14,4150.0,188.66650390625,180.57421875
46,15,4748.0,35.124473571777344,302.6034240722656
46,16,1737.0,173.18710327148438,29.366724014282227
46,17,2957.0,279.8221130371094,43.74602508544922
46,18,3831.0,104.4333038330078,32.02740859985352
46,19,2115.0,188.32765197753903,64.92955017089844
46,20,713.0,6.267882347106934,106.17671966552734
46,21,275.0,245.6763610839844,114.9345474243164
46,22,926.0,272.3887634277344,113.03347778320312
46,23,1857.0,106.0,140.01992797851562
46,24,2589.0,227.5025177001953,240.44186401367188
46,25,2755.0,269.3582458496094,283.4373779296875
46,26,0.0,0.0,0.0
46,27,4801.0,50.60445785522461,76.8546142578125
46,28,5116.0,429.9595336914063,79.8465576171875
46,29,6016.0,50.8971061706543,140.81100463867188
46,30,5457.0,326.2098083496094,99.53912353515624
46,31,467.0,290.5760192871094,136.1755828857422
46,32,5616.0,245.7245330810547,171.43731689453125
46,33,7117.0,426.4000244140625,128.89588928222656
46,34,0.0,0.0,0.0
46,35,3061.0,325.0735168457031,257.68212890625
46,36,6346.0,398.7357482910156,323.5995788574219
46,37,4738.0,286.5225830078125,328.6747436523437
46,38,8136.0,430.9537963867188,403.2711486816406
46,39,5893.0,387.1484680175781,470.6877746582031
46,40,2667.0,491.78216552734375,389.6047973632813
46,41,4645.0,350.5621032714844,362.1756591796875
46,42,707.0,35.1202278137207,343.4483642578125
46,43,0.0,0.0,0.0
46,44,4431.0,422.8539733886719,178.7777099609375
46,45,372.0,64.06451416015625,189.69085693359372
46,46,5189.0,41.9656982421875,237.5421142578125
46,47,1678.0,15.448152542114258,185.7997589111328
46,48,3615.0,170.74107360839844,246.4528350830078
46,49,710.0,230.47042846679688,275.5140991210937
46,50,698.0,83.1676254272461,273.47564697265625
46,51,5163.0,125.13693237304688,375.6722717285156
46,52,0.0,0.0,0.0
46,53,0.0,0.0,0.0
46,54,0.0,0.0,0.0
46,55,1353.0,328.1101379394531,465.80413818359375
46,56,4362.0,32.81040954589844,390.7657165527344
46,57,5065.0,203.54925537109372,452.0631713867188
46,58,3627.0,331.3876342773437,20.863523483276367
46,59,0.0,0.0,0.0
46,60,5720.0,171.69912719726562,115.1916046142578
46,61,1578.0,292.2376403808594,459.18505859375
46,62,0.0,0.0,0.0
46,63,1964.0,220.9704742431641,16.913951873779297
46,64,0.0,0.0,0.0
46,65,0.0,0.0,0.0
46,66,3633.0,56.86182403564453,445.4668273925781
46,67,0.0,0.0,0.0
46,68,3737.0,479.3406372070313,29.999732971191406
46,69,3352.0,33.75716018676758,25.18585968017578
46,70,1074.0,145.7439422607422,11.262569427490234
46,71,9561.0,315.75347900390625,192.2385711669922
46,72,6786.0,311.6672668457031,405.83538818359375
46,73,887.0,244.5400238037109,474.0721435546875
46,74,3250.0,410.9406127929688,24.03138542175293
46,75,2678.0,156.9152374267578,490.0720825195313
46,76,0.0,0.0,0.0
46,77,0.0,0.0,0.0
46,78,4065.0,239.5271759033203,73.36531066894531
46,79,5318.0,383.0609130859375,252.6261749267578
46,80,2808.0,275.11895751953125,493.1552734375
46,81,0.0,0.0,0.0
46,82,0.0,0.0,0.0
46,83,0.0,0.0,0.0
46,84,2491.0,78.16258239746094,495.9124755859375
46,85,3106.0,494.4674682617188,172.7643280029297
46,86,9871.0,458.8333435058594,256.5668029785156
46,87,5435.0,478.0448913574219,472.8772888183594
46,88,0.0,0.0,0.0
46,89,0.0,0.0,0.0
46,90,0.0,0.0,0.0
46,91,0.0,0.0,0.0
46,92,0.0,0.0,0.0
46,93,0.0,0.0,0.0
46,94,0.0,0.0,0.0
46,95,379.0,268.7731018066406,5.554089546203613
46,96,0.0,0.0,0.0
46,97,0.0,0.0,0.0
46,98,2361.0,492.5997314453125,326.5213928222656
46,99,1772.0,235.20372009277344,347.50732421875
46,100,0.0,0.0,0.0
46,101,0.0,0.0,0.0
46,102,774.0,17.640827178955078,497.59173583984375
46,103,801.0,209.53558349609372,501.8601684570313
46,104,0.0,0.0,0.0
46,105,678.0,487.4881896972656,70.52802276611328
46,106,1947.0,19.014894485473636,463.7698974609375
46,107,0.0,0.0,0.0
46,108,0.0,0.0,0.0
46,109,0.0,0.0,0.0
46,110,0.0,0.0,0.0
46,111,0.0,0.0,0.0
46,112,0.0,0.0,0.0
46,113,0.0,0.0,0.0
46,114,0.0,0.0,0.0
46,115,0.0,0.0,0.0
46,116,0.0,0.0,0.0
46,117,0.0,0.0,0.0
46,118,0.0,0.0,0.0
46,119,0.0,0.0,0.0
46,120,0.0,0.0,0.0
46,121,0.0,0.0,0.0
46,122,0.0,0.0,0.0
46,123,0.0,0.0,0.0
46,124,0.0,0.0,0.0
46,125,0.0,0.0,0.0
46,126,0.0,0.0,0.0
46,127,0.0,0.0,0.0
46,128,0.0,0.0,0.0
46,129,0.0,0.0,0.0
46,130,0.0,0.0,0.0
46,131,0.0,0.0,0.0
46,132,0.0,0.0,0.0
46,133,0.0,0.0,0.0
46,134,0.0,0.0,0.0
46,135,0.0,0.0,0.0
46,136,0.0,0.0,0.0
46,137,0.0,0.0,0.0
46,138,0.0,0.0,0.0
46,139,0.0,0.0,0.0
46,140,0.0,0.0,0.0
46,141,0.0,0.0,0.0
46,142,0.0,0.0,0.0
46,143,0.0,0.0,0.0
46,144,0.0,0.0,0.0
46,145,0.0,0.0,0.0
46,146,0.0,0.0,0.0
46,147,0.0,0.0,0.0
46,148,0.0,0.0,0.0
46,149,0.0,0.0,0.0
46,150,0.0,0.0,0.0
46,151,0.0,0.0,0.0
46,152,0.0,0.0,0.0
46,153,0.0,0.0,0.0
46,154,0.0,0.0,0.0
46,155,0.0,0.0,0.0
46,156,0.0,0.0,0.0
46,157,0.0,0.0,0.0
46,158,0.0,0.0,0.0
46,159,0.0,0.0,0.0
47,0,0.0,0.0,0.0
47,1,2572.0,87.2861557006836,336.300537109375
47,2,690.0,53.73478317260742,358.7072448730469
47,3,0.0,0.0,0.0
47,4,5374.0,130.3583984375,428.8386535644531
47,5,2447.0,122.6853256225586,78.81201171875
47,6,5453.0,118.2649917602539,187.6684417724609
47,7,3319.0,110.62217712402344,275.5278625488281
47,8,7617.0,174.82131958007812,310.7069702148437
47,9,1444.0,196.1786651611328,374.4466857910156
47,10,3858.0,233.5365447998047,404.9033203125
47,11,837.0,119.8100357055664,476.8016662597656
47,12,1934.0,361.947265625,55.63081741333008
47,13,891.0,110.43097686767578,230.21661376953125
47,14,4208.0,187.72386169433597,179.7652130126953
47,15,4835.0,35.282108306884766,303.067626953125
47,16,1804.0,173.9811553955078,29.159090042114254
47,17,2804.0,279.8576965332031,42.98003005981445
47,18,4058.0,103.21858215332033,31.19886589050293
47,19,1898.0,189.40306091308597,63.5848274230957
47,20,659.0,5.905918121337891,106.74658203125
47,21,304.0,247.9572296142578,111.2006607055664
47,22,754.0,271.5915222167969,113.16710662841795
47,23,1720.0,107.80116271972656,137.3813934326172
47,24,3143.0,227.31466674804688,241.32452392578125
47,25,2542.0,271.4732360839844,282.5153503417969
47,26,0.0,0.0,0.0
47,27,4950.0,49.80161666870117,76.6646499633789
47,28,5496.0,429.52056884765625,80.52456665039062
47,29,5929.0,50.034912109375,141.3648223876953
47,30,5725.0,324.92645263671875,99.87965393066406
47,31,385.0,288.94024658203125,136.82337951660156
47,32,5654.0,245.19967651367188,169.15829467773438
47,33,6747.0,426.0546875,128.85386657714844
47,34,0.0,0.0,0.0
47,35,2930.0,324.0474548339844,257.0689392089844
47,36,6741.0,396.74365234375,322.751220703125
47,37,4750.0,286.021484375,328.2787475585937
47,38,8222.0,430.2608947753906,403.2642822265625
47,39,5599.0,387.4536437988281,470.9992980957031
47,40,2692.0,491.8261413574219,388.6868591308594
47,41,4424.0,350.2122497558594,363.5786743164063
47,42,627.0,37.81020736694336,341.0940856933594
47,43,0.0,0.0,0.0
47,44,4755.0,419.94049072265625,178.70872497558594
47,45,544.0,64.36396789550781,190.55882263183597
47,46,5253.0,42.45193099975586,238.0715789794922
47,47,1694.0,15.291617393493652,186.2632751464844
47,48,3309.0,168.01571655273438,245.2178955078125
47,49,760.0,234.273681640625,276.2328796386719
47,50,505.0,83.12871551513672,270.9306945800781
47,51,5334.0,124.96719360351562,375.0646667480469
47,52,0.0,0.0,0.0
47,53,0.0,0.0,0.0
47,54,0.0,0.0,0.0
47,55,1578.0,330.4182434082031,465.5823974609375
47,56,4456.0,33.07607650756836,389.9757690429688
47,57,5388.0,204.8574676513672,452.2353515625
47,58,3772.0,331.0426940917969,20.911718368530277
47,59,0.0,0.0,0.0
47,60,5772.0,171.98873901367188,113.31704711914062
47,61,1497.0,293.6332702636719,459.8383483886719
47,62,0.0,0.0,0.0
47,63,1858.0,221.75457763671875,16.328847885131836
47,64,0.0,0.0,0.0
47,65,0.0,0.0,0.0
47,66,3484.0,57.24971389770508,445.0172119140625
47,67,0.0,0.0,0.0
47,68,3844.0,478.8844909667969,30.404525756835938
47,69,3014.0,32.24817657470703,25.58692741394043
47,70,1046.0,147.38241577148438,11.296366691589355
47,71,9171.0,314.97491455078125,191.22222900390625
47,72,6844.0,310.40460205078125,405.4678649902344
47,73,947.0,248.81414794921875,476.165771484375
47,74,3221.0,410.6898498535156,23.736106872558597
47,75,2504.0,157.94288635253906,490.57269287109375
47,76,0.0,0.0,0.0
47,77,0.0,0.0,0.0
47,78,4143.0,239.86917114257807,71.30485534667969
47,79,5207.0,381.39984130859375,252.34146118164065
47,80,2803.0,282.3796081542969,494.6974792480469
47,81,0.0,0.0,0.0
47,82,0.0,0.0,0.0
47,83,0.0,0.0,0.0
47,84,2676.0,80.74813079833984,495.3729553222656
47,85,3333.0,494.3024291992188,170.91148376464844
47,86,9886.0,458.587890625,255.5092010498047
47,87,5661.0,477.5122680664063,472.3267822265625
47,88,0.0,0.0,0.0
47,89,0.0,0.0,0.0
47,90,0.0,0.0,0.0
47,91,0.0,0.0,0.0
47,92,0.0,0.0,0.0
47,93,0.0,0.0,0.0
47,94,0.0,0.0,0.0
47,95,317.0,268.9842224121094,4.7413249015808105
47,96,0.0,0.0,0.0
47,97,0.0,0.0,0.0
47,98,2395.0,492.1114807128906,325.5728454589844
47,99,1895.0,234.0754547119141,345.66912841796875
47,100,0.0,0.0,0.0
47,101,0.0,0.0,0.0
47,102,852.0,18.442487716674805,496.8262939453125
47,103,849.0,209.85276794433597,501.3898620605469
47,104,0.0,0.0,0.0
47,105,755.0,492.7019958496094,71.31787872314453
47,106,1967.0,19.04982185363769,462.154052734375
47,107,0.0,0.0,0.0
47,108,0.0,0.0,0.0
47,109,0.0,0.0,0.0
47,110,0.0,0.0,0.0
47,111,0.0,0.0,0.0
47,112,0.0,0.0,0.0
47,113,0.0,0.0,0.0
47,114,0.0,0.0,0.0
47,115,0.0,0.0,0.0
47,116,0.0,0.0,0.0
47,117,0.0,0.0,0.0
47,118,0.0,0.0,0.0
47,119,0.0,0.0,0.0
47,120,0.0,0.0,0.0
47,121,0.0,0.0,0.0
47,122,0.0,0.0,0.0
47,123,0.0,0.0,0.0
47,124,0.0,0.0,0.0
47,125,0.0,0.0,0.0
47,126,0.0,0.0,0.0
47,127,0.0,0.0,0.0
47,128,0.0,0.0,0.0
47,129,0.0,0.0,0.0
47,130,0.0,0.0,0.0
47,131,0.0,0.0,0.0
47,132,0.0,0.0,0.0
47,133,0.0,0.0,0.0
47,134,0.0,0.0,0.0
47,135,0.0,0.0,0.0
47,136,0.0,0.0,0.0
47,137,0.0,0.0,0.0
47,138,0.0,0.0,0.0
47,139,0.0,0.0,0.0
47,140,0.0,0.0,0.0
47,141,0.0,0.0,0.0
47,142,0.0,0.0,0.0
47,143,0.0,0.0,0.0
47,144,0.0,0.0,0.0
47,145,0.0,0.0,0.0
47,146,0.0,0.0,0.0
47,147,0.0,0.0,0.0
47,148,0.0,0.0,0.0
47,149,0.0,0.0,0.0
47,150,0.0,0.0,0.0
47,151,0.0,0.0,0.0
47,152,0.0,0.0,0.0
47,153,0.0,0.0,0.0
47,154,0.0,0.0,0.0
47,155,0.0,0.0,0.0
47,156,0.0,0.0,0.0
47,157,0.0,0.0,0.0
47,158,0.0,0.0,0.0
47,159,0.0,0.0,0.0
48,0,0.0,0.0,0.0
48,1,2569.0,85.55079650878906,335.4355773925781
48,2,761.0,51.55190658569336,358.7621459960937
48,3,0.0,0.0,0.0
48,4,5247.0,128.50848388671875,429.5683288574219
48,5,2492.0,122.97190856933594,78.26765441894531
48,6,5348.0,118.43679809570312,186.78497314453125
48,7,3010.0,110.40199279785156,275.7674560546875
48,8,7612.0,173.087890625,309.35089111328125
48,9,1495.0,194.4622039794922,376.0628662109375
48,10,3605.0,231.12454223632807,403.7742004394531
48,11,920.0,121.5434799194336,478.9978332519531
48,12,1782.0,362.2996520996094,55.216609954833984
48,13,918.0,109.95098114013672,229.5620880126953
48,14,4252.0,187.04022216796875,177.5437469482422
48,15,4702.0,35.66758728027344,302.8881225585937
48,16,1847.0,174.22793579101562,29.55928611755371
48,17,2611.0,279.75067138671875,41.73496627807617
48,18,4039.0,102.38846588134766,30.58801651000977
48,19,1749.0,191.7684326171875,61.567752838134766
48,20,750.0,6.711999893188477,105.83733367919922
48,21,322.0,247.92857360839844,110.02484130859376
48,22,725.0,271.51171875,111.86206817626952
48,23,1834.0,107.32715606689452,137.30970764160156
48,24,3634.0,224.53082275390625,240.75619506835935
48,25,2530.0,271.7130432128906,282.00750732421875
48,26,0.0,0.0,0.0
48,27,4951.0,50.084022521972656,76.14966583251953
48,28,5799.0,429.2145080566406,80.4336929321289
48,29,5785.0,50.047019958496094,141.2305908203125
48,30,5882.0,324.9869079589844,99.19976043701172
48,31,491.0,289.6720886230469,137.14256286621094
48,32,5597.0,245.1297149658203,166.5653076171875
48,33,6642.0,426.3595275878906,129.20973205566406
48,34,0.0,0.0,0.0
48,35,2816.0,323.6878662109375,257.1246337890625
48,36,7214.0,395.8816223144531,322.5694580078125
48,37,4678.0,285.9375915527344,327.1825561523437
48,38,8400.0,429.5618896484375,403.62298583984375
48,39,4728.0,385.8868408203125,468.4194030761719
48,40,2638.0,491.62548828125,387.2301025390625
48,41,4127.0,349.227783203125,364.5035095214844
48,42,581.0,35.578311920166016,340.9122314453125
48,43,0.0,0.0,0.0
48,44,4934.0,415.3068542480469,179.3946075439453
48,45,565.0,65.12035369873047,190.92034912109372
48,46,5282.0,42.54732894897461,238.40042114257807
48,47,1740.0,15.475862503051758,185.8982696533203
48,48,3050.0,163.6770477294922,243.13180541992188
48,49,785.0,235.555419921875,275.99237060546875
48,50,612.0,85.10131072998047,265.4967346191406
48,51,5507.0,125.15616607666016,374.3103332519531
48,52,0.0,0.0,0.0
48,53,0.0,0.0,0.0
48,54,0.0,0.0,0.0
48,55,1584.0,331.5101013183594,463.8428039550781
48,56,4464.0,33.73185348510742,390.6205139160156
48,57,5421.0,204.9446563720703,451.7481994628906
48,58,3816.0,330.58465576171875,21.11032485961914
48,59,0.0,0.0,0.0
48,60,5750.0,172.4003448486328,110.93913269042967
48,61,1607.0,294.4710693359375,462.1667785644531
48,62,0.0,0.0,0.0
48,63,1776.0,221.6779327392578,15.923423767089844
48,64,0.0,0.0,0.0
48,65,0.0,0.0,0.0
48,66,3192.0,57.93703079223633,445.2600402832031
48,67,0.0,0.0,0.0
48,68,3977.0,479.0764465332031,31.276086807250977
48,69,2976.0,31.568883895874023,24.91935539245605
48,70,1056.0,148.00189208984375,11.146780014038086
48,71,8857.0,313.407470703125,192.37936401367188
48,72,7218.0,309.1939697265625,405.8836364746094
48,73,993.0,249.89627075195312,476.3826904296875
48,74,3141.0,409.6886291503906,23.600128173828125
48,75,2394.0,160.11361694335938,489.9085083007813
48,76,0.0,0.0,0.0
48,77,0.0,0.0,0.0
48,78,4103.0,240.9051971435547,69.89057159423828
48,79,4809.0,379.0162048339844,251.8681640625
48,80,2419.0,284.1761169433594,494.9417114257813
48,81,0.0,0.0,0.0
48,82,0.0,0.0,0.0
48,83,0.0,0.0,0.0
48,84,2774.0,81.50685119628906,495.3013610839844
48,85,3525.0,493.7619934082031,170.13844299316406
48,86,9974.0,456.9344177246094,254.9109649658203
48,87,5838.0,476.8977355957031,471.63958740234375
48,88,0.0,0.0,0.0
48,89,0.0,0.0,0.0
48,90,0.0,0.0,0.0
48,91,0.0,0.0,0.0
48,92,0.0,0.0,0.0
48,93,0.0,0.0,0.0
48,94,0.0,0.0,0.0
48,95,314.0,267.87261962890625,4.598726272583008
48,96,0.0,0.0,0.0
48,97,0.0,0.0,0.0
48,98,2368.0,492.4299011230469,323.3914794921875
48,99,2165.0,233.77505493164065,345.16534423828125
48,100,0.0,0.0,0.0
48,101,0.0,0.0,0.0
48,102,908.0,18.609031677246094,496.9107971191406
48,103,933.0,211.96356201171875,500.5294799804688
48,104,0.0,0.0,0.0
48,105,387.0,493.0387573242188,70.9819107055664
48,106,2094.0,19.797515869140625,460.9398193359375
48,107,36.0,400.1388854980469,499.1666564941406
48,108,25.0,404.55999755859375,500.4400024414063
48,109,256.0,414.08203125,504.2421875
48,110,0.0,0.0,0.0
48,111,0.0,0.0,0.0
48,112,0.0,0.0,0.0
48,113,0.0,0.0,0.0
48,114,0.0,0.0,0.0
48,115,0.0,0.0,0.0
48,116,0.0,0.0,0.0
48,117,0.0,0.0,0.0
48,118,0.0,0.0,0.0
48,119,0.0,0.0,0.0
48,120,0.0,0.0,0.0
48,121,0.0,0.0,0.0
48,122,0.0,0.0,0.0
48,123,0.0,0.0,0.0
48,124,0.0,0.0,0.0
48,125,0.0,0.0,0.0
48,126,0.0,0.0,0.0
48,127,0.0,0.0,0.0
48,128,0.0,0.0,0.0
48,129,0.0,0.0,0.0
48,130,0.0,0.0,0.0
48,131,0.0,0.0,0.0
48,132,0.0,0.0,0.0
48,133,0.0,0.0,0.0
48,134,0.0,0.0,0.0
48,135,0.0,0.0,0.0
48,136,0.0,0.0,0.0
48,137,0.0,0.0,0.0
48,138,0.0,0.0,0.0
48,139,0.0,0.0,0.0
48,140,0.0,0.0,0.0
48,141,0.0,0.0,0.0
48,142,0.0,0.0,0.0
48,143,0.0,0.0,0.0
48,144,0.0,0.0,0.0
48,145,0.0,0.0,0.0
48,146,0.0,0.0,0.0
48,147,0.0,0.0,0.0
48,148,0.0,0.0,0.0
48,149,0.0,0.0,0.0
48,150,0.0,0.0,0.0
48,151,0.0,0.0,0.0
48,152,0.0,0.0,0.0
48,153,0.0,0.0,0.0
48,154,0.0,0.0,0.0
48,155,0.0,0.0,0.0
48,156,0.0,0.0,0.0
48,157,0.0,0.0,0.0
48,158,0.0,0.0,0.0
48,159,0.0,0.0,0.0
49,0,0.0,0.0,0.0
49,1,2529.0,84.43060302734375,334.5116577148437
49,2,697.0,51.28407287597656,358.302734375
49,3,0.0,0.0,0.0
49,4,4841.0,124.17682647705078,431.4484558105469
49,5,2653.0,123.29249572753906,77.66339874267578
49,6,5221.0,119.26220703125,185.8914031982422
49,7,2978.0,110.27535247802734,275.7185974121094
49,8,7608.0,172.71884155273438,308.6934814453125
49,9,2608.0,195.84585571289065,385.708984375
49,10,2290.0,237.0868988037109,405.3751220703125
49,11,989.0,122.83114624023438,477.507568359375
49,12,1702.0,362.60986328125,55.68331527709961
49,13,875.0,109.85142517089844,229.0491485595703
49,14,4240.0,186.28207397460935,176.17311096191406
49,15,4673.0,36.34175109863281,302.8936462402344
49,16,1926.0,175.01454162597656,28.467288970947266
49,17,2545.0,279.6789855957031,40.333595275878906
49,18,4031.0,102.74100494384766,30.060033798217773
49,19,1714.0,193.37631225585935,60.163944244384766
49,20,665.0,6.246616363525391,107.77894592285156
49,21,260.0,249.8307647705078,106.83077239990234
49,22,686.0,271.0116577148437,111.81049346923828
49,23,1673.0,109.70771026611328,134.35147094726562
49,24,3981.0,223.3212738037109,239.8417510986328
49,25,2594.0,272.8997802734375,281.3338623046875
49,26,0.0,0.0,0.0
49,27,5019.0,48.85295867919922,75.90336608886719
49,28,5967.0,428.9842529296875,81.23831176757812
49,29,5750.0,50.97113037109375,140.1509552001953
49,30,5907.0,324.48162841796875,98.81411743164062
49,31,482.0,290.8153381347656,137.28009033203125
49,32,5534.0,244.89501953125,163.4441680908203
49,33,6107.0,424.3175048828125,129.0674591064453
49,34,0.0,0.0,0.0
49,35,2871.0,323.03692626953125,255.96307373046875
49,36,7981.0,394.7183227539063,322.1026306152344
49,37,4559.0,287.5406799316406,325.91510009765625
49,38,8515.0,429.2532043457031,404.8262939453125
49,39,4311.0,386.0257568359375,468.5984802246094
49,40,2776.0,491.5101013183594,386.09869384765625
49,41,3661.0,349.1335754394531,367.6156921386719
49,42,535.0,33.08037567138672,341.8598022460937
49,43,0.0,0.0,0.0
49,44,5173.0,414.5132446289063,178.19253540039062
49,45,811.0,67.78914642333984,187.72872924804688
49,46,5468.0,42.01371765136719,238.5528564453125
49,47,1802.0,15.881797790527344,184.92063903808597
49,48,2935.0,161.94003295898438,241.8592834472656
49,49,721.0,237.04714965820312,275.9140014648437
49,50,602.0,86.34717559814453,262.5614624023437
49,51,5765.0,123.6431884765625,374.2157897949219
49,52,0.0,0.0,0.0
49,53,0.0,0.0,0.0
49,54,0.0,0.0,0.0
49,55,1654.0,331.935302734375,462.5338439941406
49,56,4462.0,33.273643493652344,389.9428405761719
49,57,5794.0,207.4442596435547,451.041259765625
49,58,3893.0,330.7207946777344,21.145902633666992
49,59,0.0,0.0,0.0
49,60,5669.0,173.4826202392578,109.65743255615234
49,61,1460.0,295.0897216796875,462.6294555664063
49,62,0.0,0.0,0.0
49,63,1685.0,223.25103759765625,15.083086013793944
49,64,0.0,0.0,0.0
49,65,0.0,0.0,0.0
49,66,2971.0,56.85930633544922,444.6980895996094
49,67,0.0,0.0,0.0
49,68,3985.0,479.3294982910156,31.695859909057617
49,69,2881.0,31.24366569519043,25.19472312927246
49,70,966.0,148.0724639892578,10.62836456298828
49,71,8746.0,312.59820556640625,191.64669799804688
49,72,7550.0,308.08740234375,405.7472839355469
49,73,1180.0,253.883056640625,479.0830383300781
49,74,3291.0,410.3193664550781,23.93011283874512
49,75,2395.0,161.48934936523438,489.1707763671875
49,76,0.0,0.0,0.0
49,77,0.0,0.0,0.0
49,78,4107.0,241.8332061767578,68.77672576904297
49,79,4544.0,378.20355224609375,250.83120727539065
49,80,2188.0,288.19561767578125,496.1188354492188
49,81,0.0,0.0,0.0
49,82,0.0,0.0,0.0
49,83,0.0,0.0,0.0
49,84,2916.0,82.62757110595703,495.0294799804688
49,85,3754.0,493.2938232421875,170.31300354003906
49,86,9705.0,456.6875915527344,253.2489471435547
49,87,5797.0,476.8840637207031,471.8104248046875
49,88,0.0,0.0,0.0
49,89,0.0,0.0,0.0
49,90,0.0,0.0,0.0
49,91,0.0,0.0,0.0
49,92,0.0,0.0,0.0
49,93,0.0,0.0,0.0
49,94,0.0,0.0,0.0
49,95,214.0,267.4392395019531,3.387850522994995
49,96,0.0,0.0,0.0
49,97,0.0,0.0,0.0
49,98,2368.0,491.64990234375,322.47381591796875
49,99,2575.0,234.0042724609375,344.6170959472656
49,100,0.0,0.0,0.0
49,101,0.0,0.0,0.0
49,102,934.0,18.754817962646484,495.9828796386719
49,103,872.0,210.5309600830078,500.238525390625
49,104,0.0,0.0,0.0
49,105,0.0,0.0,0.0
49,106,2140.0,20.03925323486328,459.5724182128906
49,107,0.0,0.0,0.0
49,108,0.0,0.0,0.0
49,109,0.0,0.0,0.0
49,110,475.0,341.8231506347656,499.3789367675781
49,111,834.0,393.7985534667969,501.8333435058594
49,112,0.0,0.0,0.0
49,113,0.0,0.0,0.0
49,114,0.0,0.0,0.0
49,115,0.0,0.0,0.0
49,116,0.0,0.0,0.0
49,117,0.0,0.0,0.0
49,118,0.0,0.0,0.0
49,119,0.0,0.0,0.0
49,120,0.0,0.0,0.0
49,121,0.0,0.0,0.0
49,122,0.0,0.0,0.0
49,123,0.0,0.0,0.0
49,124,0.0,0.0,0.0
49,125,0.0,0.0,0.0
49,126,0.0,0.0,0.0
49,127,0.0,0.0,0.0
49,128,0.0,0.0,0.0
49,129,0.0,0.0,0.0
49,130,0.0,0.0,0.0
49,131,0.0,0.0,0.0
49,132,0.0,0.0,0.0
49,133,0.0,0.0,0.0
49,134,0.0,0.0,0.0
49,135,0.0,0.0,0.0
49,136,0.0,0.0,0.0
49,137,0.0,0.0,0.0
49,138,0.0,0.0,0.0
49,139,0.0,0.0,0.0
49,140,0.0,0.0,0.0
49,141,0.0,0.0,0.0
49,142,0.0,0.0,0.0
49,143,0.0,0.0,0.0
49,144,0.0,0.0,0.0
49,145,0.0,0.0,0.0
49,146,0.0,0.0,0.0
49,147,0.0,0.0,0.0
49,148,0.0,0.0,0.0
49,149,0.0,0.0,0.0
49,150,0.0,0.0,0.0
49,151,0.0,0.0,0.0
49,152,0.0,0.0,0.0
49,153,0.0,0.0,0.0
49,154,0.0,0.0,0.0
49,155,0.0,0.0,0.0
49,156,0.0,0.0,0.0
49,157,0.0,0.0,0.0
49,158,0.0,0.0,0.0
49,159,0.0,0.0,0.0
50,0,0.0,0.0,0.0
50,1,2413.0,85.54993438720703,332.6688842773437
50,2,626.0,50.704471588134766,357.2587890625
50,3,0.0,0.0,0.0
50,4,4736.0,121.2998275756836,432.34375
50,5,2880.0,122.18055725097656,78.7437515258789
50,6,5314.0,118.79149627685548,186.10142517089844
50,7,2972.0,110.7637939453125,273.8563232421875
50,8,7737.0,173.22683715820312,307.703369140625
50,9,3104.0,198.3782196044922,386.48968505859375
50,10,1439.0,237.55941772460935,404.8894958496094
50,11,1101.0,125.62760925292967,475.55859375
50,12,1530.0,362.4660034179688,54.56078338623047
50,13,642.0,110.38162231445312,229.04360961914065
50,14,4355.0,186.2902374267578,174.78485107421875
50,15,4688.0,36.86454772949219,302.5079040527344
50,16,2223.0,175.81556701660156,27.855600357055664
50,17,2471.0,277.8283996582031,37.66046142578125
50,18,4057.0,102.99605560302734,29.47892570495605
50,19,1518.0,195.506591796875,58.00263595581055
50,20,690.0,6.520289897918701,109.45362091064452
50,21,374.0,250.18716430664065,108.43315887451172
50,22,933.0,277.7020263671875,107.24222564697266
50,23,1681.0,110.30458068847656,134.48423767089844
50,24,4291.0,222.0074615478516,238.8377990722656
50,25,2551.0,271.8984680175781,280.4217834472656
50,26,0.0,0.0,0.0
50,27,4996.0,48.278621673583984,75.73158264160156
50,28,6570.0,429.5951232910156,82.68462371826172
50,29,5428.0,51.22641754150391,139.3704833984375
50,30,5409.0,327.9881591796875,96.01553344726562
50,31,682.0,298.3328552246094,135.1671600341797
50,32,5482.0,246.12277221679688,161.49781799316406
50,33,5455.0,425.0091552734375,128.7536163330078
50,34,0.0,0.0,0.0
50,35,2842.0,321.972900390625,254.82476806640625
50,36,8215.0,394.3297729492188,322.43359375
50,37,4556.0,289.5,324.21466064453125
50,38,8564.0,428.00689697265625,405.5607299804688
50,39,4295.0,386.95111083984375,469.6309814453125
50,40,2888.0,491.4151611328125,385.9802551269531
50,41,3503.0,350.5398254394531,369.3005981445313
50,42,665.0,36.14135360717773,340.85113525390625
50,43,0.0,0.0,0.0
50,44,5604.0,413.38330078125,176.79067993164062
50,45,895.0,64.93854522705078,187.8536376953125
50,46,5544.0,42.12031173706055,238.4565277099609
50,47,1884.0,16.076963424682617,183.81103515625
50,48,2705.0,160.17263793945312,239.7194061279297
50,49,595.0,237.08067321777344,275.20001220703125
50,50,575.0,88.78608703613281,256.6417541503906
50,51,5976.0,123.65512084960938,373.3403625488281
50,52,0.0,0.0,0.0
50,53,0.0,0.0,0.0
50,54,0.0,0.0,0.0
50,55,1823.0,332.922119140625,462.2912902832031
50,56,4528.0,33.93352508544922,389.64068603515625
50,57,6052.0,208.86715698242188,449.2468566894531
50,58,3998.0,329.9952392578125,21.34016990661621
50,59,0.0,0.0,0.0
50,60,5611.0,174.02352905273438,107.80146026611328
50,61,1362.0,296.92071533203125,465.17913818359375
50,62,0.0,0.0,0.0
50,63,1548.0,225.8591766357422,13.533591270446776
50,64,0.0,0.0,0.0
50,65,0.0,0.0,0.0
50,66,2362.0,59.04021835327149,443.83404541015625
50,67,0.0,0.0,0.0
50,68,4114.0,480.0665893554688,32.84856414794922
50,69,2523.0,35.104637145996094,22.60523223876953
50,70,785.0,147.68408203125,10.071337699890137
50,71,8549.0,312.04608154296875,191.8105010986328
50,72,7679.0,304.2607116699219,405.5564575195313
50,73,1603.0,256.2919616699219,480.8003845214844
50,74,3243.0,410.3126831054688,23.91304397583008
50,75,2158.0,162.6098175048828,489.3025817871094
50,76,0.0,0.0,0.0
50,77,0.0,0.0,0.0
50,78,4165.0,242.41680908203125,68.63433074951172
50,79,4392.0,376.6648559570313,250.25181579589844
50,80,1629.0,289.52978515625,497.767333984375
50,81,0.0,0.0,0.0
50,82,0.0,0.0,0.0
50,83,0.0,0.0,0.0
50,84,3049.0,84.47949981689453,494.6769409179688
50,85,3841.0,493.59228515625,168.7287139892578
50,86,9813.0,455.7894592285156,253.1095428466797
50,87,5816.0,476.6844787597656,471.73675537109375
50,88,0.0,0.0,0.0
50,89,0.0,0.0,0.0
50,90,0.0,0.0,0.0
50,91,0.0,0.0,0.0
50,92,0.0,0.0,0.0
50,93,0.0,0.0,0.0
50,94,0.0,0.0,0.0
50,95,0.0,0.0,0.0
50,96,0.0,0.0,0.0
50,97,0.0,0.0,0.0
50,98,2362.0,491.4013671875,321.92041015625
50,99,2733.0,235.1127014160156,343.9795227050781
50,100,0.0,0.0,0.0
50,101,0.0,0.0,0.0
50,102,1072.0,19.0,495.8703308105469
50,103,1018.0,209.48133850097656,499.75244140625
50,104,0.0,0.0,0.0
50,105,0.0,0.0,0.0
50,106,2546.0,22.152788162231445,456.79888916015625
50,107,0.0,0.0,0.0
50,108,0.0,0.0,0.0
50,109,0.0,0.0,0.0
50,110,280.0,337.7642822265625,498.375
50,111,336.0,407.7321472167969,502.05950927734375
50,112,356.0,5.955056190490723,39.988765716552734
50,113,53.0,404.6226501464844,505.0
50,114,0.0,0.0,0.0
50,115,0.0,0.0,0.0
50,116,0.0,0.0,0.0
50,117,0.0,0.0,0.0
50,118,0.0,0.0,0.0
50,119,0.0,0.0,0.0
50,120,0.0,0.0,0.0
50,121,0.0,0.0,0.0
50,122,0.0,0.0,0.0
50,123,0.0,0.0,0.0
50,124,0.0,0.0,0.0
50,125,0.0,0.0,0.0
50,126,0.0,0.0,0.0
50,127,0.0,0.0,0.0
50,128,0.0,0.0,0.0
50,129,0.0,0.0,0.0
50,130,0.0,0.0,0.0
50,131,0.0,0.0,0.0
50,132,0.0,0.0,0.0
50,133,0.0,0.0,0.0
50,134,0.0,0.0,0.0
50,135,0.0,0.0,0.0
50,136,0.0,0.0,0.0
50,137,0.0,0.0,0.0
50,138,0.0,0.0,0.0
50,139,0.0,0.0,0.0
50,140,0.0,0.0,0.0
50,141,0.0,0.0,0.0
50,142,0.0,0.0,0.0
50,143,0.0,0.0,0.0
50,144,0.0,0.0,0.0
50,145,0.0,0.0,0.0
50,146,0.0,0.0,0.0
50,147,0.0,0.0,0.0
50,148,0.0,0.0,0.0
50,149,0.0,0.0,0.0
50,150,0.0,0.0,0.0
50,151,0.0,0.0,0.0
50,152,0.0,0.0,0.0
50,153,0.0,0.0,0.0
50,154,0.0,0.0,0.0
50,155,0.0,0.0,0.0
50,156,0.0,0.0,0.0
50,157,0.0,0.0,0.0
50,158,0.0,0.0,0.0
50,159,0.0,0.0,0.0
51,0,0.0,0.0,0.0
51,1,2106.0,89.40123748779297,329.67852783203125
51,2,429.0,55.00932312011719,357.3636474609375
51,3,0.0,0.0,0.0
51,4,4996.0,121.21697235107422,431.7496032714844
51,5,2858.0,121.00174713134766,79.50769805908203
51,6,5140.0,119.1182861328125,185.2830810546875
51,7,2706.0,110.41574096679688,272.64044189453125
51,8,7656.0,172.12095642089844,306.7869567871094
51,9,3218.0,201.758544921875,385.92572021484375
51,10,1377.0,239.2091522216797,407.4110412597656
51,11,1191.0,128.90008544921875,474.9899291992188
51,12,1476.0,360.82318115234375,53.669376373291016
51,13,548.0,111.0784683227539,227.4762725830078
51,14,4444.0,185.95274353027344,173.3022003173828
51,15,4652.0,36.99247741699219,302.3194274902344
51,16,2324.0,174.1234893798828,29.466007232666016
51,17,2202.0,278.3165283203125,37.29155349731445
51,18,4193.0,102.80682373046876,28.33722877502441
51,19,1553.0,198.18093872070312,56.93947219848633
51,20,729.0,6.980795383453369,109.90946197509766
51,21,328.0,251.02438354492188,107.1737823486328
51,22,942.0,278.22186279296875,106.96815490722656
51,23,1671.0,110.79174041748048,133.84141540527344
51,24,4400.0,220.64659118652344,238.9579620361328
51,25,2360.0,273.5033874511719,279.8796691894531
51,26,0.0,0.0,0.0
51,27,5046.0,48.23523712158203,75.18450164794922
51,28,6990.0,427.0176086425781,84.77424621582031
51,29,5214.0,51.17817306518555,138.41177368164062
51,30,5633.0,326.974609375,96.93840026855467
51,31,693.0,293.209228515625,140.0245361328125
51,32,5404.0,245.70152282714844,159.77923583984375
51,33,4615.0,425.379638671875,125.52632904052734
51,34,0.0,0.0,0.0
51,35,2769.0,321.67462158203125,254.85842895507807
51,36,8875.0,392.8398742675781,323.4821472167969
51,37,4462.0,290.1640625,323.4157409667969
51,38,8543.0,427.7187194824219,406.7757263183594
51,39,3510.0,391.180908203125,470.9042663574219
51,40,2912.0,490.8873596191406,384.21392822265625
51,41,3096.0,350.1844177246094,372.7858581542969
51,42,1088.0,41.23253631591797,340.23345947265625
51,43,0.0,0.0,0.0
51,44,5414.0,420.4026489257813,175.10214233398438
51,45,1197.0,64.87969970703125,187.9966583251953
51,46,5615.0,41.93463897705078,238.4780120849609
51,47,1840.0,16.022825241088867,182.6000061035156
51,48,2728.0,159.10116577148438,238.99156188964844
51,49,709.0,237.9788360595703,276.21014404296875
51,50,682.0,91.31524658203124,253.68914794921875
51,51,6115.0,122.78152465820312,372.3167724609375
51,52,0.0,0.0,0.0
51,53,0.0,0.0,0.0
51,54,0.0,0.0,0.0
51,55,2305.0,338.10107421875,462.5210266113281
51,56,4547.0,34.518802642822266,389.3718872070313
51,57,5777.0,207.685302734375,448.5348815917969
51,58,3992.0,329.0010070800781,20.89027976989746
51,59,0.0,0.0,0.0
51,60,5612.0,174.6856689453125,106.47576904296876
51,61,1162.0,299.2745361328125,465.61273193359375
51,62,0.0,0.0,0.0
51,63,1480.0,223.40338134765625,12.858783721923828
51,64,0.0,0.0,0.0
51,65,0.0,0.0,0.0
51,66,2126.0,58.47695159912109,442.2074279785156
51,67,0.0,0.0,0.0
51,68,4107.0,479.996826171875,32.53834915161133
51,69,2265.0,35.79911804199219,22.066225051879883
51,70,652.0,148.86810302734375,8.825153350830078
51,71,9303.0,315.7465209960937,191.94700622558597
51,72,7804.0,304.8790283203125,405.8512268066406
51,73,1869.0,256.8132629394531,478.2643127441406
51,74,3169.0,409.7854309082031,23.649415969848636
51,75,1983.0,164.8194580078125,489.6671752929688
51,76,0.0,0.0,0.0
51,77,0.0,0.0,0.0
51,78,4154.0,244.3936004638672,67.1295166015625
51,79,4257.0,376.90228271484375,251.04205322265625
51,80,1465.0,292.7890930175781,496.6593933105469
51,81,0.0,0.0,0.0
51,82,0.0,0.0,0.0
51,83,0.0,0.0,0.0
51,84,3161.0,86.35779571533203,494.3739318847656
51,85,3962.0,493.0767211914063,166.8828887939453
51,86,9646.0,455.4529418945313,252.2193603515625
51,87,5815.0,476.9306945800781,471.5325927734375
51,88,0.0,0.0,0.0
51,89,0.0,0.0,0.0
51,90,0.0,0.0,0.0
51,91,0.0,0.0,0.0
51,92,0.0,0.0,0.0
51,93,0.0,0.0,0.0
51,94,0.0,0.0,0.0
51,95,115.0,263.3043518066406,2.104347944259644
51,96,0.0,0.0,0.0
51,97,0.0,0.0,0.0
51,98,2397.0,491.0442199707031,321.17437744140625
51,99,2914.0,234.8623809814453,342.5089111328125
51,100,0.0,0.0,0.0
51,101,0.0,0.0,0.0
51,102,1135.0,19.56916236877441,495.8079223632813
51,103,1124.0,211.55337524414065,499.5685119628906
51,104,0.0,0.0,0.0
51,105,0.0,0.0,0.0
51,106,2668.0,23.017240524291992,456.1772766113281
51,107,0.0,0.0,0.0
51,108,0.0,0.0,0.0
51,109,0.0,0.0,0.0
51,110,557.0,340.77020263671875,500.3680419921875
51,111,0.0,0.0,0.0
51,112,557.0,6.441651821136475,35.91920852661133
51,113,0.0,0.0,0.0
51,114,856.0,398.7897338867188,501.7593383789063
51,115,0.0,0.0,0.0
51,116,0.0,0.0,0.0
51,117,0.0,0.0,0.0
51,118,0.0,0.0,0.0
51,119,0.0,0.0,0.0
51,120,0.0,0.0,0.0
51,121,0.0,0.0,0.0
51,122,0.0,0.0,0.0
51,123,0.0,0.0,0.0
51,124,0.0,0.0,0.0
51,125,0.0,0.0,0.0
51,126,0.0,0.0,0.0
51,127,0.0,0.0,0.0
51,128,0.0,0.0,0.0
51,129,0.0,0.0,0.0
51,130,0.0,0.0,0.0
51,131,0.0,0.0,0.0
51,132,0.0,0.0,0.0
51,133,0.0,0.0,0.0
51,134,0.0,0.0,0.0
51,135,0.0,0.0,0.0
51,136,0.0,0.0,0.0
51,137,0.0,0.0,0.0
51,138,0.0,0.0,0.0
51,139,0.0,0.0,0.0
51,140,0.0,0.0,0.0
51,141,0.0,0.0,0.0
51,142,0.0,0.0,0.0
51,143,0.0,0.0,0.0
51,144,0.0,0.0,0.0
51,145,0.0,0.0,0.0
51,146,0.0,0.0,0.0
51,147,0.0,0.0,0.0
51,148,0.0,0.0,0.0
51,149,0.0,0.0,0.0
51,150,0.0,0.0,0.0
51,151,0.0,0.0,0.0
51,152,0.0,0.0,0.0
51,153,0.0,0.0,0.0
51,154,0.0,0.0,0.0
51,155,0.0,0.0,0.0
51,156,0.0,0.0,0.0
51,157,0.0,0.0,0.0
51,158,0.0,0.0,0.0
51,159,0.0,0.0,0.0
52,0,0.0,0.0,0.0
52,1,1895.0,91.44749450683594,328.7060546875
52,2,373.0,52.71045684814453,359.53619384765625
52,3,0.0,0.0,0.0
52,4,4666.0,117.47942352294922,433.561279296875
52,5,2483.0,113.39830780029295,85.1751937866211
52,6,4942.0,119.06697845458984,184.18231201171875
52,7,2726.0,109.21019744873048,272.86572265625
52,8,7532.0,171.45884704589844,305.9862060546875
52,9,3576.0,198.5103454589844,386.08697509765625
52,10,1591.0,242.60842895507807,409.0559387207031
52,11,1141.0,129.13584899902344,473.7423400878906
52,12,1247.0,364.1595764160156,51.22694396972656
52,13,628.0,111.66400909423828,225.7627410888672
52,14,4549.0,185.34820556640625,172.0982666015625
52,15,4570.0,36.75864410400391,301.702392578125
52,16,2976.0,170.65994262695312,35.07123565673828
52,17,1900.0,277.1610412597656,36.713157653808594
52,18,4310.0,102.57726287841795,27.974245071411133
52,19,1387.0,199.28839111328125,57.16798782348633
52,20,803.0,7.281444549560547,109.36363983154295
52,21,407.0,254.0466766357422,105.7469253540039
52,22,1075.0,282.27813720703125,102.98046875
52,23,1729.0,110.30191040039062,133.85366821289062
52,24,4634.0,217.3690185546875,239.01036071777344
52,25,2425.0,274.24493408203125,280.3018493652344
52,26,0.0,0.0,0.0
52,27,4966.0,48.49154281616211,74.76499938964844
52,28,7110.0,426.3153381347656,84.68860626220703
52,29,4921.0,50.45580291748047,138.19305419921875
52,30,5354.0,329.2801513671875,94.22936248779295
52,31,962.0,297.229736328125,139.5415802001953
52,32,5444.0,245.7746124267578,158.23934936523438
52,33,3982.0,424.9286804199219,123.99673461914062
52,34,0.0,0.0,0.0
52,35,2654.0,321.6398010253906,254.6495819091797
52,36,8622.0,390.1527404785156,325.73162841796875
52,37,4412.0,291.5935974121094,323.55303955078125
52,38,8712.0,427.2132568359375,407.2202758789063
52,39,3077.0,392.6837768554688,471.0815734863281
52,40,2901.0,491.3009338378906,384.6980285644531
52,41,2976.0,351.0228576660156,376.6310424804688
52,42,1417.0,44.84897613525391,338.883544921875
52,43,0.0,0.0,0.0
52,44,6436.0,414.3760070800781,174.01724243164062
52,45,1338.0,63.57100296020508,188.2892303466797
52,46,5651.0,41.96761703491211,238.16368103027344
52,47,1819.0,15.65255641937256,181.7976837158203
52,48,2515.0,156.6656036376953,238.21987915039065
52,49,634.0,239.89747619628903,276.1230163574219
52,50,645.0,93.5751953125,251.3038787841797
52,51,6196.0,121.39250946044922,372.2914733886719
52,52,0.0,0.0,0.0
52,53,0.0,0.0,0.0
52,54,0.0,0.0,0.0
52,55,2628.0,339.6830139160156,462.1624755859375
52,56,4488.0,35.03253173828125,389.8141784667969
52,57,6004.0,208.28680419921875,448.1194152832031
52,58,4237.0,328.03564453125,21.761859893798828
52,59,0.0,0.0,0.0
52,60,5566.0,175.0199432373047,105.0930633544922
52,61,894.0,301.2751770019531,467.4709167480469
52,62,0.0,0.0,0.0
52,63,1354.0,223.72747802734372,12.387740135192873
52,64,0.0,0.0,0.0
52,65,0.0,0.0,0.0
52,66,1713.0,59.80385208129883,441.7542419433594
52,67,0.0,0.0,0.0
52,68,4070.0,480.2754211425781,32.35601806640625
52,69,2004.0,36.9261474609375,21.74800491333008
52,70,591.0,150.3536376953125,8.65820598602295
52,71,9037.0,312.39459228515625,194.0156097412109
52,72,7371.0,304.4551696777344,405.5183715820313
52,73,2023.0,259.1784362792969,478.4295654296875
52,74,3129.0,410.8660888671875,23.0501766204834
52,75,1951.0,165.42849731445312,489.7109069824219
52,76,0.0,0.0,0.0
52,77,0.0,0.0,0.0
52,78,4218.0,244.8530120849609,65.02915954589844
52,79,4331.0,377.7462463378906,253.66705322265625
52,80,1201.0,295.1715087890625,496.3130798339844
52,81,0.0,0.0,0.0
52,82,0.0,0.0,0.0
52,83,0.0,0.0,0.0
52,84,3286.0,87.09159851074219,494.0292053222656
52,85,4611.0,493.6632080078125,159.9481658935547
52,86,9638.0,454.0519714355469,253.56651306152344
52,87,5636.0,476.7571105957031,471.20404052734375
52,88,0.0,0.0,0.0
52,89,0.0,0.0,0.0
52,90,0.0,0.0,0.0
52,91,0.0,0.0,0.0
52,92,0.0,0.0,0.0
52,93,0.0,0.0,0.0
52,94,0.0,0.0,0.0
52,95,109.0,264.1834716796875,2.2935779094696045
52,96,0.0,0.0,0.0
52,97,0.0,0.0,0.0
52,98,2579.0,491.15472412109375,319.2283935546875
52,99,3118.0,234.375244140625,340.864013671875
52,100,0.0,0.0,0.0
52,101,0.0,0.0,0.0
52,102,1151.0,19.1781063079834,495.6194763183594
52,103,1222.0,213.57200622558597,499.9909973144531
52,104,0.0,0.0,0.0
52,105,0.0,0.0,0.0
52,106,2944.0,24.83627700805664,454.9269714355469
52,107,0.0,0.0,0.0
52,108,0.0,0.0,0.0
52,109,0.0,0.0,0.0
52,110,686.0,340.0160217285156,501.3323669433594
52,111,0.0,0.0,0.0
52,112,758.0,7.277044773101807,32.597625732421875
52,113,0.0,0.0,0.0
52,114,1146.0,398.8315734863281,501.7033081054688
52,115,0.0,0.0,0.0
52,116,0.0,0.0,0.0
52,117,0.0,0.0,0.0
52,118,0.0,0.0,0.0
52,119,0.0,0.0,0.0
52,120,0.0,0.0,0.0
52,121,0.0,0.0,0.0
52,122,0.0,0.0,0.0
52,123,0.0,0.0,0.0
52,124,0.0,0.0,0.0
52,125,0.0,0.0,0.0
52,126,0.0,0.0,0.0
52,127,0.0,0.0,0.0
52,128,0.0,0.0,0.0
52,129,0.0,0.0,0.0
52,130,0.0,0.0,0.0
52,131,0.0,0.0,0.0
52,132,0.0,0.0,0.0
52,133,0.0,0.0,0.0
52,134,0.0,0.0,0.0
52,135,0.0,0.0,0.0
52,136,0.0,0.0,0.0
52,137,0.0,0.0,0.0
52,138,0.0,0.0,0.0
52,139,0.0,0.0,0.0
52,140,0.0,0.0,0.0
52,141,0.0,0.0,0.0
52,142,0.0,0.0,0.0
52,143,0.0,0.0,0.0
52,144,0.0,0.0,0.0
52,145,0.0,0.0,0.0
52,146,0.0,0.0,0.0
52,147,0.0,0.0,0.0
52,148,0.0,0.0,0.0
52,149,0.0,0.0,0.0
52,150,0.0,0.0,0.0
52,151,0.0,0.0,0.0
52,152,0.0,0.0,0.0
52,153,0.0,0.0,0.0
52,154,0.0,0.0,0.0
52,155,0.0,0.0,0.0
52,156,0.0,0.0,0.0
52,157,0.0,0.0,0.0
52,158,0.0,0.0,0.0
52,159,0.0,0.0,0.0
53,0,0.0,0.0,0.0
53,1,1836.0,94.4384536743164,327.7031555175781
53,2,338.0,51.0739631652832,361.3520812988281
53,3,0.0,0.0,0.0
53,4,4517.0,116.45738220214844,433.7604675292969
53,5,2681.0,113.24505615234376,85.23014068603516
53,6,4856.0,120.20984649658205,184.42236328125
53,7,2894.0,109.24740600585938,272.161376953125
53,8,7432.0,172.185546875,305.3775634765625
53,9,4142.0,200.2320098876953,386.1994323730469
53,10,1143.0,250.2510986328125,415.544189453125
53,11,1318.0,138.50303649902344,471.781494140625
53,12,1297.0,361.5235290527344,50.52582931518555
53,13,615.0,110.61463165283205,226.2081298828125
53,14,4637.0,185.30816650390625,171.79641723632812
53,15,4398.0,37.03842544555664,300.1261901855469
53,16,2994.0,170.11557006835938,35.439544677734375
53,17,1754.0,276.1128845214844,35.346065521240234
53,18,4326.0,102.08553314208984,27.51756858825684
53,19,1368.0,201.04458618164065,54.63962173461914
53,20,783.0,7.655172348022461,110.9105987548828
53,21,400.0,254.5175018310547,104.375
53,22,1330.0,284.8120422363281,102.4112777709961
53,23,1906.0,109.64323425292967,135.11122131347656
53,24,4661.0,216.355712890625,238.07638549804688
53,25,2418.0,274.6815490722656,280.2489624023437
53,26,0.0,0.0,0.0
53,27,4942.0,47.46762466430664,74.04795837402344
53,28,7456.0,425.9875183105469,84.5704116821289
53,29,4635.0,50.0537223815918,136.45069885253906
53,30,4903.0,331.8558044433594,91.6883544921875
53,31,1452.0,302.2438049316406,138.82850646972656
53,32,5315.0,245.5885162353516,156.6237030029297
53,33,2986.0,435.6101684570313,121.94039154052734
53,34,0.0,0.0,0.0
53,35,2790.0,322.7910461425781,255.15626525878903
53,36,9027.0,388.3833923339844,324.9183654785156
53,37,4268.0,290.0271911621094,324.46368408203125
53,38,8608.0,427.2783508300781,406.2941589355469
53,39,2775.0,395.1780090332031,471.2868347167969
53,40,2939.0,491.4158020019531,384.6509094238281
53,41,3025.0,353.1351928710937,379.81982421875
53,42,1829.0,44.23181915283203,338.5379943847656
53,43,0.0,0.0,0.0
53,44,10646.0,388.3713073730469,173.09017944335938
53,45,1698.0,63.14958953857422,188.66607666015625
53,46,5586.0,41.7583236694336,238.5318603515625
53,47,1824.0,15.64254379272461,181.0
53,48,2349.0,155.84036254882812,238.53469848632807
53,49,750.0,241.0279998779297,273.81866455078125
53,50,470.0,93.93191528320312,249.2723388671875
53,51,6230.0,119.19374084472656,371.9519958496094
53,52,0.0,0.0,0.0
53,53,0.0,0.0,0.0
53,54,0.0,0.0,0.0
53,55,3005.0,341.61962890625,462.5058288574219
53,56,4184.0,35.01911926269531,390.9381103515625
53,57,6062.0,207.0064392089844,446.4412841796875
53,58,4188.0,326.1504211425781,21.48042106628418
53,59,0.0,0.0,0.0
53,60,5536.0,176.7397003173828,104.06015014648438
53,61,984.0,300.1443176269531,465.86077880859375
53,62,0.0,0.0,0.0
53,63,1299.0,224.96690368652344,11.581986427307127
53,64,0.0,0.0,0.0
53,65,0.0,0.0,0.0
53,66,1571.0,61.46085357666016,441.0738525390625
53,67,0.0,0.0,0.0
53,68,4035.0,480.5261535644531,32.05154800415039
53,69,1183.0,39.278953552246094,28.096364974975582
53,70,556.0,150.25,8.294963836669922
53,71,5359.0,290.5039978027344,205.4978485107422
53,72,7054.0,303.2904663085937,404.0199890136719
53,73,2206.0,258.00634765625,477.58294677734375
53,74,3073.0,409.8119201660156,22.928409576416016
53,75,1573.0,165.7787628173828,493.003173828125
53,76,0.0,0.0,0.0
53,77,0.0,0.0,0.0
53,78,4137.0,245.4099578857422,63.77109146118164
53,79,4117.0,378.9844665527344,253.27471923828125
53,80,1561.0,292.3805236816406,498.7527160644531
53,81,0.0,0.0,0.0
53,82,0.0,0.0,0.0
53,83,0.0,0.0,0.0
53,84,2329.0,73.77071380615234,490.8346862792969
53,85,4350.0,492.460693359375,165.1232147216797
53,86,9647.0,454.3382263183594,253.01773071289065
53,87,5900.0,476.38763427734375,471.6466064453125
53,88,0.0,0.0,0.0
53,89,0.0,0.0,0.0
53,90,0.0,0.0,0.0
53,91,0.0,0.0,0.0
53,92,0.0,0.0,0.0
53,93,0.0,0.0,0.0
53,94,0.0,0.0,0.0
53,95,0.0,0.0,0.0
53,96,0.0,0.0,0.0
53,97,0.0,0.0,0.0
53,98,2494.0,491.252197265625,319.0180358886719
53,99,3076.0,233.79454040527344,340.7464294433594
53,100,0.0,0.0,0.0
53,101,0.0,0.0,0.0
53,102,1214.0,19.63014793395996,495.2981872558594
53,103,1281.0,214.2779083251953,500.3504943847656
53,104,0.0,0.0,0.0
53,105,0.0,0.0,0.0
53,106,3091.0,25.609188079833984,453.2730407714844
53,107,0.0,0.0,0.0
53,108,0.0,0.0,0.0
53,109,0.0,0.0,0.0
53,110,408.0,336.2426452636719,501.5906982421875
53,111,0.0,0.0,0.0
53,112,815.0,7.921472549438477,32.41349792480469
53,113,0.0,0.0,0.0
53,114,1260.0,395.1222229003906,500.7230224609375
53,115,701.0,32.91298294067383,7.609129905700684
53,116,0.0,0.0,0.0
53,117,1148.0,120.64024353027344,498.4146423339844
53,118,0.0,0.0,0.0
53,119,0.0,0.0,0.0
53,120,0.0,0.0,0.0
53,121,0.0,0.0,0.0
53,122,0.0,0.0,0.0
53,123,0.0,0.0,0.0
53,124,0.0,0.0,0.0
53,125,0.0,0.0,0.0
53,126,0.0,0.0,0.0
53,127,0.0,0.0,0.0
53,128,0.0,0.0,0.0
53,129,0.0,0.0,0.0
53,130,0.0,0.0,0.0
53,131,0.0,0.0,0.0
53,132,0.0,0.0,0.0
53,133,0.0,0.0,0.0
53,134,0.0,0.0,0.0
53,135,0.0,0.0,0.0
53,136,0.0,0.0,0.0
53,137,0.0,0.0,0.0
53,138,0.0,0.0,0.0
53,139,0.0,0.0,0.0
53,140,0.0,0.0,0.0
53,141,0.0,0.0,0.0
53,142,0.0,0.0,0.0
53,143,0.0,0.0,0.0
53,144,0.0,0.0,0.0
53,145,0.0,0.0,0.0
53,146,0.0,0.0,0.0
53,147,0.0,0.0,0.0
53,148,0.0,0.0,0.0
53,149,0.0,0.0,0.0
53,150,0.0,0.0,0.0
53,151,0.0,0.0,0.0
53,152,0.0,0.0,0.0
53,153,0.0,0.0,0.0
53,154,0.0,0.0,0.0
53,155,0.0,0.0,0.0
53,156,0.0,0.0,0.0
53,157,0.0,0.0,0.0
53,158,0.0,0.0,0.0
53,159,0.0,0.0,0.0
54,0,0.0,0.0,0.0
54,1,1850.0,95.56378173828124,326.906494140625
54,2,562.0,51.37188720703125,364.26513671875
54,3,0.0,0.0,0.0
54,4,4486.0,114.4984359741211,434.0476989746094
54,5,2924.0,112.03215026855467,86.16313171386719
54,6,4308.0,124.8797607421875,183.05734252929688
54,7,2748.0,109.12991333007812,273.80859375
54,8,7324.0,172.41111755371094,304.95916748046875
54,9,4330.0,198.15335083007807,386.1796875
54,10,836.0,243.02870178222656,408.4449768066406
54,11,1349.0,138.09637451171875,471.6501159667969
54,12,1625.0,365.5630798339844,48.10215377807617
54,13,688.0,110.0683135986328,225.95204162597656
54,14,4669.0,184.70957946777344,170.51295471191406
54,15,4226.0,37.459774017333984,298.99078369140625
54,16,3259.0,169.69192504882812,36.68241882324219
54,17,1629.0,276.7906799316406,35.43769073486328
54,18,4351.0,101.70075988769533,27.097448348999023
54,19,1134.0,201.78131103515625,55.31393432617188
54,20,876.0,7.681506633758545,112.48744201660156
54,21,354.0,254.05084228515625,100.10169219970705
54,22,1200.0,281.5591735839844,100.58499908447266
54,23,1773.0,110.57135009765624,134.609130859375
54,24,5215.0,212.37315368652344,239.09510803222656
54,25,2330.0,275.5905456542969,280.5630798339844
54,26,0.0,0.0,0.0
54,27,4891.0,46.56471252441406,73.86669158935547
54,28,7548.0,426.7216491699219,84.06134033203125
54,29,4368.0,50.46588897705078,136.0899658203125
54,30,5158.0,330.5948181152344,92.05370330810548
54,31,1737.0,302.208984375,139.86585998535156
54,32,5462.0,245.11058044433597,154.8515167236328
54,33,2825.0,434.6877746582031,120.37557220458984
54,34,0.0,0.0,0.0
54,35,3001.0,324.3108825683594,255.62745666503903
54,36,9439.0,387.9918518066406,324.3879699707031
54,37,4047.0,288.613037109375,325.1393737792969
54,38,8641.0,426.790771484375,405.7956237792969
54,39,2522.0,395.9992065429688,471.02142333984375
54,40,3044.0,491.3656311035156,384.5900268554688
54,41,2840.0,353.4672546386719,380.8647766113281
54,42,2122.0,42.61357116699219,338.8670959472656
54,43,0.0,0.0,0.0
54,44,10421.0,390.3002624511719,172.5471649169922
54,45,2610.0,67.90727996826172,190.21072387695312
54,46,5465.0,41.35334014892578,239.46478271484372
54,47,1813.0,15.405957221984863,180.33480834960935
54,48,1767.0,152.33560180664062,236.3757781982422
54,49,679.0,243.9072113037109,273.6656799316406
54,50,610.0,101.1213150024414,246.511474609375
54,51,6029.0,118.09222412109376,371.8876953125
54,52,0.0,0.0,0.0
54,53,0.0,0.0,0.0
54,54,0.0,0.0,0.0
54,55,3307.0,343.10675048828125,462.0045471191406
54,56,3801.0,35.03078079223633,392.9957885742188
54,57,6093.0,206.7994384765625,446.1575622558594
54,58,4062.0,325.5283203125,21.96725845336914
54,59,0.0,0.0,0.0
54,60,5442.0,178.18136596679688,103.13267517089844
54,61,974.0,299.5533752441406,464.9661254882813
54,62,0.0,0.0,0.0
54,63,1262.0,225.19017028808597,10.985736846923828
54,64,0.0,0.0,0.0
54,65,0.0,0.0,0.0
54,66,1380.0,61.86811447143555,440.5659484863281
54,67,0.0,0.0,0.0
54,68,3874.0,480.8497619628906,31.0944766998291
54,69,970.0,37.31340026855469,29.539175033569336
54,70,475.0,150.6442108154297,7.873684406280518
54,71,5480.0,290.285400390625,206.2914276123047
54,72,7250.0,301.40069580078125,404.5153198242188
54,73,2276.0,258.2218933105469,477.7587890625
54,74,2725.0,411.819091796875,21.16330337524414
54,75,1519.0,168.3594512939453,492.7755126953125
54,76,0.0,0.0,0.0
54,77,0.0,0.0,0.0
54,78,4016.0,244.60731506347656,59.72285842895508
54,79,3943.0,378.8924560546875,251.3910675048828
54,80,1622.0,295.012939453125,499.059814453125
54,81,0.0,0.0,0.0
54,82,0.0,0.0,0.0
54,83,0.0,0.0,0.0
54,84,1993.0,71.1680908203125,490.3532409667969
54,85,4342.0,492.3516845703125,165.31114196777344
54,86,9150.0,452.6812133789063,250.7394561767578
54,87,5896.0,475.8641357421875,471.6843566894531
54,88,0.0,0.0,0.0
54,89,0.0,0.0,0.0
54,90,0.0,0.0,0.0
54,91,0.0,0.0,0.0
54,92,0.0,0.0,0.0
54,93,0.0,0.0,0.0
54,94,0.0,0.0,0.0
54,95,0.0,0.0,0.0
54,96,0.0,0.0,0.0
54,97,0.0,0.0,0.0
54,98,2776.0,490.8959045410156,314.3357238769531
54,99,3274.0,233.26634216308597,340.07421875
54,100,0.0,0.0,0.0
54,101,0.0,0.0,0.0
54,102,1242.0,20.16747093200684,495.1618347167969
54,103,1273.0,215.6378631591797,500.4524841308594
54,104,0.0,0.0,0.0
54,105,0.0,0.0,0.0
54,106,3235.0,26.733539581298828,452.9746398925781
54,107,0.0,0.0,0.0
54,108,0.0,0.0,0.0
54,109,0.0,0.0,0.0
54,110,325.0,336.3138427734375,502.8553771972656
54,111,0.0,0.0,0.0
54,112,787.0,7.796696186065674,31.70012664794922
54,113,0.0,0.0,0.0
54,114,1374.0,395.60552978515625,500.14556884765625
54,115,895.0,35.519554138183594,8.948603630065918
54,116,0.0,0.0,0.0
54,117,1528.0,117.34162139892578,497.65380859375
54,118,44.0,496.6818237304688,75.7727279663086
54,119,0.0,0.0,0.0
54,120,0.0,0.0,0.0
54,121,0.0,0.0,0.0
54,122,0.0,0.0,0.0
54,123,0.0,0.0,0.0
54,124,0.0,0.0,0.0
54,125,0.0,0.0,0.0
54,126,0.0,0.0,0.0
54,127,0.0,0.0,0.0
54,128,0.0,0.0,0.0
54,129,0.0,0.0,0.0
54,130,0.0,0.0,0.0
54,131,0.0,0.0,0.0
54,132,0.0,0.0,0.0
54,133,0.0,0.0,0.0
54,134,0.0,0.0,0.0
54,135,0.0,0.0,0.0
54,136,0.0,0.0,0.0
54,137,0.0,0.0,0.0
54,138,0.0,0.0,0.0
54,139,0.0,0.0,0.0
54,140,0.0,0.0,0.0
54,141,0.0,0.0,0.0
54,142,0.0,0.0,0.0
54,143,0.0,0.0,0.0
54,144,0.0,0.0,0.0
54,145,0.0,0.0,0.0
54,146,0.0,0.0,0.0
54,147,0.0,0.0,0.0
54,148,0.0,0.0,0.0
54,149,0.0,0.0,0.0
54,150,0.0,0.0,0.0
54,151,0.0,0.0,0.0
54,152,0.0,0.0,0.0
54,153,0.0,0.0,0.0
54,154,0.0,0.0,0.0
54,155,0.0,0.0,0.0
54,156,0.0,0.0,0.0
54,157,0.0,0.0,0.0
54,158,0.0,0.0,0.0
54,159,0.0,0.0,0.0
55,0,0.0,0.0,0.0
55,1,1868.0,97.38330078125,325.5503234863281
55,2,488.0,47.63114929199219,364.7520446777344
55,3,0.0,0.0,0.0
55,4,4201.0,116.77505493164062,433.1273498535156
55,5,3044.0,110.8768081665039,87.7391586303711
55,6,4166.0,124.99951934814452,183.18243408203125
55,7,2907.0,109.59717559814452,272.4141845703125
55,8,7073.0,172.0169677734375,304.5105285644531
55,9,4581.0,193.95437622070312,384.50140380859375
55,10,828.0,242.1739196777344,406.4106140136719
55,11,1270.0,135.9842529296875,471.4385681152344
55,12,1851.0,368.1577453613281,44.90545654296875
55,13,766.0,109.56527709960938,225.2349853515625
55,14,4766.0,184.1665954589844,169.56651306152344
55,15,4123.0,37.278438568115234,298.1676025390625
55,16,3862.0,171.3661346435547,35.93345260620117
55,17,1415.0,275.4416809082031,35.5936393737793
55,18,4327.0,101.9107894897461,26.4934139251709
55,19,1102.0,203.3130645751953,57.56624221801758
55,20,1016.0,8.499015808105469,114.9429168701172
55,21,567.0,256.5996398925781,98.3615493774414
55,22,1200.0,284.4649963378906,99.19750213623048
55,23,1813.0,110.1257553100586,135.59239196777344
55,24,4983.0,211.5191650390625,238.7935028076172
55,25,2313.0,277.8495483398437,280.7341003417969
55,26,0.0,0.0,0.0
55,27,4932.0,46.52230453491211,74.03264617919922
55,28,7455.0,424.9400329589844,82.22079467773438
55,29,3946.0,50.903953552246094,136.11505126953125
55,30,4920.0,332.0587463378906,90.90528106689452
55,31,1890.0,302.6693115234375,139.24285888671875
55,32,5515.0,244.68667602539065,154.0674591064453
55,33,3038.0,442.4509582519531,117.55990600585938
55,34,0.0,0.0,0.0
55,35,3021.0,325.5938415527344,255.1297607421875
55,36,9589.0,385.2170104980469,323.9507751464844
55,37,3800.0,285.6307983398437,325.8876342773437
55,38,8864.0,426.8628234863281,405.0809020996094
55,39,2438.0,396.25390625,471.4548950195313
55,40,3084.0,492.1125183105469,384.5810546875
55,41,2760.0,352.7575988769531,381.15869140625
55,42,2275.0,43.3525276184082,337.60528564453125
55,43,0.0,0.0,0.0
55,44,10712.0,389.2017211914063,172.14451599121094
55,45,2865.0,66.83351135253906,190.0694580078125
55,46,5254.0,40.45584487915039,239.85610961914065
55,47,1802.0,14.961709022521973,179.4678192138672
55,48,1777.0,153.4940948486328,235.56500244140625
55,49,760.0,246.88157653808597,270.5605163574219
55,50,543.0,101.40331268310548,244.83978271484372
55,51,5757.0,113.31249237060548,371.5713195800781
55,52,0.0,0.0,0.0
55,53,0.0,0.0,0.0
55,54,0.0,0.0,0.0
55,55,3299.0,343.5516967773437,461.89361572265625
55,56,3710.0,35.22344970703125,392.9566040039063
55,57,6197.0,207.263671875,445.9843444824219
55,58,4229.0,323.82666015625,22.48663902282715
55,59,0.0,0.0,0.0
55,60,5169.0,178.4563751220703,102.92822265625
55,61,1091.0,301.2410583496094,466.8010864257813
55,62,0.0,0.0,0.0
55,63,948.0,230.7057037353516,10.312235832214355
55,64,0.0,0.0,0.0
55,65,0.0,0.0,0.0
55,66,1561.0,67.04164123535156,441.47021484375
55,67,0.0,0.0,0.0
55,68,3841.0,481.3030395507813,30.691747665405277
55,69,985.0,36.81015396118164,29.33807182312012
55,70,402.0,151.90298461914062,7.286069869995117
55,71,5487.0,288.63385009765625,206.9068756103516
55,72,7407.0,301.1391906738281,404.0421142578125
55,73,2360.0,258.6199035644531,478.2254333496094
55,74,2314.0,413.7026672363281,19.29991340637207
55,75,1608.0,171.03482055664062,492.0317077636719
55,76,0.0,0.0,0.0
55,77,0.0,0.0,0.0
55,78,3918.0,244.39944458007807,57.75038146972656
55,79,3615.0,378.6326293945313,249.10484313964844
55,80,1525.0,300.6078796386719,499.35540771484375
55,81,0.0,0.0,0.0
55,82,0.0,0.0,0.0
55,83,0.0,0.0,0.0
55,84,1824.0,69.33717346191406,491.0230407714844
55,85,4289.0,492.7230224609375,164.7477264404297
55,86,9386.0,451.48870849609375,251.28990173339844
55,87,5835.0,475.2291259765625,472.4216003417969
55,88,0.0,0.0,0.0
55,89,0.0,0.0,0.0
55,90,0.0,0.0,0.0
55,91,0.0,0.0,0.0
55,92,0.0,0.0,0.0
55,93,0.0,0.0,0.0
55,94,0.0,0.0,0.0
55,95,0.0,0.0,0.0
55,96,0.0,0.0,0.0
55,97,0.0,0.0,0.0
55,98,2875.0,490.69146728515625,312.4027709960937
55,99,3478.0,231.84933471679688,337.80792236328125
55,100,0.0,0.0,0.0
55,101,0.0,0.0,0.0
55,102,1259.0,19.643367767333984,495.711669921875
55,103,1214.0,218.20675659179688,501.20263671875
55,104,0.0,0.0,0.0
55,105,0.0,0.0,0.0
55,106,3460.0,27.72080993652344,452.2586669921875
55,107,0.0,0.0,0.0
55,108,0.0,0.0,0.0
55,109,0.0,0.0,0.0
55,110,0.0,0.0,0.0
55,111,0.0,0.0,0.0
55,112,790.0,7.548101425170898,32.184810638427734
55,113,0.0,0.0,0.0
55,114,1438.0,392.894287109375,500.2941589355469
55,115,892.0,35.65022277832031,8.928251266479492
55,116,0.0,0.0,0.0
55,117,1770.0,116.41864776611328,496.9045104980469
55,118,0.0,0.0,0.0
55,119,0.0,0.0,0.0
55,120,0.0,0.0,0.0
55,121,0.0,0.0,0.0
55,122,0.0,0.0,0.0
55,123,0.0,0.0,0.0
55,124,0.0,0.0,0.0
55,125,0.0,0.0,0.0
55,126,0.0,0.0,0.0
55,127,0.0,0.0,0.0
55,128,0.0,0.0,0.0
55,129,0.0,0.0,0.0
55,130,0.0,0.0,0.0
55,131,0.0,0.0,0.0
55,132,0.0,0.0,0.0
55,133,0.0,0.0,0.0
55,134,0.0,0.0,0.0
55,135,0.0,0.0,0.0
55,136,0.0,0.0,0.0
55,137,0.0,0.0,0.0
55,138,0.0,0.0,0.0
55,139,0.0,0.0,0.0
55,140,0.0,0.0,0.0
55,141,0.0,0.0,0.0
55,142,0.0,0.0,0.0
55,143,0.0,0.0,0.0
55,144,0.0,0.0,0.0
55,145,0.0,0.0,0.0
55,146,0.0,0.0,0.0
55,147,0.0,0.0,0.0
55,148,0.0,0.0,0.0
55,149,0.0,0.0,0.0
55,150,0.0,0.0,0.0
55,151,0.0,0.0,0.0
55,152,0.0,0.0,0.0
55,153,0.0,0.0,0.0
55,154,0.0,0.0,0.0
55,155,0.0,0.0,0.0
55,156,0.0,0.0,0.0
55,157,0.0,0.0,0.0
55,158,0.0,0.0,0.0
55,159,0.0,0.0,0.0
56,0,0.0,0.0,0.0
56,1,1671.0,97.77618408203124,324.0975341796875
56,2,864.0,48.827545166015625,366.8009338378906
56,3,0.0,0.0,0.0
56,4,3978.0,119.17572021484376,433.86627197265625
56,5,3259.0,111.32064819335938,87.38692474365234
56,6,3895.0,125.2765121459961,183.567138671875
56,7,3131.0,109.80229949951172,271.10284423828125
56,8,6505.0,168.62843322753906,305.04058837890625
56,9,5102.0,188.46804809570312,382.95806884765625
56,10,1067.0,243.4123687744141,408.1752624511719
56,11,1289.0,137.81768798828125,472.3049011230469
56,12,1796.0,365.982177734375,46.165924072265625
56,13,647.0,111.13910675048828,223.14065551757807
56,14,4783.0,183.12335205078125,169.21743774414062
56,15,3886.0,36.95779800415039,296.5272827148437
56,16,4253.0,172.43357849121094,34.792850494384766
56,17,1453.0,274.3544311523437,36.63042068481445
56,18,4267.0,101.51792907714844,25.36747169494629
56,19,1180.0,205.83729553222656,55.422882080078125
56,20,998.0,8.591182708740234,115.59619140625
56,21,614.0,255.1319274902344,98.1921844482422
56,22,1340.0,284.50372314453125,97.07836151123048
56,23,1811.0,110.4301528930664,136.31033325195312
56,24,4856.0,210.35296630859372,238.1585693359375
56,25,2113.0,280.93280029296875,280.7875061035156
56,26,0.0,0.0,0.0
56,27,4874.0,46.22999572753906,74.02297973632812
56,28,7600.0,426.3619689941406,81.75434112548828
56,29,3856.0,50.90352630615234,135.14212036132812
56,30,4808.0,332.74688720703125,90.6855239868164
56,31,1993.0,301.4189758300781,138.77972412109375
56,32,5425.0,244.0462646484375,153.5122528076172
56,33,2589.0,437.6419372558594,118.9915008544922
56,34,0.0,0.0,0.0
56,35,3053.0,325.6747436523437,254.11038208007807
56,36,10147.0,381.9908447265625,324.51275634765625
56,37,3704.0,282.9813842773437,326.6698303222656
56,38,8925.0,426.9557495117188,404.0533447265625
56,39,2379.0,396.79193115234375,470.7604064941406
56,40,3016.0,492.5248718261719,383.5384521484375
56,41,2519.0,356.81103515625,386.8050842285156
56,42,2560.0,43.259765625,335.02813720703125
56,43,0.0,0.0,0.0
56,44,10866.0,388.4239807128906,170.85311889648438
56,45,3190.0,67.05329132080078,189.84356689453125
56,46,5186.0,40.08966445922852,240.0289306640625
56,47,1773.0,15.139311790466309,178.99830627441406
56,48,1812.0,154.2599334716797,236.709716796875
56,49,925.0,248.8043212890625,270.0972900390625
56,50,507.0,104.29586029052734,240.9132080078125
56,51,5188.0,108.91056060791016,370.8619995117188
56,52,0.0,0.0,0.0
56,53,0.0,0.0,0.0
56,54,0.0,0.0,0.0
56,55,3264.0,343.9237060546875,460.0796508789063
56,56,3463.0,34.51313781738281,394.1157836914063
56,57,6097.0,206.90028381347656,445.9747314453125
56,58,4182.0,322.0076599121094,22.26518440246582
56,59,0.0,0.0,0.0
56,60,5087.0,179.14389038085938,102.70532989501952
56,61,1088.0,302.2720642089844,468.1020202636719
56,62,0.0,0.0,0.0
56,63,792.0,234.68182373046875,10.04419231414795
56,64,0.0,0.0,0.0
56,65,0.0,0.0,0.0
56,66,1763.0,70.68576049804688,439.6551208496094
56,67,0.0,0.0,0.0
56,68,3795.0,481.2629699707031,30.61027717590332
56,69,1016.0,37.44094467163086,28.629920959472656
56,70,265.0,151.55848693847656,6.51320743560791
56,71,5515.0,285.8353576660156,208.56155395507807
56,72,7134.0,300.1397399902344,403.2441711425781
56,73,2520.0,260.31707763671875,478.75872802734375
56,74,2472.0,411.4805908203125,19.037620544433597
56,75,1542.0,174.75746154785156,491.98638916015625
56,76,0.0,0.0,0.0
56,77,0.0,0.0,0.0
56,78,3515.0,244.3726959228516,57.92716979980469
56,79,3757.0,379.5195617675781,247.03274536132807
56,80,1477.0,308.1936340332031,500.08599853515625
56,81,0.0,0.0,0.0
56,82,0.0,0.0,0.0
56,83,0.0,0.0,0.0
56,84,1781.0,68.61763000488281,491.117919921875
56,85,4256.0,492.3303527832031,165.44830322265625
56,86,8933.0,450.0819396972656,249.08306884765625
56,87,6009.0,474.9757080078125,472.0953674316406
56,88,0.0,0.0,0.0
56,89,0.0,0.0,0.0
56,90,0.0,0.0,0.0
56,91,0.0,0.0,0.0
56,92,0.0,0.0,0.0
56,93,0.0,0.0,0.0
56,94,0.0,0.0,0.0
56,95,0.0,0.0,0.0
56,96,0.0,0.0,0.0
56,97,0.0,0.0,0.0
56,98,3330.0,489.929443359375,306.90240478515625
56,99,3949.0,229.54571533203125,333.0141906738281
56,100,0.0,0.0,0.0
56,101,0.0,0.0,0.0
56,102,1296.0,19.776233673095703,495.5524597167969
56,103,1157.0,221.0034637451172,501.0674133300781
56,104,0.0,0.0,0.0
56,105,0.0,0.0,0.0
56,106,3544.0,28.213882446289062,451.3772583007813
56,107,0.0,0.0,0.0
56,108,0.0,0.0,0.0
56,109,0.0,0.0,0.0
56,110,0.0,0.0,0.0
56,111,0.0,0.0,0.0
56,112,828.0,8.04227066040039,33.206520080566406
56,113,0.0,0.0,0.0
56,114,1482.0,392.2995910644531,499.97705078125
56,115,852.0,34.639671325683594,8.231220245361328
56,116,0.0,0.0,0.0
56,117,1924.0,117.50779724121094,496.9501037597656
56,118,0.0,0.0,0.0
56,119,0.0,0.0,0.0
56,120,0.0,0.0,0.0
56,121,0.0,0.0,0.0
56,122,0.0,0.0,0.0
56,123,0.0,0.0,0.0
56,124,0.0,0.0,0.0
56,125,0.0,0.0,0.0
56,126,0.0,0.0,0.0
56,127,0.0,0.0,0.0
56,128,0.0,0.0,0.0
56,129,0.0,0.0,0.0
56,130,0.0,0.0,0.0
56,131,0.0,0.0,0.0
56,132,0.0,0.0,0.0
56,133,0.0,0.0,0.0
56,134,0.0,0.0,0.0
56,135,0.0,0.0,0.0
56,136,0.0,0.0,0.0
56,137,0.0,0.0,0.0
56,138,0.0,0.0,0.0
56,139,0.0,0.0,0.0
56,140,0.0,0.0,0.0
56,141,0.0,0.0,0.0
56,142,0.0,0.0,0.0
56,143,0.0,0.0,0.0
56,144,0.0,0.0,0.0
56,145,0.0,0.0,0.0
56,146,0.0,0.0,0.0
56,147,0.0,0.0,0.0
56,148,0.0,0.0,0.0
56,149,0.0,0.0,0.0
56,150,0.0,0.0,0.0
56,151,0.0,0.0,0.0
56,152,0.0,0.0,0.0
56,153,0.0,0.0,0.0
56,154,0.0,0.0,0.0
56,155,0.0,0.0,0.0
56,156,0.0,0.0,0.0
56,157,0.0,0.0,0.0
56,158,0.0,0.0,0.0
56,159,0.0,0.0,0.0
57,0,0.0,0.0,0.0
57,1,1631.0,97.62538146972656,324.19189453125
57,2,949.0,45.0231819152832,366.309814453125
57,3,0.0,0.0,0.0
57,4,3780.0,119.34893798828124,434.4722290039063
57,5,3381.0,110.50901794433594,88.07660675048828
57,6,3806.0,125.50946044921876,182.8596954345703
57,7,3311.0,111.43611907958984,272.0655517578125
57,8,5626.0,166.79061889648438,306.21881103515625
57,9,5619.0,185.49154663085935,382.7517395019531
57,10,840.0,243.2559509277344,406.9726257324219
57,11,1552.0,141.00064086914062,473.007080078125
57,12,1821.0,367.1164245605469,45.45469665527344
57,13,525.0,113.0857162475586,220.27047729492188
57,14,4728.0,182.11886596679688,168.4037628173828
57,15,3769.0,36.89917755126953,295.9681701660156
57,16,4562.0,172.02806091308594,35.78408432006836
57,17,1387.0,273.1860046386719,36.78731155395508
57,18,4210.0,101.54109191894533,25.025653839111328
57,19,1333.0,208.27757263183597,57.11027908325195
57,20,1040.0,8.373077392578125,115.484619140625
57,21,445.0,254.80224609375,95.37078857421876
57,22,1564.0,284.0600891113281,96.00383758544922
57,23,1716.0,110.10198211669922,136.2639923095703
57,24,4790.0,208.5640869140625,237.26889038085935
57,25,2239.0,281.8441162109375,280.0397644042969
57,26,0.0,0.0,0.0
57,27,4822.0,46.05868911743164,73.74284362792969
57,28,7394.0,425.1495666503906,80.76386260986328
57,29,3784.0,50.38292694091797,135.14111328125
57,30,4585.0,332.8674011230469,89.19999694824219
57,31,2113.0,300.39849853515625,138.28489685058594
57,32,5531.0,242.8888092041016,151.71595764160156
57,33,2884.0,445.1432189941406,114.0960464477539
57,34,0.0,0.0,0.0
57,35,2960.0,326.4854736328125,252.9395294189453
57,36,10273.0,383.3932495117188,323.2464599609375
57,37,3587.0,283.0682983398437,326.891845703125
57,38,8945.0,428.3151550292969,403.6091613769531
57,39,2389.0,397.07366943359375,470.8396911621094
57,40,2956.0,493.8626403808594,382.8825988769531
57,41,2894.0,352.712158203125,383.1752014160156
57,42,2692.0,44.05460739135742,333.5297241210937
57,43,0.0,0.0,0.0
57,44,11246.0,387.5169982910156,169.4005889892578
57,45,3375.0,67.14844512939453,189.87969970703125
57,46,5189.0,39.6839485168457,240.1539764404297
57,47,1687.0,14.918790817260742,178.55897521972656
57,48,1753.0,155.65431213378906,236.2401580810547
57,49,913.0,244.60787963867188,270.1303405761719
57,50,774.0,109.09947967529295,237.39923095703125
57,51,4968.0,106.6266098022461,370.13568115234375
57,52,0.0,0.0,0.0
57,53,0.0,0.0,0.0
57,54,0.0,0.0,0.0
57,55,3219.0,343.60205078125,459.45355224609375
57,56,3344.0,34.93062210083008,395.1300964355469
57,57,6136.0,208.66867065429688,445.6600341796875
57,58,4279.0,321.6024780273437,22.290721893310547
57,59,0.0,0.0,0.0
57,60,4896.0,179.85926818847656,102.73835754394533
57,61,981.0,301.8827819824219,467.1896057128906
57,62,0.0,0.0,0.0
57,63,727.0,235.66436767578125,9.844566345214844
57,64,0.0,0.0,0.0
57,65,0.0,0.0,0.0
57,66,1798.0,72.22914123535156,437.19244384765625
57,67,0.0,0.0,0.0
57,68,4111.0,480.6382751464844,31.338117599487305
57,69,903.0,38.00775146484375,29.69878196716309
57,70,217.0,152.08294677734375,5.520737171173096
57,71,5591.0,284.485595703125,210.1743927001953
57,72,7124.0,300.0338439941406,403.7021484375
57,73,2612.0,259.685302734375,479.6481628417969
57,74,2270.0,410.9823913574219,17.885021209716797
57,75,1408.0,180.1732940673828,493.1491394042969
57,76,0.0,0.0,0.0
57,77,0.0,0.0,0.0
57,78,3153.0,245.0069732666016,56.18236541748047
57,79,3534.0,379.5498046875,245.0014190673828
57,80,1487.0,309.2414245605469,498.7289733886719
57,81,0.0,0.0,0.0
57,82,0.0,0.0,0.0
57,83,0.0,0.0,0.0
57,84,1694.0,69.35359954833984,490.6463928222656
57,85,4401.0,493.0904235839844,163.9318389892578
57,86,8753.0,448.401123046875,247.79367065429688
57,87,6064.0,474.9554748535156,472.0850830078125
57,88,0.0,0.0,0.0
57,89,0.0,0.0,0.0
57,90,0.0,0.0,0.0
57,91,0.0,0.0,0.0
57,92,0.0,0.0,0.0
57,93,0.0,0.0,0.0
57,94,0.0,0.0,0.0
57,95,0.0,0.0,0.0
57,96,0.0,0.0,0.0
57,97,0.0,0.0,0.0
57,98,3420.0,489.5257263183594,304.42193603515625
57,99,4540.0,228.22422790527344,328.7709350585937
57,100,0.0,0.0,0.0
57,101,0.0,0.0,0.0
57,102,1307.0,21.0344295501709,495.9165954589844
57,103,922.0,222.06072998046875,501.4642028808594
57,104,0.0,0.0,0.0
57,105,0.0,0.0,0.0
57,106,3664.0,28.561954498291016,451.377197265625
57,107,0.0,0.0,0.0
57,108,0.0,0.0,0.0
57,109,0.0,0.0,0.0
57,110,0.0,0.0,0.0
57,111,0.0,0.0,0.0
57,112,822.0,8.189781188964844,32.43917465209961
57,113,0.0,0.0,0.0
57,114,1560.0,390.0852661132813,500.2493591308594
57,115,961.0,35.114463806152344,9.14047908782959
57,116,0.0,0.0,0.0
57,117,2049.0,118.13420867919922,496.97314453125
57,118,0.0,0.0,0.0
57,119,0.0,0.0,0.0
57,120,0.0,0.0,0.0
57,121,0.0,0.0,0.0
57,122,0.0,0.0,0.0
57,123,0.0,0.0,0.0
57,124,0.0,0.0,0.0
57,125,0.0,0.0,0.0
57,126,0.0,0.0,0.0
57,127,0.0,0.0,0.0
57,128,0.0,0.0,0.0
57,129,0.0,0.0,0.0
57,130,0.0,0.0,0.0
57,131,0.0,0.0,0.0
57,132,0.0,0.0,0.0
57,133,0.0,0.0,0.0
57,134,0.0,0.0,0.0
57,135,0.0,0.0,0.0
57,136,0.0,0.0,0.0
57,137,0.0,0.0,0.0
57,138,0.0,0.0,0.0
57,139,0.0,0.0,0.0
57,140,0.0,0.0,0.0
57,141,0.0,0.0,0.0
57,142,0.0,0.0,0.0
57,143,0.0,0.0,0.0
57,144,0.0,0.0,0.0
57,145,0.0,0.0,0.0
57,146,0.0,0.0,0.0
57,147,0.0,0.0,0.0
57,148,0.0,0.0,0.0
57,149,0.0,0.0,0.0
57,150,0.0,0.0,0.0
57,151,0.0,0.0,0.0
57,152,0.0,0.0,0.0
57,153,0.0,0.0,0.0
57,154,0.0,0.0,0.0
57,155,0.0,0.0,0.0
57,156,0.0,0.0,0.0
57,157,0.0,0.0,0.0
57,158,0.0,0.0,0.0
57,159,0.0,0.0,0.0
58,0,0.0,0.0,0.0
58,1,1776.0,100.02928161621094,323.57940673828125
58,2,1114.0,43.91202926635742,365.95062255859375
58,3,0.0,0.0,0.0
58,4,3727.0,119.48591613769533,434.2184143066406
58,5,3525.0,110.2170181274414,88.63545989990234
58,6,3840.0,125.49713897705078,184.0835876464844
58,7,3607.0,113.31855010986328,270.8943786621094
58,8,5229.0,168.57028198242188,306.189697265625
58,9,5972.0,184.70697021484372,382.6158752441406
58,10,861.0,245.4517974853516,408.5702819824219
58,11,1512.0,140.80091857910156,472.5436401367188
58,12,2038.0,370.6737060546875,43.86310195922852
58,13,338.0,112.35798645019533,220.8668670654297
58,14,4755.0,181.57623291015625,166.87612915039062
58,15,3730.0,37.563270568847656,295.0386047363281
58,16,4737.0,170.3208770751953,37.09478759765625
58,17,1414.0,271.5565795898437,35.106788635253906
58,18,4234.0,102.38616180419922,24.239490509033203
58,19,1980.0,215.77374267578125,57.67121124267578
58,20,1077.0,8.554317474365234,116.6518096923828
58,21,384.0,258.3802185058594,93.40625
58,22,1548.0,285.4793395996094,95.4211883544922
58,23,1638.0,110.513427734375,136.41392517089844
58,24,4837.0,208.591064453125,236.7694854736328
58,25,2175.0,284.1829833984375,279.8924255371094
58,26,0.0,0.0,0.0
58,27,4786.0,45.7883415222168,73.49164581298828
58,28,7283.0,423.9541320800781,80.03528594970703
58,29,3645.0,50.78738021850586,134.461181640625
58,30,4390.0,332.94488525390625,87.77289581298828
58,31,2253.0,300.6764221191406,137.6724395751953
58,32,5692.0,242.95309448242188,150.71803283691406
58,33,2562.0,442.8282470703125,113.50546264648438
58,34,0.0,0.0,0.0
58,35,2752.0,326.3822631835937,253.5403289794922
58,36,10246.0,382.3925476074219,322.2322998046875
58,37,3525.0,282.22637939453125,327.2019958496094
58,38,8996.0,427.7240905761719,402.4273986816406
58,39,2513.0,398.35693359375,472.0815734863281
58,40,3059.0,493.5021362304688,382.8434143066406
58,41,3184.0,350.894775390625,382.5263671875
58,42,2768.0,43.41329574584961,332.8793334960937
58,43,0.0,0.0,0.0
58,44,11530.0,387.0406799316406,168.13546752929688
58,45,3635.0,67.24236297607422,189.8184356689453
58,46,5099.0,39.18082046508789,240.1192321777344
58,47,1656.0,14.698067665100098,177.6974639892578
58,48,1728.0,157.26214599609375,235.37326049804688
58,49,965.0,246.10569763183597,269.4683837890625
58,50,736.0,110.70787811279295,234.6942901611328
58,51,4736.0,106.19995880126952,369.93792724609375
58,52,0.0,0.0,0.0
58,53,0.0,0.0,0.0
58,54,0.0,0.0,0.0
58,55,3162.0,344.9234619140625,459.0259399414063
58,56,3283.0,35.625343322753906,395.5443115234375
58,57,5884.0,207.65890502929688,445.2353820800781
58,58,4296.0,321.7693176269531,22.726490020751957
58,59,0.0,0.0,0.0
58,60,4819.0,182.34613037109372,102.16393280029295
58,61,1200.0,305.2333374023437,471.0733337402344
58,62,0.0,0.0,0.0
58,63,808.0,233.7735137939453,9.847772598266602
58,64,0.0,0.0,0.0
58,65,0.0,0.0,0.0
58,66,1808.0,73.30143737792969,437.9098510742188
58,67,0.0,0.0,0.0
58,68,4224.0,480.49267578125,31.73816299438477
58,69,738.0,37.9579963684082,30.64905166625977
58,70,0.0,0.0,0.0
58,71,5413.0,283.9586181640625,211.5429534912109
58,72,6741.0,299.720947265625,405.1260986328125
58,73,2882.0,260.2508544921875,479.44134521484375
58,74,1818.0,410.7222290039063,16.70186996459961
58,75,2364.0,195.53045654296875,496.0287780761719
58,76,0.0,0.0,0.0
58,77,0.0,0.0,0.0
58,78,2249.0,250.17518615722656,54.10938262939453
58,79,3527.0,377.2203063964844,244.0938415527344
58,80,1257.0,306.369140625,500.8321533203125
58,81,0.0,0.0,0.0
58,82,0.0,0.0,0.0
58,83,0.0,0.0,0.0
58,84,1747.0,69.34344482421875,490.6268005371094
58,85,4157.0,492.6475830078125,166.14987182617188
58,86,8603.0,447.0291748046875,245.12054443359372
58,87,6056.0,475.187744140625,471.641845703125
58,88,0.0,0.0,0.0
58,89,0.0,0.0,0.0
58,90,0.0,0.0,0.0
58,91,0.0,0.0,0.0
58,92,0.0,0.0,0.0
58,93,0.0,0.0,0.0
58,94,0.0,0.0,0.0
58,95,0.0,0.0,0.0
58,96,0.0,0.0,0.0
58,97,0.0,0.0,0.0
58,98,3704.0,488.0726318359375,302.1376953125
58,99,4720.0,228.5358123779297,328.3035888671875
58,100,0.0,0.0,0.0
58,101,0.0,0.0,0.0
58,102,1394.0,20.69153594970703,495.3127746582031
58,103,0.0,0.0,0.0
58,104,0.0,0.0,0.0
58,105,0.0,0.0,0.0
58,106,3647.0,29.08884048461914,450.6706848144531
58,107,0.0,0.0,0.0
58,108,0.0,0.0,0.0
58,109,0.0,0.0,0.0
58,110,0.0,0.0,0.0
58,111,0.0,0.0,0.0
58,112,863.0,8.7659330368042,31.542293548583984
58,113,0.0,0.0,0.0
58,114,1469.0,389.1130065917969,500.8182373046875
58,115,1068.0,36.14044952392578,10.165730476379396
58,116,0.0,0.0,0.0
58,117,2016.0,119.20486450195312,497.00299072265625
58,118,0.0,0.0,0.0
58,119,0.0,0.0,0.0
58,120,0.0,0.0,0.0
58,121,0.0,0.0,0.0
58,122,0.0,0.0,0.0
58,123,0.0,0.0,0.0
58,124,0.0,0.0,0.0
58,125,0.0,0.0,0.0
58,126,0.0,0.0,0.0
58,127,0.0,0.0,0.0
58,128,0.0,0.0,0.0
58,129,0.0,0.0,0.0
58,130,0.0,0.0,0.0
58,131,0.0,0.0,0.0
58,132,0.0,0.0,0.0
58,133,0.0,0.0,0.0
58,134,0.0,0.0,0.0
58,135,0.0,0.0,0.0
58,136,0.0,0.0,0.0
58,137,0.0,0.0,0.0
58,138,0.0,0.0,0.0
58,139,0.0,0.0,0.0
58,140,0.0,0.0,0.0
58,141,0.0,0.0,0.0
58,142,0.0,0.0,0.0
58,143,0.0,0.0,0.0
58,144,0.0,0.0,0.0
58,145,0.0,0.0,0.0
58,146,0.0,0.0,0.0
58,147,0.0,0.0,0.0
58,148,0.0,0.0,0.0
58,149,0.0,0.0,0.0
58,150,0.0,0.0,0.0
58,151,0.0,0.0,0.0
58,152,0.0,0.0,0.0
58,153,0.0,0.0,0.0
58,154,0.0,0.0,0.0
58,155,0.0,0.0,0.0
58,156,0.0,0.0,0.0
58,157,0.0,0.0,0.0
58,158,0.0,0.0,0.0
58,159,0.0,0.0,0.0
59,0,0.0,0.0,0.0
59,1,1807.0,99.8871078491211,324.3586120605469
59,2,1015.0,46.358619689941406,365.4098510742188
59,3,0.0,0.0,0.0
59,4,3543.0,120.76065826416016,435.4219665527344
59,5,3734.0,108.96143341064452,89.05061340332031
59,6,3595.0,126.10013580322266,183.8100128173828
59,7,3724.0,113.40762329101562,271.27606201171875
59,8,4921.0,167.12171936035156,307.5161437988281
59,9,6328.0,182.2626495361328,383.1310119628906
59,10,1032.0,246.2606658935547,407.4573669433594
59,11,1461.0,144.8275146484375,472.4825439453125
59,12,2374.0,374.8150939941406,40.13479232788086
59,13,413.0,113.34624481201172,221.7118682861328
59,14,4766.0,181.2427673339844,165.99559020996094
59,15,3489.0,36.47434616088867,294.2877502441406
59,16,4881.0,169.91661071777344,38.099159240722656
59,17,1514.0,271.3282775878906,35.89828109741211
59,18,4131.0,102.81288146972656,23.48172378540039
59,19,2138.0,216.3423767089844,55.68194580078125
59,20,1206.0,9.206467628479004,118.94859313964844
59,21,440.0,254.98635864257807,92.43636322021484
59,22,1691.0,285.0100402832031,94.334716796875
59,23,1657.0,109.77912139892578,137.4085693359375
59,24,5405.0,204.77761840820312,237.38926696777344
59,25,2136.0,284.7626342773437,279.51593017578125
59,26,0.0,0.0,0.0
59,27,4714.0,45.121978759765625,72.86614227294922
59,28,7571.0,422.8148193359375,79.86778259277344
59,29,3444.0,50.81649398803711,134.30517578125
59,30,4276.0,333.2801818847656,86.833251953125
59,31,2320.0,300.8189697265625,136.84783935546875
59,32,5683.0,243.1226501464844,150.5275421142578
59,33,2572.0,449.3677978515625,111.27410888671876
59,34,0.0,0.0,0.0
59,35,2636.0,326.4605407714844,254.44271850585935
59,36,11112.0,385.2728576660156,319.8873291015625
59,37,3407.0,281.449951171875,325.9891357421875
59,38,9325.0,428.0016174316406,402.61041259765625
59,39,2383.0,397.4301452636719,472.86865234375
59,40,3040.0,494.0838928222656,381.303955078125
59,41,3264.0,350.5698547363281,382.951904296875
59,42,3037.0,44.4590072631836,331.4497985839844
59,43,0.0,0.0,0.0
59,44,11795.0,386.9225158691406,168.22543334960938
59,45,3852.0,68.08722686767578,190.2982940673828
59,46,5026.0,38.84739303588867,240.4679718017578
59,47,1628.0,15.157862663269045,178.2389373779297
59,48,1263.0,154.23435974121094,231.22882080078125
59,49,958.0,247.76409912109372,268.6701354980469
59,50,738.0,115.44173431396484,235.28997802734372
59,51,4439.0,105.3777847290039,370.7803649902344
59,52,0.0,0.0,0.0
59,53,0.0,0.0,0.0
59,54,0.0,0.0,0.0
59,55,3169.0,345.3326110839844,457.91510009765625
59,56,3324.0,35.77256393432617,394.8378601074219
59,57,5889.0,210.42774963378903,446.2560729980469
59,58,4298.0,323.6107482910156,22.12238311767578
59,59,0.0,0.0,0.0
59,60,4566.0,181.0529937744141,102.79719543457033
59,61,1135.0,305.218505859375,470.5533142089844
59,62,0.0,0.0,0.0
59,63,711.0,233.4908599853516,8.841069221496582
59,64,0.0,0.0,0.0
59,65,0.0,0.0,0.0
59,66,2060.0,74.77330017089844,438.2427062988281
59,67,0.0,0.0,0.0
59,68,4063.0,480.6788024902344,31.82402229309082
59,69,615.0,41.53170776367188,31.338211059570312
59,70,0.0,0.0,0.0
59,71,5374.0,283.7681579589844,212.28805541992188
59,72,6438.0,299.2749328613281,404.2999267578125
59,73,2821.0,260.1141357421875,480.881591796875
59,74,1157.0,417.7476196289063,15.587726593017578
59,75,2094.0,196.5682830810547,495.98089599609375
59,76,0.0,0.0,0.0
59,77,0.0,0.0,0.0
59,78,2052.0,250.26852416992188,54.77680206298828
59,79,3466.0,376.4021911621094,245.53607177734372
59,80,1618.0,313.3510437011719,500.94622802734375
59,81,0.0,0.0,0.0
59,82,0.0,0.0,0.0
59,83,0.0,0.0,0.0
59,84,1588.0,68.77896881103516,491.0824890136719
59,85,4209.0,492.9099426269531,165.93775939941406
59,86,7612.0,447.4412841796875,239.2034912109375
59,87,6164.0,474.6159973144531,472.0238342285156
59,88,0.0,0.0,0.0
59,89,0.0,0.0,0.0
59,90,0.0,0.0,0.0
59,91,0.0,0.0,0.0
59,92,0.0,0.0,0.0
59,93,0.0,0.0,0.0
59,94,0.0,0.0,0.0
59,95,0.0,0.0,0.0
59,96,0.0,0.0,0.0
59,97,0.0,0.0,0.0
59,98,3742.0,487.7378540039063,299.90380859375
59,99,4975.0,228.4275360107422,327.26812744140625
59,100,0.0,0.0,0.0
59,101,0.0,0.0,0.0
59,102,1471.0,21.451393127441406,494.9150085449219
59,103,0.0,0.0,0.0
59,104,0.0,0.0,0.0
59,105,0.0,0.0,0.0
59,106,3644.0,28.988473892211918,450.2049865722656
59,107,0.0,0.0,0.0
59,108,0.0,0.0,0.0
59,109,0.0,0.0,0.0
59,110,0.0,0.0,0.0
59,111,0.0,0.0,0.0
59,112,993.0,9.69285011291504,30.485397338867188
59,113,0.0,0.0,0.0
59,114,1354.0,389.7016296386719,500.9970397949219
59,115,1085.0,36.82488632202149,10.811059951782228
59,116,0.0,0.0,0.0
59,117,2237.0,119.09342956542967,496.224853515625
59,118,0.0,0.0,0.0
59,119,0.0,0.0,0.0
59,120,0.0,0.0,0.0
59,121,0.0,0.0,0.0
59,122,0.0,0.0,0.0
59,123,0.0,0.0,0.0
59,124,0.0,0.0,0.0
59,125,0.0,0.0,0.0
59,126,0.0,0.0,0.0
59,127,0.0,0.0,0.0
59,128,0.0,0.0,0.0
59,129,0.0,0.0,0.0
59,130,0.0,0.0,0.0
59,131,0.0,0.0,0.0
59,132,0.0,0.0,0.0
59,133,0.0,0.0,0.0
59,134,0.0,0.0,0.0
59,135,0.0,0.0,0.0
59,136,0.0,0.0,0.0
59,137,0.0,0.0,0.0
59,138,0.0,0.0,0.0
59,139,0.0,0.0,0.0
59,140,0.0,0.0,0.0
59,141,0.0,0.0,0.0
59,142,0.0,0.0,0.0
59,143,0.0,0.0,0.0
59,144,0.0,0.0,0.0
59,145,0.0,0.0,0.0
59,146,0.0,0.0,0.0
59,147,0.0,0.0,0.0
59,148,0.0,0.0,0.0
59,149,0.0,0.0,0.0
59,150,0.0,0.0,0.0
59,151,0.0,0.0,0.0
59,152,0.0,0.0,0.0
59,153,0.0,0.0,0.0
59,154,0.0,0.0,0.0
59,155,0.0,0.0,0.0
59,156,0.0,0.0,0.0
59,157,0.0,0.0,0.0
59,158,0.0,0.0,0.0
59,159,0.0,0.0,0.0
60,0,0.0,0.0,0.0
60,1,2120.0,102.89810943603516,325.2684020996094
60,2,1037.0,43.423336029052734,366.7290344238281
60,3,0.0,0.0,0.0
60,4,3157.0,123.15045928955078,434.1770629882813
60,5,3955.0,109.54285430908205,89.43363189697266
60,6,3229.0,125.26416778564452,183.89718627929688
60,7,3737.0,113.93444061279295,272.1889343261719
60,8,4146.0,166.120361328125,306.43487548828125
60,9,6890.0,181.2055206298828,381.8281555175781
60,10,1099.0,248.53321838378903,409.6596984863281
60,11,1564.0,144.83824157714844,471.3957824707031
60,12,2524.0,376.8962097167969,39.065372467041016
60,13,411.0,113.94890594482422,220.7347869873047
60,14,4949.0,179.01454162597656,166.2653045654297
60,15,3078.0,35.78037643432617,293.0136413574219
60,16,5082.0,170.59759521484375,37.6627311706543
60,17,1547.0,270.65869140625,35.634132385253906
60,18,4002.0,102.32508850097656,23.285106658935547
60,19,2292.0,219.3403167724609,54.3328971862793
60,20,1220.0,9.02704906463623,117.81803131103516
60,21,591.0,254.85617065429688,91.65312957763672
60,22,1711.0,286.7387390136719,94.27118682861328
60,23,1571.0,109.87523651123048,137.95608520507812
60,24,5586.0,205.4928436279297,237.432861328125
60,25,1996.0,285.8331604003906,280.1287536621094
60,26,0.0,0.0,0.0
60,27,4687.0,44.80157852172852,72.59547424316406
60,28,7669.0,424.6628112792969,78.51831817626953
60,29,3409.0,50.676151275634766,133.8961639404297
60,30,3930.0,334.1681823730469,84.62010192871094
60,31,2659.0,302.6190185546875,135.05528259277344
60,32,5739.0,242.27513122558597,149.93170166015625
60,33,2808.0,449.24322509765625,108.2938003540039
60,34,0.0,0.0,0.0
60,35,2830.0,329.5109558105469,255.7081298828125
60,36,11295.0,385.1928405761719,319.624267578125
60,37,3353.0,280.3089904785156,326.48883056640625
60,38,8912.0,427.24798583984375,404.0022583007813
60,39,2407.0,397.1653442382813,472.8878173828125
60,40,3399.0,492.3301086425781,379.4910278320313
60,41,3443.0,352.3796081542969,383.9302978515625
60,42,3411.0,44.435943603515625,329.85723876953125
60,43,0.0,0.0,0.0
60,44,11769.0,386.4494018554688,168.04562377929688
60,45,4048.0,68.37400817871094,190.0145721435547
60,46,5024.0,38.2910041809082,240.6906890869141
60,47,1620.0,14.969136238098145,177.62530517578125
60,48,1275.0,154.2933349609375,231.9600067138672
60,49,1152.0,250.22830200195312,268.5147705078125
60,50,902.0,114.96452331542967,235.99002075195312
60,51,4058.0,102.94652557373048,372.078857421875
60,52,0.0,0.0,0.0
60,53,0.0,0.0,0.0
60,54,0.0,0.0,0.0
60,55,3148.0,345.6937866210937,457.50189208984375
60,56,3160.0,35.95759582519531,395.0832214355469
60,57,5691.0,210.2705993652344,446.2644653320313
60,58,4392.0,324.00274658203125,21.966073989868164
60,59,0.0,0.0,0.0
60,60,4368.0,181.00343322753903,102.33539581298828
60,61,1309.0,303.76776123046875,469.7853393554688
60,62,0.0,0.0,0.0
60,63,731.0,235.88919067382807,9.251709938049316
60,64,0.0,0.0,0.0
60,65,0.0,0.0,0.0
60,66,2400.0,76.8116683959961,437.5537414550781
60,67,0.0,0.0,0.0
60,68,3553.0,480.7444458007813,31.45116806030273
60,69,729.0,41.87654495239258,30.5898494720459
60,70,0.0,0.0,0.0
60,71,5254.0,284.21356201171875,212.50323486328125
60,72,6248.0,299.2306213378906,403.7354431152344
60,73,2822.0,260.007080078125,481.9266357421875
60,74,1129.0,419.01861572265625,12.906997680664062
60,75,2244.0,197.4541015625,496.573974609375
60,76,0.0,0.0,0.0
60,77,0.0,0.0,0.0
60,78,1626.0,253.12545776367188,57.4206657409668
60,79,3112.0,376.1391296386719,242.93540954589844
60,80,1419.0,317.6102905273437,500.1233215332031
60,81,0.0,0.0,0.0
60,82,0.0,0.0,0.0
60,83,0.0,0.0,0.0
60,84,1472.0,68.0550308227539,490.9952392578125
60,85,4270.0,492.0484924316406,163.293212890625
60,86,7733.0,447.17779541015625,239.00051879882807
60,87,6146.0,474.5597229003906,472.013671875
60,88,0.0,0.0,0.0
60,89,0.0,0.0,0.0
60,90,0.0,0.0,0.0
60,91,0.0,0.0,0.0
60,92,0.0,0.0,0.0
60,93,0.0,0.0,0.0
60,94,0.0,0.0,0.0
60,95,0.0,0.0,0.0
60,96,0.0,0.0,0.0
60,97,0.0,0.0,0.0
60,98,3651.0,487.714599609375,298.6811828613281
60,99,5190.0,226.37245178222656,326.1693725585937
60,100,0.0,0.0,0.0
60,101,0.0,0.0,0.0
60,102,1489.0,21.895902633666992,494.7884521484375
60,103,0.0,0.0,0.0
60,104,0.0,0.0,0.0
60,105,0.0,0.0,0.0
60,106,3672.0,29.14923667907715,449.9964599609375
60,107,0.0,0.0,0.0
60,108,0.0,0.0,0.0
60,109,0.0,0.0,0.0
60,110,0.0,0.0,0.0
60,111,0.0,0.0,0.0
60,112,959.0,9.312826156616213,29.39833068847656
60,113,0.0,0.0,0.0
60,114,1334.0,389.1154479980469,501.1896667480469
60,115,1020.0,36.72941207885742,10.15686321258545
60,116,0.0,0.0,0.0
60,117,2408.0,118.2034912109375,495.8289184570313
60,118,0.0,0.0,0.0
60,119,0.0,0.0,0.0
60,120,0.0,0.0,0.0
60,121,0.0,0.0,0.0
60,122,0.0,0.0,0.0
60,123,0.0,0.0,0.0
60,124,0.0,0.0,0.0
60,125,0.0,0.0,0.0
60,126,0.0,0.0,0.0
60,127,0.0,0.0,0.0
60,128,0.0,0.0,0.0
60,129,0.0,0.0,0.0
60,130,0.0,0.0,0.0
60,131,0.0,0.0,0.0
60,132,0.0,0.0,0.0
60,133,0.0,0.0,0.0
60,134,0.0,0.0,0.0
60,135,0.0,0.0,0.0
60,136,0.0,0.0,0.0
60,137,0.0,0.0,0.0
60,138,0.0,0.0,0.0
60,139,0.0,0.0,0.0
60,140,0.0,0.0,0.0
60,141,0.0,0.0,0.0
60,142,0.0,0.0,0.0
60,143,0.0,0.0,0.0
60,144,0.0,0.0,0.0
60,145,0.0,0.0,0.0
60,146,0.0,0.0,0.0
60,147,0.0,0.0,0.0
60,148,0.0,0.0,0.0
60,149,0.0,0.0,0.0
60,150,0.0,0.0,0.0
60,151,0.0,0.0,0.0
60,152,0.0,0.0,0.0
60,153,0.0,0.0,0.0
60,154,0.0,0.0,0.0
60,155,0.0,0.0,0.0
60,156,0.0,0.0,0.0
60,157,0.0,0.0,0.0
60,158,0.0,0.0,0.0
60,159,0.0,0.0,0.0
61,0,0.0,0.0,0.0
61,1,2392.0,104.76128387451172,326.2403869628906
61,2,1325.0,48.854339599609375,367.7154846191406
61,3,0.0,0.0,0.0
61,4,2480.0,127.85765838623048,432.7447509765625
61,5,4283.0,109.98762512207033,89.36236572265625
61,6,3173.0,125.7368392944336,182.23448181152344
61,7,3785.0,113.39207458496094,271.154296875
61,8,3227.0,161.26185607910156,304.3154602050781
61,9,7191.0,179.75636291503906,381.0734252929688
61,10,1403.0,251.5010681152344,408.4583129882813
61,11,1710.0,144.49649047851562,471.8567199707031
61,12,2679.0,376.9858093261719,38.714820861816406
61,13,461.0,113.4642105102539,220.9370880126953
61,14,4908.0,178.86328125,165.76263427734375
61,15,2915.0,36.76089096069336,292.0308837890625
61,16,5117.0,171.9622802734375,36.94156646728516
61,17,1720.0,270.91571044921875,34.443603515625
61,18,3952.0,102.90890502929688,22.42687225341797
61,19,2208.0,219.37725830078125,53.82110595703125
61,20,1172.0,8.846416473388672,119.09471130371094
61,21,528.0,253.9223480224609,91.1647720336914
61,22,2111.0,289.2828063964844,93.27333068847656
61,23,1367.0,111.04462432861328,137.98536682128906
61,24,6043.0,204.69386291503903,237.19493103027344
61,25,2271.0,285.665771484375,278.7010192871094
61,26,0.0,0.0,0.0
61,27,4664.0,44.22770309448242,72.74764251708984
61,28,7431.0,424.61767578125,77.04534912109375
61,29,3427.0,51.1771240234375,133.6763916015625
61,30,3482.0,335.5594482421875,83.3265380859375
61,31,2721.0,303.174560546875,135.2554168701172
61,32,5667.0,241.9807586669922,148.8244171142578
61,33,2741.0,440.4644165039063,110.91973876953124
61,34,0.0,0.0,0.0
61,35,2638.0,330.2391967773437,254.41925048828125
61,36,11380.0,383.8697814941406,318.9501647949219
61,37,2668.0,283.2335205078125,326.37030029296875
61,38,8881.0,427.06732177734375,403.8951721191406
61,39,2433.0,396.284423828125,472.0361633300781
61,40,3499.0,492.157470703125,377.5667419433594
61,41,3513.0,350.9328308105469,382.9202880859375
61,42,3559.0,44.25456619262695,329.385498046875
61,43,0.0,0.0,0.0
61,44,11735.0,385.3373718261719,167.98849487304688
61,45,4231.0,68.92861938476562,190.07847595214844
61,46,4910.0,37.465579986572266,240.9034576416016
61,47,1635.0,15.029969215393066,177.24649047851562
61,48,1080.0,153.16944885253906,229.3898162841797
61,49,793.0,250.0,267.5636901855469
61,50,830.0,116.52169036865234,235.369873046875
61,51,3513.0,104.23683166503906,374.03814697265625
61,52,0.0,0.0,0.0
61,53,0.0,0.0,0.0
61,54,0.0,0.0,0.0
61,55,3181.0,344.8289794921875,456.8252258300781
61,56,3108.0,36.14800643920898,395.2799377441406
61,57,5650.0,210.3214111328125,445.9348754882813
61,58,4162.0,324.7568359375,21.668909072875977
61,59,0.0,0.0,0.0
61,60,4259.0,181.86734008789065,101.78187561035156
61,61,1084.0,302.77490234375,468.8071899414063
61,62,0.0,0.0,0.0
61,63,617.0,237.9319305419922,8.541329383850098
61,64,0.0,0.0,0.0
61,65,0.0,0.0,0.0
61,66,2897.0,80.88505554199219,437.6258239746094
61,67,0.0,0.0,0.0
61,68,3943.0,481.568359375,32.514835357666016
61,69,795.0,42.24528121948242,31.03899383544922
61,70,0.0,0.0,0.0
61,71,5208.0,284.3074035644531,212.26402282714844
61,72,5804.0,301.1180114746094,403.5153198242188
61,73,3200.0,262.1134338378906,483.716552734375
61,74,1007.0,418.9225463867188,11.87785530090332
61,75,2220.0,198.61666870117188,496.47161865234375
61,76,0.0,0.0,0.0
61,77,0.0,0.0,0.0
61,78,1652.0,252.18463134765625,57.11682891845703
61,79,2986.0,375.9755554199219,242.1778259277344
61,80,1462.0,322.2469177246094,499.5807189941406
61,81,0.0,0.0,0.0
61,82,0.0,0.0,0.0
61,83,0.0,0.0,0.0
61,84,1481.0,68.60297393798828,490.8521118164063
61,85,4568.0,491.408935546875,162.73817443847656
61,86,7647.0,446.2344665527344,238.73179626464844
61,87,6191.0,474.1222839355469,471.7859802246094
61,88,0.0,0.0,0.0
61,89,0.0,0.0,0.0
61,90,0.0,0.0,0.0
61,91,0.0,0.0,0.0
61,92,0.0,0.0,0.0
61,93,0.0,0.0,0.0
61,94,0.0,0.0,0.0
61,95,0.0,0.0,0.0
61,96,0.0,0.0,0.0
61,97,0.0,0.0,0.0
61,98,3803.0,487.0722961425781,296.5169677734375
61,99,6651.0,225.73117065429688,323.9967041015625
61,100,0.0,0.0,0.0
61,101,0.0,0.0,0.0
61,102,1537.0,22.07352066040039,494.4788513183594
61,103,0.0,0.0,0.0
61,104,0.0,0.0,0.0
61,105,0.0,0.0,0.0
61,106,3659.0,29.5400390625,449.7073059082031
61,107,0.0,0.0,0.0
61,108,0.0,0.0,0.0
61,109,0.0,0.0,0.0
61,110,0.0,0.0,0.0
61,111,0.0,0.0,0.0
61,112,938.0,8.809168815612793,30.003198623657227
61,113,0.0,0.0,0.0
61,114,1383.0,388.9363708496094,501.0455627441406
61,115,1034.0,36.08897399902344,10.211798667907717
61,116,0.0,0.0,0.0
61,117,2382.0,118.20361328125,495.8887634277344
61,118,0.0,0.0,0.0
61,119,0.0,0.0,0.0
61,120,0.0,0.0,0.0
61,121,0.0,0.0,0.0
61,122,0.0,0.0,0.0
61,123,0.0,0.0,0.0
61,124,0.0,0.0,0.0
61,125,0.0,0.0,0.0
61,126,0.0,0.0,0.0
61,127,0.0,0.0,0.0
61,128,0.0,0.0,0.0
61,129,0.0,0.0,0.0
61,130,0.0,0.0,0.0
61,131,0.0,0.0,0.0
61,132,0.0,0.0,0.0
61,133,0.0,0.0,0.0
61,134,0.0,0.0,0.0
61,135,0.0,0.0,0.0
61,136,0.0,0.0,0.0
61,137,0.0,0.0,0.0
61,138,0.0,0.0,0.0
61,139,0.0,0.0,0.0
61,140,0.0,0.0,0.0
61,141,0.0,0.0,0.0
61,142,0.0,0.0,0.0
61,143,0.0,0.0,0.0
61,144,0.0,0.0,0.0
61,145,0.0,0.0,0.0
61,146,0.0,0.0,0.0
61,147,0.0,0.0,0.0
61,148,0.0,0.0,0.0
61,149,0.0,0.0,0.0
61,150,0.0,0.0,0.0
61,151,0.0,0.0,0.0
61,152,0.0,0.0,0.0
61,153,0.0,0.0,0.0
61,154,0.0,0.0,0.0
61,155,0.0,0.0,0.0
61,156,0.0,0.0,0.0
61,157,0.0,0.0,0.0
61,158,0.0,0.0,0.0
61,159,0.0,0.0,0.0
62,0,0.0,0.0,0.0
62,1,2604.0,104.24577331542967,326.979248046875
62,2,1473.0,50.42702102661133,367.3414916992188
62,3,0.0,0.0,0.0
62,4,1983.0,132.1729736328125,433.0115966796875
62,5,4369.0,109.6607894897461,89.52826690673828
62,6,2894.0,125.90911865234376,180.91741943359372
62,7,3737.0,113.5359878540039,270.90740966796875
62,8,2950.0,160.1084747314453,304.45965576171875
62,9,7398.0,178.75453186035156,380.8214416503906
62,10,1434.0,250.72384643554688,409.4135437011719
62,11,1927.0,144.89154052734375,473.169189453125
62,12,2771.0,377.3782043457031,37.91519165039063
62,13,396.0,115.2095947265625,217.72979736328125
62,14,4924.0,177.7508087158203,165.636474609375
62,15,2695.0,36.71280288696289,290.6649475097656
62,16,5165.0,171.99322509765625,37.59709548950195
62,17,1845.0,270.4775085449219,32.99024200439453
62,18,3878.0,104.18927001953124,22.49974250793457
62,19,2141.0,219.1709442138672,52.05604934692383
62,20,1310.0,9.615266799926758,120.02442932128906
62,21,815.0,252.9202423095703,89.47853088378906
62,22,2379.0,292.3135681152344,91.62001037597656
62,23,1372.0,111.46720123291016,137.7106475830078
62,24,6411.0,203.4047698974609,236.40133666992188
62,25,2170.0,287.86083984375,278.7608337402344
62,26,0.0,0.0,0.0
62,27,4466.0,43.95589065551758,72.2794418334961
62,28,7409.0,425.6135864257813,75.41030883789062
62,29,3337.0,51.53581237792969,132.95144653320312
62,30,3172.0,337.30517578125,81.89691162109375
62,31,2828.0,302.5095520019531,134.9349365234375
62,32,5642.0,241.0389862060547,148.64268493652344
62,33,2955.0,438.1891784667969,111.14788818359376
62,34,0.0,0.0,0.0
62,35,1434.0,320.8863220214844,255.2175750732422
62,36,11807.0,384.45159912109375,318.1956481933594
62,37,2057.0,287.276123046875,326.6752624511719
62,38,8604.0,426.0284729003906,405.20013427734375
62,39,2317.0,396.042724609375,471.6335754394531
62,40,3668.0,491.0785217285156,377.08642578125
62,41,3610.0,351.1349182128906,383.746826171875
62,42,3712.0,44.754581451416016,327.32891845703125
62,43,0.0,0.0,0.0
62,44,11752.0,384.873291015625,167.9832305908203
62,45,4373.0,69.69609069824219,189.38623046875
62,46,4919.0,37.11404800415039,240.50558471679688
62,47,1579.0,15.13616180419922,177.47119140625
62,48,1032.0,146.43701171875,233.77713012695312
62,49,643.0,255.7915954589844,267.73095703125
62,50,828.0,113.31884002685548,233.5301971435547
62,51,3232.0,104.62190246582033,376.3094177246094
62,52,0.0,0.0,0.0
62,53,0.0,0.0,0.0
62,54,0.0,0.0,0.0
62,55,3254.0,345.51043701171875,456.8042297363281
62,56,2926.0,35.56630325317383,394.7730712890625
62,57,5472.0,209.6982879638672,446.27923583984375
62,58,3879.0,324.82830810546875,21.33745765686035
62,59,0.0,0.0,0.0
62,60,4072.0,181.750244140625,101.6171417236328
62,61,1205.0,304.4107971191406,469.91204833984375
62,62,0.0,0.0,0.0
62,63,568.0,237.20069885253903,8.603873252868652
62,64,0.0,0.0,0.0
62,65,0.0,0.0,0.0
62,66,3431.0,83.84407043457031,436.9661865234375
62,67,0.0,0.0,0.0
62,68,3705.0,483.07232666015625,33.35870361328125
62,69,934.0,43.39507675170898,30.816917419433597
62,70,0.0,0.0,0.0
62,71,5320.0,283.6806335449219,213.0451202392578
62,72,5740.0,299.7134094238281,402.9266662597656
62,73,3212.0,261.891357421875,482.9171752929688
62,74,980.0,419.1938781738281,11.557143211364746
62,75,2186.0,199.2401580810547,496.8655090332031
62,76,0.0,0.0,0.0
62,77,0.0,0.0,0.0
62,78,1479.0,252.58688354492188,57.19472503662109
62,79,3792.0,365.885009765625,244.3053741455078
62,80,1140.0,322.9228210449219,499.5184326171875
62,81,0.0,0.0,0.0
62,82,0.0,0.0,0.0
62,83,0.0,0.0,0.0
62,84,1379.0,70.07034301757812,491.0173950195313
62,85,4504.0,490.9047546386719,162.23667907714844
62,86,7608.0,444.7321166992188,238.2059631347656
62,87,6254.0,474.5468444824219,471.8704833984375
62,88,0.0,0.0,0.0
62,89,0.0,0.0,0.0
62,90,0.0,0.0,0.0
62,91,0.0,0.0,0.0
62,92,0.0,0.0,0.0
62,93,0.0,0.0,0.0
62,94,0.0,0.0,0.0
62,95,0.0,0.0,0.0
62,96,0.0,0.0,0.0
62,97,0.0,0.0,0.0
62,98,3771.0,487.6218566894531,294.9931030273437
62,99,7562.0,228.2644805908203,322.96441650390625
62,100,0.0,0.0,0.0
62,101,0.0,0.0,0.0
62,102,1644.0,23.80231094360352,493.9841918945313
62,103,0.0,0.0,0.0
62,104,0.0,0.0,0.0
62,105,0.0,0.0,0.0
62,106,3701.0,29.64117813110352,448.91839599609375
62,107,0.0,0.0,0.0
62,108,0.0,0.0,0.0
62,109,0.0,0.0,0.0
62,110,0.0,0.0,0.0
62,111,0.0,0.0,0.0
62,112,953.0,8.65477466583252,29.3945426940918
62,113,0.0,0.0,0.0
62,114,1503.0,389.9334716796875,500.7784423828125
62,115,1027.0,37.62706756591797,9.918208122253418
62,116,0.0,0.0,0.0
62,117,2139.0,116.99158477783205,496.2753601074219
62,118,0.0,0.0,0.0
62,119,0.0,0.0,0.0
62,120,0.0,0.0,0.0
62,121,0.0,0.0,0.0
62,122,0.0,0.0,0.0
62,123,0.0,0.0,0.0
62,124,0.0,0.0,0.0
62,125,0.0,0.0,0.0
62,126,0.0,0.0,0.0
62,127,0.0,0.0,0.0
62,128,0.0,0.0,0.0
62,129,0.0,0.0,0.0
62,130,0.0,0.0,0.0
62,131,0.0,0.0,0.0
62,132,0.0,0.0,0.0
62,133,0.0,0.0,0.0
62,134,0.0,0.0,0.0
62,135,0.0,0.0,0.0
62,136,0.0,0.0,0.0
62,137,0.0,0.0,0.0
62,138,0.0,0.0,0.0
62,139,0.0,0.0,0.0
62,140,0.0,0.0,0.0
62,141,0.0,0.0,0.0
62,142,0.0,0.0,0.0
62,143,0.0,0.0,0.0
62,144,0.0,0.0,0.0
62,145,0.0,0.0,0.0
62,146,0.0,0.0,0.0
62,147,0.0,0.0,0.0
62,148,0.0,0.0,0.0
62,149,0.0,0.0,0.0
62,150,0.0,0.0,0.0
62,151,0.0,0.0,0.0
62,152,0.0,0.0,0.0
62,153,0.0,0.0,0.0
62,154,0.0,0.0,0.0
62,155,0.0,0.0,0.0
62,156,0.0,0.0,0.0
62,157,0.0,0.0,0.0
62,158,0.0,0.0,0.0
62,159,0.0,0.0,0.0
63,0,0.0,0.0,0.0
63,1,2815.0,106.16376495361328,327.3612670898437
63,2,1643.0,50.8697509765625,365.54534912109375
63,3,0.0,0.0,0.0
63,4,1847.0,133.40281677246094,432.6735229492188
63,5,4818.0,108.72270965576172,90.11083221435548
63,6,2782.0,126.22573852539062,180.33609008789065
63,7,3971.0,114.6494598388672,269.7245178222656
63,8,2577.0,159.97671508789062,303.8998718261719
63,9,7426.0,177.56114196777344,381.00579833984375
63,10,1294.0,247.66151428222656,407.4830017089844
63,11,2097.0,145.10586547851562,472.4568481445313
63,12,3181.0,379.5466918945313,33.92109298706055
63,13,548.0,116.69342803955078,218.88868713378903
63,14,4830.0,176.659423828125,165.5561065673828
63,15,2250.0,33.5533332824707,288.2435607910156
63,16,5237.0,172.60702514648438,37.607025146484375
63,17,1787.0,272.1566772460937,33.04364776611328
63,18,3772.0,104.38361358642578,21.91622543334961
63,19,1992.0,219.4638519287109,51.112449645996094
63,20,1286.0,9.395023345947266,119.50155639648438
63,21,717.0,252.58856201171875,88.56624603271484
63,22,2655.0,292.8757019042969,91.33898162841795
63,23,1075.0,112.02790832519533,139.19534301757812
63,24,6417.0,202.4238739013672,236.19479370117188
63,25,2221.0,287.488525390625,279.557861328125
63,26,0.0,0.0,0.0
63,27,4305.0,43.131473541259766,71.18234252929688
63,28,7559.0,425.8794860839844,74.06416320800781
63,29,3430.0,51.26239013671875,132.5688018798828
63,30,3022.0,338.2687072753906,80.2640609741211
63,31,3012.0,302.6560363769531,135.3940887451172
63,32,5842.0,240.40533447265625,148.85382080078125
63,33,3332.0,441.52490234375,108.08493041992188
63,34,0.0,0.0,0.0
63,35,1635.0,320.9853210449219,253.6067352294922
63,36,11969.0,386.5608520507813,315.7943725585937
63,37,2201.0,286.2780456542969,326.3870849609375
63,38,8795.0,428.0113830566406,402.3780517578125
63,39,2445.0,397.076904296875,470.3742370605469
63,40,3485.0,492.70501708984375,375.41693115234375
63,41,3661.0,351.6405334472656,381.93499755859375
63,42,4218.0,45.39663314819336,323.5007019042969
63,43,0.0,0.0,0.0
63,44,11760.0,385.268798828125,168.34336853027344
63,45,4481.0,70.17183685302734,189.23611450195312
63,46,4859.0,36.623172760009766,240.1356201171875
63,47,1571.0,15.026734352111816,177.0592041015625
63,48,812.0,147.41009521484375,231.7266082763672
63,49,817.0,256.0330505371094,266.65484619140625
63,50,734.0,114.5762939453125,234.4019012451172
63,51,2962.0,105.73092651367188,378.406494140625
63,52,0.0,0.0,0.0
63,53,0.0,0.0,0.0
63,54,0.0,0.0,0.0
63,55,3155.0,345.7188720703125,456.3803405761719
63,56,2888.0,36.2177963256836,394.2707824707031
63,57,5327.0,211.24253845214844,446.2622375488281
63,58,3628.0,323.58984375,20.655733108520508
63,59,0.0,0.0,0.0
63,60,4053.0,181.05007934570312,101.8815689086914
63,61,1112.0,304.26348876953125,468.4694213867188
63,62,0.0,0.0,0.0
63,63,635.0,238.7779541015625,7.925984382629394
63,64,0.0,0.0,0.0
63,65,0.0,0.0,0.0
63,66,3428.0,84.03996276855469,435.74212646484375
63,67,0.0,0.0,0.0
63,68,3500.0,483.4348449707031,33.097999572753906
63,69,965.0,42.96372985839844,30.34922218322754
63,70,0.0,0.0,0.0
63,71,5081.0,283.2284851074219,213.31431579589844
63,72,6027.0,299.9148864746094,403.4227600097656
63,73,3228.0,261.1623229980469,482.91015625
63,74,553.0,424.6600341796875,10.394213676452637
63,75,2125.0,198.99952697753903,496.3322448730469
63,76,0.0,0.0,0.0
63,77,0.0,0.0,0.0
63,78,1621.0,251.21282958984372,56.69093322753906
63,79,3637.0,366.5199279785156,243.85317993164065
63,80,1498.0,321.0039978027344,499.1221618652344
63,81,0.0,0.0,0.0
63,82,0.0,0.0,0.0
63,83,0.0,0.0,0.0
63,84,1204.0,73.65199279785156,489.2483520507813
63,85,4630.0,491.5853271484375,164.1775360107422
63,86,6705.0,442.7554016113281,234.84458923339844
63,87,6239.0,474.2646179199219,471.1246948242188
63,88,0.0,0.0,0.0
63,89,0.0,0.0,0.0
63,90,0.0,0.0,0.0
63,91,0.0,0.0,0.0
63,92,0.0,0.0,0.0
63,93,0.0,0.0,0.0
63,94,0.0,0.0,0.0
63,95,0.0,0.0,0.0
63,96,0.0,0.0,0.0
63,97,0.0,0.0,0.0
63,98,3962.0,486.72564697265625,291.8692626953125
63,99,7546.0,226.4817047119141,323.72674560546875
63,100,0.0,0.0,0.0
63,101,0.0,0.0,0.0
63,102,1800.0,27.474445343017575,494.1111145019531
63,103,0.0,0.0,0.0
63,104,0.0,0.0,0.0
63,105,0.0,0.0,0.0
63,106,3775.0,30.081588745117188,448.7284851074219
63,107,0.0,0.0,0.0
63,108,0.0,0.0,0.0
63,109,0.0,0.0,0.0
63,110,0.0,0.0,0.0
63,111,0.0,0.0,0.0
63,112,952.0,8.472688674926758,29.25840377807617
63,113,0.0,0.0,0.0
63,114,1521.0,390.3372802734375,500.5680541992188
63,115,986.0,37.730224609375,9.66531467437744
63,116,0.0,0.0,0.0
63,117,2137.0,117.41740417480467,496.0140380859375
63,118,0.0,0.0,0.0
63,119,0.0,0.0,0.0
63,120,0.0,0.0,0.0
63,121,0.0,0.0,0.0
63,122,0.0,0.0,0.0
63,123,0.0,0.0,0.0
63,124,0.0,0.0,0.0
63,125,0.0,0.0,0.0
63,126,0.0,0.0,0.0
63,127,0.0,0.0,0.0
63,128,0.0,0.0,0.0
63,129,0.0,0.0,0.0
63,130,0.0,0.0,0.0
63,131,0.0,0.0,0.0
63,132,0.0,0.0,0.0
63,133,0.0,0.0,0.0
63,134,0.0,0.0,0.0
63,135,0.0,0.0,0.0
63,136,0.0,0.0,0.0
63,137,0.0,0.0,0.0
63,138,0.0,0.0,0.0
63,139,0.0,0.0,0.0
63,140,0.0,0.0,0.0
63,141,0.0,0.0,0.0
63,142,0.0,0.0,0.0
63,143,0.0,0.0,0.0
63,144,0.0,0.0,0.0
63,145,0.0,0.0,0.0
63,146,0.0,0.0,0.0
63,147,0.0,0.0,0.0
63,148,0.0,0.0,0.0
63,149,0.0,0.0,0.0
63,150,0.0,0.0,0.0
63,151,0.0,0.0,0.0
63,152,0.0,0.0,0.0
63,153,0.0,0.0,0.0
63,154,0.0,0.0,0.0
63,155,0.0,0.0,0.0
63,156,0.0,0.0,0.0
63,157,0.0,0.0,0.0
63,158,0.0,0.0,0.0
63,159,0.0,0.0,0.0
64,0,0.0,0.0,0.0
64,1,2993.0,108.46240997314452,328.1533508300781
64,2,1625.0,55.030155181884766,365.0978393554688
64,3,0.0,0.0,0.0
64,4,1421.0,138.1696014404297,432.34765625
64,5,5033.0,108.5014877319336,90.40016174316406
64,6,2766.0,127.8416519165039,180.45118713378903
64,7,3899.0,115.32572174072266,269.9689636230469
64,8,2299.0,160.03915405273438,302.8121032714844
64,9,7537.0,177.3306427001953,381.6277160644531
64,10,1193.0,247.8290100097656,407.74517822265625
64,11,2111.0,145.2207489013672,471.4722900390625
64,12,3145.0,379.3243103027344,34.07249450683594
64,13,430.0,116.3255844116211,218.2302398681641
64,14,4695.0,175.88839721679688,164.96315002441406
64,15,2086.0,31.663471221923828,285.5440979003906
64,16,5400.0,173.35462951660156,38.125186920166016
64,17,1903.0,271.84552001953125,31.07882308959961
64,18,3557.0,106.0028076171875,21.64548683166504
64,19,2114.0,222.06527709960935,52.514190673828125
64,20,1349.0,9.786508560180664,118.7568588256836
64,21,736.0,252.92935180664065,87.46739196777344
64,22,3061.0,296.746826171875,90.74224090576172
64,23,943.0,113.36373138427734,138.7242889404297
64,24,6553.0,202.8716583251953,236.06546020507807
64,25,2208.0,288.6494445800781,278.6739196777344
64,26,0.0,0.0,0.0
64,27,4161.0,43.46046447753906,70.85724639892578
64,28,7774.0,425.8130798339844,72.97774505615234
64,29,3359.0,51.05507659912109,132.3623046875
64,30,2690.0,340.6542663574219,78.34870147705078
64,31,3146.0,303.1687927246094,135.94627380371094
64,32,6030.0,239.6071319580078,148.1641845703125
64,33,3263.0,441.3086242675781,109.88507843017578
64,34,0.0,0.0,0.0
64,35,1670.0,323.1191711425781,249.48683166503903
64,36,11523.0,383.98974609375,316.7100524902344
64,37,2112.0,287.3702697753906,326.085693359375
64,38,8844.0,429.0758666992188,401.2259216308594
64,39,2547.0,397.0325927734375,468.5182495117188
64,40,3187.0,493.37213134765625,372.1380615234375
64,41,3544.0,351.7480163574219,381.1893310546875
64,42,4660.0,46.222747802734375,321.673828125
64,43,0.0,0.0,0.0
64,44,11306.0,385.1308898925781,167.74526977539062
64,45,4741.0,71.23370361328125,188.8074188232422
64,46,4726.0,36.48688125610352,238.94456481933597
64,47,1507.0,15.078965187072754,176.31520080566406
64,48,811.0,147.05178833007812,229.8064117431641
64,49,834.0,257.21343994140625,266.0179748535156
64,50,864.0,113.81018829345705,234.28587341308597
64,51,2626.0,107.1374740600586,379.8552856445313
64,52,0.0,0.0,0.0
64,53,0.0,0.0,0.0
64,54,0.0,0.0,0.0
64,55,3250.0,345.02276611328125,456.3166198730469
64,56,2309.0,46.08012008666992,396.4603576660156
64,57,5443.0,214.5120391845703,446.288818359375
64,58,3507.0,324.322509765625,20.01254653930664
64,59,0.0,0.0,0.0
64,60,3859.0,181.3726348876953,101.77688598632812
64,61,1027.0,306.06329345703125,470.9026184082031
64,62,0.0,0.0,0.0
64,63,452.0,236.7345123291016,7.391592979431152
64,64,0.0,0.0,0.0
64,65,0.0,0.0,0.0
64,66,3746.0,87.32194519042969,435.4375305175781
64,67,0.0,0.0,0.0
64,68,3604.0,482.7008972167969,30.424806594848636
64,69,1455.0,46.06804275512695,26.523712158203125
64,70,0.0,0.0,0.0
64,71,4966.0,284.42047119140625,213.59364318847656
64,72,6060.0,300.3003234863281,403.0989990234375
64,73,3426.0,261.55517578125,485.2101440429688
64,74,493.0,421.9776916503906,9.269777297973633
64,75,2026.0,196.78924560546875,495.6327819824219
64,76,0.0,0.0,0.0
64,77,0.0,0.0,0.0
64,78,1431.0,253.7442321777344,53.19217300415039
64,79,3813.0,369.40911865234375,243.0516662597656
64,80,1162.0,321.001708984375,499.09381103515625
64,81,0.0,0.0,0.0
64,82,0.0,0.0,0.0
64,83,0.0,0.0,0.0
64,84,1251.0,73.65068054199219,489.8800964355469
64,85,4627.0,491.770263671875,164.0486297607422
64,86,7024.0,443.24615478515625,236.9820556640625
64,87,6338.0,474.8209228515625,469.9493408203125
64,88,0.0,0.0,0.0
64,89,0.0,0.0,0.0
64,90,0.0,0.0,0.0
64,91,0.0,0.0,0.0
64,92,0.0,0.0,0.0
64,93,0.0,0.0,0.0
64,94,0.0,0.0,0.0
64,95,0.0,0.0,0.0
64,96,0.0,0.0,0.0
64,97,0.0,0.0,0.0
64,98,3969.0,486.6639099121094,292.5966186523437
64,99,7880.0,226.59683227539065,323.62664794921875
64,100,0.0,0.0,0.0
64,101,0.0,0.0,0.0
64,102,1840.0,26.96847915649414,493.9983825683594
64,103,0.0,0.0,0.0
64,104,0.0,0.0,0.0
64,105,0.0,0.0,0.0
64,106,3801.0,30.36385154724121,448.671142578125
64,107,0.0,0.0,0.0
64,108,0.0,0.0,0.0
64,109,0.0,0.0,0.0
64,110,0.0,0.0,0.0
64,111,0.0,0.0,0.0
64,112,967.0,8.35573959350586,30.22026824951172
64,113,0.0,0.0,0.0
64,114,1704.0,389.4865112304688,500.26702880859375
64,115,700.0,33.59714126586914,7.555714130401611
64,116,0.0,0.0,0.0
64,117,2173.0,118.37137603759766,495.84674072265625
64,118,0.0,0.0,0.0
64,119,0.0,0.0,0.0
64,120,285.0,498.4772033691406,236.14035034179688
64,121,0.0,0.0,0.0
64,122,0.0,0.0,0.0
64,123,824.0,9.247572898864746,383.84222412109375
64,124,0.0,0.0,0.0
64,125,0.0,0.0,0.0
64,126,0.0,0.0,0.0
64,127,0.0,0.0,0.0
64,128,0.0,0.0,0.0
64,129,0.0,0.0,0.0
64,130,0.0,0.0,0.0
64,131,0.0,0.0,0.0
64,132,0.0,0.0,0.0
64,133,0.0,0.0,0.0
64,134,0.0,0.0,0.0
64,135,0.0,0.0,0.0
64,136,0.0,0.0,0.0
64,137,0.0,0.0,0.0
64,138,0.0,0.0,0.0
64,139,0.0,0.0,0.0
64,140,0.0,0.0,0.0
64,141,0.0,0.0,0.0
64,142,0.0,0.0,0.0
64,143,0.0,0.0,0.0
64,144,0.0,0.0,0.0
64,145,0.0,0.0,0.0
64,146,0.0,0.0,0.0
64,147,0.0,0.0,0.0
64,148,0.0,0.0,0.0
64,149,0.0,0.0,0.0
64,150,0.0,0.0,0.0
64,151,0.0,0.0,0.0
64,152,0.0,0.0,0.0
64,153,0.0,0.0,0.0
64,154,0.0,0.0,0.0
64,155,0.0,0.0,0.0
64,156,0.0,0.0,0.0
64,157,0.0,0.0,0.0
64,158,0.0,0.0,0.0
64,159,0.0,0.0,0.0
65,0,0.0,0.0,0.0
65,1,3108.0,108.90894317626952,329.1689147949219
65,2,1771.0,58.4449462890625,365.9695129394531
65,3,0.0,0.0,0.0
65,4,1229.0,141.9560546875,431.64361572265625
65,5,5395.0,108.56848907470705,91.28081512451172
65,6,2386.0,127.91995239257812,178.2024383544922
65,7,3297.0,117.32211303710938,272.7252197265625
65,8,2219.0,159.67462158203125,300.84588623046875
65,9,7656.0,177.73916625976562,381.7105407714844
65,10,1502.0,252.63449096679688,408.4334106445313
65,11,2119.0,145.75318908691406,470.93109130859375
65,12,3210.0,378.59814453125,33.9006233215332
65,13,396.0,115.43434143066406,217.65151977539065
65,14,4622.0,175.0313720703125,165.51319885253906
65,15,2006.0,30.86241340637207,284.8095703125
65,16,5549.0,173.0428924560547,38.41646957397461
65,17,1431.0,272.7365417480469,28.788959503173828
65,18,3333.0,105.88958740234376,21.189319610595703
65,19,2247.0,225.52647399902344,51.50200271606445
65,20,1368.0,10.135233879089355,120.2609634399414
65,21,699.0,254.29042053222656,85.74821472167969
65,22,3294.0,297.9462585449219,89.88190460205078
65,23,877.0,115.28734588623048,140.64309692382812
65,24,6700.0,202.1070098876953,234.6161193847656
65,25,2250.0,289.7537841796875,277.9190979003906
65,26,0.0,0.0,0.0
65,27,4150.0,42.95060348510742,70.98674774169922
65,28,7652.0,426.1344604492188,73.81102752685547
65,29,3214.0,51.58805084228516,132.1593017578125
65,30,2577.0,342.83856201171875,77.84323120117188
65,31,3195.0,303.3605651855469,135.96212768554688
65,32,6152.0,239.41465759277344,147.42327880859375
65,33,3581.0,445.947509765625,106.63613891601562
65,34,0.0,0.0,0.0
65,35,1739.0,325.3226013183594,245.78781127929688
65,36,12201.0,387.25677490234375,314.7397766113281
65,37,2217.0,286.6161499023437,325.6030578613281
65,38,8546.0,431.5739440917969,399.3509216308594
65,39,2803.0,397.4313354492188,465.4309692382813
65,40,3079.0,494.7664794921875,369.97857666015625
65,41,3744.0,352.35791015625,381.2796325683594
65,42,4962.0,46.76581954956055,320.5814208984375
65,43,0.0,0.0,0.0
65,44,11159.0,384.4883117675781,167.69943237304688
65,45,4930.0,71.97403717041016,188.1217041015625
65,46,4655.0,36.11901092529297,238.5821685791016
65,47,1510.0,15.310596466064451,175.98013305664062
65,48,990.0,143.5454559326172,232.3545379638672
65,49,813.0,258.59039306640625,265.001220703125
65,50,1262.0,105.80427551269533,238.7606964111328
65,51,2303.0,109.2670440673828,381.6513366699219
65,52,0.0,0.0,0.0
65,53,0.0,0.0,0.0
65,54,0.0,0.0,0.0
65,55,3238.0,343.9669494628906,456.0518798828125
65,56,2190.0,45.45159912109375,396.0433654785156
65,57,5524.0,217.18572998046875,446.5340270996094
65,58,3493.0,322.4185485839844,20.06155204772949
65,59,0.0,0.0,0.0
65,60,3784.0,183.56051635742188,100.94186401367188
65,61,1042.0,306.346435546875,471.7610473632813
65,62,0.0,0.0,0.0
65,63,482.0,236.0269775390625,5.172199249267578
65,64,0.0,0.0,0.0
65,65,0.0,0.0,0.0
65,66,3988.0,89.10155487060547,434.1311340332031
65,67,0.0,0.0,0.0
65,68,3388.0,483.3291015625,30.62691879272461
65,69,1668.0,47.45383834838867,24.934053421020508
65,70,0.0,0.0,0.0
65,71,4860.0,283.591552734375,213.7139892578125
65,72,5538.0,302.7546081542969,402.1628723144531
65,73,3350.0,261.2137451171875,486.09521484375
65,74,575.0,422.0208740234375,9.899130821228027
65,75,1995.0,196.33233642578125,495.3859558105469
65,76,0.0,0.0,0.0
65,77,0.0,0.0,0.0
65,78,1519.0,257.47662353515625,47.732059478759766
65,79,3541.0,368.5744018554688,243.8305511474609
65,80,1009.0,318.5966186523437,499.3439025878906
65,81,0.0,0.0,0.0
65,82,0.0,0.0,0.0
65,83,0.0,0.0,0.0
65,84,1443.0,73.4227294921875,489.248779296875
65,85,4305.0,491.3670043945313,162.11196899414062
65,86,6418.0,441.1505126953125,231.10610961914065
65,87,6438.0,475.2432556152344,468.9018249511719
65,88,0.0,0.0,0.0
65,89,0.0,0.0,0.0
65,90,0.0,0.0,0.0
65,91,0.0,0.0,0.0
65,92,0.0,0.0,0.0
65,93,0.0,0.0,0.0
65,94,0.0,0.0,0.0
65,95,0.0,0.0,0.0
65,96,0.0,0.0,0.0
65,97,0.0,0.0,0.0
65,98,3819.0,485.3228454589844,291.6988830566406
65,99,7964.0,225.73681640625,323.0174560546875
65,100,0.0,0.0,0.0
65,101,0.0,0.0,0.0
65,102,1884.0,26.510616302490234,493.5923461914063
65,103,0.0,0.0,0.0
65,104,0.0,0.0,0.0
65,105,0.0,0.0,0.0
65,106,3732.0,30.088960647583008,447.67578125
65,107,0.0,0.0,0.0
65,108,0.0,0.0,0.0
65,109,0.0,0.0,0.0
65,110,0.0,0.0,0.0
65,111,0.0,0.0,0.0
65,112,1041.0,8.881844520568848,29.58213233947754
65,113,0.0,0.0,0.0
65,114,1980.0,386.7580871582031,499.8944396972656
65,115,510.0,31.1862735748291,6.58627462387085
65,116,0.0,0.0,0.0
65,117,2169.0,119.20977783203124,495.4103393554688
65,118,0.0,0.0,0.0
65,119,0.0,0.0,0.0
65,120,0.0,0.0,0.0
65,121,760.0,496.7342224121094,234.3526306152344
65,122,0.0,0.0,0.0
65,123,833.0,9.995198249816896,383.6614685058594
65,124,0.0,0.0,0.0
65,125,0.0,0.0,0.0
65,126,0.0,0.0,0.0
65,127,0.0,0.0,0.0
65,128,0.0,0.0,0.0
65,129,0.0,0.0,0.0
65,130,0.0,0.0,0.0
65,131,0.0,0.0,0.0
65,132,0.0,0.0,0.0
65,133,0.0,0.0,0.0
65,134,0.0,0.0,0.0
65,135,0.0,0.0,0.0
65,136,0.0,0.0,0.0
65,137,0.0,0.0,0.0
65,138,0.0,0.0,0.0
65,139,0.0,0.0,0.0
65,140,0.0,0.0,0.0
65,141,0.0,0.0,0.0
65,142,0.0,0.0,0.0
65,143,0.0,0.0,0.0
65,144,0.0,0.0,0.0
65,145,0.0,0.0,0.0
65,146,0.0,0.0,0.0
65,147,0.0,0.0,0.0
65,148,0.0,0.0,0.0
65,149,0.0,0.0,0.0
65,150,0.0,0.0,0.0
65,151,0.0,0.0,0.0
65,152,0.0,0.0,0.0
65,153,0.0,0.0,0.0
65,154,0.0,0.0,0.0
65,155,0.0,0.0,0.0
65,156,0.0,0.0,0.0
65,157,0.0,0.0,0.0
65,158,0.0,0.0,0.0
65,159,0.0,0.0,0.0
66,0,0.0,0.0,0.0
66,1,3271.0,110.66188049316406,329.68328857421875
66,2,1957.0,58.94839096069336,366.0638732910156
66,3,0.0,0.0,0.0
66,4,1069.0,145.6211395263672,431.527587890625
66,5,5742.0,108.5835952758789,91.70167541503906
66,6,2292.0,129.5200653076172,177.24737548828125
66,7,3082.0,119.49188995361328,272.6349792480469
66,8,2305.0,160.5995635986328,299.7392578125
66,9,7646.0,178.26419067382812,382.333251953125
66,10,1529.0,253.37998962402344,407.3937072753906
66,11,2231.0,147.44239807128906,470.6754760742188
66,12,3048.0,376.9147033691406,34.598426818847656
66,13,489.0,115.65848541259766,214.22494506835935
66,14,4432.0,175.58506774902344,164.09295654296875
66,15,1311.0,39.974063873291016,279.7170104980469
66,16,5762.0,174.7717742919922,38.303367614746094
66,17,873.0,274.1397399902344,31.550973892211918
66,18,3148.0,107.29415130615234,20.496187210083008
66,19,2236.0,227.4861297607422,50.29159164428711
66,20,1348.0,9.685460090637209,120.55192565917967
66,21,643.0,256.56610107421875,80.61275482177734
66,22,3975.0,302.5745849609375,88.65685272216797
66,23,971.0,126.54788970947266,135.06179809570312
66,24,6682.0,202.8223571777344,233.42681884765625
66,25,1984.0,290.95513916015625,278.0473937988281
66,26,0.0,0.0,0.0
66,27,4071.0,43.110538482666016,70.48489379882812
66,28,7299.0,426.6867980957031,71.47212219238281
66,29,3183.0,51.075714111328125,131.4099884033203
66,30,2065.0,347.7970886230469,75.11283111572266
66,31,3343.0,303.87286376953125,135.7191162109375
66,32,6177.0,239.34239196777344,146.0074462890625
66,33,3985.0,445.891357421875,106.66625213623048
66,34,0.0,0.0,0.0
66,35,1952.0,325.6173095703125,245.08555603027344
66,36,11966.0,387.3118896484375,314.4981689453125
66,37,2164.0,287.1617431640625,323.5115661621094
66,38,8380.0,433.7834167480469,397.4225463867188
66,39,3000.0,397.7550048828125,462.9846801757813
66,40,3070.0,495.5149841308594,370.8139953613281
66,41,3876.0,353.5766296386719,381.4563903808594
66,42,5211.0,47.026100158691406,319.2203063964844
66,43,0.0,0.0,0.0
66,44,10969.0,385.6470947265625,167.3498077392578
66,45,5068.0,72.33366394042969,186.98263549804688
66,46,4605.0,36.04191207885742,237.9131317138672
66,47,1494.0,15.88353443145752,175.01271057128906
66,48,1058.0,144.27503967285156,230.40170288085935
66,49,1029.0,260.5694885253906,265.2419738769531
66,50,1489.0,103.5601043701172,240.29147338867188
66,51,2129.0,110.7581024169922,383.9718322753906
66,52,0.0,0.0,0.0
66,53,0.0,0.0,0.0
66,54,0.0,0.0,0.0
66,55,3117.0,344.56719970703125,455.0250244140625
66,56,2336.0,45.62885284423828,396.595458984375
66,57,5470.0,219.31370544433597,446.7464294433594
66,58,3634.0,319.0057678222656,20.132360458374023
66,59,0.0,0.0,0.0
66,60,3450.0,188.677978515625,98.80029296875
66,61,1217.0,306.2711486816406,471.134765625
66,62,0.0,0.0,0.0
66,63,374.0,240.3796844482422,5.034759521484375
66,64,0.0,0.0,0.0
66,65,0.0,0.0,0.0
66,66,3938.0,91.07262420654295,433.9781494140625
66,67,0.0,0.0,0.0
66,68,3308.0,482.5160217285156,30.08192253112793
66,69,1937.0,48.19308090209961,23.186887741088867
66,70,0.0,0.0,0.0
66,71,4812.0,283.7450256347656,212.53033447265625
66,72,5529.0,302.7111511230469,400.24615478515625
66,73,3255.0,260.79693603515625,486.6522216796875
66,74,635.0,416.2566833496094,10.656692504882812
66,75,1942.0,196.96343994140625,495.5334777832031
66,76,0.0,0.0,0.0
66,77,0.0,0.0,0.0
66,78,1540.0,258.8999938964844,41.74805068969727
66,79,3621.0,369.7843017578125,242.96961975097656
66,80,1216.0,321.1356811523437,500.0008239746094
66,81,0.0,0.0,0.0
66,82,0.0,0.0,0.0
66,83,0.0,0.0,0.0
66,84,0.0,0.0,0.0
66,85,4349.0,491.62451171875,161.87789916992188
66,86,6186.0,440.9814147949219,230.57986450195312
66,87,6277.0,474.87542724609375,469.2604675292969
66,88,0.0,0.0,0.0
66,89,0.0,0.0,0.0
66,90,0.0,0.0,0.0
66,91,0.0,0.0,0.0
66,92,0.0,0.0,0.0
66,93,0.0,0.0,0.0
66,94,0.0,0.0,0.0
66,95,0.0,0.0,0.0
66,96,0.0,0.0,0.0
66,97,0.0,0.0,0.0
66,98,3993.0,484.1199645996094,290.2003479003906
66,99,8012.0,226.0646514892578,322.8879089355469
66,100,0.0,0.0,0.0
66,101,0.0,0.0,0.0
66,102,1905.0,26.990026473999023,493.2556457519531
66,103,0.0,0.0,0.0
66,104,0.0,0.0,0.0
66,105,0.0,0.0,0.0
66,106,3738.0,30.76912879943848,447.1297607421875
66,107,0.0,0.0,0.0
66,108,0.0,0.0,0.0
66,109,0.0,0.0,0.0
66,110,0.0,0.0,0.0
66,111,0.0,0.0,0.0
66,112,1069.0,8.85500431060791,31.2581844329834
66,113,0.0,0.0,0.0
66,114,1980.0,388.5267639160156,499.6636352539063
66,115,386.0,26.43523406982422,5.777202129364014
66,116,0.0,0.0,0.0
66,117,3751.0,101.434814453125,492.5521240234375
66,118,0.0,0.0,0.0
66,119,0.0,0.0,0.0
66,120,0.0,0.0,0.0
66,121,712.0,496.141845703125,234.0421295166016
66,122,601.0,6.705491065979004,291.6688842773437
66,123,783.0,8.375478744506836,381.9987182617188
66,124,0.0,0.0,0.0
66,125,0.0,0.0,0.0
66,126,0.0,0.0,0.0
66,127,0.0,0.0,0.0
66,128,0.0,0.0,0.0
66,129,0.0,0.0,0.0
66,130,0.0,0.0,0.0
66,131,0.0,0.0,0.0
66,132,0.0,0.0,0.0
66,133,0.0,0.0,0.0
66,134,0.0,0.0,0.0
66,135,0.0,0.0,0.0
66,136,0.0,0.0,0.0
66,137,0.0,0.0,0.0
66,138,0.0,0.0,0.0
66,139,0.0,0.0,0.0
66,140,0.0,0.0,0.0
66,141,0.0,0.0,0.0
66,142,0.0,0.0,0.0
66,143,0.0,0.0,0.0
66,144,0.0,0.0,0.0
66,145,0.0,0.0,0.0
66,146,0.0,0.0,0.0
66,147,0.0,0.0,0.0
66,148,0.0,0.0,0.0
66,149,0.0,0.0,0.0
66,150,0.0,0.0,0.0
66,151,0.0,0.0,0.0
66,152,0.0,0.0,0.0
66,153,0.0,0.0,0.0
66,154,0.0,0.0,0.0
66,155,0.0,0.0,0.0
66,156,0.0,0.0,0.0
66,157,0.0,0.0,0.0
66,158,0.0,0.0,0.0
66,159,0.0,0.0,0.0
67,0,0.0,0.0,0.0
67,1,3384.0,111.8977508544922,329.8353881835937
67,2,2065.0,59.94866943359375,365.6915283203125
67,3,0.0,0.0,0.0
67,4,1087.0,147.0864715576172,430.9383544921875
67,5,5892.0,108.18228149414062,91.68975067138672
67,6,2665.0,130.09756469726562,175.97222900390625
67,7,2713.0,125.4872817993164,272.752685546875
67,8,2168.0,160.9478759765625,299.1642150878906
67,9,7603.0,178.24371337890625,382.0466918945313
67,10,1640.0,255.1042633056641,406.0621948242188
67,11,2229.0,146.9856414794922,470.406005859375
67,12,3301.0,380.1048278808594,32.20902633666992
67,13,433.0,114.69284057617188,213.95843505859372
67,14,4291.0,176.34747314453125,163.25262451171875
67,15,1837.0,29.39357566833496,281.5351257324219
67,16,5937.0,175.73757934570312,38.42917251586914
67,17,1220.0,276.0950927734375,25.214754104614254
67,18,2944.0,109.42017364501952,20.11956596374512
67,19,2347.0,228.82147216796875,48.364295959472656
67,20,1408.0,9.6328125,120.15908813476562
67,21,932.0,257.2178039550781,81.68669891357422
67,22,4179.0,305.5185546875,86.63914489746094
67,23,899.0,126.37486267089844,133.3203582763672
67,24,6945.0,201.6532745361328,232.37091064453125
67,25,2275.0,291.47076416015625,277.74285888671875
67,26,0.0,0.0,0.0
67,27,3921.0,43.12675476074219,69.97781372070312
67,28,7321.0,429.0465698242188,70.42945098876953
67,29,3109.0,49.35895919799805,130.86041259765625
67,30,1829.0,351.63916015625,75.42646026611328
67,31,3588.0,303.0014038085937,136.81771850585938
67,32,5986.0,238.20932006835935,145.00985717773438
67,33,3916.0,442.3802490234375,105.9509735107422
67,34,0.0,0.0,0.0
67,35,1901.0,327.2240905761719,243.21514892578125
67,36,11560.0,387.28997802734375,313.151123046875
67,37,1854.0,287.89752197265625,324.1299743652344
67,38,8569.0,433.485107421875,394.4645690917969
67,39,3130.0,398.0364074707031,462.1507873535156
67,40,2832.0,496.5307312011719,371.7333984375
67,41,3789.0,352.34783935546875,379.4837646484375
67,42,5513.0,48.123165130615234,317.24578857421875
67,43,0.0,0.0,0.0
67,44,10840.0,386.7235107421875,166.61190795898438
67,45,5103.0,71.89790344238281,186.67901611328125
67,46,4332.0,36.42497634887695,237.6890563964844
67,47,1485.0,15.599326133728027,176.58248901367188
67,48,687.0,141.0261993408203,229.7816619873047
67,49,995.0,261.1155700683594,263.508544921875
67,50,1933.0,102.61769104003906,243.49197387695312
67,51,1948.0,111.4625244140625,385.9923095703125
67,52,0.0,0.0,0.0
67,53,0.0,0.0,0.0
67,54,0.0,0.0,0.0
67,55,3131.0,344.496337890625,454.45513916015625
67,56,2328.0,45.01374435424805,396.2903747558594
67,57,5490.0,219.7313232421875,446.569580078125
67,58,3117.0,323.2152709960937,19.963747024536133
67,59,0.0,0.0,0.0
67,60,3155.0,187.7169647216797,99.06117248535156
67,61,1383.0,306.5032653808594,471.2364501953125
67,62,0.0,0.0,0.0
67,63,281.0,244.05337524414065,3.352313280105591
67,64,0.0,0.0,0.0
67,65,0.0,0.0,0.0
67,66,4014.0,90.8878936767578,433.33831787109375
67,67,0.0,0.0,0.0
67,68,3011.0,481.4291076660156,29.159748077392575
67,69,2576.0,46.683231353759766,20.8555908203125
67,70,0.0,0.0,0.0
67,71,4777.0,284.267333984375,211.3569183349609
67,72,5588.0,303.5740966796875,398.254638671875
67,73,3143.0,260.8590393066406,487.3487243652344
67,74,485.0,420.9587707519531,8.991752624511719
67,75,2019.0,197.1000518798828,494.9430541992188
67,76,0.0,0.0,0.0
67,77,0.0,0.0,0.0
67,78,1431.0,261.2928161621094,44.58769989013672
67,79,3626.0,369.6180419921875,243.47601318359372
67,80,1073.0,319.8956298828125,500.9767150878906
67,81,0.0,0.0,0.0
67,82,0.0,0.0,0.0
67,83,0.0,0.0,0.0
67,84,0.0,0.0,0.0
67,85,4340.0,491.7926330566406,160.70346069335938
67,86,5961.0,440.2472839355469,228.14930725097656
67,87,6631.0,474.146728515625,469.0254821777344
67,88,0.0,0.0,0.0
67,89,0.0,0.0,0.0
67,90,0.0,0.0,0.0
67,91,0.0,0.0,0.0
67,92,0.0,0.0,0.0
67,93,0.0,0.0,0.0
67,94,0.0,0.0,0.0
67,95,0.0,0.0,0.0
67,96,0.0,0.0,0.0
67,97,0.0,0.0,0.0
67,98,4376.0,482.8069152832031,289.32061767578125
67,99,8237.0,226.2429351806641,322.3287658691406
67,100,0.0,0.0,0.0
67,101,0.0,0.0,0.0
67,102,2113.0,27.846189498901367,492.1679992675781
67,103,0.0,0.0,0.0
67,104,0.0,0.0,0.0
67,105,0.0,0.0,0.0
67,106,3589.0,31.02814102172852,446.4917907714844
67,107,0.0,0.0,0.0
67,108,0.0,0.0,0.0
67,109,0.0,0.0,0.0
67,110,0.0,0.0,0.0
67,111,0.0,0.0,0.0
67,112,1023.0,8.618768692016602,29.850439071655277
67,113,0.0,0.0,0.0
67,114,1963.0,386.0804748535156,499.5267333984375
67,115,0.0,0.0,0.0
67,116,0.0,0.0,0.0
67,117,3689.0,102.13228607177734,492.45404052734375
67,118,0.0,0.0,0.0
67,119,0.0,0.0,0.0
67,120,0.0,0.0,0.0
67,121,767.0,495.19427490234375,232.67015075683597
67,122,0.0,0.0,0.0
67,123,718.0,8.612812995910645,381.8495788574219
67,124,0.0,0.0,0.0
67,125,0.0,0.0,0.0
67,126,0.0,0.0,0.0
67,127,0.0,0.0,0.0
67,128,0.0,0.0,0.0
67,129,0.0,0.0,0.0
67,130,0.0,0.0,0.0
67,131,0.0,0.0,0.0
67,132,0.0,0.0,0.0
67,133,0.0,0.0,0.0
67,134,0.0,0.0,0.0
67,135,0.0,0.0,0.0
67,136,0.0,0.0,0.0
67,137,0.0,0.0,0.0
67,138,0.0,0.0,0.0
67,139,0.0,0.0,0.0
67,140,0.0,0.0,0.0
67,141,0.0,0.0,0.0
67,142,0.0,0.0,0.0
67,143,0.0,0.0,0.0
67,144,0.0,0.0,0.0
67,145,0.0,0.0,0.0
67,146,0.0,0.0,0.0
67,147,0.0,0.0,0.0
67,148,0.0,0.0,0.0
67,149,0.0,0.0,0.0
67,150,0.0,0.0,0.0
67,151,0.0,0.0,0.0
67,152,0.0,0.0,0.0
67,153,0.0,0.0,0.0
67,154,0.0,0.0,0.0
67,155,0.0,0.0,0.0
67,156,0.0,0.0,0.0
67,157,0.0,0.0,0.0
67,158,0.0,0.0,0.0
67,159,0.0,0.0,0.0
68,0,0.0,0.0,0.0
68,1,3545.0,113.05162048339844,329.7407531738281
68,2,2136.0,60.82115936279297,364.73736572265625
68,3,0.0,0.0,0.0
68,4,1276.0,144.24215698242188,431.1943664550781
68,5,6047.0,107.5076904296875,92.54225158691406
68,6,2438.0,130.91590881347656,174.50164794921875
68,7,2810.0,124.98576354980467,272.7174377441406
68,8,1880.0,160.87925720214844,297.3404235839844
68,9,7626.0,178.57028198242188,380.8996887207031
68,10,1865.0,255.71206665039065,405.2005310058594
68,11,2223.0,147.15025329589844,469.3702087402344
68,12,3929.0,384.155517578125,29.44565963745117
68,13,518.0,116.80115509033205,211.67953491210935
68,14,4216.0,176.76327514648438,162.14801025390625
68,15,1057.0,43.309364318847656,274.0028381347656
68,16,6090.0,175.9532012939453,38.52561569213867
68,17,1080.0,279.4435119628906,24.665740966796875
68,18,2753.0,110.4627685546875,19.76861572265625
68,19,2559.0,231.0886993408203,45.69050598144531
68,20,1376.0,9.287790298461914,117.87354278564452
68,21,993.0,257.766357421875,79.83686065673828
68,22,4408.0,308.5630798339844,86.51837921142578
68,23,964.0,129.0695037841797,131.92115783691406
68,24,6981.0,202.28634643554688,231.15728759765625
68,25,2130.0,291.16949462890625,277.0539855957031
68,26,0.0,0.0,0.0
68,27,3851.0,43.86367034912109,68.81641387939453
68,28,6719.0,429.56005859375,67.75621032714844
68,29,2983.0,47.33489608764648,129.6644287109375
68,30,1550.0,354.8270874023437,73.51290130615234
68,31,4136.0,301.0263671875,139.08438110351562
68,32,5646.0,236.1112365722656,142.17037963867188
68,33,4492.0,441.5280456542969,104.78116607666016
68,34,0.0,0.0,0.0
68,35,1983.0,325.4730224609375,246.207763671875
68,36,11504.0,386.8972473144531,313.04998779296875
68,37,1747.0,288.3863830566406,321.0726928710937
68,38,8692.0,434.1244812011719,393.3227233886719
68,39,3172.0,398.6856994628906,461.1749572753906
68,40,2293.0,496.96728515625,371.1090393066406
68,41,3647.0,351.489990234375,376.1195373535156
68,42,5583.0,48.52588272094727,315.460693359375
68,43,0.0,0.0,0.0
68,44,10415.0,384.7044677734375,166.36187744140625
68,45,5223.0,72.99732208251953,185.6534576416016
68,46,4185.0,36.51995086669922,236.36822509765625
68,47,1564.0,16.127878189086914,174.8682861328125
68,48,939.0,140.38551330566406,229.926513671875
68,49,983.0,260.3519897460937,263.76092529296875
68,50,1736.0,101.5794906616211,242.15611267089844
68,51,1849.0,112.3829116821289,387.3082885742188
68,52,0.0,0.0,0.0
68,53,0.0,0.0,0.0
68,54,0.0,0.0,0.0
68,55,3234.0,343.9922790527344,453.3670349121094
68,56,2394.0,44.17460250854492,395.4866333007813
68,57,5702.0,222.25640869140625,446.5087585449219
68,58,2791.0,323.3661804199219,20.180221557617188
68,59,0.0,0.0,0.0
68,60,2936.0,188.08958435058597,98.58071899414062
68,61,1290.0,308.1263427734375,471.9248046875
68,62,0.0,0.0,0.0
68,63,293.0,256.5290222167969,2.7474403381347656
68,64,0.0,0.0,0.0
68,65,0.0,0.0,0.0
68,66,3882.0,88.85909271240234,432.4044189453125
68,67,0.0,0.0,0.0
68,68,2950.0,481.4013671875,28.027795791625977
68,69,2662.0,47.72163772583008,20.83621406555176
68,70,0.0,0.0,0.0
68,71,4527.0,282.7565612792969,212.02606201171875
68,72,5576.0,304.9230651855469,396.4399108886719
68,73,3035.0,261.912353515625,487.98089599609375
68,74,0.0,0.0,0.0
68,75,2101.0,197.6477813720703,494.5954284667969
68,76,0.0,0.0,0.0
68,77,0.0,0.0,0.0
68,78,1370.0,265.52117919921875,44.758392333984375
68,79,3847.0,369.79931640625,240.4442443847656
68,80,1081.0,319.6725158691406,500.9010314941406
68,81,0.0,0.0,0.0
68,82,0.0,0.0,0.0
68,83,0.0,0.0,0.0
68,84,0.0,0.0,0.0
68,85,4422.0,490.8041687011719,159.34373474121094
68,86,5871.0,439.6506652832031,225.77261352539065
68,87,6656.0,473.8246765136719,467.7794494628906
68,88,0.0,0.0,0.0
68,89,0.0,0.0,0.0
68,90,0.0,0.0,0.0
68,91,0.0,0.0,0.0
68,92,0.0,0.0,0.0
68,93,0.0,0.0,0.0
68,94,0.0,0.0,0.0
68,95,0.0,0.0,0.0
68,96,0.0,0.0,0.0
68,97,0.0,0.0,0.0
68,98,4791.0,482.5430908203125,288.30474853515625
68,99,8233.0,225.6397399902344,320.5696716308594
68,100,0.0,0.0,0.0
68,101,0.0,0.0,0.0
68,102,2137.0,28.01310157775879,491.9518127441406
68,103,0.0,0.0,0.0
68,104,0.0,0.0,0.0
68,105,0.0,0.0,0.0
68,106,3556.0,31.31580352783203,446.4938049316406
68,107,0.0,0.0,0.0
68,108,0.0,0.0,0.0
68,109,0.0,0.0,0.0
68,110,0.0,0.0,0.0
68,111,0.0,0.0,0.0
68,112,1010.0,8.61980152130127,29.796039581298828
68,113,0.0,0.0,0.0
68,114,1971.0,385.5372924804688,499.2298278808594
68,115,0.0,0.0,0.0
68,116,0.0,0.0,0.0
68,117,3745.0,102.85713958740234,492.3861083984375
68,118,0.0,0.0,0.0
68,119,0.0,0.0,0.0
68,120,0.0,0.0,0.0
68,121,765.0,494.0993347167969,230.3986968994141
68,122,0.0,0.0,0.0
68,123,689.0,8.121915817260742,382.3642883300781
68,124,873.0,7.699885368347168,287.7514343261719
68,125,0.0,0.0,0.0
68,126,0.0,0.0,0.0
68,127,0.0,0.0,0.0
68,128,0.0,0.0,0.0
68,129,0.0,0.0,0.0
68,130,0.0,0.0,0.0
68,131,0.0,0.0,0.0
68,132,0.0,0.0,0.0
68,133,0.0,0.0,0.0
68,134,0.0,0.0,0.0
68,135,0.0,0.0,0.0
68,136,0.0,0.0,0.0
68,137,0.0,0.0,0.0
68,138,0.0,0.0,0.0
68,139,0.0,0.0,0.0
68,140,0.0,0.0,0.0
68,141,0.0,0.0,0.0
68,142,0.0,0.0,0.0
68,143,0.0,0.0,0.0
68,144,0.0,0.0,0.0
68,145,0.0,0.0,0.0
68,146,0.0,0.0,0.0
68,147,0.0,0.0,0.0
68,148,0.0,0.0,0.0
68,149,0.0,0.0,0.0
68,150,0.0,0.0,0.0
68,151,0.0,0.0,0.0
68,152,0.0,0.0,0.0
68,153,0.0,0.0,0.0
68,154,0.0,0.0,0.0
68,155,0.0,0.0,0.0
68,156,0.0,0.0,0.0
68,157,0.0,0.0,0.0
68,158,0.0,0.0,0.0
68,159,0.0,0.0,0.0
69,0,0.0,0.0,0.0
69,1,3638.0,114.55470275878906,329.8243408203125
69,2,2173.0,61.19650268554688,364.8002624511719
69,3,0.0,0.0,0.0
69,4,1021.0,148.1263427734375,430.3888244628906
69,5,6163.0,106.76570129394533,92.16988372802734
69,6,2033.0,131.19085693359375,171.5263214111328
69,7,2808.0,126.71403503417967,272.4818420410156
69,8,1769.0,162.40419006347656,296.8219299316406
69,9,7517.0,179.4839630126953,380.8595275878906
69,10,1788.0,254.5044708251953,403.84619140625
69,11,2270.0,148.74668884277344,468.7198181152344
69,12,3964.0,384.423828125,28.628406524658203
69,13,604.0,124.88245391845705,204.6854248046875
69,14,4222.0,176.47134399414062,161.09071350097656
69,15,1012.0,43.71047592163086,273.6126403808594
69,16,6121.0,175.93905639648438,38.814083099365234
69,17,785.0,284.2713317871094,22.12738800048828
69,18,2615.0,111.40612030029295,19.49330711364746
69,19,2569.0,231.5001983642578,44.3546142578125
69,20,1403.0,9.282964706420898,116.86600494384766
69,21,941.0,258.924560546875,78.58023071289062
69,22,4443.0,309.48504638671875,85.58091735839844
69,23,940.0,126.59574127197266,133.33511352539062
69,24,7331.0,204.2362518310547,230.3240966796875
69,25,2211.0,294.65264892578125,276.849853515625
69,26,0.0,0.0,0.0
69,27,3745.0,44.03364562988281,67.59172058105469
69,28,6645.0,430.7628173828125,68.1330337524414
69,29,2954.0,47.23696517944336,129.03453063964844
69,30,1699.0,357.1341857910156,72.34020233154297
69,31,6913.0,280.8845520019531,142.27267456054688
69,32,2937.0,223.83384704589844,134.10487365722656
69,33,4448.0,441.66412353515625,104.55687713623048
69,34,0.0,0.0,0.0
69,35,2103.0,327.59722900390625,244.01141357421875
69,36,11193.0,388.0708618164063,311.3964233398437
69,37,1307.0,291.1859130859375,320.5065002441406
69,38,9881.0,443.7259521484375,389.8933410644531
69,39,3305.0,398.6438598632813,459.1391906738281
69,40,0.0,0.0,0.0
69,41,934.0,321.7633972167969,343.0289001464844
69,42,5572.0,50.14842224121094,314.25665283203125
69,43,0.0,0.0,0.0
69,44,9904.0,382.5065612792969,165.5111083984375
69,45,5260.0,72.93155670166016,185.3750915527344
69,46,4156.0,36.59672927856445,235.84864807128903
69,47,1538.0,16.66645050048828,174.1586456298828
69,48,888.0,142.72634887695312,226.9594573974609
69,49,1150.0,261.4921875,264.3191223144531
69,50,2107.0,102.80113983154295,240.5467529296875
69,51,1852.0,114.22084045410156,387.56640625
69,52,0.0,0.0,0.0
69,53,0.0,0.0,0.0
69,54,0.0,0.0,0.0
69,55,3119.0,344.9913330078125,452.6578979492188
69,56,2430.0,44.44321060180664,395.5633850097656
69,57,5643.0,223.73789978027344,446.0347290039063
69,58,2480.0,324.2072448730469,19.978628158569336
69,59,0.0,0.0,0.0
69,60,2992.0,188.86663818359372,98.31751251220705
69,61,1663.0,311.42694091796875,474.4407653808594
69,62,0.0,0.0,0.0
69,63,311.0,263.26043701171875,3.106109380722046
69,64,0.0,0.0,0.0
69,65,0.0,0.0,0.0
69,66,4142.0,91.40512084960938,432.3136291503906
69,67,0.0,0.0,0.0
69,68,3034.0,483.2330322265625,28.75873374938965
69,69,2708.0,48.706424713134766,20.56942367553711
69,70,0.0,0.0,0.0
69,71,4216.0,284.26446533203125,210.78414916992188
69,72,8805.0,324.4013671875,391.19476318359375
69,73,3107.0,262.43707275390625,488.6353454589844
69,74,0.0,0.0,0.0
69,75,2123.0,197.70843505859372,493.886962890625
69,76,0.0,0.0,0.0
69,77,0.0,0.0,0.0
69,78,1711.0,267.8392639160156,41.68439483642578
69,79,3789.0,374.244140625,236.9815216064453
69,80,648.0,319.1867370605469,502.6666564941406
69,81,0.0,0.0,0.0
69,82,0.0,0.0,0.0
69,83,0.0,0.0,0.0
69,84,0.0,0.0,0.0
69,85,4306.0,490.1282043457031,157.00440979003906
69,86,5909.0,440.1399536132813,223.75274658203125
69,87,6766.0,473.33697509765625,467.8882751464844
69,88,0.0,0.0,0.0
69,89,0.0,0.0,0.0
69,90,0.0,0.0,0.0
69,91,0.0,0.0,0.0
69,92,0.0,0.0,0.0
69,93,210.0,6.819047451019287,354.9333190917969
69,94,0.0,0.0,0.0
69,95,0.0,0.0,0.0
69,96,0.0,0.0,0.0
69,97,0.0,0.0,0.0
69,98,5440.0,485.12591552734375,293.2128601074219
69,99,8507.0,227.85765075683597,320.6026916503906
69,100,0.0,0.0,0.0
69,101,0.0,0.0,0.0
69,102,2431.0,31.253393173217773,491.5985107421875
69,103,0.0,0.0,0.0
69,104,0.0,0.0,0.0
69,105,0.0,0.0,0.0
69,106,3505.0,31.726961135864254,446.0427856445313
69,107,0.0,0.0,0.0
69,108,0.0,0.0,0.0
69,109,0.0,0.0,0.0
69,110,0.0,0.0,0.0
69,111,0.0,0.0,0.0
69,112,1024.0,8.587890625,29.2353515625
69,113,0.0,0.0,0.0
69,114,2030.0,383.4783325195313,499.11083984375
69,115,0.0,0.0,0.0
69,116,0.0,0.0,0.0
69,117,3536.0,105.63037109375,492.2239685058594
69,118,0.0,0.0,0.0
69,119,0.0,0.0,0.0
69,120,0.0,0.0,0.0
69,121,992.0,493.6824645996094,227.8326568603516
69,122,0.0,0.0,0.0
69,123,609.0,8.64039421081543,382.359619140625
69,124,911.0,8.050494194030762,287.07684326171875
69,125,0.0,0.0,0.0
69,126,0.0,0.0,0.0
69,127,0.0,0.0,0.0
69,128,0.0,0.0,0.0
69,129,0.0,0.0,0.0
69,130,0.0,0.0,0.0
69,131,0.0,0.0,0.0
69,132,0.0,0.0,0.0
69,133,0.0,0.0,0.0
69,134,0.0,0.0,0.0
69,135,0.0,0.0,0.0
69,136,0.0,0.0,0.0
69,137,0.0,0.0,0.0
69,138,0.0,0.0,0.0
69,139,0.0,0.0,0.0
69,140,0.0,0.0,0.0
69,141,0.0,0.0,0.0
69,142,0.0,0.0,0.0
69,143,0.0,0.0,0.0
69,144,0.0,0.0,0.0
69,145,0.0,0.0,0.0
69,146,0.0,0.0,0.0
69,147,0.0,0.0,0.0
69,148,0.0,0.0,0.0
69,149,0.0,0.0,0.0
69,150,0.0,0.0,0.0
69,151,0.0,0.0,0.0
69,152,0.0,0.0,0.0
69,153,0.0,0.0,0.0
69,154,0.0,0.0,0.0
69,155,0.0,0.0,0.0
69,156,0.0,0.0,0.0
69,157,0.0,0.0,0.0
69,158,0.0,0.0,0.0
69,159,0.0,0.0,0.0
70,0,0.0,0.0,0.0
70,1,3636.0,116.16693878173828,329.1317443847656
70,2,2108.0,62.29269409179688,364.6973571777344
70,3,0.0,0.0,0.0
70,4,999.0,151.9029083251953,429.10009765625
70,5,6528.0,106.12408447265624,90.68780517578124
70,6,2814.0,136.7857208251953,172.91116333007812
70,7,2449.0,128.21356201171875,272.67822265625
70,8,1679.0,162.56700134277344,292.4079895019531
70,9,7503.0,179.72691345214844,378.9922790527344
70,10,1902.0,255.6524658203125,402.63092041015625
70,11,2416.0,151.05877685546875,466.2657165527344
70,12,4054.0,387.1435546875,27.48519897460937
70,13,496.0,120.2358856201172,205.60079956054688
70,14,3530.0,178.969970703125,159.55892944335938
70,15,1065.0,46.595306396484375,271.4844970703125
70,16,6094.0,176.24630737304688,39.02986526489258
70,17,699.0,279.6266174316406,22.776824951171875
70,18,2534.0,111.38871002197266,18.77308654785156
70,19,2566.0,233.02532958984372,43.23616409301758
70,20,1416.0,9.36370086669922,113.3848876953125
70,21,1031.0,259.4151306152344,77.58293151855469
70,22,4680.0,310.5596008300781,83.44187927246094
70,23,938.0,126.45309448242188,133.08741760253906
70,24,7657.0,205.89434814453125,229.5688934326172
70,25,2510.0,294.8334655761719,275.8366394042969
70,26,0.0,0.0,0.0
70,27,3395.0,43.73343276977539,65.95906066894531
70,28,6316.0,430.5269165039063,66.85560607910156
70,29,2988.0,46.45481872558594,128.3025360107422
70,30,1683.0,357.9631652832031,72.01010131835938
70,31,6925.0,280.6258544921875,142.18540954589844
70,32,3068.0,224.80181884765625,133.52151489257812
70,33,4764.0,440.2621765136719,104.5610809326172
70,34,0.0,0.0,0.0
70,35,2591.0,333.451171875,240.94712829589844
70,36,10696.0,390.3161010742188,310.5242004394531
70,37,1433.0,293.3426513671875,318.6615600585937
70,38,9743.0,444.5249938964844,388.9522705078125
70,39,3399.0,398.43011474609375,457.6463623046875
70,40,0.0,0.0,0.0
70,41,1146.0,322.2809753417969,342.0392761230469
70,42,5948.0,49.89542770385742,314.961669921875
70,43,0.0,0.0,0.0
70,44,9490.0,382.3621826171875,164.66554260253906
70,45,5177.0,73.20494842529297,184.3726043701172
70,46,4126.0,36.241153717041016,234.4466857910156
70,47,1631.0,16.7014102935791,173.29368591308594
70,48,983.0,139.847412109375,229.65716552734372
70,49,916.0,258.9268493652344,263.6790466308594
70,50,2128.0,100.57894897460938,242.76927185058597
70,51,1895.0,114.72454071044922,387.7029113769531
70,52,0.0,0.0,0.0
70,53,0.0,0.0,0.0
70,54,0.0,0.0,0.0
70,55,2911.0,345.8811340332031,450.8433532714844
70,56,2374.0,46.09646224975586,395.8142395019531
70,57,5569.0,226.4234161376953,445.2903442382813
70,58,2713.0,321.61444091796875,18.672687530517575
70,59,0.0,0.0,0.0
70,60,2932.0,190.06651306152344,97.60913848876952
70,61,1851.0,312.7347412109375,473.75634765625
70,62,0.0,0.0,0.0
70,63,239.0,258.70294189453125,2.4728033542633057
70,64,0.0,0.0,0.0
70,65,0.0,0.0,0.0
70,66,4066.0,92.90482330322266,431.7570190429688
70,67,0.0,0.0,0.0
70,68,2998.0,484.1481018066406,29.80620384216309
70,69,2723.0,48.07344818115234,20.642305374145508
70,70,0.0,0.0,0.0
70,71,4072.0,285.8519287109375,210.9783935546875
70,72,8732.0,326.2586975097656,390.61865234375
70,73,2965.0,261.4111328125,489.4134826660156
70,74,0.0,0.0,0.0
70,75,2101.0,198.0161895751953,493.2565307617188
70,76,0.0,0.0,0.0
70,77,0.0,0.0,0.0
70,78,1352.0,266.5199584960937,40.187870025634766
70,79,3548.0,381.59075927734375,234.41262817382807
70,80,817.0,317.6156616210937,503.0183715820313
70,81,0.0,0.0,0.0
70,82,0.0,0.0,0.0
70,83,0.0,0.0,0.0
70,84,0.0,0.0,0.0
70,85,4233.0,489.4457702636719,155.39002990722656
70,86,5966.0,442.3503112792969,223.5125732421875
70,87,7067.0,472.9180603027344,467.7723083496094
70,88,0.0,0.0,0.0
70,89,0.0,0.0,0.0
70,90,0.0,0.0,0.0
70,91,0.0,0.0,0.0
70,92,0.0,0.0,0.0
70,93,0.0,0.0,0.0
70,94,0.0,0.0,0.0
70,95,0.0,0.0,0.0
70,96,0.0,0.0,0.0
70,97,0.0,0.0,0.0
70,98,5340.0,485.5086059570313,292.9248962402344
70,99,8513.0,228.43603515625,320.0788269042969
70,100,0.0,0.0,0.0
70,101,0.0,0.0,0.0
70,102,3007.0,39.404388427734375,491.2597351074219
70,103,0.0,0.0,0.0
70,104,0.0,0.0,0.0
70,105,0.0,0.0,0.0
70,106,3626.0,31.945945739746094,445.8905029296875
70,107,0.0,0.0,0.0
70,108,0.0,0.0,0.0
70,109,0.0,0.0,0.0
70,110,0.0,0.0,0.0
70,111,0.0,0.0,0.0
70,112,987.0,8.418439865112305,29.911853790283203
70,113,0.0,0.0,0.0
70,114,2034.0,382.4837646484375,498.7915344238281
70,115,0.0,0.0,0.0
70,116,0.0,0.0,0.0
70,117,3163.0,114.10623168945312,492.15142822265625
70,118,0.0,0.0,0.0
70,119,0.0,0.0,0.0
70,120,0.0,0.0,0.0
70,121,864.0,493.8726806640625,225.56365966796875
70,122,0.0,0.0,0.0
70,123,823.0,9.307412147521973,382.0473937988281
70,124,912.0,8.566885948181152,286.9243469238281
70,125,0.0,0.0,0.0
70,126,0.0,0.0,0.0
70,127,0.0,0.0,0.0
70,128,0.0,0.0,0.0
70,129,0.0,0.0,0.0
70,130,0.0,0.0,0.0
70,131,0.0,0.0,0.0
70,132,0.0,0.0,0.0
70,133,0.0,0.0,0.0
70,134,0.0,0.0,0.0
70,135,0.0,0.0,0.0
70,136,0.0,0.0,0.0
70,137,0.0,0.0,0.0
70,138,0.0,0.0,0.0
70,139,0.0,0.0,0.0
70,140,0.0,0.0,0.0
70,141,0.0,0.0,0.0
70,142,0.0,0.0,0.0
70,143,0.0,0.0,0.0
70,144,0.0,0.0,0.0
70,145,0.0,0.0,0.0
70,146,0.0,0.0,0.0
70,147,0.0,0.0,0.0
70,148,0.0,0.0,0.0
70,149,0.0,0.0,0.0
70,150,0.0,0.0,0.0
70,151,0.0,0.0,0.0
70,152,0.0,0.0,0.0
70,153,0.0,0.0,0.0
70,154,0.0,0.0,0.0
70,155,0.0,0.0,0.0
70,156,0.0,0.0,0.0
70,157,0.0,0.0,0.0
70,158,0.0,0.0,0.0
70,159,0.0,0.0,0.0
71,0,0.0,0.0,0.0
71,1,3654.0,118.0834732055664,329.1617431640625
71,2,2152.0,63.52416229248047,365.2406921386719
71,3,0.0,0.0,0.0
71,4,1101.0,154.27610778808594,428.0935363769531
71,5,6880.0,105.17121887207033,90.9475326538086
71,6,2758.0,140.84518432617188,169.3955841064453
71,7,2054.0,130.55404663085938,272.9591064453125
71,8,1759.0,162.8169403076172,290.7623596191406
71,9,7232.0,179.7972869873047,377.8815002441406
71,10,2222.0,258.0621032714844,401.8478698730469
71,11,2490.0,152.56826782226562,465.87109375
71,12,4202.0,387.4221801757813,25.88719749450684
71,13,791.0,125.45132446289062,200.97976684570312
71,14,3113.0,181.3215484619141,158.50241088867188
71,15,1512.0,46.50132369995117,269.7116394042969
71,16,6152.0,176.97984313964844,38.70594787597656
71,17,536.0,283.1455078125,23.30410385131836
71,18,2454.0,111.99918365478516,18.74612808227539
71,19,2435.0,234.20616149902344,40.8907585144043
71,20,1522.0,9.490801811218262,112.24703979492188
71,21,1345.0,258.6907043457031,75.16356658935547
71,22,4464.0,309.4906005859375,82.85035705566406
71,23,853.0,128.15943908691406,133.361083984375
71,24,9525.0,222.25164794921875,228.18267822265625
71,25,2708.0,296.2673645019531,275.3042907714844
71,26,0.0,0.0,0.0
71,27,3001.0,43.5621452331543,64.67111206054688
71,28,6072.0,432.2328796386719,65.57789611816406
71,29,2892.0,45.32676315307617,126.56604766845705
71,30,1914.0,358.50469970703125,71.35057830810547
71,31,7571.0,279.684326171875,142.37841796875
71,32,2870.0,222.7808380126953,131.54530334472656
71,33,4557.0,430.266845703125,107.42462158203124
71,34,0.0,0.0,0.0
71,35,2470.0,335.36883544921875,240.70242309570312
71,36,10147.0,391.23968505859375,309.27081298828125
71,37,1322.0,293.73297119140625,318.1724548339844
71,38,9394.0,443.6329650878906,387.192138671875
71,39,3522.0,397.64935302734375,455.9114074707031
71,40,0.0,0.0,0.0
71,41,1399.0,322.119384765625,338.5689697265625
71,42,6031.0,51.16349029541016,315.3646240234375
71,43,0.0,0.0,0.0
71,44,8931.0,379.4952392578125,165.41439819335938
71,45,5202.0,74.06170654296875,182.88101196289065
71,46,3297.0,41.003639221191406,235.10585021972656
71,47,1609.0,18.0068359375,172.26849365234375
71,48,1149.0,141.1035614013672,228.06788635253903
71,49,937.0,251.9114227294922,265.5549621582031
71,50,2388.0,101.94933319091795,243.5171661376953
71,51,1839.0,116.01685333251952,388.5628051757813
71,52,0.0,0.0,0.0
71,53,0.0,0.0,0.0
71,54,0.0,0.0,0.0
71,55,2829.0,344.50653076171875,449.8059387207031
71,56,2527.0,44.46577072143555,396.5567932128906
71,57,5774.0,228.8372039794922,444.70123291015625
71,58,2600.0,320.1792297363281,17.793460845947266
71,59,0.0,0.0,0.0
71,60,2808.0,189.02349853515625,96.96367645263672
71,61,1598.0,313.3529357910156,472.3948669433594
71,62,0.0,0.0,0.0
71,63,321.0,259.8130798339844,3.517133951187134
71,64,0.0,0.0,0.0
71,65,0.0,0.0,0.0
71,66,4020.0,93.97014617919922,431.566162109375
71,67,0.0,0.0,0.0
71,68,2959.0,484.98040771484375,30.931734085083008
71,69,2849.0,48.65882873535156,21.01298713684082
71,70,0.0,0.0,0.0
71,71,1992.0,297.6937866210937,199.7439727783203
71,72,8544.0,329.2529296875,388.4287109375
71,73,2971.0,261.453369140625,489.7452087402344
71,74,0.0,0.0,0.0
71,75,2012.0,198.513916015625,493.13470458984375
71,76,0.0,0.0,0.0
71,77,0.0,0.0,0.0
71,78,1265.0,269.0252990722656,38.78893280029297
71,79,3240.0,380.5777893066406,235.79969787597656
71,80,1029.0,317.7550964355469,501.2449035644531
71,81,0.0,0.0,0.0
71,82,0.0,0.0,0.0
71,83,0.0,0.0,0.0
71,84,0.0,0.0,0.0
71,85,2829.0,488.4139404296875,138.36798095703125
71,86,4977.0,435.2776794433594,224.7086639404297
71,87,7005.0,471.8302612304688,467.12933349609375
71,88,0.0,0.0,0.0
71,89,0.0,0.0,0.0
71,90,0.0,0.0,0.0
71,91,0.0,0.0,0.0
71,92,0.0,0.0,0.0
71,93,0.0,0.0,0.0
71,94,0.0,0.0,0.0
71,95,0.0,0.0,0.0
71,96,0.0,0.0,0.0
71,97,0.0,0.0,0.0
71,98,5572.0,484.94830322265625,291.2573547363281
71,99,8404.0,228.4512176513672,319.8244934082031
71,100,0.0,0.0,0.0
71,101,0.0,0.0,0.0
71,102,3182.0,40.51822662353516,490.5462036132813
71,103,0.0,0.0,0.0
71,104,0.0,0.0,0.0
71,105,0.0,0.0,0.0
71,106,3595.0,32.747703552246094,446.2353210449219
71,107,0.0,0.0,0.0
71,108,0.0,0.0,0.0
71,109,0.0,0.0,0.0
71,110,0.0,0.0,0.0
71,111,0.0,0.0,0.0
71,112,993.0,8.391741752624512,29.95266914367676
71,113,0.0,0.0,0.0
71,114,2095.0,382.17230224609375,498.1842346191406
71,115,0.0,0.0,0.0
71,116,0.0,0.0,0.0
71,117,3120.0,115.8102569580078,492.5580139160156
71,118,0.0,0.0,0.0
71,119,0.0,0.0,0.0
71,120,0.0,0.0,0.0
71,121,0.0,0.0,0.0
71,122,0.0,0.0,0.0
71,123,705.0,9.678013801574709,379.1673889160156
71,124,1001.0,8.249750137329102,285.6613464355469
71,125,476.0,502.7100830078125,87.85083770751953
71,126,646.0,8.62229061126709,212.7198181152344
71,127,0.0,0.0,0.0
71,128,0.0,0.0,0.0
71,129,0.0,0.0,0.0
71,130,0.0,0.0,0.0
71,131,0.0,0.0,0.0
71,132,0.0,0.0,0.0
71,133,0.0,0.0,0.0
71,134,0.0,0.0,0.0
71,135,0.0,0.0,0.0
71,136,0.0,0.0,0.0
71,137,0.0,0.0,0.0
71,138,0.0,0.0,0.0
71,139,0.0,0.0,0.0
71,140,0.0,0.0,0.0
71,141,0.0,0.0,0.0
71,142,0.0,0.0,0.0
71,143,0.0,0.0,0.0
71,144,0.0,0.0,0.0
71,145,0.0,0.0,0.0
71,146,0.0,0.0,0.0
71,147,0.0,0.0,0.0
71,148,0.0,0.0,0.0
71,149,0.0,0.0,0.0
71,150,0.0,0.0,0.0
71,151,0.0,0.0,0.0
71,152,0.0,0.0,0.0
71,153,0.0,0.0,0.0
71,154,0.0,0.0,0.0
71,155,0.0,0.0,0.0
71,156,0.0,0.0,0.0
71,157,0.0,0.0,0.0
71,158,0.0,0.0,0.0
71,159,0.0,0.0,0.0
72,0,0.0,0.0,0.0
72,1,3719.0,120.41677856445312,329.8265686035156
72,2,2139.0,64.35296630859375,365.2936096191406
72,3,0.0,0.0,0.0
72,4,1327.0,157.39260864257812,427.9600524902344
72,5,7060.0,104.585693359375,89.8543930053711
72,6,3163.0,143.51976013183594,168.55548095703125
72,7,2028.0,129.56410217285156,273.0093688964844
72,8,1901.0,163.39663696289062,289.8132629394531
72,9,6769.0,180.49180603027344,377.4083251953125
72,10,2237.0,256.5243530273437,400.5256958007813
72,11,2496.0,153.7451934814453,466.4859924316406
72,12,3986.0,388.9034118652344,24.71174049377441
72,13,828.0,124.48792266845705,201.3707733154297
72,14,2661.0,184.2886199951172,157.74520874023438
72,15,1615.0,49.52631759643555,267.4043273925781
72,16,6067.0,177.0034637451172,38.39179229736328
72,17,832.0,283.98077392578125,26.605770111083984
72,18,2292.0,113.22469329833984,18.16492080688477
72,19,2445.0,234.3190155029297,41.13169860839844
72,20,1535.0,9.473615646362305,109.5654754638672
72,21,1438.0,259.2593994140625,74.27190399169922
72,22,4498.0,310.9070739746094,81.76278686523438
72,23,840.0,130.46189880371094,131.2869110107422
72,24,9505.0,222.5247802734375,226.3622283935547
72,25,2612.0,298.1768798828125,276.2565002441406
72,26,0.0,0.0,0.0
72,27,2716.0,43.55633163452149,63.42157745361328
72,28,6559.0,434.1225891113281,64.24363708496094
72,29,2912.0,45.32040023803711,125.30391693115234
72,30,2046.0,359.5234680175781,68.752197265625
72,31,7713.0,279.4668884277344,140.46597290039062
72,32,2696.0,221.46661376953125,130.1891632080078
72,33,4414.0,429.86859130859375,107.3346176147461
72,34,0.0,0.0,0.0
72,35,2367.0,335.73974609375,241.5509033203125
72,36,9973.0,390.2550964355469,309.9824523925781
72,37,1053.0,296.5631408691406,316.9638977050781
72,38,9064.0,441.7226257324219,385.5976257324219
72,39,3717.0,398.435302734375,454.4097290039063
72,40,0.0,0.0,0.0
72,41,1283.0,321.38580322265625,338.29071044921875
72,42,6226.0,52.21393966674805,315.1191711425781
72,43,0.0,0.0,0.0
72,44,8144.0,379.3414916992188,164.6327362060547
72,45,5255.0,74.101806640625,181.82188415527344
72,46,2923.0,42.874786376953125,233.54977416992188
72,47,1606.0,18.059776306152344,170.43710327148438
72,48,1160.0,140.21983337402344,229.7525787353516
72,49,1267.0,252.69454956054688,265.4554138183594
72,50,2258.0,102.10363006591795,242.02479553222656
72,51,1858.0,117.92733764648438,388.686767578125
72,52,0.0,0.0,0.0
72,53,0.0,0.0,0.0
72,54,0.0,0.0,0.0
72,55,2830.0,344.7494812011719,448.8536987304688
72,56,2738.0,42.39919662475586,396.0960693359375
72,57,5952.0,232.06686401367188,445.205322265625
72,58,2430.0,321.5003967285156,16.35761260986328
72,59,0.0,0.0,0.0
72,60,2785.0,189.0980224609375,96.44488525390624
72,61,1593.0,315.2165832519531,474.3998718261719
72,62,0.0,0.0,0.0
72,63,409.0,260.826416015625,4.911980628967285
72,64,0.0,0.0,0.0
72,65,0.0,0.0,0.0
72,66,4028.0,94.50173950195312,430.6300964355469
72,67,0.0,0.0,0.0
72,68,1754.0,493.7622680664063,41.28335189819336
72,69,2888.0,50.59487533569336,21.081024169921875
72,70,0.0,0.0,0.0
72,71,2461.0,301.87811279296875,197.66842651367188
72,72,8573.0,326.8222351074219,387.5517272949219
72,73,2877.0,260.97705078125,490.9509887695313
72,74,0.0,0.0,0.0
72,75,1943.0,198.29232788085935,493.1749877929688
72,76,0.0,0.0,0.0
72,77,0.0,0.0,0.0
72,78,910.0,267.8714294433594,39.60219955444336
72,79,3771.0,383.65924072265625,233.76080322265625
72,80,942.0,317.29937744140625,501.9862060546875
72,81,0.0,0.0,0.0
72,82,0.0,0.0,0.0
72,83,0.0,0.0,0.0
72,84,0.0,0.0,0.0
72,85,2295.0,491.5690612792969,134.4570770263672
72,86,4554.0,436.58892822265625,223.8798828125
72,87,5969.0,476.4674072265625,461.91253662109375
72,88,0.0,0.0,0.0
72,89,0.0,0.0,0.0
72,90,0.0,0.0,0.0
72,91,0.0,0.0,0.0
72,92,0.0,0.0,0.0
72,93,0.0,0.0,0.0
72,94,0.0,0.0,0.0
72,95,0.0,0.0,0.0
72,96,0.0,0.0,0.0
72,97,0.0,0.0,0.0
72,98,5854.0,483.9706115722656,290.52716064453125
72,99,8411.0,229.228271484375,319.2703552246094
72,100,0.0,0.0,0.0
72,101,0.0,0.0,0.0
72,102,3189.0,40.0937614440918,490.6340637207031
72,103,0.0,0.0,0.0
72,104,0.0,0.0,0.0
72,105,0.0,0.0,0.0
72,106,3639.0,33.49216842651367,446.5056457519531
72,107,0.0,0.0,0.0
72,108,0.0,0.0,0.0
72,109,0.0,0.0,0.0
72,110,0.0,0.0,0.0
72,111,0.0,0.0,0.0
72,112,1070.0,8.719626426696777,30.62710189819336
72,113,0.0,0.0,0.0
72,114,2109.0,380.59222412109375,497.6818542480469
72,115,0.0,0.0,0.0
72,116,0.0,0.0,0.0
72,117,3159.0,115.41785430908205,492.0943298339844
72,118,0.0,0.0,0.0
72,119,0.0,0.0,0.0
72,120,0.0,0.0,0.0
72,121,0.0,0.0,0.0
72,122,0.0,0.0,0.0
72,123,441.0,9.911564826965332,374.0408020019531
72,124,1186.0,8.675379753112793,281.99072265625
72,125,465.0,502.9010620117188,87.56989288330078
72,126,818.0,9.312958717346191,214.39242553710935
72,127,58.0,502.0689697265625,208.3793029785156
72,128,567.0,493.291015625,227.0581970214844
72,129,19.0,501.9473571777344,213.3684234619141
72,130,64.0,502.28125,217.484375
72,131,693.0,433.580078125,491.7546997070313
72,132,0.0,0.0,0.0
72,133,0.0,0.0,0.0
72,134,0.0,0.0,0.0
72,135,0.0,0.0,0.0
72,136,0.0,0.0,0.0
72,137,0.0,0.0,0.0
72,138,0.0,0.0,0.0
72,139,0.0,0.0,0.0
72,140,0.0,0.0,0.0
72,141,0.0,0.0,0.0
72,142,0.0,0.0,0.0
72,143,0.0,0.0,0.0
72,144,0.0,0.0,0.0
72,145,0.0,0.0,0.0
72,146,0.0,0.0,0.0
72,147,0.0,0.0,0.0
72,148,0.0,0.0,0.0
72,149,0.0,0.0,0.0
72,150,0.0,0.0,0.0
72,151,0.0,0.0,0.0
72,152,0.0,0.0,0.0
72,153,0.0,0.0,0.0
72,154,0.0,0.0,0.0
72,155,0.0,0.0,0.0
72,156,0.0,0.0,0.0
72,157,0.0,0.0,0.0
72,158,0.0,0.0,0.0
72,159,0.0,0.0,0.0
73,0,0.0,0.0,0.0
73,1,3828.0,122.20977020263672,329.1099853515625
73,2,2181.0,65.60247802734375,364.8638305664063
73,3,0.0,0.0,0.0
73,4,1194.0,161.6968231201172,427.5795593261719
73,5,7303.0,103.55675506591795,89.17704772949219
73,6,2880.0,144.1927032470703,166.615966796875
73,7,2208.0,137.2024383544922,273.9302673339844
73,8,1660.0,169.11265563964844,291.99517822265625
73,9,6628.0,182.77610778808597,376.6134643554688
73,10,2322.0,259.1877746582031,401.0396118164063
73,11,2603.0,156.8816680908203,466.7614440917969
73,12,3760.0,391.2622375488281,23.520212173461918
73,13,975.0,125.3969268798828,200.14051818847656
73,14,3014.0,183.45388793945312,155.7823486328125
73,15,1719.0,50.310646057128906,266.17626953125
73,16,5967.0,177.16976928710938,38.13742065429688
73,17,753.0,280.438232421875,28.62948226928711
73,18,2177.0,114.44281005859376,17.86908531188965
73,19,2318.0,234.00474548339844,39.62553787231445
73,20,1486.0,9.186406135559082,108.68572998046876
73,21,1585.0,261.0037841796875,71.42334747314453
73,22,4415.0,312.1562805175781,81.17961120605469
73,23,942.0,134.1454315185547,127.45223236083984
73,24,9438.0,221.86373901367188,225.39944458007807
73,25,2639.0,298.6339416503906,275.9374694824219
73,26,0.0,0.0,0.0
73,27,2593.0,41.7963752746582,62.9440803527832
73,28,5863.0,438.795166015625,57.3336181640625
73,29,2877.0,43.85923004150391,125.57073211669922
73,30,2092.0,361.5458984375,65.511474609375
73,31,7879.0,280.5851135253906,139.3048553466797
73,32,2611.0,222.5572509765625,128.6981964111328
73,33,5458.0,425.1293640136719,106.84756469726562
73,34,0.0,0.0,0.0
73,35,1998.0,333.9654541015625,237.7217254638672
73,36,8826.0,398.2308044433594,309.9008483886719
73,37,1756.0,312.8901062011719,306.71240234375
73,38,8832.0,441.3873291015625,383.2366333007813
73,39,3879.0,399.98968505859375,452.7393798828125
73,40,0.0,0.0,0.0
73,41,1449.0,325.1214599609375,335.3719787597656
73,42,6093.0,53.40522003173828,314.2066345214844
73,43,0.0,0.0,0.0
73,44,7446.0,377.128662109375,165.0987091064453
73,45,5129.0,75.5299301147461,180.31663513183597
73,46,2708.0,45.463809967041016,231.8622589111328
73,47,1739.0,18.007474899291992,171.12823486328125
73,48,1081.0,140.2479248046875,228.4745635986328
73,49,1409.0,253.6749420166016,264.2640075683594
73,50,2534.0,103.1562728881836,244.36346435546875
73,51,1929.0,120.49974060058594,388.1881713867188
73,52,0.0,0.0,0.0
73,53,0.0,0.0,0.0
73,54,0.0,0.0,0.0
73,55,2799.0,346.5205383300781,449.3690490722656
73,56,3138.0,37.42957305908203,393.3919677734375
73,57,6157.0,235.41204833984372,445.1482849121094
73,58,2531.0,319.270263671875,19.1568546295166
73,59,0.0,0.0,0.0
73,60,2630.0,193.22129821777344,93.3813705444336
73,61,1542.0,315.40142822265625,474.4630432128906
73,62,0.0,0.0,0.0
73,63,356.0,261.2078552246094,4.910112380981445
73,64,0.0,0.0,0.0
73,65,0.0,0.0,0.0
73,66,4216.0,98.1242904663086,429.3719177246094
73,67,0.0,0.0,0.0
73,68,2447.0,493.7123107910156,34.42092514038086
73,69,2969.0,51.81576156616211,20.90535545349121
73,70,0.0,0.0,0.0
73,71,2542.0,302.9095153808594,196.9276123046875
73,72,8427.0,327.7842712402344,387.1243591308594
73,73,2716.0,260.51104736328125,492.45361328125
73,74,0.0,0.0,0.0
73,75,1894.0,199.36378479003903,492.8790893554688
73,76,0.0,0.0,0.0
73,77,0.0,0.0,0.0
73,78,675.0,264.4251708984375,36.69926071166992
73,79,3952.0,379.3079528808594,238.05364990234372
73,80,1012.0,320.2154235839844,501.5266723632813
73,81,0.0,0.0,0.0
73,82,0.0,0.0,0.0
73,83,0.0,0.0,0.0
73,84,0.0,0.0,0.0
73,85,2049.0,492.7837829589844,132.12103271484375
73,86,4116.0,430.9949035644531,221.49392700195312
73,87,5312.0,474.3302001953125,458.2347412109375
73,88,0.0,0.0,0.0
73,89,0.0,0.0,0.0
73,90,0.0,0.0,0.0
73,91,0.0,0.0,0.0
73,92,0.0,0.0,0.0
73,93,0.0,0.0,0.0
73,94,0.0,0.0,0.0
73,95,0.0,0.0,0.0
73,96,0.0,0.0,0.0
73,97,0.0,0.0,0.0
73,98,6035.0,482.995361328125,288.3960266113281
73,99,8303.0,231.9249725341797,319.3030090332031
73,100,0.0,0.0,0.0
73,101,0.0,0.0,0.0
73,102,3253.0,40.59575653076172,490.2071838378906
73,103,0.0,0.0,0.0
73,104,0.0,0.0,0.0
73,105,0.0,0.0,0.0
73,106,3759.0,34.88853454589844,446.08831787109375
73,107,0.0,0.0,0.0
73,108,0.0,0.0,0.0
73,109,0.0,0.0,0.0
73,110,0.0,0.0,0.0
73,111,0.0,0.0,0.0
73,112,1012.0,8.966403007507324,30.45750999450684
73,113,0.0,0.0,0.0
73,114,2075.0,381.5585632324219,497.66748046875
73,115,0.0,0.0,0.0
73,116,0.0,0.0,0.0
73,117,3191.0,115.52710723876952,491.8611755371094
73,118,0.0,0.0,0.0
73,119,0.0,0.0,0.0
73,120,0.0,0.0,0.0
73,121,0.0,0.0,0.0
73,122,0.0,0.0,0.0
73,123,0.0,0.0,0.0
73,124,1275.0,9.12862777709961,281.3694152832031
73,125,461.0,502.7288513183594,88.17570495605469
73,126,979.0,9.995914459228516,216.8232879638672
73,127,0.0,0.0,0.0
73,128,0.0,0.0,0.0
73,129,0.0,0.0,0.0
73,130,0.0,0.0,0.0
73,131,0.0,0.0,0.0
73,132,1577.0,492.0786437988281,214.41661071777344
73,133,198.0,7.803030490875244,355.1868591308594
73,134,544.0,492.7113952636719,501.7297668457031
73,135,0.0,0.0,0.0
73,136,0.0,0.0,0.0
73,137,0.0,0.0,0.0
73,138,0.0,0.0,0.0
73,139,0.0,0.0,0.0
73,140,0.0,0.0,0.0
73,141,0.0,0.0,0.0
73,142,0.0,0.0,0.0
73,143,0.0,0.0,0.0
73,144,0.0,0.0,0.0
73,145,0.0,0.0,0.0
73,146,0.0,0.0,0.0
73,147,0.0,0.0,0.0
73,148,0.0,0.0,0.0
73,149,0.0,0.0,0.0
73,150,0.0,0.0,0.0
73,151,0.0,0.0,0.0
73,152,0.0,0.0,0.0
73,153,0.0,0.0,0.0
73,154,0.0,0.0,0.0
73,155,0.0,0.0,0.0
73,156,0.0,0.0,0.0
73,157,0.0,0.0,0.0
73,158,0.0,0.0,0.0
73,159,0.0,0.0,0.0
74,0,0.0,0.0,0.0
74,1,3970.0,124.98538970947266,328.5068054199219
74,2,2119.0,65.43321990966797,364.1175231933594
74,3,0.0,0.0,0.0
74,4,1030.0,162.46214294433594,427.1281433105469
74,5,7568.0,103.4105453491211,88.20613098144531
74,6,3074.0,146.53089904785156,165.5442352294922
74,7,2229.0,140.76043701171875,275.7088317871094
74,8,1227.0,172.39608764648438,293.0928955078125
74,9,6481.0,184.8686981201172,376.84771728515625
74,10,2442.0,264.5716552734375,404.3873901367188
74,11,2551.0,159.08937072753906,465.6052551269531
74,12,3564.0,391.7281188964844,22.473064422607425
74,13,1008.0,127.6904754638672,200.5238037109375
74,14,2744.0,186.70553588867188,155.0
74,15,1798.0,51.14237976074219,265.5595092773437
74,16,5830.0,177.69554138183594,37.43790817260742
74,17,1176.0,296.600341796875,20.12670135498047
74,18,2042.0,114.99363708496094,17.23604393005371
74,19,2578.0,237.09231567382807,36.95151138305664
74,20,1602.0,8.553683280944824,113.15979766845705
74,21,1708.0,261.6557312011719,69.9057388305664
74,22,4412.0,313.7533874511719,80.97370910644531
74,23,965.0,134.10984802246094,127.4186553955078
74,24,8945.0,223.0804901123047,224.95606994628903
74,25,2720.0,299.6198425292969,275.4735412597656
74,26,0.0,0.0,0.0
74,27,2545.0,41.788211822509766,61.76895904541016
74,28,6138.0,437.9724731445313,57.16943740844727
74,29,2957.0,43.59249114990234,125.402099609375
74,30,2037.0,364.3426513671875,64.72508239746094
74,31,7903.0,280.6326599121094,138.21878051757812
74,32,2434.0,222.042724609375,126.62818145751952
74,33,5288.0,425.68267822265625,107.15885162353516
74,34,0.0,0.0,0.0
74,35,1846.0,334.6977233886719,240.0780029296875
74,36,6740.0,416.6934814453125,298.1227111816406
74,37,1549.0,320.43963623046875,301.7650146484375
74,38,8549.0,440.4290466308594,380.885498046875
74,39,3993.0,400.9043273925781,451.83197021484375
74,40,0.0,0.0,0.0
74,41,4084.0,349.7054443359375,328.7416687011719
74,42,6280.0,53.05238723754883,315.1321716308594
74,43,0.0,0.0,0.0
74,44,6992.0,379.0125732421875,163.0772247314453
74,45,5071.0,77.27883911132812,180.05303955078125
74,46,2634.0,46.47798156738281,231.0493621826172
74,47,1667.0,19.91241836547852,173.1637725830078
74,48,1420.0,144.79507446289062,229.52464294433597
74,49,1589.0,254.1088714599609,263.441162109375
74,50,2661.0,104.20255279541016,245.5791015625
74,51,2082.0,120.5355453491211,386.719970703125
74,52,0.0,0.0,0.0
74,53,0.0,0.0,0.0
74,54,0.0,0.0,0.0
74,55,2821.0,347.18963623046875,448.3551940917969
74,56,3210.0,38.146728515625,393.1554565429688
74,57,6374.0,237.8726043701172,444.2213745117188
74,58,1598.0,333.0838623046875,20.045055389404297
74,59,0.0,0.0,0.0
74,60,2726.0,193.91488647460935,92.59097290039062
74,61,1664.0,315.09796142578125,476.0943603515625
74,62,0.0,0.0,0.0
74,63,0.0,0.0,0.0
74,64,0.0,0.0,0.0
74,65,0.0,0.0,0.0
74,66,4195.0,100.8805694580078,429.1938171386719
74,67,0.0,0.0,0.0
74,68,2393.0,494.1525268554688,33.417049407958984
74,69,2978.0,51.76964569091797,20.35224914550781
74,70,0.0,0.0,0.0
74,71,3135.0,303.5291748046875,196.77926635742188
74,72,8076.0,328.8016357421875,384.9844055175781
74,73,2689.0,258.4228210449219,493.4154052734375
74,74,0.0,0.0,0.0
74,75,1902.0,198.7276611328125,491.9327087402344
74,76,0.0,0.0,0.0
74,77,0.0,0.0,0.0
74,78,946.0,276.6300354003906,33.25687026977539
74,79,6979.0,398.6489562988281,224.61956787109372
74,80,916.0,321.64410400390625,501.82861328125
74,81,0.0,0.0,0.0
74,82,0.0,0.0,0.0
74,83,0.0,0.0,0.0
74,84,0.0,0.0,0.0
74,85,1750.0,493.6251525878906,128.9857177734375
74,86,1540.0,456.5960998535156,221.2960968017578
74,87,5814.0,475.4974060058594,461.5550537109375
74,88,0.0,0.0,0.0
74,89,0.0,0.0,0.0
74,90,0.0,0.0,0.0
74,91,0.0,0.0,0.0
74,92,0.0,0.0,0.0
74,93,0.0,0.0,0.0
74,94,0.0,0.0,0.0
74,95,0.0,0.0,0.0
74,96,0.0,0.0,0.0
74,97,0.0,0.0,0.0
74,98,6165.0,484.3714599609375,287.80096435546875
74,99,8526.0,233.63546752929688,318.7251892089844
74,100,0.0,0.0,0.0
74,101,0.0,0.0,0.0
74,102,3412.0,41.79982376098633,489.618408203125
74,103,0.0,0.0,0.0
74,104,0.0,0.0,0.0
74,105,0.0,0.0,0.0
74,106,3840.0,35.92604064941406,445.3158874511719
74,107,0.0,0.0,0.0
74,108,0.0,0.0,0.0
74,109,0.0,0.0,0.0
74,110,0.0,0.0,0.0
74,111,0.0,0.0,0.0
74,112,980.0,9.036734580993652,30.628570556640625
74,113,0.0,0.0,0.0
74,114,2113.0,380.8338928222656,497.3951721191406
74,115,0.0,0.0,0.0
74,116,0.0,0.0,0.0
74,117,3229.0,117.18241119384766,491.5054321289063
74,118,0.0,0.0,0.0
74,119,0.0,0.0,0.0
74,120,0.0,0.0,0.0
74,121,0.0,0.0,0.0
74,122,0.0,0.0,0.0
74,123,0.0,0.0,0.0
74,124,1369.0,9.224251747131348,280.6223449707031
74,125,572.0,502.3269348144531,88.77098083496094
74,126,1010.0,10.632673263549805,216.5901031494141
74,127,0.0,0.0,0.0
74,128,0.0,0.0,0.0
74,129,0.0,0.0,0.0
74,130,0.0,0.0,0.0
74,131,0.0,0.0,0.0
74,132,0.0,0.0,0.0
74,133,0.0,0.0,0.0
74,134,0.0,0.0,0.0
74,135,146.0,489.0068359375,391.7397155761719
74,136,50.0,481.1000061035156,402.1199951171875
74,137,137.0,479.6496276855469,409.8905029296875
74,138,123.0,495.2195129394531,414.72357177734375
74,139,0.0,0.0,0.0
74,140,0.0,0.0,0.0
74,141,0.0,0.0,0.0
74,142,0.0,0.0,0.0
74,143,0.0,0.0,0.0
74,144,0.0,0.0,0.0
74,145,0.0,0.0,0.0
74,146,0.0,0.0,0.0
74,147,0.0,0.0,0.0
74,148,0.0,0.0,0.0
74,149,0.0,0.0,0.0
74,150,0.0,0.0,0.0
74,151,0.0,0.0,0.0
74,152,0.0,0.0,0.0
74,153,0.0,0.0,0.0
74,154,0.0,0.0,0.0
74,155,0.0,0.0,0.0
74,156,0.0,0.0,0.0
74,157,0.0,0.0,0.0
74,158,0.0,0.0,0.0
74,159,0.0,0.0,0.0
75,0,0.0,0.0,0.0
75,1,4039.0,128.1319580078125,328.7566223144531
75,2,2191.0,66.34185028076172,363.8160705566406
75,3,0.0,0.0,0.0
75,4,782.0,167.5601043701172,426.1854248046875
75,5,7716.0,103.08981323242188,86.2580337524414
75,6,3246.0,152.1355438232422,164.18853759765625
75,7,2177.0,140.5291748046875,275.6711120605469
75,8,1382.0,174.68450927734375,291.8386535644531
75,9,6359.0,186.4887542724609,377.644287109375
75,10,3187.0,274.5559997558594,406.9698791503906
75,11,2709.0,161.52528381347656,463.5367431640625
75,12,3343.0,393.6479187011719,21.78611946105957
75,13,1273.0,127.52395629882812,199.5011749267578
75,14,2150.0,191.1362762451172,154.32371520996094
75,15,1951.0,51.806251525878906,265.80828857421875
75,16,5668.0,178.48464965820312,36.74964904785156
75,17,1263.0,299.62310791015625,20.03325462341309
75,18,1964.0,115.3594741821289,16.64103889465332
75,19,2631.0,238.0406646728516,35.213226318359375
75,20,1753.0,8.709070205688477,114.25556182861328
75,21,1559.0,265.8389892578125,67.54971313476562
75,22,4297.0,315.4582214355469,80.26506805419922
75,23,1244.0,131.26205444335938,131.0562744140625
75,24,8258.0,228.1676025390625,224.25889587402344
75,25,3061.0,300.7141418457031,276.3544616699219
75,26,0.0,0.0,0.0
75,27,2392.0,41.40886306762695,60.793060302734375
75,28,5721.0,436.8313293457031,56.59814834594727
75,29,2921.0,43.30913925170898,124.85279083251952
75,30,1983.0,365.6162414550781,63.09026718139648
75,31,8424.0,279.1578674316406,138.1697540283203
75,32,2104.0,221.9600830078125,125.2723388671875
75,33,5687.0,423.7186584472656,107.99700927734376
75,34,0.0,0.0,0.0
75,35,2785.0,344.2678527832031,242.54721069335935
75,36,6322.0,417.67620849609375,300.21258544921875
75,37,1586.0,324.6292419433594,300.7068176269531
75,38,8475.0,438.4510803222656,380.484375
75,39,4118.0,400.9009094238281,450.90625
75,40,0.0,0.0,0.0
75,41,4069.0,347.2187194824219,328.1688232421875
75,42,6409.0,53.536746978759766,315.537841796875
75,43,0.0,0.0,0.0
75,44,6557.0,376.9351806640625,164.62071228027344
75,45,4850.0,78.02886962890625,178.41793823242188
75,46,2681.0,48.82730484008789,229.55838012695312
75,47,1617.0,21.204082489013672,173.59555053710938
75,48,2021.0,151.93716430664062,227.648193359375
75,49,1714.0,253.02392578125,262.98248291015625
75,50,2598.0,105.03387451171876,245.4422607421875
75,51,2169.0,122.995849609375,387.9197692871094
75,52,0.0,0.0,0.0
75,53,0.0,0.0,0.0
75,54,0.0,0.0,0.0
75,55,2420.0,349.2099304199219,447.9656982421875
75,56,3399.0,39.44572067260742,394.13092041015625
75,57,6478.0,241.803955078125,444.4813232421875
75,58,1641.0,336.35284423828125,19.026203155517575
75,59,0.0,0.0,0.0
75,60,3187.0,196.39096069335935,91.58518981933594
75,61,1454.0,313.7909240722656,473.864501953125
75,62,0.0,0.0,0.0
75,63,0.0,0.0,0.0
75,64,0.0,0.0,0.0
75,65,0.0,0.0,0.0
75,66,4135.0,103.32720947265624,429.5700073242188
75,67,0.0,0.0,0.0
75,68,2540.0,492.7602233886719,33.1173210144043
75,69,2925.0,52.22529983520508,20.51794815063477
75,70,0.0,0.0,0.0
75,71,3070.0,305.73876953125,196.26937866210935
75,72,7136.0,331.80548095703125,382.7327575683594
75,73,2703.0,258.8516540527344,494.4021606445313
75,74,0.0,0.0,0.0
75,75,1848.0,199.14393615722656,491.7938232421875
75,76,0.0,0.0,0.0
75,77,0.0,0.0,0.0
75,78,1130.0,277.1637268066406,29.547786712646484
75,79,5861.0,405.4156188964844,220.57891845703125
75,80,1052.0,325.9562683105469,498.3279418945313
75,81,0.0,0.0,0.0
75,82,0.0,0.0,0.0
75,83,0.0,0.0,0.0
75,84,0.0,0.0,0.0
75,85,0.0,0.0,0.0
75,86,1557.0,453.4386596679688,221.5504150390625
75,87,6272.0,475.9410095214844,460.7764587402344
75,88,0.0,0.0,0.0
75,89,0.0,0.0,0.0
75,90,0.0,0.0,0.0
75,91,0.0,0.0,0.0
75,92,0.0,0.0,0.0
75,93,0.0,0.0,0.0
75,94,0.0,0.0,0.0
75,95,0.0,0.0,0.0
75,96,0.0,0.0,0.0
75,97,0.0,0.0,0.0
75,98,6571.0,483.6563720703125,288.83746337890625
75,99,8201.0,234.27484130859372,319.4238586425781
75,100,0.0,0.0,0.0
75,101,0.0,0.0,0.0
75,102,3370.0,42.42759704589844,489.2525329589844
75,103,0.0,0.0,0.0
75,104,0.0,0.0,0.0
75,105,0.0,0.0,0.0
75,106,3210.0,41.055763244628906,442.79345703125
75,107,0.0,0.0,0.0
75,108,0.0,0.0,0.0
75,109,0.0,0.0,0.0
75,110,0.0,0.0,0.0
75,111,0.0,0.0,0.0
75,112,983.0,9.185147285461426,29.96744728088379
75,113,0.0,0.0,0.0
75,114,2180.0,381.049072265625,496.6963195800781
75,115,0.0,0.0,0.0
75,116,0.0,0.0,0.0
75,117,3380.0,117.83313751220705,491.3573913574219
75,118,0.0,0.0,0.0
75,119,0.0,0.0,0.0
75,120,0.0,0.0,0.0
75,121,0.0,0.0,0.0
75,122,0.0,0.0,0.0
75,123,0.0,0.0,0.0
75,124,1285.0,9.803112983703612,278.1198425292969
75,125,793.0,501.3026428222656,89.97730255126953
75,126,1128.0,11.220745086669922,216.9937896728516
75,127,0.0,0.0,0.0
75,128,0.0,0.0,0.0
75,129,0.0,0.0,0.0
75,130,0.0,0.0,0.0
75,131,0.0,0.0,0.0
75,132,0.0,0.0,0.0
75,133,0.0,0.0,0.0
75,134,0.0,0.0,0.0
75,135,0.0,0.0,0.0
75,136,0.0,0.0,0.0
75,137,0.0,0.0,0.0
75,138,0.0,0.0,0.0
75,139,443.0,497.8036193847656,117.3137664794922
75,140,187.0,482.65240478515625,117.21390533447266
75,141,89.0,503.7752685546875,128.01123046875
75,142,104.0,502.68267822265625,134.25
75,143,1490.0,493.3161010742188,213.27919006347656
75,144,602.0,10.318937301635742,460.0216064453125
75,145,0.0,0.0,0.0
75,146,0.0,0.0,0.0
75,147,0.0,0.0,0.0
75,148,0.0,0.0,0.0
75,149,0.0,0.0,0.0
75,150,0.0,0.0,0.0
75,151,0.0,0.0,0.0
75,152,0.0,0.0,0.0
75,153,0.0,0.0,0.0
75,154,0.0,0.0,0.0
75,155,0.0,0.0,0.0
75,156,0.0,0.0,0.0
75,157,0.0,0.0,0.0
75,158,0.0,0.0,0.0
75,159,0.0,0.0,0.0
76,0,0.0,0.0,0.0
76,1,3984.0,130.55697631835938,328.6485900878906
76,2,2271.0,68.12285614013672,363.024658203125
76,3,0.0,0.0,0.0
76,4,1230.0,173.40650939941406,424.9382019042969
76,5,7694.0,102.71198272705078,84.9092788696289
76,6,2860.0,153.21957397460938,164.1304168701172
76,7,2164.0,143.86598205566406,276.07440185546875
76,8,1924.0,181.9501037597656,295.2806701660156
76,9,5995.0,188.4627227783203,376.2984008789063
76,10,3969.0,282.5074462890625,407.37994384765625
76,11,2590.0,163.8776092529297,463.2818603515625
76,12,3259.0,395.0015258789063,20.52439308166504
76,13,1451.0,128.86630249023438,197.73329162597656
76,14,1965.0,187.4961853027344,153.9597930908203
76,15,2047.0,52.58671188354492,265.5666809082031
76,16,5493.0,178.33224487304688,36.42381286621094
76,17,1539.0,304.1864929199219,19.24951171875
76,18,1897.0,116.9873504638672,15.694781303405762
76,19,2346.0,236.5797119140625,34.55157852172852
76,20,1789.0,8.78032398223877,113.2783660888672
76,21,1507.0,266.4160461425781,66.57996368408203
76,22,4355.0,316.5800170898437,79.0679702758789
76,23,1518.0,131.66468811035156,130.78985595703125
76,24,7516.0,232.59246826171875,224.27474975585935
76,25,3286.0,301.3843688964844,275.9105224609375
76,26,0.0,0.0,0.0
76,27,2290.0,40.53362274169922,59.64192199707031
76,28,5788.0,435.3958129882813,58.38165283203125
76,29,3005.0,43.61996841430664,124.27953338623048
76,30,2032.0,366.7234191894531,60.60334777832031
76,31,8613.0,278.9072265625,137.59410095214844
76,32,2578.0,220.8347625732422,131.88323974609375
76,33,5537.0,423.0646667480469,109.11106872558594
76,34,0.0,0.0,0.0
76,35,3167.0,350.158203125,241.86233520507807
76,36,6321.0,413.9408264160156,301.7505187988281
76,37,1402.0,332.0713195800781,295.9657592773437
76,38,8177.0,435.19677734375,379.0470886230469
76,39,4475.0,401.1684875488281,451.688720703125
76,40,0.0,0.0,0.0
76,41,3749.0,342.654052734375,328.4150390625
76,42,5970.0,58.12663269042969,313.3651733398437
76,43,0.0,0.0,0.0
76,44,5081.0,381.5223388671875,163.45974731445312
76,45,4726.0,78.46297454833984,177.4451904296875
76,46,2743.0,50.24170684814453,228.08457946777344
76,47,1602.0,21.33083724975586,172.99563598632812
76,48,2595.0,157.39268493652344,228.00808715820312
76,49,1764.0,253.08843994140625,262.22222900390625
76,50,2729.0,106.5654067993164,246.5265655517578
76,51,2225.0,125.20494079589844,387.8301086425781
76,52,0.0,0.0,0.0
76,53,0.0,0.0,0.0
76,54,0.0,0.0,0.0
76,55,2537.0,346.53173828125,448.8474426269531
76,56,3547.0,39.36058807373047,393.189453125
76,57,6384.0,245.66587829589844,445.4906005859375
76,58,1301.0,340.1337280273437,16.72482681274414
76,59,0.0,0.0,0.0
76,60,3279.0,197.82891845703125,89.53430938720703
76,61,876.0,311.4292297363281,474.2374572753906
76,62,0.0,0.0,0.0
76,63,0.0,0.0,0.0
76,64,0.0,0.0,0.0
76,65,0.0,0.0,0.0
76,66,4195.0,105.05435180664062,429.4796142578125
76,67,0.0,0.0,0.0
76,68,2629.0,492.1274108886719,33.03385162353516
76,69,2861.0,54.37015151977539,20.29045867919922
76,70,0.0,0.0,0.0
76,71,4104.0,314.9242248535156,190.34039306640625
76,72,5392.0,340.6678466796875,383.27783203125
76,73,2675.0,259.6728820800781,495.0968322753906
76,74,0.0,0.0,0.0
76,75,1827.0,199.1187744140625,491.7662963867188
76,76,0.0,0.0,0.0
76,77,0.0,0.0,0.0
76,78,1509.0,274.5288391113281,26.40888023376465
76,79,4972.0,408.7101745605469,216.0709991455078
76,80,1323.0,327.0279541015625,496.60845947265625
76,81,0.0,0.0,0.0
76,82,0.0,0.0,0.0
76,83,0.0,0.0,0.0
76,84,0.0,0.0,0.0
76,85,0.0,0.0,0.0
76,86,1610.0,450.9689331054688,221.0534210205078
76,87,5561.0,471.43463134765625,453.1257019042969
76,88,0.0,0.0,0.0
76,89,0.0,0.0,0.0
76,90,0.0,0.0,0.0
76,91,0.0,0.0,0.0
76,92,0.0,0.0,0.0
76,93,532.0,8.013157844543457,344.2161560058594
76,94,0.0,0.0,0.0
76,95,0.0,0.0,0.0
76,96,0.0,0.0,0.0
76,97,0.0,0.0,0.0
76,98,7385.0,481.9783325195313,288.4297790527344
76,99,8383.0,245.57080078125,324.4843139648437
76,100,0.0,0.0,0.0
76,101,0.0,0.0,0.0
76,102,3341.0,41.31158447265625,489.5884399414063
76,103,0.0,0.0,0.0
76,104,0.0,0.0,0.0
76,105,0.0,0.0,0.0
76,106,3180.0,41.85943222045898,441.8669738769531
76,107,0.0,0.0,0.0
76,108,0.0,0.0,0.0
76,109,0.0,0.0,0.0
76,110,0.0,0.0,0.0
76,111,0.0,0.0,0.0
76,112,1073.0,9.572227478027344,29.20782852172852
76,113,0.0,0.0,0.0
76,114,1811.0,377.681396484375,496.0099487304688
76,115,0.0,0.0,0.0
76,116,0.0,0.0,0.0
76,117,3608.0,118.00055694580078,490.44622802734375
76,118,0.0,0.0,0.0
76,119,0.0,0.0,0.0
76,120,0.0,0.0,0.0
76,121,0.0,0.0,0.0
76,122,0.0,0.0,0.0
76,123,0.0,0.0,0.0
76,124,1401.0,9.91577434539795,278.2819519042969
76,125,871.0,500.5177917480469,90.21929168701172
76,126,1166.0,11.166380882263184,216.867919921875
76,127,0.0,0.0,0.0
76,128,0.0,0.0,0.0
76,129,0.0,0.0,0.0
76,130,0.0,0.0,0.0
76,131,0.0,0.0,0.0
76,132,0.0,0.0,0.0
76,133,0.0,0.0,0.0
76,134,0.0,0.0,0.0
76,135,0.0,0.0,0.0
76,136,0.0,0.0,0.0
76,137,0.0,0.0,0.0
76,138,0.0,0.0,0.0
76,139,0.0,0.0,0.0
76,140,0.0,0.0,0.0
76,141,0.0,0.0,0.0
76,142,0.0,0.0,0.0
76,143,864.0,495.8622741699219,218.4085693359375
76,144,725.0,11.082758903503418,458.8855285644531
76,145,95.0,488.3263244628906,109.82105255126952
76,146,42.0,497.5714416503906,112.3095245361328
76,147,93.0,502.5484008789063,117.5268783569336
76,148,86.0,503.2558288574219,126.93022918701172
76,149,77.0,494.0130004882813,382.5714416503906
76,150,726.0,502.9049682617188,429.7245178222656
76,151,692.0,502.0982666015625,487.1213989257813
76,152,0.0,0.0,0.0
76,153,0.0,0.0,0.0
76,154,0.0,0.0,0.0
76,155,0.0,0.0,0.0
76,156,0.0,0.0,0.0
76,157,0.0,0.0,0.0
76,158,0.0,0.0,0.0
76,159,0.0,0.0,0.0
77,0,0.0,0.0,0.0
77,1,4150.0,133.406982421875,328.8621826171875
77,2,2426.0,70.57666778564453,362.4624938964844
77,3,0.0,0.0,0.0
77,4,1509.0,184.5321350097656,425.1371765136719
77,5,7735.0,102.66503143310548,83.32682800292969
77,6,2626.0,155.35110473632812,163.84310913085938
77,7,2205.0,146.3297119140625,276.6439819335937
77,8,2598.0,189.4884490966797,298.3510437011719
77,9,5917.0,191.3665771484375,376.2815551757813
77,10,4019.0,283.48992919921875,406.5899353027344
77,11,2685.0,167.25660705566406,462.2379760742188
77,12,3069.0,396.0466003417969,19.948516845703125
77,13,1638.0,130.469482421875,196.36569213867188
77,14,1788.0,185.29026794433597,152.18736267089844
77,15,2064.0,53.526161193847656,265.0203552246094
77,16,5364.0,178.65138244628906,35.63851547241211
77,17,1326.0,306.54449462890625,18.569381713867188
77,18,1765.0,117.04759216308594,15.55467414855957
77,19,2527.0,238.3763427734375,33.30826950073242
77,20,1807.0,9.04537868499756,114.38074493408205
77,21,1689.0,267.5411376953125,66.89224243164062
77,22,4485.0,318.91015625,78.75652313232422
77,23,1693.0,132.3148193359375,129.31423950195312
77,24,8080.0,231.29293823242188,223.27215576171875
77,25,3433.0,303.6918029785156,275.3510131835937
77,26,0.0,0.0,0.0
77,27,2313.0,38.68093490600586,58.82706451416016
77,28,5836.0,432.7131652832031,59.4910888671875
77,29,3017.0,44.30792236328125,123.56314086914062
77,30,1874.0,368.8617858886719,56.59658432006836
77,31,8400.0,281.01739501953125,137.9598846435547
77,32,2816.0,220.1281890869141,132.10227966308594
77,33,5295.0,424.4332275390625,108.64249420166016
77,34,0.0,0.0,0.0
77,35,3064.0,352.80938720703125,239.01077270507807
77,36,6242.0,417.9429626464844,297.68023681640625
77,37,876.0,340.6404113769531,287.82989501953125
77,38,8135.0,435.5032653808594,377.4511413574219
77,39,4631.0,402.355224609375,450.2928161621094
77,40,0.0,0.0,0.0
77,41,4502.0,347.7205810546875,322.8156433105469
77,42,6005.0,59.03696823120117,312.5770263671875
77,43,0.0,0.0,0.0
77,44,4819.0,380.12200927734375,163.08238220214844
77,45,4630.0,79.9926528930664,176.55702209472656
77,46,2777.0,51.160606384277344,226.8048248291016
77,47,1676.0,22.362171173095703,172.7959442138672
77,48,2183.0,153.99679565429688,230.21575927734372
77,49,1860.0,252.83226013183597,262.6741943359375
77,50,2728.0,107.42448425292967,246.56304931640625
77,51,2230.0,129.4291534423828,389.36322021484375
77,52,0.0,0.0,0.0
77,53,0.0,0.0,0.0
77,54,0.0,0.0,0.0
77,55,2509.0,345.4962158203125,449.0570068359375
77,56,3721.0,39.51007843017578,393.36468505859375
77,57,5822.0,250.5613250732422,446.9374694824219
77,58,1322.0,341.3812255859375,15.812405586242676
77,59,0.0,0.0,0.0
77,60,3412.0,199.78956604003903,88.35287475585938
77,61,903.0,309.2680053710937,475.4717712402344
77,62,0.0,0.0,0.0
77,63,0.0,0.0,0.0
77,64,0.0,0.0,0.0
77,65,0.0,0.0,0.0
77,66,4346.0,107.01311492919922,429.5066833496094
77,67,0.0,0.0,0.0
77,68,2622.0,491.5450134277344,32.54538345336914
77,69,2811.0,55.03913116455078,20.143009185791016
77,70,0.0,0.0,0.0
77,71,4048.0,315.5731201171875,189.63784790039065
77,72,4953.0,342.827392578125,384.5584411621094
77,73,2591.0,259.4206848144531,495.30218505859375
77,74,0.0,0.0,0.0
77,75,1777.0,199.89588928222656,492.7253723144531
77,76,0.0,0.0,0.0
77,77,0.0,0.0,0.0
77,78,1491.0,279.0268249511719,25.912139892578125
77,79,4543.0,409.2740478515625,213.3209381103516
77,80,1181.0,327.0118408203125,496.03216552734375
77,81,0.0,0.0,0.0
77,82,0.0,0.0,0.0
77,83,0.0,0.0,0.0
77,84,0.0,0.0,0.0
77,85,0.0,0.0,0.0
77,86,1387.0,448.922119140625,221.06056213378903
77,87,4435.0,470.3760986328125,450.4421691894531
77,88,0.0,0.0,0.0
77,89,0.0,0.0,0.0
77,90,0.0,0.0,0.0
77,91,0.0,0.0,0.0
77,92,0.0,0.0,0.0
77,93,599.0,8.60767936706543,345.567626953125
77,94,0.0,0.0,0.0
77,95,0.0,0.0,0.0
77,96,0.0,0.0,0.0
77,97,0.0,0.0,0.0
77,98,6957.0,482.9100036621094,287.7107849121094
77,99,7993.0,256.6859741210937,327.49981689453125
77,100,0.0,0.0,0.0
77,101,0.0,0.0,0.0
77,102,3685.0,46.41519546508789,487.861328125
77,103,0.0,0.0,0.0
77,104,0.0,0.0,0.0
77,105,0.0,0.0,0.0
77,106,2972.0,42.88492584228516,441.19146728515625
77,107,0.0,0.0,0.0
77,108,0.0,0.0,0.0
77,109,0.0,0.0,0.0
77,110,0.0,0.0,0.0
77,111,0.0,0.0,0.0
77,112,994.0,9.581488609313965,27.820924758911133
77,113,0.0,0.0,0.0
77,114,1967.0,375.9700012207031,494.4489135742188
77,115,0.0,0.0,0.0
77,116,0.0,0.0,0.0
77,117,3347.0,121.94293212890624,492.0726013183594
77,118,0.0,0.0,0.0
77,119,0.0,0.0,0.0
77,120,0.0,0.0,0.0
77,121,0.0,0.0,0.0
77,122,0.0,0.0,0.0
77,123,0.0,0.0,0.0
77,124,1457.0,10.724090576171877,276.4310302734375
77,125,891.0,500.11224365234375,87.08417510986328
77,126,1174.0,11.109880447387695,216.53662109375
77,127,0.0,0.0,0.0
77,128,0.0,0.0,0.0
77,129,0.0,0.0,0.0
77,130,0.0,0.0,0.0
77,131,0.0,0.0,0.0
77,132,0.0,0.0,0.0
77,133,0.0,0.0,0.0
77,134,0.0,0.0,0.0
77,135,0.0,0.0,0.0
77,136,0.0,0.0,0.0
77,137,0.0,0.0,0.0
77,138,0.0,0.0,0.0
77,139,0.0,0.0,0.0
77,140,0.0,0.0,0.0
77,141,0.0,0.0,0.0
77,142,0.0,0.0,0.0
77,143,1307.0,494.9671020507813,212.36495971679688
77,144,908.0,13.17510986328125,458.6894226074219
77,145,0.0,0.0,0.0
77,146,0.0,0.0,0.0
77,147,0.0,0.0,0.0
77,148,0.0,0.0,0.0
77,149,0.0,0.0,0.0
77,150,518.0,503.5926513671875,436.16217041015625
77,151,1298.0,497.3251037597656,488.4637756347656
77,152,857.0,494.62310791015625,391.6464538574219
77,153,0.0,0.0,0.0
77,154,0.0,0.0,0.0
77,155,0.0,0.0,0.0
77,156,0.0,0.0,0.0
77,157,0.0,0.0,0.0
77,158,0.0,0.0,0.0
77,159,0.0,0.0,0.0
78,0,0.0,0.0,0.0
78,1,4280.0,135.99508666992188,329.2415771484375
78,2,2493.0,71.47533416748047,361.0
78,3,0.0,0.0,0.0
78,4,1703.0,186.70640563964844,423.8972473144531
78,5,7992.0,103.44356536865234,80.97935485839844
78,6,2773.0,159.1759796142578,162.56906127929688
78,7,2142.0,146.53314208984375,276.07281494140625
78,8,2884.0,191.10333251953125,296.8744812011719
78,9,5553.0,192.1755828857422,376.8525085449219
78,10,4291.0,285.353759765625,406.6427307128906
78,11,2447.0,169.18553161621094,461.9268493652344
78,12,2822.0,399.08538818359375,17.516300201416016
78,13,1686.0,131.91934204101562,194.97271728515625
78,14,1585.0,188.74826049804688,149.8776092529297
78,15,2214.0,54.93992614746094,265.0785827636719
78,16,5078.0,179.75601196289062,34.9094123840332
78,17,1207.0,307.09942626953125,19.02899742126465
78,18,1518.0,119.07378387451172,14.46442699432373
78,19,2498.0,239.50840759277344,31.15052032470703
78,20,1738.0,8.35040283203125,112.60069274902344
78,21,1685.0,267.2848815917969,66.92225646972656
78,22,4377.0,319.1919250488281,77.86177825927734
78,23,1831.0,132.26925659179688,128.69961547851562
78,24,8269.0,231.02769470214844,222.41964721679688
78,25,3593.0,304.4316711425781,274.991943359375
78,26,0.0,0.0,0.0
78,27,2157.0,37.81038665771485,58.1993522644043
78,28,3824.0,439.30804443359375,49.28556442260742
78,29,3164.0,43.20037841796875,122.84608459472656
78,30,2294.0,371.4136962890625,53.44681930541992
78,31,8592.0,280.92120361328125,136.1190643310547
78,32,2395.0,220.1816253662109,132.3260955810547
78,33,7033.0,422.2752685546875,103.2293472290039
78,34,0.0,0.0,0.0
78,35,3590.0,358.28857421875,237.20724487304688
78,36,6276.0,417.5038146972656,296.3941955566406
78,37,1419.0,342.6405944824219,291.8266296386719
78,38,8422.0,435.799560546875,376.3868408203125
78,39,4759.0,403.0254211425781,450.1729431152344
78,40,0.0,0.0,0.0
78,41,3965.0,351.4741516113281,328.000244140625
78,42,5738.0,60.09654998779297,312.3187561035156
78,43,0.0,0.0,0.0
78,44,4318.0,381.8165893554688,162.73460388183594
78,45,4565.0,81.05607604980469,174.63198852539062
78,46,2805.0,53.51729202270508,225.1942901611328
78,47,1637.0,22.11178970336914,172.53390502929688
78,48,2096.0,153.593994140625,228.4031524658203
78,49,2051.0,252.68746948242188,262.1365051269531
78,50,2769.0,108.3459701538086,246.15383911132807
78,51,2233.0,130.5414276123047,389.4155883789063
78,52,0.0,0.0,0.0
78,53,0.0,0.0,0.0
78,54,0.0,0.0,0.0
78,55,1795.0,349.9058532714844,443.5755004882813
78,56,3692.0,39.07258987426758,393.1235046386719
78,57,5553.0,248.6607208251953,447.8708801269531
78,58,1316.0,340.42706298828125,15.172492027282717
78,59,0.0,0.0,0.0
78,60,3552.0,200.8668365478516,87.30630493164062
78,61,1390.0,311.1280517578125,465.9618835449219
78,62,0.0,0.0,0.0
78,63,0.0,0.0,0.0
78,64,0.0,0.0,0.0
78,65,0.0,0.0,0.0
78,66,4493.0,107.92521667480467,428.4903259277344
78,67,0.0,0.0,0.0
78,68,2472.0,491.4514465332031,31.85760498046875
78,69,2940.0,57.25238037109375,19.884353637695312
78,70,0.0,0.0,0.0
78,71,4322.0,317.9109191894531,186.9835662841797
78,72,4415.0,342.36376953125,385.592529296875
78,73,2496.0,258.3028869628906,496.2067260742188
78,74,0.0,0.0,0.0
78,75,1666.0,201.20887756347656,491.97119140625
78,76,0.0,0.0,0.0
78,77,0.0,0.0,0.0
78,78,1517.0,280.2063293457031,25.97099494934082
78,79,3842.0,412.8493041992188,209.334716796875
78,80,1588.0,328.0396728515625,492.4357604980469
78,81,0.0,0.0,0.0
78,82,0.0,0.0,0.0
78,83,0.0,0.0,0.0
78,84,0.0,0.0,0.0
78,85,0.0,0.0,0.0
78,86,1632.0,449.811279296875,217.0245056152344
78,87,3454.0,470.0940856933594,453.43255615234375
78,88,0.0,0.0,0.0
78,89,0.0,0.0,0.0
78,90,0.0,0.0,0.0
78,91,0.0,0.0,0.0
78,92,0.0,0.0,0.0
78,93,741.0,8.67611312866211,345.52227783203125
78,94,0.0,0.0,0.0
78,95,0.0,0.0,0.0
78,96,0.0,0.0,0.0
78,97,0.0,0.0,0.0
78,98,6331.0,481.2282409667969,279.8341369628906
78,99,7826.0,258.9568176269531,329.6794128417969
78,100,0.0,0.0,0.0
78,101,0.0,0.0,0.0
78,102,3687.0,46.33821487426758,489.0341796875
78,103,0.0,0.0,0.0
78,104,0.0,0.0,0.0
78,105,0.0,0.0,0.0
78,106,2898.0,45.54623794555664,440.8447265625
78,107,0.0,0.0,0.0
78,108,0.0,0.0,0.0
78,109,0.0,0.0,0.0
78,110,0.0,0.0,0.0
78,111,0.0,0.0,0.0
78,112,1004.0,9.7470121383667,28.14442253112793
78,113,0.0,0.0,0.0
78,114,1931.0,371.5624084472656,493.2630615234375
78,115,0.0,0.0,0.0
78,116,2.0,2.5,316.0
78,117,3530.0,124.89886474609376,490.9124755859375
78,118,0.0,0.0,0.0
78,119,0.0,0.0,0.0
78,120,0.0,0.0,0.0
78,121,0.0,0.0,0.0
78,122,0.0,0.0,0.0
78,123,0.0,0.0,0.0
78,124,1519.0,11.392363548278809,276.6991577148437
78,125,910.0,500.3923034667969,83.73846435546875
78,126,1315.0,12.058555603027344,216.8661651611328
78,127,0.0,0.0,0.0
78,128,0.0,0.0,0.0
78,129,0.0,0.0,0.0
78,130,0.0,0.0,0.0
78,131,0.0,0.0,0.0
78,132,0.0,0.0,0.0
78,133,0.0,0.0,0.0
78,134,0.0,0.0,0.0
78,135,0.0,0.0,0.0
78,136,0.0,0.0,0.0
78,137,0.0,0.0,0.0
78,138,0.0,0.0,0.0
78,139,0.0,0.0,0.0
78,140,0.0,0.0,0.0
78,141,0.0,0.0,0.0
78,142,0.0,0.0,0.0
78,143,2121.0,491.9806823730469,204.47430419921875
78,144,1134.0,15.029982566833496,458.0052795410156
78,145,0.0,0.0,0.0
78,146,0.0,0.0,0.0
78,147,0.0,0.0,0.0
78,148,0.0,0.0,0.0
78,149,0.0,0.0,0.0
78,150,0.0,0.0,0.0
78,151,0.0,0.0,0.0
78,152,0.0,0.0,0.0
78,153,171.0,489.7602233886719,105.5614013671875
78,154,68.0,499.5735168457031,110.1764678955078
78,155,53.0,501.4905700683594,113.98113250732422
78,156,40.0,502.8500061035156,117.0250015258789
78,157,143.0,503.6573486328125,124.69930267333984
78,158,856.0,499.3995361328125,468.983642578125
78,159,79.0,405.0,496.9240417480469
79,0,0.0,0.0,0.0
79,1,4588.0,139.71730041503906,328.3509216308594
79,2,2519.0,73.53711700439453,360.28662109375
79,3,0.0,0.0,0.0
79,4,1501.0,188.00267028808597,423.0486450195313
79,5,8076.0,103.69428253173828,79.93065643310547
79,6,2728.0,161.47323608398438,162.5718536376953
79,7,2215.0,150.23793029785156,275.6374816894531
79,8,3115.0,198.0664520263672,294.74542236328125
79,9,5492.0,195.44992065429688,374.84906005859375
79,10,4309.0,286.9178466796875,405.2167663574219
79,11,2654.0,171.787109375,461.1597595214844
79,12,2392.0,400.4761657714844,14.941889762878418
79,13,1796.0,132.41091918945312,194.26893615722656
79,14,1977.0,191.20941162109372,145.94790649414062
79,15,2355.0,55.604248046875,265.0547790527344
79,16,4949.0,180.05052185058594,34.00929641723633
79,17,1253.0,306.93536376953125,18.69353485107422
79,18,1390.0,119.51438903808594,14.482014656066896
79,19,2582.0,240.77381896972656,30.190549850463867
79,20,1786.0,8.824748039245605,112.19709014892578
79,21,1516.0,267.8106994628906,65.35553741455078
79,22,4313.0,319.53326416015625,76.65754699707031
79,23,2032.0,133.43405151367188,127.70127868652344
79,24,7788.0,233.41358947753903,221.55406188964844
79,25,3595.0,305.0150146484375,273.9229431152344
79,26,0.0,0.0,0.0
79,27,2192.0,38.056114196777344,56.97490692138672
79,28,3260.0,439.4585876464844,47.20613479614258
79,29,3101.0,43.69977569580078,122.74234008789062
79,30,2799.0,375.0736083984375,49.70989608764648
79,31,8778.0,282.2778625488281,135.60662841796875
79,32,2283.0,226.9180908203125,130.60972595214844
79,33,7126.0,421.05908203125,102.17513275146484
79,34,0.0,0.0,0.0
79,35,3724.0,360.3544616699219,235.4911346435547
79,36,6311.0,416.2346801757813,294.9280700683594
79,37,2901.0,345.47430419921875,299.3578186035156
79,38,8232.0,435.7781677246094,374.3472900390625
79,39,4753.0,401.7769775390625,448.3410339355469
79,40,0.0,0.0,0.0
79,41,2372.0,356.40093994140625,337.35498046875
79,42,5626.0,59.1781005859375,313.1151733398437
79,43,0.0,0.0,0.0
79,44,4781.0,379.5597229003906,164.59234619140625
79,45,4379.0,82.75611114501953,173.0607452392578
79,46,2851.0,54.32865524291992,223.36058044433597
79,47,1775.0,22.761127471923828,172.79605102539062
79,48,2291.0,155.60934448242188,229.9485015869141
79,49,2127.0,252.40573120117188,262.1828918457031
79,50,2890.0,108.81107330322266,247.48719787597656
79,51,2419.0,135.1839599609375,390.6626586914063
79,52,0.0,0.0,0.0
79,53,0.0,0.0,0.0
79,54,0.0,0.0,0.0
79,55,1629.0,351.3075561523437,442.0963745117188
79,56,3833.0,38.42290496826172,392.5859680175781
79,57,5565.0,249.0098876953125,446.1121215820313
79,58,1223.0,340.9517517089844,13.753066062927246
79,59,0.0,0.0,0.0
79,60,3475.0,201.62648010253903,85.7674789428711
79,61,1657.0,310.4369201660156,465.2395935058594
79,62,0.0,0.0,0.0
79,63,0.0,0.0,0.0
79,64,0.0,0.0,0.0
79,65,0.0,0.0,0.0
79,66,4561.0,108.9087905883789,427.55120849609375
79,67,0.0,0.0,0.0
79,68,2344.0,490.2926635742188,30.904863357543945
79,69,2831.0,59.059696197509766,19.071706771850582
79,70,0.0,0.0,0.0
79,71,3772.0,315.1360168457031,187.61080932617188
79,72,4209.0,343.6666564941406,385.4188537597656
79,73,2567.0,255.33969116210935,495.4425354003906
79,74,0.0,0.0,0.0
79,75,1548.0,198.71511840820312,493.2416076660156
79,76,0.0,0.0,0.0
79,77,0.0,0.0,0.0
79,78,1376.0,281.1097412109375,27.018896102905277
79,79,3386.0,414.4494934082031,207.61459350585935
79,80,1604.0,328.7855224609375,490.6982421875
79,81,0.0,0.0,0.0
79,82,0.0,0.0,0.0
79,83,0.0,0.0,0.0
79,84,0.0,0.0,0.0
79,85,0.0,0.0,0.0
79,86,1473.0,449.2898864746094,216.69993591308597
79,87,0.0,0.0,0.0
79,88,0.0,0.0,0.0
79,89,0.0,0.0,0.0
79,90,0.0,0.0,0.0
79,91,0.0,0.0,0.0
79,92,0.0,0.0,0.0
79,93,662.0,8.700906753540039,346.4305114746094
79,94,0.0,0.0,0.0
79,95,0.0,0.0,0.0
79,96,0.0,0.0,0.0
79,97,0.0,0.0,0.0
79,98,6654.0,481.3279113769531,278.8220520019531
79,99,7126.0,265.1048278808594,331.7436218261719
79,100,0.0,0.0,0.0
79,101,0.0,0.0,0.0
79,102,3613.0,47.2961540222168,489.5925903320313
79,103,0.0,0.0,0.0
79,104,0.0,0.0,0.0
79,105,0.0,0.0,0.0
79,106,2745.0,48.7420768737793,440.9588317871094
79,107,0.0,0.0,0.0
79,108,0.0,0.0,0.0
79,109,0.0,0.0,0.0
79,110,0.0,0.0,0.0
79,111,0.0,0.0,0.0
79,112,1095.0,9.936985969543455,28.065753936767575
79,113,0.0,0.0,0.0
79,114,1577.0,366.2206726074219,490.7241516113281
79,115,0.0,0.0,0.0
79,116,0.0,0.0,0.0
79,117,3488.0,125.28669738769533,490.8669738769531
79,118,0.0,0.0,0.0
79,119,2.0,355.5,467.5
79,120,0.0,0.0,0.0
79,121,0.0,0.0,0.0
79,122,0.0,0.0,0.0
79,123,0.0,0.0,0.0
79,124,1605.0,11.83364486694336,275.6585693359375
79,125,1019.0,498.9911804199219,78.66732025146484
79,126,1286.0,12.0,216.802490234375
79,127,0.0,0.0,0.0
79,128,0.0,0.0,0.0
79,129,0.0,0.0,0.0
79,130,0.0,0.0,0.0
79,131,0.0,0.0,0.0
79,132,0.0,0.0,0.0
79,133,0.0,0.0,0.0
79,134,0.0,0.0,0.0
79,135,0.0,0.0,0.0
79,136,0.0,0.0,0.0
79,137,0.0,0.0,0.0
79,138,0.0,0.0,0.0
79,139,0.0,0.0,0.0
79,140,0.0,0.0,0.0
79,141,0.0,0.0,0.0
79,142,0.0,0.0,0.0
79,143,1212.0,494.6270751953125,210.2079162597656
79,144,1444.0,17.876731872558594,457.4889221191406
79,145,0.0,0.0,0.0
79,146,0.0,0.0,0.0
79,147,0.0,0.0,0.0
79,148,0.0,0.0,0.0
79,149,0.0,0.0,0.0
79,150,0.0,0.0,0.0
79,151,0.0,0.0,0.0
79,152,0.0,0.0,0.0
79,153,0.0,0.0,0.0
79,154,0.0,0.0,0.0
79,155,0.0,0.0,0.0
79,156,0.0,0.0,0.0
79,157,0.0,0.0,0.0
79,158,0.0,0.0,0.0
79,159,0.0,0.0,0.0
