frame,label,centroid_x,centroid_y,area
0,0,28.559240341186523,21.031944274902344,2473.0
0,1,83.795166015625,34.16168975830078,4218.0
0,2,0.0,0.0,0.0
0,3,390.6831359863281,20.47886276245117,2957.0
0,4,457.6104431152344,26.83000564575196,3106.0
0,5,160.1689453125,62.531517028808594,3522.0
0,6,12.702747344970703,63.07410430908203,1201.0
0,7,376.30169677734375,71.70757293701172,3235.0
0,8,0.0,0.0,0.0
0,9,433.80474853515625,72.29679107666016,3457.0
0,10,42.38591003417969,89.63677215576172,2910.0
0,11,492.23431396484375,84.45303344726562,2821.0
0,12,21.03272819519043,135.83900451660156,2261.0
0,13,425.5489501953125,202.41583251953125,2982.0
0,14,485.05902099609375,202.67404174804688,3117.0
0,15,327.2074890136719,229.8796844482422,3499.0
0,16,235.3430633544922,252.06446838378903,4964.0
0,17,430.44866943359375,247.8828125,2543.0
0,18,378.5693054199219,255.0424194335937,2640.0
0,19,484.6189270019531,268.7847900390625,3973.0
0,20,44.07593536376953,275.3124694824219,4135.0
0,21,142.27513122558594,332.2525939941406,2617.0
0,22,18.859010696411133,333.7838134765625,2447.0
0,23,73.28215026855469,353.13336181640625,5646.0
0,24,28.250713348388672,401.9273376464844,3151.0
0,25,17.92151641845703,457.13818359375,2663.0
0,26,201.48355102539065,27.77957534790039,3770.0
0,27,272.029296875,34.527687072753906,4063.0
0,28,328.0486145019531,47.52862930297852,2777.0
0,29,203.99331665039065,95.42388153076172,3442.0
0,30,340.9811706542969,105.03591918945312,2283.0
0,31,295.3230895996094,135.3033447265625,3646.0
0,32,133.39971923828125,138.6321563720703,4298.0
0,33,0.0,0.0,0.0
0,34,72.69168090820312,145.59535217285156,3052.0
0,35,467.8970947265625,151.2558135986328,3401.0
0,36,34.269508361816406,200.33206176757807,4972.0
0,37,380.1808776855469,188.84474182128903,3317.0
0,38,298.0587463378906,270.3283996582031,2774.0
0,39,100.12970733642578,276.27294921875,4140.0
0,40,7.802966117858887,260.5497741699219,944.0
0,41,167.90042114257812,294.92242431640625,3274.0
0,42,262.0307312011719,308.8414611816406,2668.0
0,43,197.0848846435547,391.3507690429688,5431.0
0,44,126.03437042236328,388.63482666015625,4335.0
0,45,80.40225982666016,444.8155517578125,3719.0
0,46,133.99574279785156,449.0504455566406,3290.0
0,47,268.9002380371094,90.61588287353516,3689.0
0,48,169.94708251953125,167.99249267578125,2797.0
0,49,322.8135681152344,175.42608642578125,2875.0
0,50,261.26318359375,196.962890625,3207.0
0,51,101.69365692138672,207.03598022460932,4113.0
0,52,197.54006958007807,208.99180603027344,2196.0
0,53,154.907470703125,239.2778778076172,3588.0
0,54,438.5124206542969,297.5824890136719,2697.0
0,55,362.3176879882813,302.2035217285156,4029.0
0,56,213.18801879882807,322.6120300292969,3356.0
0,57,429.1655883789063,337.005615234375,2319.0
0,58,261.2187805175781,370.2078247070313,3474.0
0,59,367.9851379394531,419.779052734375,2290.0
0,60,185.7352294921875,459.6775512695313,2912.0
0,61,497.558837890625,18.455984115600582,1011.0
0,62,312.69024658203125,330.8502197265625,3138.0
0,63,485.14837646484375,341.8790588378906,3026.0
0,64,383.81585693359375,360.4996032714844,3845.0
0,65,275.5082092285156,452.5234069824219,4142.0
0,66,0.0,0.0,0.0
0,67,209.45541381835932,495.5367126464844,1267.0
0,68,330.6771850585937,462.8981628417969,5096.0
0,69,311.5858459472656,8.265993118286133,594.0
0,70,493.1650390625,400.7430725097656,2133.0
0,71,499.7679748535156,460.3038940429688,668.0
0,72,52.392696380615234,489.2182922363281,2437.0
0,73,445.1161193847656,391.4349060058594,2704.0
0,74,408.1281127929688,414.2035217285156,1936.0
0,75,462.6953125,447.3983459472656,3630.0
0,76,401.2332458496094,472.9201354980469,3280.0
0,77,239.8905029296875,7.247933864593506,484.0
0,78,343.1553039550781,7.340599536895752,367.0
0,79,503.532470703125,163.67532348632812,77.0
0,80,11.70348834991455,503.8401184082031,344.0
0,81,440.6601867675781,493.4782104492188,1698.0
0,82,116.74739837646484,495.7630004882813,962.0
0,83,357.9853210449219,500.6222839355469,1157.0
0,84,92.84185028076172,501.6812744140625,411.0
0,85,371.4899291992188,142.80723571777344,1935.0
0,86,0.0,0.0,0.0
0,87,0.0,0.0,0.0
0,88,0.0,0.0,0.0
0,89,0.0,0.0,0.0
0,90,0.0,0.0,0.0
0,91,0.0,0.0,0.0
0,92,0.0,0.0,0.0
0,93,0.0,0.0,0.0
0,94,0.0,0.0,0.0
0,95,0.0,0.0,0.0
0,96,0.0,0.0,0.0
0,97,0.0,0.0,0.0
0,98,235.8225250244141,447.7720031738281,3009.0
0,99,319.9394226074219,388.5766906738281,3730.0
0,100,298.8236694335937,504.7753601074219,414.0
0,101,0.0,0.0,0.0
0,102,0.0,0.0,0.0
0,103,0.0,0.0,0.0
0,104,0.0,0.0,0.0
0,105,0.0,0.0,0.0
0,106,0.0,0.0,0.0
0,107,0.0,0.0,0.0
0,108,0.0,0.0,0.0
0,109,0.0,0.0,0.0
0,110,0.0,0.0,0.0
0,111,0.0,0.0,0.0
0,112,0.0,0.0,0.0
0,113,0.0,0.0,0.0
0,114,0.0,0.0,0.0
0,115,0.0,0.0,0.0
0,116,0.0,0.0,0.0
0,117,425.9563598632813,122.7964096069336,4126.0
0,118,0.0,0.0,0.0
0,119,0.0,0.0,0.0
0,120,0.0,0.0,0.0
0,121,0.0,0.0,0.0
0,122,0.0,0.0,0.0
0,123,0.0,0.0,0.0
0,124,0.0,0.0,0.0
0,125,225.8698883056641,151.5535430908203,4258.0
0,126,0.0,0.0,0.0
0,127,0.0,0.0,0.0
0,128,0.0,0.0,0.0
0,129,0.0,0.0,0.0
0,130,156.53294372558594,496.3333435058594,1518.0
0,131,0.0,0.0,0.0
0,132,0.0,0.0,0.0
0,133,0.0,0.0,0.0
0,134,0.0,0.0,0.0
0,135,0.0,0.0,0.0
0,136,0.0,0.0,0.0
0,137,104.17556762695312,86.33470153808594,3896.0
0,138,0.0,0.0,0.0
0,139,0.0,0.0,0.0
0,140,0.0,0.0,0.0
0,141,0.0,0.0,0.0
0,142,0.0,0.0,0.0
0,143,0.0,0.0,0.0
0,144,0.0,0.0,0.0
0,145,0.0,0.0,0.0
0,146,0.0,0.0,0.0
0,147,0.0,0.0,0.0
0,148,0.0,0.0,0.0
0,149,0.0,0.0,0.0
0,150,0.0,0.0,0.0
0,151,0.0,0.0,0.0
0,152,0.0,0.0,0.0
0,153,0.0,0.0,0.0
0,154,0.0,0.0,0.0
0,155,0.0,0.0,0.0
0,156,0.0,0.0,0.0
0,157,0.0,0.0,0.0
0,158,0.0,0.0,0.0
0,159,0.0,0.0,0.0
0,160,0.0,0.0,0.0
0,161,0.0,0.0,0.0
0,162,0.0,0.0,0.0
0,163,0.0,0.0,0.0
0,164,0.0,0.0,0.0
0,165,0.0,0.0,0.0
0,166,0.0,0.0,0.0
0,167,0.0,0.0,0.0
0,168,0.0,0.0,0.0
0,169,0.0,0.0,0.0
0,170,0.0,0.0,0.0
0,171,0.0,0.0,0.0
0,172,0.0,0.0,0.0
0,173,0.0,0.0,0.0
0,174,0.0,0.0,0.0
0,175,0.0,0.0,0.0
0,176,0.0,0.0,0.0
0,177,0.0,0.0,0.0
0,178,0.0,0.0,0.0
0,179,0.0,0.0,0.0
0,180,0.0,0.0,0.0
0,181,0.0,0.0,0.0
0,182,0.0,0.0,0.0
0,183,0.0,0.0,0.0
0,184,0.0,0.0,0.0
0,185,0.0,0.0,0.0
0,186,0.0,0.0,0.0
0,187,0.0,0.0,0.0
0,188,0.0,0.0,0.0
0,189,0.0,0.0,0.0
0,190,0.0,0.0,0.0
0,191,0.0,0.0,0.0
0,192,0.0,0.0,0.0
0,193,0.0,0.0,0.0
0,194,0.0,0.0,0.0
0,195,0.0,0.0,0.0
0,196,0.0,0.0,0.0
0,197,0.0,0.0,0.0
0,198,0.0,0.0,0.0
0,199,0.0,0.0,0.0
0,200,0.0,0.0,0.0
1,0,28.88078117370605,20.210437774658203,2357.0
1,1,83.21918487548828,34.099056243896484,4129.0
1,2,134.825927734375,13.121326446533203,1327.0
1,3,386.1375427246094,19.537458419799805,2763.0
1,4,453.9493713378906,26.67083549499512,3278.0
1,5,159.2451934814453,63.56425476074219,3385.0
1,6,12.791836738586426,61.208980560302734,1225.0
1,7,374.1703796386719,71.99845123291016,3222.0
1,8,0.0,0.0,0.0
1,9,431.485595703125,72.08171844482422,3610.0
1,10,41.64667892456055,89.00613403320312,2935.0
1,11,491.9179992675781,85.66437530517578,2768.0
1,12,21.912616729736328,135.9228515625,2346.0
1,13,425.7565612792969,202.27517700195312,3118.0
1,14,484.109375,202.6658172607422,3154.0
1,15,326.2387390136719,229.55018615722656,3577.0
1,16,234.15614318847656,251.66091918945312,4816.0
1,17,428.37701416015625,247.8715057373047,2358.0
1,18,377.6885681152344,255.6017303466797,2649.0
1,19,480.8419494628906,271.31524658203125,3651.0
1,20,42.1666259765625,275.1758117675781,4141.0
1,21,140.7092742919922,331.2297668457031,2707.0
1,22,18.733247756958008,333.4948425292969,2328.0
1,23,71.79147338867188,349.2256164550781,5208.0
1,24,26.099552154541016,398.2972717285156,2903.0
1,25,17.91132164001465,455.7735900878906,2650.0
1,26,199.71945190429688,28.295530319213867,3871.0
1,27,271.4840087890625,33.44842529296875,3936.0
1,28,326.4162902832031,47.541412353515625,2789.0
1,29,202.3377685546875,95.72064208984376,3304.0
1,30,339.6937561035156,104.9813232421875,2302.0
1,31,293.75653076171875,135.6689910888672,3450.0
1,32,133.42332458496094,137.61773681640625,4115.0
1,33,0.0,0.0,0.0
1,34,73.40775299072266,145.79644775390625,3095.0
1,35,457.716064453125,152.6397247314453,2673.0
1,36,33.85755157470703,200.62954711914065,4886.0
1,37,379.109375,188.2184600830078,3456.0
1,38,296.52935791015625,269.817626953125,2758.0
1,39,98.81987762451172,272.9594116210937,4286.0
1,40,7.460188865661621,260.2280578613281,741.0
1,41,167.4627227783203,293.880615234375,3300.0
1,42,260.50457763671875,307.1185302734375,2624.0
1,43,197.30874633789065,391.6295471191406,5396.0
1,44,124.54781341552734,386.70257568359375,4549.0
1,45,77.1752700805664,439.6814270019531,3971.0
1,46,132.90133666992188,447.8995971679688,3436.0
1,47,266.7958374023437,89.58389282226562,3850.0
1,48,168.79763793945312,168.08116149902344,2871.0
1,49,320.58404541015625,174.4702911376953,2743.0
1,50,260.49285888671875,197.266342163086,3214.0
1,51,101.50076293945312,205.1196746826172,3944.0
1,52,196.678466796875,208.97561645507807,2174.0
1,53,154.26344299316406,238.2776641845703,3515.0
1,54,436.7566833496094,299.147216796875,2914.0
1,55,359.7841491699219,302.504638671875,3989.0
1,56,212.63462829589844,323.5633544921875,3465.0
1,57,426.6490478515625,337.048583984375,2100.0
1,58,261.5469055175781,369.4405517578125,3507.0
1,59,367.9554138183594,419.4543151855469,2265.0
1,60,186.8552398681641,455.3927612304688,2625.0
1,61,497.3316650390625,22.23548889160156,1206.0
1,62,310.7660217285156,329.1417541503906,2949.0
1,63,484.3189086914063,342.6502380371094,3371.0
1,64,384.7272644042969,359.432373046875,3652.0
1,65,275.07623291015625,451.58685302734375,4001.0
1,66,0.0,0.0,0.0
1,67,215.62701416015625,493.9464721679688,1681.0
1,68,328.9656677246094,461.18115234375,4979.0
1,69,311.4789123535156,8.357503890991211,593.0
1,70,493.29827880859375,399.1499938964844,1740.0
1,71,0.0,0.0,0.0
1,72,51.86260223388672,488.13616943359375,2460.0
1,73,444.04296875,390.9454040527344,2491.0
1,74,407.6367492675781,413.1345825195313,2051.0
1,75,467.338134765625,444.6620788574219,4155.0
1,76,401.74359130859375,473.2486572265625,3350.0
1,77,238.343490600586,7.128048896789551,492.0
1,78,341.60552978515625,7.00346040725708,289.0
1,79,0.0,0.0,0.0
1,80,12.702412605285645,503.4208984375,373.0
1,81,443.2351684570313,492.1954040527344,1735.0
1,82,118.62862396240234,495.2108459472656,1034.0
1,83,356.4150390625,499.9444885253906,1477.0
1,84,92.27898406982422,500.353271484375,552.0
1,85,370.3267517089844,143.10018920898438,2176.0
1,86,496.5018310546875,147.2992706298828,1086.0
1,87,500.3084716796875,237.7412872314453,402.0
1,88,502.1111145019531,471.0789489746094,342.0
1,89,487.7482604980469,495.1998596191406,1446.0
1,90,0.0,0.0,0.0
1,91,0.0,0.0,0.0
1,92,0.0,0.0,0.0
1,93,0.0,0.0,0.0
1,94,0.0,0.0,0.0
1,95,0.0,0.0,0.0
1,96,0.0,0.0,0.0
1,97,0.0,0.0,0.0
1,98,236.70132446289065,446.3663940429688,2732.0
1,99,321.1773986816406,386.6695556640625,4019.0
1,100,298.0678100585937,505.089599609375,413.0
1,101,0.0,0.0,0.0
1,102,0.0,0.0,0.0
1,103,0.0,0.0,0.0
1,104,0.0,0.0,0.0
1,105,0.0,0.0,0.0
1,106,0.0,0.0,0.0
1,107,0.0,0.0,0.0
1,108,0.0,0.0,0.0
1,109,0.0,0.0,0.0
1,110,0.0,0.0,0.0
1,111,0.0,0.0,0.0
1,112,0.0,0.0,0.0
1,113,0.0,0.0,0.0
1,114,0.0,0.0,0.0
1,115,0.0,0.0,0.0
1,116,0.0,0.0,0.0
1,117,427.5083923339844,120.9606704711914,3814.0
1,118,0.0,0.0,0.0
1,119,0.0,0.0,0.0
1,120,0.0,0.0,0.0
1,121,0.0,0.0,0.0
1,122,0.0,0.0,0.0
1,123,0.0,0.0,0.0
1,124,0.0,0.0,0.0
1,125,225.5098876953125,150.8170928955078,4352.0
1,126,0.0,0.0,0.0
1,127,0.0,0.0,0.0
1,128,0.0,0.0,0.0
1,129,0.0,0.0,0.0
1,130,161.53355407714844,494.4366760253906,1848.0
1,131,0.0,0.0,0.0
1,132,0.0,0.0,0.0
1,133,0.0,0.0,0.0
1,134,0.0,0.0,0.0
1,135,0.0,0.0,0.0
1,136,0.0,0.0,0.0
1,137,103.65227508544922,85.94525909423828,3891.0
1,138,0.0,0.0,0.0
1,139,0.0,0.0,0.0
1,140,0.0,0.0,0.0
1,141,0.0,0.0,0.0
1,142,0.0,0.0,0.0
1,143,0.0,0.0,0.0
1,144,0.0,0.0,0.0
1,145,0.0,0.0,0.0
1,146,0.0,0.0,0.0
1,147,0.0,0.0,0.0
1,148,0.0,0.0,0.0
1,149,0.0,0.0,0.0
1,150,0.0,0.0,0.0
1,151,0.0,0.0,0.0
1,152,0.0,0.0,0.0
1,153,0.0,0.0,0.0
1,154,0.0,0.0,0.0
1,155,0.0,0.0,0.0
1,156,0.0,0.0,0.0
1,157,0.0,0.0,0.0
1,158,0.0,0.0,0.0
1,159,0.0,0.0,0.0
1,160,0.0,0.0,0.0
1,161,0.0,0.0,0.0
1,162,0.0,0.0,0.0
1,163,0.0,0.0,0.0
1,164,0.0,0.0,0.0
1,165,0.0,0.0,0.0
1,166,0.0,0.0,0.0
1,167,0.0,0.0,0.0
1,168,0.0,0.0,0.0
1,169,0.0,0.0,0.0
1,170,0.0,0.0,0.0
1,171,0.0,0.0,0.0
1,172,0.0,0.0,0.0
1,173,0.0,0.0,0.0
1,174,0.0,0.0,0.0
1,175,0.0,0.0,0.0
1,176,0.0,0.0,0.0
1,177,0.0,0.0,0.0
1,178,0.0,0.0,0.0
1,179,0.0,0.0,0.0
1,180,0.0,0.0,0.0
1,181,0.0,0.0,0.0
1,182,0.0,0.0,0.0
1,183,0.0,0.0,0.0
1,184,0.0,0.0,0.0
1,185,0.0,0.0,0.0
1,186,0.0,0.0,0.0
1,187,0.0,0.0,0.0
1,188,0.0,0.0,0.0
1,189,0.0,0.0,0.0
1,190,0.0,0.0,0.0
1,191,0.0,0.0,0.0
1,192,0.0,0.0,0.0
1,193,0.0,0.0,0.0
1,194,0.0,0.0,0.0
1,195,0.0,0.0,0.0
1,196,0.0,0.0,0.0
1,197,0.0,0.0,0.0
1,198,0.0,0.0,0.0
1,199,0.0,0.0,0.0
1,200,0.0,0.0,0.0
2,0,28.08479118347168,20.00044822692871,2229.0
2,1,80.91996002197266,33.62018203735352,4023.0
2,2,133.08006286621094,13.546348571777344,1424.0
2,3,383.4298706054688,18.91939926147461,2531.0
2,4,450.7904052734375,25.76456451416016,3330.0
2,5,158.02574157714844,63.98345184326172,3263.0
2,6,12.916255950927734,59.6527099609375,1218.0
2,7,369.46282958984375,69.36847686767578,2798.0
2,8,127.0,43.0,1.0
2,9,427.3955383300781,72.22529602050781,4159.0
2,10,41.22957611083984,88.11690521240234,2840.0
2,11,490.3148498535156,81.95771789550781,2436.0
2,12,21.140777587890625,134.10275268554688,2472.0
2,13,426.5433349609375,202.83126831054688,3230.0
2,14,483.1040649414063,200.5214080810547,2873.0
2,15,324.89996337890625,228.86795043945312,3529.0
2,16,232.3333282470703,251.5125732421875,4575.0
2,17,425.078369140625,249.1179962158203,2322.0
2,18,376.580322265625,257.7402648925781,2876.0
2,19,477.7461242675781,270.6487121582031,3490.0
2,20,40.3466796875,276.0770263671875,4246.0
2,21,136.94297790527344,330.18316650390625,2981.0
2,22,16.57069969177246,332.7187194824219,1959.0
2,23,67.78582763671875,347.4299621582031,4982.0
2,24,24.373226165771484,396.0167236328125,2749.0
2,25,18.299785614013672,455.3570861816406,2792.0
2,26,198.07237243652344,28.482608795166016,3910.0
2,27,270.0298767089844,33.03261184692383,4017.0
2,28,325.1007080078125,45.55125427246094,2790.0
2,29,200.4319000244141,95.97854614257812,3216.0
2,30,337.5639953613281,103.48304748535156,2360.0
2,31,291.3906555175781,134.85806274414062,3558.0
2,32,134.3620147705078,135.56402587890625,3881.0
2,33,0.0,0.0,0.0
2,34,74.2596435546875,146.4005889892578,3370.0
2,35,453.6136474609375,152.1044921875,2785.0
2,36,34.34577178955078,200.40386962890625,4957.0
2,37,378.3197326660156,188.17686462402344,3528.0
2,38,294.3162841796875,268.98297119140625,2994.0
2,39,98.25749206542967,270.86260986328125,4338.0
2,40,6.290322780609131,257.3993835449219,651.0
2,41,167.54017639160156,294.4320373535156,3310.0
2,42,259.5129699707031,307.1593322753906,2429.0
2,43,197.9048309326172,389.744140625,5327.0
2,44,123.06668090820312,385.8985595703125,4604.0
2,45,74.68909454345703,436.0237731933594,3998.0
2,46,131.5286865234375,446.7337341308594,3643.0
2,47,263.8485717773437,89.02114868164062,3830.0
2,48,167.21292114257812,168.37203979492188,3048.0
2,49,320.7398376464844,173.4267120361328,2756.0
2,50,260.9526062011719,196.8965606689453,3229.0
2,51,100.90540313720705,204.9939727783203,3647.0
2,52,196.30897521972656,209.3044586181641,2217.0
2,53,153.5067901611328,237.83871459960932,3534.0
2,54,439.9324951171875,298.5180358886719,2355.0
2,55,358.89874267578125,303.4042663574219,3891.0
2,56,213.3697662353516,322.5379333496094,3467.0
2,57,424.0981750488281,334.76690673828125,2587.0
2,58,261.9728088378906,368.0369262695313,3493.0
2,59,367.7650451660156,418.77777099609375,1962.0
2,60,186.73077392578125,451.2890319824219,2678.0
2,61,495.0814514160156,16.670061111450195,982.0
2,62,308.8731994628906,327.7074890136719,2800.0
2,63,483.8862609863281,344.3538513183594,3948.0
2,64,382.6242370605469,358.2385559082031,3127.0
2,65,275.3172302246094,449.7140502929688,3644.0
2,66,0.0,0.0,0.0
2,67,210.58262634277344,492.8493957519531,2118.0
2,68,328.3054504394531,459.8927612304688,5035.0
2,69,309.7942810058594,8.036190032958984,525.0
2,70,496.0263366699219,401.3578796386719,1481.0
2,71,0.0,0.0,0.0
2,72,51.821136474609375,487.905029296875,2432.0
2,73,441.9382934570313,392.0935363769531,2512.0
2,74,404.6590881347656,409.7696228027344,2153.0
2,75,468.2350769042969,442.9372253417969,4254.0
2,76,400.7039184570313,471.0380859375,3283.0
2,77,236.1444396972656,6.808888912200928,450.0
2,78,342.0433044433594,6.062992095947266,254.0
2,79,0.0,0.0,0.0
2,80,13.55325412750244,504.0088806152344,338.0
2,81,441.62542724609375,491.3003540039063,1981.0
2,82,0.0,0.0,0.0
2,83,355.5520324707031,499.653076171875,1643.0
2,84,92.31886291503906,500.0284423828125,668.0
2,85,369.5892639160156,142.40017700195312,2179.0
2,86,495.48583984375,146.7039337158203,1270.0
2,87,497.3877868652344,236.38902282714844,802.0
2,88,502.607666015625,469.3875732421875,209.0
2,89,488.4945983886719,494.1250915527344,1575.0
2,90,499.97076416015625,42.15789413452149,342.0
2,91,503.3967590332031,118.39675903320312,247.0
2,92,0.0,0.0,0.0
2,93,0.0,0.0,0.0
2,94,0.0,0.0,0.0
2,95,0.0,0.0,0.0
2,96,0.0,0.0,0.0
2,97,0.0,0.0,0.0
2,98,238.7806701660156,447.1825866699219,2804.0
2,99,322.4876403808594,385.5939636230469,4364.0
2,100,294.43829345703125,504.8021240234375,470.0
2,101,0.0,0.0,0.0
2,102,0.0,0.0,0.0
2,103,0.0,0.0,0.0
2,104,0.0,0.0,0.0
2,105,0.0,0.0,0.0
2,106,0.0,0.0,0.0
2,107,0.0,0.0,0.0
2,108,0.0,0.0,0.0
2,109,0.0,0.0,0.0
2,110,0.0,0.0,0.0
2,111,0.0,0.0,0.0
2,112,0.0,0.0,0.0
2,113,0.0,0.0,0.0
2,114,0.0,0.0,0.0
2,115,0.0,0.0,0.0
2,116,0.0,0.0,0.0
2,117,426.1829223632813,118.7903289794922,3701.0
2,118,0.0,0.0,0.0
2,119,0.0,0.0,0.0
2,120,0.0,0.0,0.0
2,121,0.0,0.0,0.0
2,122,0.0,0.0,0.0
2,123,0.0,0.0,0.0
2,124,0.0,0.0,0.0
2,125,224.34213256835932,151.7743682861328,4206.0
2,126,0.0,0.0,0.0
2,127,0.0,0.0,0.0
2,128,0.0,0.0,0.0
2,129,0.0,0.0,0.0
2,130,142.8333282470703,493.5285034179688,2700.0
2,131,0.0,0.0,0.0
2,132,0.0,0.0,0.0
2,133,0.0,0.0,0.0
2,134,0.0,0.0,0.0
2,135,0.0,0.0,0.0
2,136,0.0,0.0,0.0
2,137,103.1619873046875,84.94132995605469,3920.0
2,138,0.0,0.0,0.0
2,139,0.0,0.0,0.0
2,140,0.0,0.0,0.0
2,141,0.0,0.0,0.0
2,142,0.0,0.0,0.0
2,143,0.0,0.0,0.0
2,144,0.0,0.0,0.0
2,145,0.0,0.0,0.0
2,146,0.0,0.0,0.0
2,147,0.0,0.0,0.0
2,148,0.0,0.0,0.0
2,149,0.0,0.0,0.0
2,150,0.0,0.0,0.0
2,151,0.0,0.0,0.0
2,152,0.0,0.0,0.0
2,153,0.0,0.0,0.0
2,154,0.0,0.0,0.0
2,155,0.0,0.0,0.0
2,156,0.0,0.0,0.0
2,157,0.0,0.0,0.0
2,158,0.0,0.0,0.0
2,159,0.0,0.0,0.0
2,160,0.0,0.0,0.0
2,161,0.0,0.0,0.0
2,162,0.0,0.0,0.0
2,163,0.0,0.0,0.0
2,164,0.0,0.0,0.0
2,165,0.0,0.0,0.0
2,166,0.0,0.0,0.0
2,167,0.0,0.0,0.0
2,168,0.0,0.0,0.0
2,169,0.0,0.0,0.0
2,170,0.0,0.0,0.0
2,171,0.0,0.0,0.0
2,172,0.0,0.0,0.0
2,173,0.0,0.0,0.0
2,174,0.0,0.0,0.0
2,175,0.0,0.0,0.0
2,176,0.0,0.0,0.0
2,177,0.0,0.0,0.0
2,178,0.0,0.0,0.0
2,179,0.0,0.0,0.0
2,180,0.0,0.0,0.0
2,181,0.0,0.0,0.0
2,182,0.0,0.0,0.0
2,183,0.0,0.0,0.0
2,184,0.0,0.0,0.0
2,185,0.0,0.0,0.0
2,186,0.0,0.0,0.0
2,187,0.0,0.0,0.0
2,188,0.0,0.0,0.0
2,189,0.0,0.0,0.0
2,190,0.0,0.0,0.0
2,191,0.0,0.0,0.0
2,192,0.0,0.0,0.0
2,193,0.0,0.0,0.0
2,194,0.0,0.0,0.0
2,195,0.0,0.0,0.0
2,196,0.0,0.0,0.0
2,197,0.0,0.0,0.0
2,198,0.0,0.0,0.0
2,199,0.0,0.0,0.0
2,200,0.0,0.0,0.0
3,0,33.19976043701172,17.8609676361084,2503.0
3,1,82.2032241821289,36.87343978881836,3848.0
3,2,131.66331481933594,13.744466781616213,1491.0
3,3,378.6422729492188,18.93132781982422,2228.0
3,4,446.0771789550781,24.318010330200195,3459.0
3,5,157.87420654296875,64.41172790527344,3291.0
3,6,12.7719144821167,58.95744705200195,1175.0
3,7,367.9346618652344,67.72813415527344,2847.0
3,8,0.0,0.0,0.0
3,9,426.5387268066406,72.01177215576172,4247.0
3,10,40.460391998291016,86.93640899658203,2752.0
3,11,486.3780822753906,84.37545776367188,1915.0
3,12,21.166793823242188,133.52952575683594,2608.0
3,13,425.99700927734375,202.6404571533203,3332.0
3,14,480.8317565917969,200.5477600097656,2764.0
3,15,323.6300354003906,228.27784729003903,3484.0
3,16,231.1049346923828,251.3136749267578,4441.0
3,17,421.2106018066406,249.4474639892578,2094.0
3,18,374.4924621582031,255.73228454589844,2723.0
3,19,474.1166687011719,269.1076965332031,3463.0
3,20,37.44736099243164,274.666259765625,4189.0
3,21,133.0345458984375,328.5115051269531,3126.0
3,22,15.44351863861084,331.0515441894531,1921.0
3,23,64.61505889892578,345.9367370605469,4915.0
3,24,23.50175666809082,394.4869079589844,2561.0
3,25,18.7812614440918,452.4010314941406,2743.0
3,26,197.83963012695312,28.397010803222656,3947.0
3,27,269.7281188964844,32.703853607177734,3917.0
3,28,324.96173095703125,40.61564636230469,2953.0
3,29,200.110580444336,96.40069580078124,3147.0
3,30,335.4933166503906,101.84309387207033,2390.0
3,31,289.1019897460937,135.4655303955078,3598.0
3,32,133.54673767089844,135.1416473388672,3883.0
3,33,0.0,0.0,0.0
3,34,73.51240539550781,145.815185546875,3306.0
3,35,451.0169372558594,152.38760375976562,2776.0
3,36,33.203739166259766,199.954833984375,4761.0
3,37,376.0584106445313,187.6023101806641,3543.0
3,38,293.4224853515625,268.2478942871094,3070.0
3,39,96.11502075195312,268.3760070800781,4460.0
3,40,5.750551700592041,250.3796844482422,453.0
3,41,167.50523376464844,296.1651306152344,3440.0
3,42,259.275390625,306.535888671875,2284.0
3,43,196.7865295410156,387.4696960449219,5195.0
3,44,121.89411163330078,384.8972473144531,4788.0
3,45,73.23649597167969,434.97601318359375,3962.0
3,46,130.4893341064453,445.9462890625,3705.0
3,47,262.9017333984375,88.34749603271484,3908.0
3,48,166.78759765625,167.9465789794922,3145.0
3,49,319.114990234375,172.45599365234375,2818.0
3,50,260.0031433105469,197.20877075195312,3171.0
3,51,100.22494506835938,203.20236206054688,3632.0
3,52,195.8712615966797,208.99636840820312,2206.0
3,53,152.9798126220703,237.6134033203125,3567.0
3,54,433.3148193359375,298.8244323730469,2808.0
3,55,355.90997314453125,303.22808837890625,3810.0
3,56,214.68899536132807,320.2431030273437,3373.0
3,57,420.9479370117188,335.9325866699219,2344.0
3,58,261.23638916015625,367.381103515625,3566.0
3,59,367.9337768554688,418.2980346679688,1842.0
3,60,186.60137939453125,449.2322692871094,2609.0
3,61,493.8504028320313,16.196786880493164,996.0
3,62,307.1883544921875,326.7122802734375,2697.0
3,63,480.7122497558594,348.39727783203125,3670.0
3,64,382.1243591308594,358.3366394042969,2935.0
3,65,274.61041259765625,447.70947265625,3573.0
3,66,0.0,0.0,0.0
3,67,209.9264678955078,492.0216064453125,2176.0
3,68,326.9570007324219,458.8933715820313,5092.0
3,69,307.0536804199219,7.523489952087402,447.0
3,70,495.9669189453125,400.6326599121094,1421.0
3,71,0.0,0.0,0.0
3,72,51.84579849243164,487.5861206054688,2380.0
3,73,442.9655151367188,389.5776977539063,2233.0
3,74,405.4637451171875,407.8074340820313,2316.0
3,75,467.136474609375,441.0311279296875,4272.0
3,76,400.3346557617188,469.7060852050781,3290.0
3,77,236.8838806152344,6.739336490631104,422.0
3,78,0.0,0.0,0.0
3,79,0.0,0.0,0.0
3,80,13.908560752868652,501.4610900878906,514.0
3,81,441.6482543945313,490.1272277832031,2138.0
3,82,0.0,0.0,0.0
3,83,354.94195556640625,498.9222412109375,1826.0
3,84,90.68680572509766,499.5214538574219,629.0
3,85,368.8758239746094,141.22035217285156,2142.0
3,86,495.13385009765625,147.22354125976562,1427.0
3,87,498.5183410644531,233.36526489257807,1117.0
3,88,503.5496215820313,463.0968627929688,413.0
3,89,488.8263244628906,494.4730224609375,1520.0
3,90,502.368408203125,40.47039413452149,304.0
3,91,502.9272155761719,114.1549301147461,426.0
3,92,500.4488525390625,61.08806991577149,352.0
3,93,501.6522216796875,304.1969299316406,716.0
3,94,0.0,0.0,0.0
3,95,0.0,0.0,0.0
3,96,0.0,0.0,0.0
3,97,0.0,0.0,0.0
3,98,237.5919647216797,444.7186584472656,2865.0
3,99,323.6002197265625,384.1082153320313,4500.0
3,100,294.8972473144531,505.1052551269531,399.0
3,101,0.0,0.0,0.0
3,102,0.0,0.0,0.0
3,103,0.0,0.0,0.0
3,104,0.0,0.0,0.0
3,105,0.0,0.0,0.0
3,106,0.0,0.0,0.0
3,107,0.0,0.0,0.0
3,108,0.0,0.0,0.0
3,109,0.0,0.0,0.0
3,110,0.0,0.0,0.0
3,111,0.0,0.0,0.0
3,112,0.0,0.0,0.0
3,113,0.0,0.0,0.0
3,114,0.0,0.0,0.0
3,115,0.0,0.0,0.0
3,116,0.0,0.0,0.0
3,117,425.32232666015625,118.22254943847656,3698.0
3,118,0.0,0.0,0.0
3,119,0.0,0.0,0.0
3,120,0.0,0.0,0.0
3,121,0.0,0.0,0.0
3,122,0.0,0.0,0.0
3,123,0.0,0.0,0.0
3,124,0.0,0.0,0.0
3,125,223.33840942382807,152.1012420654297,4010.0
3,126,0.0,0.0,0.0
3,127,0.0,0.0,0.0
3,128,0.0,0.0,0.0
3,129,0.0,0.0,0.0
3,130,142.2855682373047,492.7230224609375,2910.0
3,131,0.0,0.0,0.0
3,132,0.0,0.0,0.0
3,133,0.0,0.0,0.0
3,134,0.0,0.0,0.0
3,135,0.0,0.0,0.0
3,136,0.0,0.0,0.0
3,137,102.14347076416016,86.36620330810547,3722.0
3,138,0.0,0.0,0.0
3,139,0.0,0.0,0.0
3,140,0.0,0.0,0.0
3,141,0.0,0.0,0.0
3,142,0.0,0.0,0.0
3,143,0.0,0.0,0.0
3,144,0.0,0.0,0.0
3,145,0.0,0.0,0.0
3,146,0.0,0.0,0.0
3,147,0.0,0.0,0.0
3,148,0.0,0.0,0.0
3,149,0.0,0.0,0.0
3,150,0.0,0.0,0.0
3,151,0.0,0.0,0.0
3,152,0.0,0.0,0.0
3,153,0.0,0.0,0.0
3,154,0.0,0.0,0.0
3,155,0.0,0.0,0.0
3,156,0.0,0.0,0.0
3,157,0.0,0.0,0.0
3,158,0.0,0.0,0.0
3,159,0.0,0.0,0.0
3,160,0.0,0.0,0.0
3,161,0.0,0.0,0.0
3,162,0.0,0.0,0.0
3,163,0.0,0.0,0.0
3,164,0.0,0.0,0.0
3,165,0.0,0.0,0.0
3,166,0.0,0.0,0.0
3,167,0.0,0.0,0.0
3,168,0.0,0.0,0.0
3,169,0.0,0.0,0.0
3,170,0.0,0.0,0.0
3,171,0.0,0.0,0.0
3,172,0.0,0.0,0.0
3,173,0.0,0.0,0.0
3,174,0.0,0.0,0.0
3,175,0.0,0.0,0.0
3,176,0.0,0.0,0.0
3,177,0.0,0.0,0.0
3,178,0.0,0.0,0.0
3,179,0.0,0.0,0.0
3,180,0.0,0.0,0.0
3,181,0.0,0.0,0.0
3,182,0.0,0.0,0.0
3,183,0.0,0.0,0.0
3,184,0.0,0.0,0.0
3,185,0.0,0.0,0.0
3,186,0.0,0.0,0.0
3,187,0.0,0.0,0.0
3,188,0.0,0.0,0.0
3,189,0.0,0.0,0.0
3,190,0.0,0.0,0.0
3,191,0.0,0.0,0.0
3,192,0.0,0.0,0.0
3,193,0.0,0.0,0.0
3,194,0.0,0.0,0.0
3,195,0.0,0.0,0.0
3,196,0.0,0.0,0.0
3,197,0.0,0.0,0.0
3,198,0.0,0.0,0.0
3,199,0.0,0.0,0.0
3,200,0.0,0.0,0.0
4,0,26.80328750610352,19.07684898376465,2069.0
4,1,80.82757568359375,37.60267639160156,3735.0
4,2,130.59072875976562,13.993473052978516,1532.0
4,3,376.1671447753906,18.870698928833008,2034.0
4,4,443.2347412109375,24.061595916748047,3523.0
4,5,156.85670471191406,65.24984741210938,3238.0
4,6,12.825284957885742,57.27568054199219,1139.0
4,7,366.8439636230469,67.2166748046875,2903.0
4,8,0.0,0.0,0.0
4,9,425.0292663574219,73.19877624511719,4407.0
4,10,39.674442291259766,86.50897216796875,2786.0
4,11,484.8861999511719,84.29808807373047,1986.0
4,12,20.38714599609375,132.75975036621094,2614.0
4,13,426.53167724609375,203.28614807128903,3568.0
4,14,481.4096984863281,198.6499938964844,2580.0
4,15,321.98980712890625,227.6973419189453,3433.0
4,16,230.74496459960932,250.5800170898437,4274.0
4,17,417.8746337890625,250.00619506835932,2098.0
4,18,371.8959045410156,256.73162841796875,2709.0
4,19,471.6503601074219,267.8149108886719,3555.0
4,20,35.76783752441406,273.95562744140625,4303.0
4,21,130.95645141601562,327.7750549316406,3192.0
4,22,14.291549682617188,330.6866149902344,1787.0
4,23,62.20016860961914,344.2558898925781,4756.0
4,24,22.60727310180664,392.6056518554688,2475.0
4,25,19.45856475830078,449.9888610839844,2691.0
4,26,196.04136657714844,28.91351127624512,3989.0
4,27,268.0181579589844,32.31433868408203,3913.0
4,28,321.8680419921875,44.1758041381836,2554.0
4,29,199.7979888916016,97.13760375976562,3183.0
4,30,332.75079345703125,101.25642395019533,2492.0
4,31,287.1921081542969,135.27325439453125,3451.0
4,32,132.95040893554688,135.46054077148438,3852.0
4,33,0.0,0.0,0.0
4,34,72.75912475585938,145.231689453125,3371.0
4,35,448.9157104492188,152.04856872558594,2800.0
4,36,31.6306381225586,199.4247131347656,4589.0
4,37,373.3822021484375,187.1543884277344,3718.0
4,38,291.749755859375,268.5523681640625,3217.0
4,39,95.30362701416016,267.39959716796875,4387.0
4,40,5.783783912658691,244.564193725586,296.0
4,41,166.73106384277344,296.6195983886719,3499.0
4,42,258.03533935546875,306.27490234375,2037.0
4,43,197.0272979736328,387.4708251953125,5384.0
4,44,120.18505859375,383.33099365234375,4858.0
4,45,71.70661163330078,432.6199645996094,3889.0
4,46,129.42208862304688,445.0235900878906,3902.0
4,47,261.7450256347656,88.34640502929688,3926.0
4,48,166.5998077392578,167.6433868408203,3236.0
4,49,317.3438415527344,171.1563262939453,2853.0
4,50,259.448974609375,196.1591186523437,3136.0
4,51,98.0929718017578,202.9716186523437,3700.0
4,52,195.8814392089844,209.5116271972656,2193.0
4,53,152.68556213378906,237.3532257080078,3635.0
4,54,430.91009521484375,299.0232849121094,2747.0
4,55,353.9574279785156,303.595703125,3641.0
4,56,214.823471069336,318.7019958496094,3433.0
4,57,419.6998901367188,335.874755859375,2419.0
4,58,260.0693054199219,366.2179260253906,3492.0
4,59,367.5618286132813,416.3603515625,1876.0
4,60,187.6426544189453,448.2889404296875,2485.0
4,61,492.6717834472656,15.911707878112791,1042.0
4,62,305.0048828125,325.6556396484375,2663.0
4,63,473.1332702636719,347.3728942871094,2671.0
4,64,381.13037109375,357.8533935546875,2892.0
4,65,272.70465087890625,445.3616638183594,3799.0
4,66,0.0,0.0,0.0
4,67,210.4636383056641,491.3097839355469,2379.0
4,68,325.9451904296875,458.1452026367188,5055.0
4,69,305.8410949707031,7.338983058929443,472.0
4,70,496.5754089355469,401.12890625,1187.0
4,71,0.0,0.0,0.0
4,72,52.60472106933594,487.0755310058594,2330.0
4,73,442.65234375,388.8350830078125,2304.0
4,74,404.8667602539063,407.0482177734375,2199.0
4,75,465.2065734863281,439.3026123046875,4081.0
4,76,400.1304626464844,468.84466552734375,3457.0
4,77,234.904525756836,6.105527400970459,398.0
4,78,0.0,0.0,0.0
4,79,0.0,0.0,0.0
4,80,14.361971855163574,499.03662109375,710.0
4,81,442.2979736328125,489.8036193847656,2215.0
4,82,0.0,0.0,0.0
4,83,353.5364685058594,498.0636291503906,1933.0
4,84,90.10932159423828,499.3504943847656,622.0
4,85,369.238525390625,139.51434326171875,2092.0
4,86,494.5962524414063,147.43862915039062,1491.0
4,87,498.5016479492188,232.581283569336,1218.0
4,88,503.5437622070313,453.8880920410156,697.0
4,89,489.2144775390625,493.7946472167969,1534.0
4,90,0.0,0.0,0.0
4,91,502.0853271484375,115.11904907226562,504.0
4,92,0.0,0.0,0.0
4,93,500.2992858886719,300.9237060546875,852.0
4,94,73.39823150634766,5.446902751922607,452.0
4,95,340.1059265136719,6.5049262046813965,406.0
4,96,498.8908996582031,50.02012634277344,944.0
4,97,501.18853759765625,350.70245361328125,1257.0
4,98,235.7850646972656,443.83441162109375,2289.0
4,99,322.6851806640625,383.0704956054688,4539.0
4,100,294.5824584960937,504.7154235839844,376.0
4,101,0.0,0.0,0.0
4,102,0.0,0.0,0.0
4,103,0.0,0.0,0.0
4,104,0.0,0.0,0.0
4,105,0.0,0.0,0.0
4,106,0.0,0.0,0.0
4,107,0.0,0.0,0.0
4,108,0.0,0.0,0.0
4,109,0.0,0.0,0.0
4,110,0.0,0.0,0.0
4,111,0.0,0.0,0.0
4,112,0.0,0.0,0.0
4,113,0.0,0.0,0.0
4,114,0.0,0.0,0.0
4,115,0.0,0.0,0.0
4,116,0.0,0.0,0.0
4,117,424.1178894042969,118.64006805419922,3359.0
4,118,0.0,0.0,0.0
4,119,0.0,0.0,0.0
4,120,0.0,0.0,0.0
4,121,0.0,0.0,0.0
4,122,0.0,0.0,0.0
4,123,0.0,0.0,0.0
4,124,0.0,0.0,0.0
4,125,222.3596954345703,153.28060913085938,3806.0
4,126,0.0,0.0,0.0
4,127,0.0,0.0,0.0
4,128,0.0,0.0,0.0
4,129,0.0,0.0,0.0
4,130,141.97325134277344,491.71875,3065.0
4,131,0.0,0.0,0.0
4,132,0.0,0.0,0.0
4,133,0.0,0.0,0.0
4,134,0.0,0.0,0.0
4,135,0.0,0.0,0.0
4,136,0.0,0.0,0.0
4,137,101.71642303466795,86.40261840820312,3671.0
4,138,0.0,0.0,0.0
4,139,0.0,0.0,0.0
4,140,0.0,0.0,0.0
4,141,0.0,0.0,0.0
4,142,0.0,0.0,0.0
4,143,0.0,0.0,0.0
4,144,0.0,0.0,0.0
4,145,0.0,0.0,0.0
4,146,0.0,0.0,0.0
4,147,0.0,0.0,0.0
4,148,0.0,0.0,0.0
4,149,0.0,0.0,0.0
4,150,0.0,0.0,0.0
4,151,0.0,0.0,0.0
4,152,0.0,0.0,0.0
4,153,0.0,0.0,0.0
4,154,0.0,0.0,0.0
4,155,0.0,0.0,0.0
4,156,0.0,0.0,0.0
4,157,0.0,0.0,0.0
4,158,0.0,0.0,0.0
4,159,0.0,0.0,0.0
4,160,0.0,0.0,0.0
4,161,0.0,0.0,0.0
4,162,0.0,0.0,0.0
4,163,0.0,0.0,0.0
4,164,0.0,0.0,0.0
4,165,0.0,0.0,0.0
4,166,0.0,0.0,0.0
4,167,0.0,0.0,0.0
4,168,0.0,0.0,0.0
4,169,0.0,0.0,0.0
4,170,0.0,0.0,0.0
4,171,0.0,0.0,0.0
4,172,0.0,0.0,0.0
4,173,0.0,0.0,0.0
4,174,0.0,0.0,0.0
4,175,0.0,0.0,0.0
4,176,0.0,0.0,0.0
4,177,0.0,0.0,0.0
4,178,0.0,0.0,0.0
4,179,0.0,0.0,0.0
4,180,0.0,0.0,0.0
4,181,0.0,0.0,0.0
4,182,0.0,0.0,0.0
4,183,0.0,0.0,0.0
4,184,0.0,0.0,0.0
4,185,0.0,0.0,0.0
4,186,0.0,0.0,0.0
4,187,0.0,0.0,0.0
4,188,0.0,0.0,0.0
4,189,0.0,0.0,0.0
4,190,0.0,0.0,0.0
4,191,0.0,0.0,0.0
4,192,0.0,0.0,0.0
4,193,0.0,0.0,0.0
4,194,0.0,0.0,0.0
4,195,0.0,0.0,0.0
4,196,0.0,0.0,0.0
4,197,0.0,0.0,0.0
4,198,0.0,0.0,0.0
4,199,0.0,0.0,0.0
4,200,0.0,0.0,0.0
5,0,25.74365425109864,18.967512130737305,1970.0
5,1,80.74744415283203,37.471805572509766,3813.0
5,2,130.46055603027344,13.98061466217041,1496.0
5,3,374.4132690429688,18.53022193908692,2035.0
5,4,441.2330017089844,24.96687698364257,3472.0
5,5,156.4520721435547,65.59000396728516,3161.0
5,6,12.958640098571776,56.10569763183594,1088.0
5,7,365.6025390625,67.27568054199219,2833.0
5,8,0.0,0.0,0.0
5,9,422.2439880371094,74.71914672851562,4529.0
5,10,39.21697998046875,85.71044921875,2756.0
5,11,483.9060363769531,81.42745971679688,2192.0
5,12,20.505489349365234,132.29685974121094,2550.0
5,13,425.1414489746094,202.73898315429688,3655.0
5,14,480.39892578125,196.5917053222656,2775.0
5,15,320.1689758300781,228.7110595703125,3184.0
5,16,229.77163696289065,250.1277618408203,3976.0
5,17,416.6038818359375,249.5504302978516,2171.0
5,18,368.8641357421875,257.15850830078125,2782.0
5,19,470.3276977539063,267.273193359375,3375.0
5,20,35.47049331665039,273.2987976074219,4287.0
5,21,127.8740005493164,325.8232727050781,3135.0
5,22,13.52695655822754,330.48638916015625,1725.0
5,23,59.814483642578125,343.0380554199219,4571.0
5,24,21.73695373535156,391.3537292480469,2338.0
5,25,19.696348190307617,448.4847106933594,2684.0
5,26,194.6612701416016,28.96663284301757,3956.0
5,27,266.9638061523437,31.804994583129883,4005.0
5,28,321.1141052246094,41.26626205444336,2629.0
5,29,198.531005859375,97.54891204833984,3128.0
5,30,329.9496154785156,99.76160430908205,2521.0
5,31,285.4432983398437,134.71633911132812,3483.0
5,32,132.35958862304688,134.57147216796875,3757.0
5,33,0.0,0.0,0.0
5,34,72.36266326904297,144.5082550048828,3455.0
5,35,447.5339050292969,150.4807586669922,2729.0
5,36,31.003965377807617,199.2050628662109,4540.0
5,37,370.7608337402344,186.879135131836,3905.0
5,38,289.339599609375,267.49908447265625,3248.0
5,39,94.0245132446289,266.3217468261719,4283.0
5,40,5.722772121429443,242.1138610839844,202.0
5,41,165.35089111328125,297.1993103027344,3437.0
5,42,256.37713623046875,305.2353820800781,1933.0
5,43,195.8304748535156,385.59912109375,5191.0
5,44,119.00695037841795,381.5815734863281,5038.0
5,45,70.35232543945312,431.11956787109375,3897.0
5,46,127.96681213378906,444.3857116699219,3977.0
5,47,259.8007202148437,87.43640899658203,3884.0
5,48,166.08255004882812,166.9620361328125,3319.0
5,49,315.4730224609375,171.777587890625,2909.0
5,50,258.6075439453125,195.88121032714844,3157.0
5,51,97.45297241210938,202.17999267578125,3700.0
5,52,194.9086761474609,210.9865875244141,2387.0
5,53,150.77963256835938,237.62530517578125,3603.0
5,54,428.2658386230469,296.9355773925781,2716.0
5,55,352.0982360839844,304.1924743652344,3512.0
5,56,213.3878631591797,316.6068115234375,3576.0
5,57,419.25201416015625,334.8519287109375,2472.0
5,58,258.58502197265625,365.3874206542969,3593.0
5,59,367.7591552734375,413.7742614746094,2051.0
5,60,186.5228881835937,445.4878540039063,2513.0
5,61,490.4398193359375,15.87433624267578,1130.0
5,62,302.50457763671875,324.0198669433594,2618.0
5,63,470.6546936035156,346.9682922363281,2586.0
5,64,380.353515625,357.32818603515625,2922.0
5,65,271.7183532714844,445.145751953125,3966.0
5,66,0.0,0.0,0.0
5,67,207.582748413086,490.5556335449219,2399.0
5,68,324.7629089355469,457.8756713867188,4922.0
5,69,303.7587280273437,6.4380950927734375,315.0
5,70,497.389404296875,401.0794067382813,1058.0
5,71,0.0,0.0,0.0
5,72,53.837364196777344,486.8043823242188,2275.0
5,73,440.92718505859375,386.5935363769531,2197.0
5,74,405.7570190429688,406.8028564453125,1963.0
5,75,464.0785217285156,436.188720703125,4165.0
5,76,401.5296020507813,470.1820373535156,3988.0
5,77,233.28770446777344,6.011173248291016,358.0
5,78,0.0,0.0,0.0
5,79,0.0,0.0,0.0
5,80,15.776878356933594,498.2820739746094,865.0
5,81,446.7856140136719,488.0704040527344,1875.0
5,82,0.0,0.0,0.0
5,83,353.6950378417969,497.12548828125,2056.0
5,84,88.52783966064453,499.4877624511719,449.0
5,85,367.9377136230469,137.3933563232422,2199.0
5,86,494.2203369140625,146.45263671875,1425.0
5,87,497.8703002929688,232.4466552734375,1303.0
5,88,503.0282287597656,452.3360290527344,744.0
5,89,489.3291015625,492.3526306152344,1659.0
5,90,0.0,0.0,0.0
5,91,501.4391479492188,113.42927551269533,608.0
5,92,0.0,0.0,0.0
5,93,498.8916015625,301.09100341796875,978.0
5,94,70.9794692993164,5.581109046936035,487.0
5,95,340.2411499023437,6.073955059051514,311.0
5,96,500.4791259765625,44.66083526611328,743.0
5,97,499.2284240722656,350.3726806640625,1449.0
5,98,233.58871459960932,443.0479431152344,2232.0
5,99,321.54559326171875,382.0399169921875,4584.0
5,100,291.43560791015625,504.63232421875,427.0
5,101,0.0,0.0,0.0
5,102,0.0,0.0,0.0
5,103,0.0,0.0,0.0
5,104,0.0,0.0,0.0
5,105,0.0,0.0,0.0
5,106,0.0,0.0,0.0
5,107,0.0,0.0,0.0
5,108,0.0,0.0,0.0
5,109,0.0,0.0,0.0
5,110,0.0,0.0,0.0
5,111,0.0,0.0,0.0
5,112,0.0,0.0,0.0
5,113,0.0,0.0,0.0
5,114,0.0,0.0,0.0
5,115,0.0,0.0,0.0
5,116,0.0,0.0,0.0
5,117,423.9328308105469,119.13996124267578,3008.0
5,118,0.0,0.0,0.0
5,119,0.0,0.0,0.0
5,120,0.0,0.0,0.0
5,121,0.0,0.0,0.0
5,122,0.0,0.0,0.0
5,123,0.0,0.0,0.0
5,124,0.0,0.0,0.0
5,125,221.54042053222656,152.83558654785156,3686.0
5,126,0.0,0.0,0.0
5,127,0.0,0.0,0.0
5,128,0.0,0.0,0.0
5,129,0.0,0.0,0.0
5,130,139.4677734375,491.06884765625,3181.0
5,131,0.0,0.0,0.0
5,132,0.0,0.0,0.0
5,133,0.0,0.0,0.0
5,134,0.0,0.0,0.0
5,135,0.0,0.0,0.0
5,136,0.0,0.0,0.0
5,137,101.28020477294922,86.15324401855469,3576.0
5,138,0.0,0.0,0.0
5,139,0.0,0.0,0.0
5,140,0.0,0.0,0.0
5,141,0.0,0.0,0.0
5,142,0.0,0.0,0.0
5,143,0.0,0.0,0.0
5,144,0.0,0.0,0.0
5,145,0.0,0.0,0.0
5,146,0.0,0.0,0.0
5,147,0.0,0.0,0.0
5,148,0.0,0.0,0.0
5,149,0.0,0.0,0.0
5,150,0.0,0.0,0.0
5,151,0.0,0.0,0.0
5,152,0.0,0.0,0.0
5,153,0.0,0.0,0.0
5,154,0.0,0.0,0.0
5,155,0.0,0.0,0.0
5,156,0.0,0.0,0.0
5,157,0.0,0.0,0.0
5,158,0.0,0.0,0.0
5,159,0.0,0.0,0.0
5,160,0.0,0.0,0.0
5,161,0.0,0.0,0.0
5,162,0.0,0.0,0.0
5,163,0.0,0.0,0.0
5,164,0.0,0.0,0.0
5,165,0.0,0.0,0.0
5,166,0.0,0.0,0.0
5,167,0.0,0.0,0.0
5,168,0.0,0.0,0.0
5,169,0.0,0.0,0.0
5,170,0.0,0.0,0.0
5,171,0.0,0.0,0.0
5,172,0.0,0.0,0.0
5,173,0.0,0.0,0.0
5,174,0.0,0.0,0.0
5,175,0.0,0.0,0.0
5,176,0.0,0.0,0.0
5,177,0.0,0.0,0.0
5,178,0.0,0.0,0.0
5,179,0.0,0.0,0.0
5,180,0.0,0.0,0.0
5,181,0.0,0.0,0.0
5,182,0.0,0.0,0.0
5,183,0.0,0.0,0.0
5,184,0.0,0.0,0.0
5,185,0.0,0.0,0.0
5,186,0.0,0.0,0.0
5,187,0.0,0.0,0.0
5,188,0.0,0.0,0.0
5,189,0.0,0.0,0.0
5,190,0.0,0.0,0.0
5,191,0.0,0.0,0.0
5,192,0.0,0.0,0.0
5,193,0.0,0.0,0.0
5,194,0.0,0.0,0.0
5,195,0.0,0.0,0.0
5,196,0.0,0.0,0.0
5,197,0.0,0.0,0.0
5,198,0.0,0.0,0.0
5,199,0.0,0.0,0.0
5,200,0.0,0.0,0.0
6,0,24.49914932250977,18.32294654846192,1765.0
6,1,79.83152770996094,37.41988754272461,3882.0
6,2,129.06661987304688,13.904064178466797,1501.0
6,3,373.1000061035156,19.01055335998535,1990.0
6,4,439.5372619628906,25.46047019958496,3529.0
6,5,155.94570922851562,65.3565673828125,3113.0
6,6,12.709057807922363,54.40988159179688,1093.0
6,7,364.5113830566406,67.5453872680664,2765.0
6,8,0.0,0.0,0.0
6,9,420.7883911132813,75.89982604980469,4612.0
6,10,38.8795280456543,84.40724182128906,2706.0
6,11,482.8429870605469,80.6710433959961,2210.0
6,12,20.055320739746094,130.8006134033203,2603.0
6,13,423.5171813964844,202.30545043945312,3670.0
6,14,478.67816162109375,196.28599548339844,3014.0
6,15,319.5282897949219,229.74122619628903,3076.0
6,16,228.89791870117188,249.7079925537109,3791.0
6,17,414.3087463378906,249.20460510253903,2170.0
6,18,367.04595947265625,257.4022521972656,2568.0
6,19,467.8747863769531,268.7544860839844,3450.0
6,20,33.521759033203125,270.8476867675781,4504.0
6,21,125.50851440429688,323.7826538085937,3170.0
6,22,12.762994766235352,330.4003601074219,1616.0
6,23,58.00199890136719,341.4071655273437,4502.0
6,24,20.950477600097656,390.1881103515625,2201.0
6,25,19.68081855773925,447.0137939453125,2685.0
6,26,193.4746856689453,29.089290618896484,3931.0
6,27,265.82275390625,31.607833862304688,3983.0
6,28,320.2064208984375,40.82868957519531,2621.0
6,29,198.215560913086,97.67904663085938,3150.0
6,30,328.6416015625,99.43277740478516,2514.0
6,31,284.4747009277344,133.7339324951172,3360.0
6,32,132.8679656982422,133.74668884277344,3628.0
6,33,0.0,0.0,0.0
6,34,72.73274993896484,143.62461853027344,3551.0
6,35,445.8067626953125,148.8870086669922,2717.0
6,36,30.950908660888672,198.0360870361328,4461.0
6,37,369.2654113769531,187.5528564453125,3945.0
6,38,286.3164978027344,265.7890014648437,3147.0
6,39,93.1616668701172,264.9088439941406,4169.0
6,40,0.0,0.0,0.0
6,41,164.1666717529297,296.6535949707031,3366.0
6,42,255.05795288085932,303.8735656738281,1898.0
6,43,193.85850524902344,383.6061096191406,4933.0
6,44,118.20752716064452,380.3866271972656,5209.0
6,45,68.95127868652344,429.2417907714844,3900.0
6,46,127.3276596069336,444.0624694824219,4114.0
6,47,259.3100891113281,87.24005889892578,3899.0
6,48,165.65182495117188,167.18194580078125,3435.0
6,49,314.5051574707031,171.88523864746094,3102.0
6,50,257.86395263671875,195.1122283935547,3190.0
6,51,96.95857238769533,201.56756591796875,3693.0
6,52,194.0835723876953,212.51220703125,2417.0
6,53,149.5432891845703,237.4942626953125,3488.0
6,54,424.05963134765625,296.5142517089844,2734.0
6,55,349.427978515625,302.691162109375,3526.0
6,56,212.0730133056641,315.1647033691406,3643.0
6,57,418.3280944824219,335.017822265625,2411.0
6,58,256.3116455078125,364.88568115234375,3674.0
6,59,365.5125427246094,412.1241149902344,2232.0
6,60,186.80538940429688,443.0414123535156,2487.0
6,61,489.0855407714844,16.76744270324707,1204.0
6,62,301.1319580078125,322.9867553710937,2645.0
6,63,469.2459106445313,347.9075012207031,2627.0
6,64,378.6521911621094,354.7733154296875,2766.0
6,65,270.6759338378906,444.4076843261719,3959.0
6,66,0.0,0.0,0.0
6,67,205.01158142089844,489.4348754882813,2419.0
6,68,323.6263122558594,457.45703125,4726.0
6,69,302.8020935058594,6.041666507720947,288.0
6,70,497.2007446289063,400.030029296875,1066.0
6,71,0.0,0.0,0.0
6,72,54.62447738647461,485.8194580078125,2149.0
6,73,440.2225036621094,385.7091979980469,1991.0
6,74,405.0625915527344,402.9046630859375,2077.0
6,75,462.3546447753906,434.2536315917969,4128.0
6,76,400.6571044921875,469.3725280761719,4048.0
6,77,232.36538696289065,6.118131637573242,364.0
6,78,0.0,0.0,0.0
6,79,0.0,0.0,0.0
6,80,17.331716537475586,497.3850708007813,1031.0
6,81,447.1846008300781,486.7350158691406,2053.0
6,82,0.0,0.0,0.0
6,83,353.3826599121094,495.859375,2190.0
6,84,88.11280822753906,500.26959228515625,523.0
6,85,367.7277221679688,136.33497619628906,2233.0
6,86,493.6430969238281,146.12596130371094,1429.0
6,87,497.5262756347656,233.45932006835932,1389.0
6,88,502.7106628417969,451.0574035644531,871.0
6,89,489.6276550292969,491.4218444824219,1657.0
6,90,0.0,0.0,0.0
6,91,501.6985168457031,111.45074462890624,670.0
6,92,0.0,0.0,0.0
6,93,498.6041259765625,299.8836669921875,1066.0
6,94,68.94242095947266,5.539347171783447,521.0
6,95,338.4358215332031,6.652027130126953,296.0
6,96,501.0641174316406,44.83799362182617,858.0
6,97,499.02484130859375,349.3483581542969,1530.0
6,98,232.53672790527344,441.6701965332031,2165.0
6,99,319.3043518066406,381.1305847167969,4656.0
6,100,290.2840576171875,503.7003784179688,514.0
6,101,0.0,0.0,0.0
6,102,0.0,0.0,0.0
6,103,0.0,0.0,0.0
6,104,0.0,0.0,0.0
6,105,0.0,0.0,0.0
6,106,0.0,0.0,0.0
6,107,0.0,0.0,0.0
6,108,0.0,0.0,0.0
6,109,0.0,0.0,0.0
6,110,0.0,0.0,0.0
6,111,0.0,0.0,0.0
6,112,0.0,0.0,0.0
6,113,0.0,0.0,0.0
6,114,0.0,0.0,0.0
6,115,0.0,0.0,0.0
6,116,0.0,0.0,0.0
6,117,423.1263732910156,119.39603424072266,2722.0
6,118,0.0,0.0,0.0
6,119,0.0,0.0,0.0
6,120,0.0,0.0,0.0
6,121,0.0,0.0,0.0
6,122,0.0,0.0,0.0
6,123,0.0,0.0,0.0
6,124,0.0,0.0,0.0
6,125,220.8557281494141,153.3319549560547,3618.0
6,126,0.0,0.0,0.0
6,127,0.0,0.0,0.0
6,128,0.0,0.0,0.0
6,129,0.0,0.0,0.0
6,130,138.92080688476562,490.7509460449219,3220.0
6,131,0.0,0.0,0.0
6,132,0.0,0.0,0.0
6,133,0.0,0.0,0.0
6,134,0.0,0.0,0.0
6,135,0.0,0.0,0.0
6,136,0.0,0.0,0.0
6,137,101.0934066772461,86.43673706054688,3533.0
6,138,0.0,0.0,0.0
6,139,0.0,0.0,0.0
6,140,0.0,0.0,0.0
6,141,0.0,0.0,0.0
6,142,0.0,0.0,0.0
6,143,0.0,0.0,0.0
6,144,0.0,0.0,0.0
6,145,0.0,0.0,0.0
6,146,0.0,0.0,0.0
6,147,0.0,0.0,0.0
6,148,0.0,0.0,0.0
6,149,0.0,0.0,0.0
6,150,0.0,0.0,0.0
6,151,0.0,0.0,0.0
6,152,0.0,0.0,0.0
6,153,0.0,0.0,0.0
6,154,0.0,0.0,0.0
6,155,0.0,0.0,0.0
6,156,0.0,0.0,0.0
6,157,0.0,0.0,0.0
6,158,0.0,0.0,0.0
6,159,0.0,0.0,0.0
6,160,0.0,0.0,0.0
6,161,0.0,0.0,0.0
6,162,0.0,0.0,0.0
6,163,0.0,0.0,0.0
6,164,0.0,0.0,0.0
6,165,0.0,0.0,0.0
6,166,0.0,0.0,0.0
6,167,0.0,0.0,0.0
6,168,0.0,0.0,0.0
6,169,0.0,0.0,0.0
6,170,0.0,0.0,0.0
6,171,0.0,0.0,0.0
6,172,0.0,0.0,0.0
6,173,0.0,0.0,0.0
6,174,0.0,0.0,0.0
6,175,0.0,0.0,0.0
6,176,0.0,0.0,0.0
6,177,0.0,0.0,0.0
6,178,0.0,0.0,0.0
6,179,0.0,0.0,0.0
6,180,0.0,0.0,0.0
6,181,0.0,0.0,0.0
6,182,0.0,0.0,0.0
6,183,0.0,0.0,0.0
6,184,0.0,0.0,0.0
6,185,0.0,0.0,0.0
6,186,0.0,0.0,0.0
6,187,0.0,0.0,0.0
6,188,0.0,0.0,0.0
6,189,0.0,0.0,0.0
6,190,0.0,0.0,0.0
6,191,0.0,0.0,0.0
6,192,0.0,0.0,0.0
6,193,0.0,0.0,0.0
6,194,0.0,0.0,0.0
6,195,0.0,0.0,0.0
6,196,0.0,0.0,0.0
6,197,0.0,0.0,0.0
6,198,0.0,0.0,0.0
6,199,0.0,0.0,0.0
6,200,0.0,0.0,0.0
7,0,24.150115966796875,18.175817489624023,1712.0
7,1,79.5788803100586,38.24873733520508,3759.0
7,2,128.49398803710938,13.53998565673828,1413.0
7,3,372.0849304199219,19.34843063354492,1943.0
7,4,438.17718505859375,25.438230514526367,3505.0
7,5,155.1352081298828,64.89859008789062,3047.0
7,6,12.617511749267578,53.881107330322266,1085.0
7,7,363.45318603515625,66.64192199707031,2681.0
7,8,0.0,0.0,0.0
7,9,418.8784790039063,76.63607788085938,4740.0
7,10,38.86899566650391,83.28851318359375,2603.0
7,11,480.763671875,80.0382080078125,2120.0
7,12,20.15404891967773,129.76611328125,2668.0
7,13,421.82916259765625,201.7821502685547,3553.0
7,14,477.24517822265625,195.3841552734375,3483.0
7,15,318.14874267578125,230.4820556640625,3066.0
7,16,228.23976135253903,248.73751831054688,3566.0
7,17,409.9580383300781,247.8807830810547,2097.0
7,18,365.596923828125,258.2407531738281,2409.0
7,19,464.760986328125,268.8930053710937,3477.0
7,20,34.31461715698242,271.971923828125,4310.0
7,21,123.48320770263672,322.08624267578125,3096.0
7,22,12.39799976348877,329.5753479003906,1500.0
7,23,57.1016960144043,340.62579345703125,4484.0
7,24,20.6402645111084,388.2843017578125,2121.0
7,25,19.674808502197266,445.4393005371094,2743.0
7,26,192.4238128662109,29.155866622924805,3997.0
7,27,265.4493103027344,31.53046989440918,4004.0
7,28,318.968017578125,42.37665939331055,2408.0
7,29,198.06362915039065,97.32821655273438,3190.0
7,30,327.17755126953125,99.05609130859376,2585.0
7,31,283.65155029296875,132.65589904785156,3220.0
7,32,132.04391479492188,133.2832794189453,3689.0
7,33,0.0,0.0,0.0
7,34,71.92204284667969,142.99053955078125,3489.0
7,35,444.7644653320313,148.34007263183594,2573.0
7,36,30.824552536010746,197.60592651367188,4423.0
7,37,367.9375915527344,187.62570190429688,4053.0
7,38,283.9836120605469,264.3935852050781,2988.0
7,39,92.26080322265624,264.0333557128906,4049.0
7,40,0.0,0.0,0.0
7,41,162.525146484375,297.0889892578125,3281.0
7,42,254.08883666992188,302.0999450683594,1891.0
7,43,191.5250396728516,381.7097473144531,4613.0
7,44,118.10873413085938,379.2142333984375,5279.0
7,45,68.30277252197266,427.5572204589844,3828.0
7,46,126.52623748779295,443.5054931640625,4192.0
7,47,258.9989318847656,86.53338623046875,3714.0
7,48,165.98117065429688,166.38905334472656,3452.0
7,49,313.20904541015625,171.94813537597656,3181.0
7,50,256.81329345703125,193.6442108154297,3235.0
7,51,97.08153533935548,200.7905731201172,3753.0
7,52,193.0254821777344,214.14198303222656,2472.0
7,53,148.0690155029297,237.5346527099609,3434.0
7,54,420.5869445800781,295.8210754394531,2789.0
7,55,346.8731384277344,301.3000793457031,3429.0
7,56,210.645248413086,312.74517822265625,3783.0
7,57,417.3728637695313,335.5948486328125,2446.0
7,58,253.92318725585932,365.7012634277344,3997.0
7,59,363.7393798828125,410.6697387695313,2498.0
7,60,186.44113159179688,440.6935424804688,2480.0
7,61,487.7977294921875,17.98630142211914,1241.0
7,62,300.2587280273437,321.4818115234375,2694.0
7,63,467.0133361816406,346.5643615722656,2626.0
7,64,377.5037231445313,353.07489013671875,2684.0
7,65,270.3529052734375,446.83306884765625,3984.0
7,66,0.0,0.0,0.0
7,67,203.3492126464844,488.6233215332031,2477.0
7,68,323.5096435546875,456.92962646484375,4462.0
7,69,302.335693359375,5.901060104370117,283.0
7,70,495.8976745605469,397.7620544433594,1202.0
7,71,0.0,0.0,0.0
7,72,54.96487045288086,484.3893127441406,2078.0
7,73,439.7490234375,386.7529602050781,1769.0
7,74,404.5972290039063,399.5560302734375,2088.0
7,75,461.1019592285156,433.43109130859375,4129.0
7,76,400.0160217285156,469.5997619628906,4120.0
7,77,231.11911010742188,6.332409858703613,361.0
7,78,0.0,0.0,0.0
7,79,0.0,0.0,0.0
7,80,18.668760299682617,496.8168640136719,1114.0
7,81,447.3871765136719,485.2177429199219,2154.0
7,82,0.0,0.0,0.0
7,83,352.99725341796875,494.39453125,2190.0
7,84,87.36166381835938,500.2806396484375,506.0
7,85,366.86517333984375,134.9600372314453,2277.0
7,86,493.6692199707031,145.34765625,1303.0
7,87,497.4605407714844,234.2509765625,1546.0
7,88,502.5314025878906,458.78607177734375,589.0
7,89,489.9988098144531,490.6994018554688,1690.0
7,90,0.0,0.0,0.0
7,91,501.0963134765625,111.52124786376952,706.0
7,92,0.0,0.0,0.0
7,93,498.6171875,297.7251281738281,1186.0
7,94,71.97919464111328,6.3372955322265625,673.0
7,95,336.8359069824219,7.287644863128662,518.0
7,96,500.7321472167969,42.33095169067383,840.0
7,97,498.1400146484375,348.2168884277344,1600.0
7,98,231.3909454345703,439.9439392089844,2141.0
7,99,317.1175842285156,380.3634338378906,4686.0
7,100,291.9188232421875,503.0470886230469,616.0
7,101,5.72139310836792,238.8756256103516,201.0
7,102,503.1775207519531,432.2396545410156,338.0
7,103,0.0,0.0,0.0
7,104,0.0,0.0,0.0
7,105,0.0,0.0,0.0
7,106,0.0,0.0,0.0
7,107,0.0,0.0,0.0
7,108,0.0,0.0,0.0
7,109,0.0,0.0,0.0
7,110,0.0,0.0,0.0
7,111,0.0,0.0,0.0
7,112,0.0,0.0,0.0
7,113,0.0,0.0,0.0
7,114,0.0,0.0,0.0
7,115,0.0,0.0,0.0
7,116,0.0,0.0,0.0
7,117,424.50433349609375,120.01959991455078,2653.0
7,118,0.0,0.0,0.0
7,119,0.0,0.0,0.0
7,120,0.0,0.0,0.0
7,121,0.0,0.0,0.0
7,122,0.0,0.0,0.0
7,123,0.0,0.0,0.0
7,124,0.0,0.0,0.0
7,125,220.3818206787109,153.0614013671875,3664.0
7,126,0.0,0.0,0.0
7,127,0.0,0.0,0.0
7,128,0.0,0.0,0.0
7,129,0.0,0.0,0.0
7,130,137.8794708251953,490.32757568359375,3294.0
7,131,0.0,0.0,0.0
7,132,0.0,0.0,0.0
7,133,0.0,0.0,0.0
7,134,0.0,0.0,0.0
7,135,0.0,0.0,0.0
7,136,0.0,0.0,0.0
7,137,100.6493148803711,86.31521606445312,3496.0
7,138,0.0,0.0,0.0
7,139,0.0,0.0,0.0
7,140,0.0,0.0,0.0
7,141,0.0,0.0,0.0
7,142,0.0,0.0,0.0
7,143,0.0,0.0,0.0
7,144,0.0,0.0,0.0
7,145,0.0,0.0,0.0
7,146,0.0,0.0,0.0
7,147,0.0,0.0,0.0
7,148,0.0,0.0,0.0
7,149,0.0,0.0,0.0
7,150,0.0,0.0,0.0
7,151,0.0,0.0,0.0
7,152,0.0,0.0,0.0
7,153,0.0,0.0,0.0
7,154,0.0,0.0,0.0
7,155,0.0,0.0,0.0
7,156,0.0,0.0,0.0
7,157,0.0,0.0,0.0
7,158,0.0,0.0,0.0
7,159,0.0,0.0,0.0
7,160,0.0,0.0,0.0
7,161,0.0,0.0,0.0
7,162,0.0,0.0,0.0
7,163,0.0,0.0,0.0
7,164,0.0,0.0,0.0
7,165,0.0,0.0,0.0
7,166,0.0,0.0,0.0
7,167,0.0,0.0,0.0
7,168,0.0,0.0,0.0
7,169,0.0,0.0,0.0
7,170,0.0,0.0,0.0
7,171,0.0,0.0,0.0
7,172,0.0,0.0,0.0
7,173,0.0,0.0,0.0
7,174,0.0,0.0,0.0
7,175,0.0,0.0,0.0
7,176,0.0,0.0,0.0
7,177,0.0,0.0,0.0
7,178,0.0,0.0,0.0
7,179,0.0,0.0,0.0
7,180,0.0,0.0,0.0
7,181,0.0,0.0,0.0
7,182,0.0,0.0,0.0
7,183,0.0,0.0,0.0
7,184,0.0,0.0,0.0
7,185,0.0,0.0,0.0
7,186,0.0,0.0,0.0
7,187,0.0,0.0,0.0
7,188,0.0,0.0,0.0
7,189,0.0,0.0,0.0
7,190,0.0,0.0,0.0
7,191,0.0,0.0,0.0
7,192,0.0,0.0,0.0
7,193,0.0,0.0,0.0
7,194,0.0,0.0,0.0
7,195,0.0,0.0,0.0
7,196,0.0,0.0,0.0
7,197,0.0,0.0,0.0
7,198,0.0,0.0,0.0
7,199,0.0,0.0,0.0
7,200,0.0,0.0,0.0
8,0,23.411130905151367,18.13225555419922,1671.0
8,1,79.38536834716797,38.72571563720703,3799.0
8,2,128.50570678710938,13.656205177307127,1402.0
8,3,371.2384338378906,19.387439727783203,1879.0
8,4,436.8277587890625,25.161291122436523,3472.0
8,5,154.5172119140625,65.20155334472656,2962.0
8,6,12.385884284973145,54.04216384887695,1091.0
8,7,362.6295776367188,66.16666412353516,2616.0
8,8,0.0,0.0,0.0
8,9,417.5779724121094,77.43950653076172,4860.0
8,10,39.30305480957031,83.05489349365234,2587.0
8,11,479.3604736328125,79.70904541015625,2100.0
8,12,20.28017807006836,129.16952514648438,2684.0
8,13,421.4028930664063,201.77427673339844,3584.0
8,14,476.5218811035156,192.9556427001953,3382.0
8,15,316.71173095703125,230.7084808349609,3077.0
8,16,227.93443298339844,247.39572143554688,3462.0
8,17,406.8611755371094,247.363037109375,2132.0
8,18,364.1472473144531,259.0918273925781,2309.0
8,19,462.5002746582031,268.3027648925781,3458.0
8,20,34.43888473510742,272.02374267578125,4336.0
8,21,121.01841735839844,320.56414794921875,3095.0
8,22,11.883448600769045,328.54620361328125,1450.0
8,23,55.84770965576172,340.0839233398437,4301.0
8,24,19.92724609375,386.46923828125,2048.0
8,25,19.481069564819336,444.0909423828125,2694.0
8,26,191.8625030517578,29.14846420288086,4102.0
8,27,264.4381103515625,30.5260009765625,3846.0
8,28,317.67431640625,42.26884460449219,2481.0
8,29,197.16134643554688,97.96654510498048,3198.0
8,30,326.218017578125,99.15670013427734,2642.0
8,31,282.48486328125,131.6398162841797,3104.0
8,32,131.87649536132812,133.59263610839844,3692.0
8,33,0.0,0.0,0.0
8,34,71.46138000488281,143.194091796875,3457.0
8,35,444.4029846191406,147.21578979492188,2623.0
8,36,30.775787353515625,197.2938232421875,4353.0
8,37,366.9520263671875,187.5594787597656,4127.0
8,38,281.8097839355469,263.4627990722656,2902.0
8,39,91.28463745117188,263.256103515625,3854.0
8,40,0.0,0.0,0.0
8,41,160.0492401123047,297.364501953125,3026.0
8,42,252.37567138671875,301.73614501953125,1842.0
8,43,189.266357421875,380.1200866699219,4464.0
8,44,117.04814910888672,378.2174987792969,5379.0
8,45,67.07177734375,426.5574035644531,3859.0
8,46,125.65711212158205,442.9217529296875,4255.0
8,47,258.074462890625,85.38447570800781,3774.0
8,48,165.67050170898438,167.05389404296875,3396.0
8,49,312.35235595703125,171.94451904296875,3244.0
8,50,255.566146850586,192.2132568359375,3273.0
8,51,97.02667999267578,200.35592651367188,3748.0
8,52,192.3610382080078,214.4126739501953,2479.0
8,53,147.26841735839844,238.36805725097656,3543.0
8,54,419.3437805175781,295.674072265625,2746.0
8,55,344.437255859375,300.6962280273437,3394.0
8,56,208.5421142578125,311.3222351074219,4025.0
8,57,413.8934020996094,334.01763916015625,2439.0
8,58,252.3106842041016,367.1100158691406,4181.0
8,59,362.1347351074219,411.9619140625,2546.0
8,60,186.1332244873047,439.2146301269531,2432.0
8,61,486.2105712890625,18.65252113342285,1249.0
8,62,297.71807861328125,320.20458984375,2742.0
8,63,464.8641052246094,344.7754211425781,2605.0
8,64,376.3396606445313,352.4321594238281,2638.0
8,65,270.0731201171875,448.2704162597656,3979.0
8,66,0.0,0.0,0.0
8,67,202.0482940673828,487.7862243652344,2526.0
8,68,322.654052734375,457.2267456054688,4203.0
8,69,302.69287109375,5.300000190734863,280.0
8,70,497.0107727050781,404.3415832519531,1578.0
8,71,0.0,0.0,0.0
8,72,55.221588134765625,484.2976684570313,2103.0
8,73,439.4209289550781,385.0523376464844,1758.0
8,74,404.2760620117188,398.7376098632813,2119.0
8,75,461.4283142089844,432.41119384765625,4025.0
8,76,399.08734130859375,461.86517333984375,3664.0
8,77,230.5575256347656,6.3274335861206055,339.0
8,78,0.0,0.0,0.0
8,79,0.0,0.0,0.0
8,80,18.006650924682617,495.9152221679688,1203.0
8,81,447.9703063964844,484.6164245605469,2190.0
8,82,0.0,0.0,0.0
8,83,353.1298522949219,493.537841796875,2272.0
8,84,87.5473403930664,501.0231018066406,433.0
8,85,365.481201171875,134.56246948242188,2153.0
8,86,493.4596862792969,145.05162048339844,1240.0
8,87,495.7700805664063,233.30914306640625,1805.0
8,88,502.3858642578125,457.6912841796875,609.0
8,89,490.2618103027344,490.2606506347656,1692.0
8,90,0.0,0.0,0.0
8,91,500.53759765625,111.28195190429688,798.0
8,92,0.0,0.0,0.0
8,93,498.3189086914063,296.5868835449219,1295.0
8,94,71.99732208251953,6.616621971130371,746.0
8,95,336.1549072265625,6.8416523933410645,581.0
8,96,501.07427978515625,45.88393783569336,1077.0
8,97,497.1519165039063,348.49127197265625,1718.0
8,98,230.5437164306641,438.9934692382813,2139.0
8,99,316.9287414550781,379.8624572753906,4842.0
8,100,293.5434875488281,502.8210754394531,598.0
8,101,6.18345308303833,239.08273315429688,278.0
8,102,0.0,0.0,0.0
8,103,408.6544799804688,505.1095886230469,657.0
8,104,0.0,0.0,0.0
8,105,0.0,0.0,0.0
8,106,0.0,0.0,0.0
8,107,0.0,0.0,0.0
8,108,0.0,0.0,0.0
8,109,0.0,0.0,0.0
8,110,0.0,0.0,0.0
8,111,0.0,0.0,0.0
8,112,0.0,0.0,0.0
8,113,0.0,0.0,0.0
8,114,0.0,0.0,0.0
8,115,0.0,0.0,0.0
8,116,0.0,0.0,0.0
8,117,422.3672180175781,120.7024917602539,2568.0
8,118,0.0,0.0,0.0
8,119,0.0,0.0,0.0
8,120,0.0,0.0,0.0
8,121,0.0,0.0,0.0
8,122,0.0,0.0,0.0
8,123,0.0,0.0,0.0
8,124,0.0,0.0,0.0
8,125,220.0867919921875,152.34210205078125,3572.0
8,126,0.0,0.0,0.0
8,127,0.0,0.0,0.0
8,128,0.0,0.0,0.0
8,129,0.0,0.0,0.0
8,130,136.9780731201172,490.099853515625,3375.0
8,131,0.0,0.0,0.0
8,132,0.0,0.0,0.0
8,133,0.0,0.0,0.0
8,134,0.0,0.0,0.0
8,135,0.0,0.0,0.0
8,136,0.0,0.0,0.0
8,137,100.90835571289062,87.01363372802734,3448.0
8,138,0.0,0.0,0.0
8,139,0.0,0.0,0.0
8,140,0.0,0.0,0.0
8,141,0.0,0.0,0.0
8,142,0.0,0.0,0.0
8,143,0.0,0.0,0.0
8,144,0.0,0.0,0.0
8,145,0.0,0.0,0.0
8,146,0.0,0.0,0.0
8,147,0.0,0.0,0.0
8,148,0.0,0.0,0.0
8,149,0.0,0.0,0.0
8,150,0.0,0.0,0.0
8,151,0.0,0.0,0.0
8,152,0.0,0.0,0.0
8,153,0.0,0.0,0.0
8,154,0.0,0.0,0.0
8,155,0.0,0.0,0.0
8,156,0.0,0.0,0.0
8,157,0.0,0.0,0.0
8,158,0.0,0.0,0.0
8,159,0.0,0.0,0.0
8,160,0.0,0.0,0.0
8,161,0.0,0.0,0.0
8,162,0.0,0.0,0.0
8,163,0.0,0.0,0.0
8,164,0.0,0.0,0.0
8,165,0.0,0.0,0.0
8,166,0.0,0.0,0.0
8,167,0.0,0.0,0.0
8,168,0.0,0.0,0.0
8,169,0.0,0.0,0.0
8,170,0.0,0.0,0.0
8,171,0.0,0.0,0.0
8,172,0.0,0.0,0.0
8,173,0.0,0.0,0.0
8,174,0.0,0.0,0.0
8,175,0.0,0.0,0.0
8,176,0.0,0.0,0.0
8,177,0.0,0.0,0.0
8,178,0.0,0.0,0.0
8,179,0.0,0.0,0.0
8,180,0.0,0.0,0.0
8,181,0.0,0.0,0.0
8,182,0.0,0.0,0.0
8,183,0.0,0.0,0.0
8,184,0.0,0.0,0.0
8,185,0.0,0.0,0.0
8,186,0.0,0.0,0.0
8,187,0.0,0.0,0.0
8,188,0.0,0.0,0.0
8,189,0.0,0.0,0.0
8,190,0.0,0.0,0.0
8,191,0.0,0.0,0.0
8,192,0.0,0.0,0.0
8,193,0.0,0.0,0.0
8,194,0.0,0.0,0.0
8,195,0.0,0.0,0.0
8,196,0.0,0.0,0.0
8,197,0.0,0.0,0.0
8,198,0.0,0.0,0.0
8,199,0.0,0.0,0.0
8,200,0.0,0.0,0.0
9,0,22.93266868591309,17.789276123046875,1604.0
9,1,79.24987030029297,39.03100204467773,3774.0
9,2,128.73916625976562,13.955934524536133,1407.0
9,3,368.8658142089844,20.38915634155273,1863.0
9,4,435.5050354003906,25.25432777404785,3582.0
9,5,153.7327423095703,65.071533203125,2810.0
9,6,11.804368019104004,53.57688903808594,1099.0
9,7,361.2887573242188,65.71207427978516,2452.0
9,8,0.0,0.0,0.0
9,9,414.6532897949219,77.71894836425781,4814.0
9,10,39.352989196777344,82.31800079345703,2544.0
9,11,479.39697265625,78.83155822753906,2446.0
9,12,20.101289749145508,128.59815979003906,2715.0
9,13,420.2756042480469,201.53565979003903,3603.0
9,14,474.2244262695313,190.61805725097656,3244.0
9,15,314.997802734375,231.4279022216797,3169.0
9,16,226.7439117431641,247.48052978515625,3288.0
9,17,405.0675659179688,247.34292602539065,2190.0
9,18,362.2913818359375,260.7237243652344,2313.0
9,19,460.3064270019531,268.500732421875,3371.0
9,20,33.76576614379883,271.7334289550781,4329.0
9,21,119.2413101196289,319.7915344238281,3137.0
9,22,11.613876342773438,328.1817626953125,1326.0
9,23,54.275047302246094,339.0631103515625,4152.0
9,24,19.252798080444336,384.5813903808594,1966.0
9,25,18.95364761352539,442.0513000488281,2632.0
9,26,191.4932861328125,29.52470016479492,4170.0
9,27,263.08935546875,29.67049217224121,3660.0
9,28,315.82281494140625,42.2619514465332,2489.0
9,29,196.1889190673828,97.7830581665039,3176.0
9,30,325.0498962402344,98.23394012451172,2646.0
9,31,281.7080993652344,130.57025146484375,3025.0
9,32,131.9931640625,132.83949279785156,3657.0
9,33,0.0,0.0,0.0
9,34,71.29866790771484,142.69931030273438,3462.0
9,35,442.7301025390625,146.57606506347656,2590.0
9,36,30.450590133666992,197.08123779296875,4321.0
9,37,365.8990173339844,187.610092163086,4219.0
9,38,279.8317565917969,262.5340881347656,2728.0
9,39,90.72045135498048,262.5135498046875,3799.0
9,40,0.0,0.0,0.0
9,41,158.0576934814453,296.1689453125,2912.0
9,42,251.17160034179688,300.5002746582031,1859.0
9,43,187.44561767578125,378.5466918945313,4284.0
9,44,115.54180908203124,377.0374755859375,5417.0
9,45,65.89540100097656,424.4971008300781,3786.0
9,46,125.11772918701172,442.4580993652344,4451.0
9,47,257.4091491699219,84.28166961669922,3781.0
9,48,165.6116180419922,167.17974853515625,3427.0
9,49,311.4823303222656,171.46359252929688,3255.0
9,50,254.64122009277344,191.10580444335932,3459.0
9,51,96.84977722167967,199.4983062744141,3821.0
9,52,191.808349609375,215.35235595703125,2489.0
9,53,146.27310180664062,237.9333953857422,3453.0
9,54,417.18115234375,295.6776733398437,2727.0
9,55,342.0111999511719,300.9160461425781,3121.0
9,56,206.4834899902344,310.83660888671875,4180.0
9,57,411.2704772949219,333.7031555175781,2577.0
9,58,250.4272003173828,367.2421569824219,4183.0
9,59,359.3914489746094,412.6200256347656,3045.0
9,60,186.08364868164065,437.1435241699219,2355.0
9,61,484.5912170410156,18.308950424194336,1162.0
9,62,295.951171875,318.8365173339844,2826.0
9,63,463.85980224609375,345.3614807128906,2675.0
9,64,374.5236206054688,351.7800598144531,2519.0
9,65,269.4047241210937,448.6711120605469,4114.0
9,66,0.0,0.0,0.0
9,67,201.7008514404297,486.4229736328125,2584.0
9,68,321.9153137207031,458.7459411621094,3708.0
9,69,302.5445556640625,5.544554233551025,303.0
9,70,496.7618103027344,404.3041076660156,1608.0
9,71,0.0,0.0,0.0
9,72,53.68533706665039,483.5746765136719,2196.0
9,73,438.6423034667969,384.8882141113281,1655.0
9,74,403.51165771484375,399.0885009765625,2271.0
9,75,461.3046875,431.51654052734375,3899.0
9,76,399.198974609375,459.9930725097656,3327.0
9,77,230.2718811035156,6.084374904632568,320.0
9,78,0.0,0.0,0.0
9,79,0.0,0.0,0.0
9,80,17.170751571655273,495.1715698242188,1224.0
9,81,447.041259765625,484.1421508789063,2230.0
9,82,0.0,0.0,0.0
9,83,353.2223815917969,492.7709045410156,2235.0
9,84,86.62421417236328,499.7091064453125,636.0
9,85,364.0446166992188,133.18521118164062,2219.0
9,86,493.3831481933594,144.72036743164062,1198.0
9,87,493.3052978515625,234.070068359375,1998.0
9,88,502.5155334472656,455.3385009765625,644.0
9,89,489.9926452636719,489.7340393066406,1771.0
9,90,0.0,0.0,0.0
9,91,498.8670349121094,111.27783966064452,925.0
9,92,0.0,0.0,0.0
9,93,497.2229919433594,295.8471984863281,1453.0
9,94,71.74881744384766,7.022511959075928,844.0
9,95,335.1993103027344,7.29370641708374,572.0
9,96,501.3911743164063,40.64095687866211,1089.0
9,97,496.8423156738281,348.3814392089844,1725.0
9,98,229.275390625,437.23638916015625,2077.0
9,99,314.6487121582031,379.7680358886719,4936.0
9,100,295.8008728027344,502.2717895507813,688.0
9,101,6.011111259460449,238.55555725097656,270.0
9,102,0.0,0.0,0.0
9,103,407.0684509277344,502.907958984375,891.0
9,104,505.4797058105469,195.42803955078125,271.0
9,105,0.0,0.0,0.0
9,106,0.0,0.0,0.0
9,107,0.0,0.0,0.0
9,108,0.0,0.0,0.0
9,109,0.0,0.0,0.0
9,110,0.0,0.0,0.0
9,111,0.0,0.0,0.0
9,112,0.0,0.0,0.0
9,113,0.0,0.0,0.0
9,114,0.0,0.0,0.0
9,115,0.0,0.0,0.0
9,116,0.0,0.0,0.0
9,117,422.8238220214844,120.52691650390624,2452.0
9,118,0.0,0.0,0.0
9,119,0.0,0.0,0.0
9,120,0.0,0.0,0.0
9,121,0.0,0.0,0.0
9,122,0.0,0.0,0.0
9,123,0.0,0.0,0.0
9,124,0.0,0.0,0.0
9,125,219.21401977539065,151.7036590576172,3523.0
9,126,0.0,0.0,0.0
9,127,0.0,0.0,0.0
9,128,0.0,0.0,0.0
9,129,0.0,0.0,0.0
9,130,137.9982147216797,489.898681640625,3366.0
9,131,0.0,0.0,0.0
9,132,0.0,0.0,0.0
9,133,0.0,0.0,0.0
9,134,0.0,0.0,0.0
9,135,0.0,0.0,0.0
9,136,0.0,0.0,0.0
9,137,100.73014068603516,86.92406463623047,3424.0
9,138,0.0,0.0,0.0
9,139,0.0,0.0,0.0
9,140,0.0,0.0,0.0
9,141,0.0,0.0,0.0
9,142,0.0,0.0,0.0
9,143,0.0,0.0,0.0
9,144,0.0,0.0,0.0
9,145,0.0,0.0,0.0
9,146,0.0,0.0,0.0
9,147,0.0,0.0,0.0
9,148,0.0,0.0,0.0
9,149,0.0,0.0,0.0
9,150,0.0,0.0,0.0
9,151,0.0,0.0,0.0
9,152,0.0,0.0,0.0
9,153,0.0,0.0,0.0
9,154,0.0,0.0,0.0
9,155,0.0,0.0,0.0
9,156,0.0,0.0,0.0
9,157,0.0,0.0,0.0
9,158,0.0,0.0,0.0
9,159,0.0,0.0,0.0
9,160,0.0,0.0,0.0
9,161,0.0,0.0,0.0
9,162,0.0,0.0,0.0
9,163,0.0,0.0,0.0
9,164,0.0,0.0,0.0
9,165,0.0,0.0,0.0
9,166,0.0,0.0,0.0
9,167,0.0,0.0,0.0
9,168,0.0,0.0,0.0
9,169,0.0,0.0,0.0
9,170,0.0,0.0,0.0
9,171,0.0,0.0,0.0
9,172,0.0,0.0,0.0
9,173,0.0,0.0,0.0
9,174,0.0,0.0,0.0
9,175,0.0,0.0,0.0
9,176,0.0,0.0,0.0
9,177,0.0,0.0,0.0
9,178,0.0,0.0,0.0
9,179,0.0,0.0,0.0
9,180,0.0,0.0,0.0
9,181,0.0,0.0,0.0
9,182,0.0,0.0,0.0
9,183,0.0,0.0,0.0
9,184,0.0,0.0,0.0
9,185,0.0,0.0,0.0
9,186,0.0,0.0,0.0
9,187,0.0,0.0,0.0
9,188,0.0,0.0,0.0
9,189,0.0,0.0,0.0
9,190,0.0,0.0,0.0
9,191,0.0,0.0,0.0
9,192,0.0,0.0,0.0
9,193,0.0,0.0,0.0
9,194,0.0,0.0,0.0
9,195,0.0,0.0,0.0
9,196,0.0,0.0,0.0
9,197,0.0,0.0,0.0
9,198,0.0,0.0,0.0
9,199,0.0,0.0,0.0
9,200,0.0,0.0,0.0
10,0,22.47378730773925,17.526212692260742,1526.0
10,1,79.24024963378906,39.23089218139648,3742.0
10,2,128.33355712890625,13.82108211517334,1442.0
10,3,366.5472106933594,20.59670066833496,1758.0
10,4,434.8101196289063,24.99418830871582,3613.0
10,5,153.78697204589844,65.28640747070312,2685.0
10,6,11.48888874053955,53.28622055053711,1125.0
10,7,360.5428466796875,65.314697265625,2415.0
10,8,0.0,0.0,0.0
10,9,413.668701171875,77.87564086914062,4881.0
10,10,39.96335220336914,81.49053192138672,2483.0
10,11,477.6560363769531,77.96476745605469,2384.0
10,12,19.923524856567383,127.63328552246094,2746.0
10,13,418.8875122070313,200.6467437744141,3547.0
10,14,471.950927734375,190.27752685546875,3178.0
10,15,313.7779235839844,231.7753753662109,3152.0
10,16,226.61265563964844,246.7302398681641,3240.0
10,17,402.7818603515625,246.02682495117188,2237.0
10,18,361.5334777832031,261.155517578125,2225.0
10,19,458.26556396484375,268.2928161621094,3374.0
10,20,33.31504821777344,271.2685852050781,4412.0
10,21,116.92081451416016,318.60626220703125,3157.0
10,22,11.357085227966309,327.8615417480469,1235.0
10,23,53.03627014160156,338.94647216796875,4053.0
10,24,18.692716598510746,383.1392822265625,1881.0
10,25,18.730344772338867,440.9889831542969,2633.0
10,26,190.77281188964844,29.833654403686523,4142.0
10,27,262.38232421875,29.13303565979004,3578.0
10,28,314.975830078125,41.936317443847656,2481.0
10,29,195.65255737304688,97.70530700683594,3166.0
10,30,324.33233642578125,97.75837707519533,2657.0
10,31,280.69781494140625,129.6182861328125,2942.0
10,32,131.64041137695312,131.72219848632812,3632.0
10,33,0.0,0.0,0.0
10,34,71.08496856689453,141.94700622558594,3472.0
10,35,441.6781311035156,145.9602508544922,2616.0
10,36,30.51522827148437,196.55242919921875,4301.0
10,37,365.01953125,187.04098510742188,4196.0
10,38,278.9952697753906,261.5475769042969,2544.0
10,39,90.6615982055664,261.9869689941406,3685.0
10,40,0.0,0.0,0.0
10,41,155.96890258789062,294.712158203125,2637.0
10,42,250.2073211669922,299.0906677246094,1886.0
10,43,185.29620361328125,376.4750671386719,4210.0
10,44,114.04792022705078,376.24603271484375,5467.0
10,45,64.82601928710938,424.6206359863281,3759.0
10,46,123.6222686767578,441.3888854980469,4392.0
10,47,256.89813232421875,83.71473693847656,3828.0
10,48,165.41055297851562,166.76605224609375,3488.0
10,49,310.69140625,171.7552947998047,3396.0
10,50,253.12828063964844,189.14486694335932,3617.0
10,51,96.4946746826172,198.73590087890625,3847.0
10,52,190.9093780517578,215.3422393798828,2472.0
10,53,145.44070434570312,238.0473175048828,3508.0
10,54,415.8500671386719,295.21484375,2681.0
10,55,340.4335021972656,300.1932373046875,3105.0
10,56,204.36395263671875,310.2579650878906,4388.0
10,57,409.049560546875,332.34234619140625,2623.0
10,58,248.917221069336,367.21917724609375,4252.0
10,59,352.9218444824219,411.5647583007813,4184.0
10,60,184.89480590820312,435.5422058105469,2405.0
10,61,483.4861450195313,18.583572387695312,1047.0
10,62,294.1941833496094,318.0843811035156,2915.0
10,63,462.52874755859375,345.2318115234375,2610.0
10,64,373.1821594238281,351.1392517089844,2377.0
10,65,268.6623840332031,448.85589599609375,4191.0
10,66,0.0,0.0,0.0
10,67,200.04034423828125,485.2727661132813,2603.0
10,68,321.3397827148437,457.97796630859375,3314.0
10,69,301.5214233398437,5.60357141494751,280.0
10,70,496.1366271972656,404.1969299316406,1625.0
10,71,0.0,0.0,0.0
10,72,52.8173828125,482.60498046875,2048.0
10,73,437.0166320800781,382.73040771484375,1684.0
10,74,403.54486083984375,398.9476318359375,2329.0
10,75,460.8058471679688,430.9526977539063,3868.0
10,76,398.9905395507813,459.29205322265625,3068.0
10,77,229.3065948486328,6.446991443634033,349.0
10,78,0.0,0.0,0.0
10,79,0.0,0.0,0.0
10,80,17.094703674316406,494.6460571289063,1246.0
10,81,446.5173645019531,483.844482421875,2244.0
10,82,0.0,0.0,0.0
10,83,350.4214172363281,492.6277770996094,2418.0
10,84,85.96237182617188,500.0274963378906,691.0
10,85,362.9115905761719,132.51535034179688,2183.0
10,86,492.9318237304688,144.53451538085938,1188.0
10,87,491.7980041503906,234.11834716796875,2104.0
10,88,502.1168212890625,455.3660888671875,702.0
10,89,489.4991760253906,489.79241943359375,1797.0
10,90,0.0,0.0,0.0
10,91,497.2904052734375,111.12390899658205,1033.0
10,92,0.0,0.0,0.0
10,93,496.4251403808594,294.943359375,1536.0
10,94,70.27017974853516,7.544843196868896,892.0
10,95,333.31719970703125,7.277777671813965,558.0
10,96,500.676025390625,37.27511215209961,1105.0
10,97,496.0122985839844,348.27301025390625,1868.0
10,98,228.3143768310547,436.0043640136719,2058.0
10,99,310.97125244140625,375.088134765625,4210.0
10,100,294.73114013671875,501.3125915527344,755.0
10,101,5.803149700164795,237.06692504882807,254.0
10,102,0.0,0.0,0.0
10,103,406.1095581054688,501.4549560546875,1077.0
10,104,504.9776916503906,193.0111541748047,448.0
10,105,172.57522583007812,505.7698974609375,226.0
10,106,0.0,0.0,0.0
10,107,0.0,0.0,0.0
10,108,0.0,0.0,0.0
10,109,0.0,0.0,0.0
10,110,0.0,0.0,0.0
10,111,0.0,0.0,0.0
10,112,0.0,0.0,0.0
10,113,0.0,0.0,0.0
10,114,0.0,0.0,0.0
10,115,0.0,0.0,0.0
10,116,0.0,0.0,0.0
10,117,421.1074523925781,120.60572052001952,2308.0
10,118,0.0,0.0,0.0
10,119,0.0,0.0,0.0
10,120,0.0,0.0,0.0
10,121,0.0,0.0,0.0
10,122,0.0,0.0,0.0
10,123,0.0,0.0,0.0
10,124,0.0,0.0,0.0
10,125,218.0729522705078,151.1151580810547,3317.0
10,126,0.0,0.0,0.0
10,127,0.0,0.0,0.0
10,128,0.0,0.0,0.0
10,129,0.0,0.0,0.0
10,130,134.9394073486328,487.95794677734375,3235.0
10,131,0.0,0.0,0.0
10,132,0.0,0.0,0.0
10,133,0.0,0.0,0.0
10,134,0.0,0.0,0.0
10,135,0.0,0.0,0.0
10,136,0.0,0.0,0.0
10,137,100.83708953857422,86.24272918701172,3370.0
10,138,0.0,0.0,0.0
10,139,0.0,0.0,0.0
10,140,0.0,0.0,0.0
10,141,0.0,0.0,0.0
10,142,0.0,0.0,0.0
10,143,0.0,0.0,0.0
10,144,0.0,0.0,0.0
10,145,0.0,0.0,0.0
10,146,0.0,0.0,0.0
10,147,0.0,0.0,0.0
10,148,0.0,0.0,0.0
10,149,0.0,0.0,0.0
10,150,0.0,0.0,0.0
10,151,0.0,0.0,0.0
10,152,0.0,0.0,0.0
10,153,0.0,0.0,0.0
10,154,0.0,0.0,0.0
10,155,0.0,0.0,0.0
10,156,0.0,0.0,0.0
10,157,0.0,0.0,0.0
10,158,0.0,0.0,0.0
10,159,0.0,0.0,0.0
10,160,0.0,0.0,0.0
10,161,0.0,0.0,0.0
10,162,0.0,0.0,0.0
10,163,0.0,0.0,0.0
10,164,0.0,0.0,0.0
10,165,0.0,0.0,0.0
10,166,0.0,0.0,0.0
10,167,0.0,0.0,0.0
10,168,0.0,0.0,0.0
10,169,0.0,0.0,0.0
10,170,0.0,0.0,0.0
10,171,0.0,0.0,0.0
10,172,0.0,0.0,0.0
10,173,0.0,0.0,0.0
10,174,0.0,0.0,0.0
10,175,0.0,0.0,0.0
10,176,0.0,0.0,0.0
10,177,0.0,0.0,0.0
10,178,0.0,0.0,0.0
10,179,0.0,0.0,0.0
10,180,0.0,0.0,0.0
10,181,0.0,0.0,0.0
10,182,0.0,0.0,0.0
10,183,0.0,0.0,0.0
10,184,0.0,0.0,0.0
10,185,0.0,0.0,0.0
10,186,0.0,0.0,0.0
10,187,0.0,0.0,0.0
10,188,0.0,0.0,0.0
10,189,0.0,0.0,0.0
10,190,0.0,0.0,0.0
10,191,0.0,0.0,0.0
10,192,0.0,0.0,0.0
10,193,0.0,0.0,0.0
10,194,0.0,0.0,0.0
10,195,0.0,0.0,0.0
10,196,0.0,0.0,0.0
10,197,0.0,0.0,0.0
10,198,0.0,0.0,0.0
10,199,0.0,0.0,0.0
10,200,0.0,0.0,0.0
11,0,22.24317169189453,17.43570899963379,1501.0
11,1,79.42521667480469,39.36481094360352,3791.0
11,2,128.7431640625,13.843165397644045,1390.0
11,3,365.406982421875,19.81911849975586,1747.0
11,4,434.7871398925781,25.046062469482425,3669.0
11,5,154.03680419921875,65.37955474853516,2690.0
11,6,11.29026699066162,53.98707962036133,1161.0
11,7,359.8804626464844,64.5513687133789,2443.0
11,8,0.0,0.0,0.0
11,9,412.6535949707031,77.93707275390625,4942.0
11,10,40.708946228027344,80.79084777832031,2381.0
11,11,475.97271728515625,77.0224380493164,2273.0
11,12,20.26107406616211,126.38526153564452,2754.0
11,13,417.9601135253906,200.1999969482422,3535.0
11,14,470.2506408691406,189.6929931640625,3140.0
11,15,312.806884765625,232.05300903320312,3169.0
11,16,226.16671752929688,245.6887969970703,3149.0
11,17,401.7342834472656,245.3675842285156,2258.0
11,18,360.7452087402344,261.1342163085937,2198.0
11,19,456.5602416992188,268.84814453125,3286.0
11,20,33.10871124267578,271.0625,4305.0
11,21,115.05210876464844,317.8136291503906,3128.0
11,22,11.283772468566896,326.18182373046875,1177.0
11,23,52.18592834472656,337.7118530273437,3894.0
11,24,18.22493362426757,381.2434997558594,1885.0
11,25,18.01728248596192,439.9175109863281,2546.0
11,26,190.75303649902344,29.75495147705078,4191.0
11,27,261.07098388671875,28.69125366210937,3579.0
11,28,314.3926696777344,41.44911575317383,2427.0
11,29,194.98301696777344,97.83208465576172,3061.0
11,30,323.546875,97.02812957763672,2666.0
11,31,279.61798095703125,129.05555725097656,2916.0
11,32,131.5126190185547,131.15460205078125,3564.0
11,33,0.0,0.0,0.0
11,34,71.00230407714844,141.8599090576172,3469.0
11,35,440.4136962890625,145.29864501953125,2642.0
11,36,30.52577781677246,195.8632202148437,4306.0
11,37,364.1021728515625,186.8970947265625,4169.0
11,38,277.54608154296875,259.1341552734375,2333.0
11,39,89.89476776123047,261.2967834472656,3649.0
11,40,0.0,0.0,0.0
11,41,154.50323486328125,293.9601135253906,2633.0
11,42,249.09146118164065,297.1849670410156,1957.0
11,43,183.6928253173828,374.95849609375,4193.0
11,44,111.8798370361328,375.4706115722656,5476.0
11,45,63.25713348388672,423.8007507324219,3714.0
11,46,122.68059539794922,439.7945251464844,4380.0
11,47,256.3279724121094,83.38517761230469,3845.0
11,48,165.1742706298828,166.35894775390625,3552.0
11,49,309.9417419433594,171.6966094970703,3451.0
11,50,252.1732788085937,187.60972595214844,3659.0
11,51,96.15538787841795,198.1997833251953,3784.0
11,52,190.02926635742188,215.9719390869141,2494.0
11,53,144.0839385986328,237.2249755859375,3467.0
11,54,414.580322265625,294.78125,2633.0
11,55,338.8203125,298.94989013671875,2994.0
11,56,202.8581085205078,309.19451904296875,4426.0
11,57,408.529541015625,332.3286437988281,2708.0
11,58,247.2924652099609,366.6866455078125,4257.0
11,59,345.9942321777344,407.1101989746094,5372.0
11,60,184.3132781982422,434.04925537109375,2477.0
11,61,483.289306640625,15.806722640991213,833.0
11,62,292.4794616699219,315.6697692871094,2995.0
11,63,461.0123291015625,343.4165344238281,2432.0
11,64,371.9631042480469,350.0377197265625,2440.0
11,65,267.54937744140625,449.0641784667969,4223.0
11,66,0.0,0.0,0.0
11,67,199.33457946777344,484.5935974121094,2687.0
11,68,319.8197021484375,457.6567687988281,3167.0
11,69,301.5188293457031,6.298550605773926,345.0
11,70,494.7303771972656,402.9630737304688,1706.0
11,71,0.0,0.0,0.0
11,72,51.87058639526367,481.61224365234375,2040.0
11,73,438.25494384765625,382.6771545410156,1620.0
11,74,404.00830078125,398.4375305175781,2409.0
11,75,459.7266845703125,431.1047668457031,3827.0
11,76,398.3758544921875,459.4123840332031,3065.0
11,77,227.7622985839844,5.122951030731201,244.0
11,78,0.0,0.0,0.0
11,79,0.0,0.0,0.0
11,80,17.222909927368164,494.4659423828125,1292.0
11,81,446.1262817382813,483.9555969238281,2162.0
11,82,0.0,0.0,0.0
11,83,348.7152099609375,492.2067260742188,2472.0
11,84,85.0,499.7830200195313,742.0
11,85,362.22357177734375,131.875,2232.0
11,86,492.4971008300781,144.28195190429688,1213.0
11,87,490.2537536621094,234.31842041015625,2258.0
11,88,501.7928771972656,454.1783142089844,729.0
11,89,488.7691040039063,489.60198974609375,1897.0
11,90,0.0,0.0,0.0
11,91,496.6832275390625,109.78595733642578,1168.0
11,92,0.0,0.0,0.0
11,93,495.8403015136719,294.1709289550781,1603.0
11,94,71.57569122314453,7.57679557800293,905.0
11,95,332.0989990234375,6.919191837310791,495.0
11,96,499.7003784179688,40.82749557495117,771.0
11,97,495.0393371582031,348.0313720703125,2008.0
11,98,227.47579956054688,434.6416320800781,1984.0
11,99,306.33990478515625,369.5447082519531,3354.0
11,100,294.5379333496094,500.96478271484375,738.0
11,101,6.299674034118652,236.990234375,307.0
11,102,0.0,0.0,0.0
11,103,404.4925231933594,501.1591796875,1137.0
11,104,504.3805236816406,192.3106689453125,544.0
11,105,171.08468627929688,505.0683898925781,307.0
11,106,0.0,0.0,0.0
11,107,0.0,0.0,0.0
11,108,0.0,0.0,0.0
11,109,0.0,0.0,0.0
11,110,0.0,0.0,0.0
11,111,0.0,0.0,0.0
11,112,0.0,0.0,0.0
11,113,0.0,0.0,0.0
11,114,0.0,0.0,0.0
11,115,0.0,0.0,0.0
11,116,0.0,0.0,0.0
11,117,421.1102294921875,120.50764465332033,2159.0
11,118,0.0,0.0,0.0
11,119,0.0,0.0,0.0
11,120,0.0,0.0,0.0
11,121,0.0,0.0,0.0
11,122,0.0,0.0,0.0
11,123,0.0,0.0,0.0
11,124,0.0,0.0,0.0
11,125,217.1127014160156,150.9186553955078,3221.0
11,126,0.0,0.0,0.0
11,127,0.0,0.0,0.0
11,128,0.0,0.0,0.0
11,129,0.0,0.0,0.0
11,130,132.9410400390625,486.8866271972656,3290.0
11,131,0.0,0.0,0.0
11,132,0.0,0.0,0.0
11,133,0.0,0.0,0.0
11,134,0.0,0.0,0.0
11,135,0.0,0.0,0.0
11,136,0.0,0.0,0.0
11,137,100.7289581298828,86.3968276977539,3339.0
11,138,0.0,0.0,0.0
11,139,0.0,0.0,0.0
11,140,0.0,0.0,0.0
11,141,0.0,0.0,0.0
11,142,0.0,0.0,0.0
11,143,0.0,0.0,0.0
11,144,0.0,0.0,0.0
11,145,0.0,0.0,0.0
11,146,0.0,0.0,0.0
11,147,0.0,0.0,0.0
11,148,0.0,0.0,0.0
11,149,0.0,0.0,0.0
11,150,0.0,0.0,0.0
11,151,0.0,0.0,0.0
11,152,0.0,0.0,0.0
11,153,0.0,0.0,0.0
11,154,0.0,0.0,0.0
11,155,0.0,0.0,0.0
11,156,0.0,0.0,0.0
11,157,0.0,0.0,0.0
11,158,0.0,0.0,0.0
11,159,0.0,0.0,0.0
11,160,0.0,0.0,0.0
11,161,0.0,0.0,0.0
11,162,0.0,0.0,0.0
11,163,0.0,0.0,0.0
11,164,0.0,0.0,0.0
11,165,0.0,0.0,0.0
11,166,0.0,0.0,0.0
11,167,0.0,0.0,0.0
11,168,0.0,0.0,0.0
11,169,0.0,0.0,0.0
11,170,0.0,0.0,0.0
11,171,0.0,0.0,0.0
11,172,0.0,0.0,0.0
11,173,0.0,0.0,0.0
11,174,0.0,0.0,0.0
11,175,0.0,0.0,0.0
11,176,0.0,0.0,0.0
11,177,0.0,0.0,0.0
11,178,0.0,0.0,0.0
11,179,0.0,0.0,0.0
11,180,0.0,0.0,0.0
11,181,0.0,0.0,0.0
11,182,0.0,0.0,0.0
11,183,0.0,0.0,0.0
11,184,0.0,0.0,0.0
11,185,0.0,0.0,0.0
11,186,0.0,0.0,0.0
11,187,0.0,0.0,0.0
11,188,0.0,0.0,0.0
11,189,0.0,0.0,0.0
11,190,0.0,0.0,0.0
11,191,0.0,0.0,0.0
11,192,0.0,0.0,0.0
11,193,0.0,0.0,0.0
11,194,0.0,0.0,0.0
11,195,0.0,0.0,0.0
11,196,0.0,0.0,0.0
11,197,0.0,0.0,0.0
11,198,0.0,0.0,0.0
11,199,0.0,0.0,0.0
11,200,0.0,0.0,0.0
12,0,22.462196350097656,16.73537826538086,1402.0
12,1,80.2464828491211,40.381446838378906,3838.0
12,2,129.79002380371094,13.761329650878906,1324.0
12,3,365.72259521484375,19.12994384765625,1770.0
12,4,435.1856384277344,25.02420234680176,3760.0
12,5,154.19627380371094,65.18372344970703,2629.0
12,6,11.176236152648926,53.40909194946289,1254.0
12,7,358.9394836425781,63.85372161865234,2379.0
12,8,0.0,0.0,0.0
12,9,411.6212768554688,77.84811401367188,4951.0
12,10,41.26853561401367,80.88793182373047,2320.0
12,11,475.2257385253906,77.1684341430664,2268.0
12,12,19.812294006347656,125.46944427490234,2733.0
12,13,416.2405395507813,200.773193359375,3492.0
12,14,468.4241027832031,188.59556579589844,3155.0
12,15,311.32440185546875,231.9744110107422,3283.0
12,16,225.81204223632807,244.9039459228516,3123.0
12,17,400.5989990234375,245.0900115966797,2222.0
12,18,360.0762634277344,261.3726806640625,2203.0
12,19,455.1385192871094,268.17138671875,3133.0
12,20,32.69758605957031,270.510498046875,4431.0
12,21,113.8309097290039,316.5489807128906,3093.0
12,22,11.425777435302734,326.0035705566406,1125.0
12,23,51.912742614746094,337.1439208984375,3759.0
12,24,18.07717514038086,379.5927734375,1827.0
12,25,17.836767196655273,438.1497497558594,2524.0
12,26,190.7449951171875,29.519420623779297,4145.0
12,27,260.77008056640625,28.10370445251465,3510.0
12,28,313.8081970214844,40.986328125,2414.0
12,29,194.319580078125,97.9960708618164,3054.0
12,30,322.96612548828125,96.70802307128906,2716.0
12,31,278.31671142578125,129.06895446777344,2886.0
12,32,131.47177124023438,130.7574005126953,3578.0
12,33,0.0,0.0,0.0
12,34,70.53845977783203,141.37765502929688,3445.0
12,35,438.2283630371094,144.92617797851562,2750.0
12,36,30.30111694335937,195.1197052001953,4294.0
12,37,362.7390747070313,186.69520568847656,4124.0
12,38,276.4891662597656,260.1522216796875,2306.0
12,39,89.1028060913086,260.3115234375,3560.0
12,40,0.0,0.0,0.0
12,41,153.428955078125,293.5451354980469,2625.0
12,42,247.89141845703125,296.778076171875,1888.0
12,43,182.2707061767578,374.5547790527344,4189.0
12,44,110.70236206054688,374.4910888671875,5500.0
12,45,62.8082389831543,423.943603515625,3812.0
12,46,123.06694793701172,439.4177551269531,4481.0
12,47,255.639404296875,82.7966537475586,3949.0
12,48,164.89321899414062,166.64622497558594,3587.0
12,49,308.9878845214844,171.4120635986328,3463.0
12,50,251.32752990722656,187.0074615478516,3618.0
12,51,95.87284088134766,197.4219207763672,3759.0
12,52,189.1698760986328,216.197006225586,2543.0
12,53,142.86004638671875,237.0664520263672,3401.0
12,54,414.73040771484375,294.5329284667969,2719.0
12,55,337.1903991699219,298.0549621582031,2857.0
12,56,201.77249145507807,308.3346862792969,4479.0
12,57,406.63092041015625,331.8676147460937,2704.0
12,58,245.34698486328125,366.23577880859375,4271.0
12,59,346.00592041015625,406.2514953613281,5396.0
12,60,183.8802795410156,433.7384033203125,2347.0
12,61,486.834716796875,15.71976089477539,835.0
12,62,291.1703796386719,315.16729736328125,2911.0
12,63,458.4997863769531,340.7767333984375,2253.0
12,64,370.2886352539063,349.0077819824219,2446.0
12,65,266.5458679199219,448.8531494140625,4338.0
12,66,0.0,0.0,0.0
12,67,197.87075805664065,483.5463562011719,2654.0
12,68,319.2508239746094,456.0663757324219,3285.0
12,69,301.76434326171875,6.04531717300415,331.0
12,70,492.5372619628906,400.9935302734375,1852.0
12,71,0.0,0.0,0.0
12,72,50.8572883605957,481.7560729980469,1976.0
12,73,437.59130859375,381.9149169921875,1681.0
12,74,403.5025939941406,397.85546875,2318.0
12,75,458.8216857910156,431.0997619628906,3679.0
12,76,398.5835571289063,458.3370971679688,3112.0
12,77,228.15350341796875,5.048245429992676,228.0
12,78,0.0,0.0,0.0
12,79,0.0,0.0,0.0
12,80,17.1561336517334,493.6788024902344,1345.0
12,81,445.9246520996094,484.2703247070313,2190.0
12,82,0.0,0.0,0.0
12,83,347.17401123046875,492.2385559082031,2448.0
12,84,84.22523498535156,498.7452697753906,848.0
12,85,361.2192687988281,131.26718139648438,2212.0
12,86,491.77099609375,143.88272094726562,1262.0
12,87,488.8534851074219,234.5961303710937,2382.0
12,88,501.3019409179688,453.1454772949219,818.0
12,89,488.5354309082031,489.2456665039063,1905.0
12,90,0.0,0.0,0.0
12,91,496.7720947265625,108.53014373779295,1211.0
12,92,0.0,0.0,0.0
12,93,495.2903747558594,293.6745300292969,1653.0
12,94,73.16021728515625,8.441067695617676,1086.0
12,95,331.7122497558594,7.308163166046143,490.0
12,96,500.8671569824219,51.05075454711914,926.0
12,97,493.7579650878906,347.8084716796875,2198.0
12,98,225.7490692138672,434.1352844238281,1885.0
12,99,304.6589050292969,367.9455871582031,3474.0
12,100,293.3350524902344,500.8571472167969,770.0
12,101,5.724806308746338,235.58526611328125,258.0
12,102,0.0,0.0,0.0
12,103,402.9753723144531,500.5944213867188,1218.0
12,104,503.73675537109375,191.4205780029297,661.0
12,105,170.43716430664062,504.35791015625,366.0
12,106,491.0625,33.25,16.0
12,107,0.0,0.0,0.0
12,108,0.0,0.0,0.0
12,109,0.0,0.0,0.0
12,110,0.0,0.0,0.0
12,111,0.0,0.0,0.0
12,112,0.0,0.0,0.0
12,113,0.0,0.0,0.0
12,114,0.0,0.0,0.0
12,115,0.0,0.0,0.0
12,116,0.0,0.0,0.0
12,117,419.3172607421875,120.2392807006836,2052.0
12,118,0.0,0.0,0.0
12,119,0.0,0.0,0.0
12,120,0.0,0.0,0.0
12,121,0.0,0.0,0.0
12,122,0.0,0.0,0.0
12,123,0.0,0.0,0.0
12,124,0.0,0.0,0.0
12,125,216.6866149902344,150.59234619140625,3108.0
12,126,0.0,0.0,0.0
12,127,0.0,0.0,0.0
12,128,0.0,0.0,0.0
12,129,0.0,0.0,0.0
12,130,132.71250915527344,486.9875793457031,3141.0
12,131,0.0,0.0,0.0
12,132,0.0,0.0,0.0
12,133,0.0,0.0,0.0
12,134,0.0,0.0,0.0
12,135,0.0,0.0,0.0
12,136,0.0,0.0,0.0
12,137,100.58489227294922,86.82376098632812,3257.0
12,138,0.0,0.0,0.0
12,139,0.0,0.0,0.0
12,140,0.0,0.0,0.0
12,141,0.0,0.0,0.0
12,142,0.0,0.0,0.0
12,143,0.0,0.0,0.0
12,144,0.0,0.0,0.0
12,145,0.0,0.0,0.0
12,146,0.0,0.0,0.0
12,147,0.0,0.0,0.0
12,148,0.0,0.0,0.0
12,149,0.0,0.0,0.0
12,150,0.0,0.0,0.0
12,151,0.0,0.0,0.0
12,152,0.0,0.0,0.0
12,153,0.0,0.0,0.0
12,154,0.0,0.0,0.0
12,155,0.0,0.0,0.0
12,156,0.0,0.0,0.0
12,157,0.0,0.0,0.0
12,158,0.0,0.0,0.0
12,159,0.0,0.0,0.0
12,160,0.0,0.0,0.0
12,161,0.0,0.0,0.0
12,162,0.0,0.0,0.0
12,163,0.0,0.0,0.0
12,164,0.0,0.0,0.0
12,165,0.0,0.0,0.0
12,166,0.0,0.0,0.0
12,167,0.0,0.0,0.0
12,168,0.0,0.0,0.0
12,169,0.0,0.0,0.0
12,170,0.0,0.0,0.0
12,171,0.0,0.0,0.0
12,172,0.0,0.0,0.0
12,173,0.0,0.0,0.0
12,174,0.0,0.0,0.0
12,175,0.0,0.0,0.0
12,176,0.0,0.0,0.0
12,177,0.0,0.0,0.0
12,178,0.0,0.0,0.0
12,179,0.0,0.0,0.0
12,180,0.0,0.0,0.0
12,181,0.0,0.0,0.0
12,182,0.0,0.0,0.0
12,183,0.0,0.0,0.0
12,184,0.0,0.0,0.0
12,185,0.0,0.0,0.0
12,186,0.0,0.0,0.0
12,187,0.0,0.0,0.0
12,188,0.0,0.0,0.0
12,189,0.0,0.0,0.0
12,190,0.0,0.0,0.0
12,191,0.0,0.0,0.0
12,192,0.0,0.0,0.0
12,193,0.0,0.0,0.0
12,194,0.0,0.0,0.0
12,195,0.0,0.0,0.0
12,196,0.0,0.0,0.0
12,197,0.0,0.0,0.0
12,198,0.0,0.0,0.0
12,199,0.0,0.0,0.0
12,200,0.0,0.0,0.0
13,0,23.0241928100586,15.306451797485352,1240.0
13,1,80.3884048461914,40.5213737487793,3813.0
13,2,129.90545654296875,13.912375450134276,1301.0
13,3,367.5652770996094,18.209720611572266,1831.0
13,4,436.1497192382813,25.317909240722656,3847.0
13,5,154.124755859375,65.45541381835938,2613.0
13,6,11.579985618591309,50.32432556152344,1369.0
13,7,358.0898742675781,63.02675628662109,2392.0
13,8,0.0,0.0,0.0
13,9,410.7850341796875,77.50496673583984,4931.0
13,10,40.94485092163086,80.51012420654297,2321.0
13,11,473.7947082519531,77.32569885253906,2226.0
13,12,19.88179588317871,124.9299545288086,2741.0
13,13,414.7030334472656,200.1607818603516,3539.0
13,14,466.5343933105469,188.11508178710932,3024.0
13,15,309.9291381835937,231.8857879638672,3231.0
13,16,224.63368225097656,244.7006072998047,3123.0
13,17,399.002685546875,244.03982543945312,2235.0
13,18,358.1012268066406,260.7491149902344,2272.0
13,19,452.8950500488281,267.2896423339844,3059.0
13,20,32.07828903198242,270.1595153808594,4445.0
13,21,112.24859619140624,315.6258544921875,3210.0
13,22,11.231522560119627,326.04718017578125,1123.0
13,23,50.692569732666016,336.1981201171875,3513.0
13,24,18.2298526763916,378.4727478027344,1762.0
13,25,17.608247756958008,436.444091796875,2522.0
13,26,191.5847930908203,28.28072929382324,4328.0
13,27,260.31317138671875,27.6760368347168,3522.0
13,28,313.4787902832031,40.22877883911133,2356.0
13,29,194.07650756835932,97.9602279663086,2967.0
13,30,322.39361572265625,96.31481170654295,2754.0
13,31,277.1916198730469,128.85780334472656,2792.0
13,32,130.69915771484375,129.8855743408203,3653.0
13,33,471.0,112.0,1.0
13,34,70.19393157958984,141.36764526367188,3362.0
13,35,436.6226196289063,144.01699829101562,2883.0
13,36,30.015344619750977,194.7230834960937,4301.0
13,37,361.1943054199219,186.259506225586,3942.0
13,38,274.6508178710937,258.98583984375,2188.0
13,39,88.2396469116211,259.47100830078125,3501.0
13,40,0.0,0.0,0.0
13,41,152.65835571289062,292.3953857421875,2605.0
13,42,246.6327667236328,295.7858581542969,1868.0
13,43,180.8632049560547,373.4219665527344,4145.0
13,44,108.81124114990234,373.6721801757813,5515.0
13,45,62.094032287597656,423.1795959472656,3786.0
13,46,123.17646026611328,438.4343872070313,4579.0
13,47,255.0660095214844,82.37923431396484,4045.0
13,48,164.5657501220703,165.9323272705078,3650.0
13,49,307.93072509765625,171.00926208496094,3565.0
13,50,250.2030792236328,186.7675170898437,3639.0
13,51,95.1369171142578,197.06399536132807,3703.0
13,52,188.41653442382807,215.834228515625,2588.0
13,53,141.74668884277344,236.460678100586,3395.0
13,54,412.9644165039063,294.2345886230469,2839.0
13,55,335.1125183105469,297.34442138671875,2764.0
13,56,200.4786376953125,307.6606140136719,4352.0
13,57,405.138427734375,332.54254150390625,2774.0
13,58,243.3018493652344,365.5602722167969,4330.0
13,59,344.6561279296875,405.9796447753906,5793.0
13,60,182.3174285888672,432.5699768066406,2158.0
13,61,0.0,0.0,0.0
13,62,289.97100830078125,314.4098815917969,3035.0
13,63,456.8340148925781,341.9083251953125,2247.0
13,64,368.3523254394531,348.8104858398437,2438.0
13,65,265.12384033203125,448.3591918945313,4474.0
13,66,0.0,0.0,0.0
13,67,196.7342834472656,482.56781005859375,2721.0
13,68,317.5807189941406,456.16650390625,3153.0
13,69,301.6557006835937,6.047904014587402,334.0
13,70,493.1813354492188,402.0075073242188,1864.0
13,71,0.0,0.0,0.0
13,72,51.03086471557617,481.2577209472656,1944.0
13,73,436.2055358886719,382.3111267089844,1591.0
13,74,402.6098327636719,396.9200439453125,2176.0
13,75,458.7296447753906,430.1207275390625,3736.0
13,76,398.65667724609375,457.44378662109375,3105.0
13,77,0.0,0.0,0.0
13,78,0.0,0.0,0.0
13,79,0.0,0.0,0.0
13,80,17.95928192138672,493.1676940917969,1449.0
13,81,444.1785583496094,483.2209777832031,2145.0
13,82,0.0,0.0,0.0
13,83,346.14483642578125,491.7771911621094,2527.0
13,84,83.8348388671875,498.3382263183594,884.0
13,85,360.714111328125,130.68316650390625,2263.0
13,86,491.2637023925781,143.8219451904297,1331.0
13,87,487.96881103515625,234.6071929931641,2500.0
13,88,501.28326416015625,454.68841552734375,812.0
13,89,486.8963012695313,489.7521057128906,2025.0
13,90,0.0,0.0,0.0
13,91,496.112060546875,108.14785766601562,1285.0
13,92,0.0,0.0,0.0
13,93,494.3345642089844,294.6180114746094,1898.0
13,94,74.08563232421875,9.37937355041504,1086.0
13,95,332.140625,7.396484375,512.0
13,96,501.3639221191406,50.84262466430664,915.0
13,97,488.908935546875,348.06591796875,1790.0
13,98,223.1526336669922,432.5478820800781,1900.0
13,99,302.3800048828125,366.8624267578125,3271.0
13,100,293.7361755371094,500.3588562011719,705.0
13,101,5.246445655822754,234.28909301757807,211.0
13,102,0.0,0.0,0.0
13,103,401.8600158691406,500.22607421875,1243.0
13,104,502.9205322265625,189.6356964111328,818.0
13,105,167.76278686523438,503.4355773925781,489.0
13,106,0.0,0.0,0.0
13,107,483.8910217285156,9.807692527770996,156.0
13,108,475.396240234375,14.584905624389648,53.0
13,109,506.3291015625,349.7067565917969,474.0
13,110,0.0,0.0,0.0
13,111,0.0,0.0,0.0
13,112,0.0,0.0,0.0
13,113,0.0,0.0,0.0
13,114,0.0,0.0,0.0
13,115,0.0,0.0,0.0
13,116,0.0,0.0,0.0
13,117,417.2673645019531,119.94224548339844,1870.0
13,118,0.0,0.0,0.0
13,119,0.0,0.0,0.0
13,120,0.0,0.0,0.0
13,121,0.0,0.0,0.0
13,122,0.0,0.0,0.0
13,123,0.0,0.0,0.0
13,124,0.0,0.0,0.0
13,125,216.33433532714844,149.56346130371094,2994.0
13,126,0.0,0.0,0.0
13,127,0.0,0.0,0.0
13,128,0.0,0.0,0.0
13,129,0.0,0.0,0.0
13,130,130.84225463867188,486.3468933105469,3024.0
13,131,0.0,0.0,0.0
13,132,0.0,0.0,0.0
13,133,0.0,0.0,0.0
13,134,0.0,0.0,0.0
13,135,0.0,0.0,0.0
13,136,0.0,0.0,0.0
13,137,99.6213836669922,86.78081512451172,3180.0
13,138,0.0,0.0,0.0
13,139,0.0,0.0,0.0
13,140,0.0,0.0,0.0
13,141,0.0,0.0,0.0
13,142,0.0,0.0,0.0
13,143,0.0,0.0,0.0
13,144,0.0,0.0,0.0
13,145,0.0,0.0,0.0
13,146,0.0,0.0,0.0
13,147,0.0,0.0,0.0
13,148,0.0,0.0,0.0
13,149,0.0,0.0,0.0
13,150,0.0,0.0,0.0
13,151,0.0,0.0,0.0
13,152,0.0,0.0,0.0
13,153,0.0,0.0,0.0
13,154,0.0,0.0,0.0
13,155,0.0,0.0,0.0
13,156,0.0,0.0,0.0
13,157,0.0,0.0,0.0
13,158,0.0,0.0,0.0
13,159,0.0,0.0,0.0
13,160,0.0,0.0,0.0
13,161,0.0,0.0,0.0
13,162,0.0,0.0,0.0
13,163,0.0,0.0,0.0
13,164,0.0,0.0,0.0
13,165,0.0,0.0,0.0
13,166,0.0,0.0,0.0
13,167,0.0,0.0,0.0
13,168,0.0,0.0,0.0
13,169,0.0,0.0,0.0
13,170,0.0,0.0,0.0
13,171,0.0,0.0,0.0
13,172,0.0,0.0,0.0
13,173,0.0,0.0,0.0
13,174,0.0,0.0,0.0
13,175,0.0,0.0,0.0
13,176,0.0,0.0,0.0
13,177,0.0,0.0,0.0
13,178,0.0,0.0,0.0
13,179,0.0,0.0,0.0
13,180,0.0,0.0,0.0
13,181,0.0,0.0,0.0
13,182,0.0,0.0,0.0
13,183,0.0,0.0,0.0
13,184,0.0,0.0,0.0
13,185,0.0,0.0,0.0
13,186,0.0,0.0,0.0
13,187,0.0,0.0,0.0
13,188,0.0,0.0,0.0
13,189,0.0,0.0,0.0
13,190,0.0,0.0,0.0
13,191,0.0,0.0,0.0
13,192,0.0,0.0,0.0
13,193,0.0,0.0,0.0
13,194,0.0,0.0,0.0
13,195,0.0,0.0,0.0
13,196,0.0,0.0,0.0
13,197,0.0,0.0,0.0
13,198,0.0,0.0,0.0
13,199,0.0,0.0,0.0
13,200,0.0,0.0,0.0
14,0,23.53551483154297,13.939251899719238,1070.0
14,1,79.9960708618164,41.02386093139648,3814.0
14,2,130.43997192382812,14.17300510406494,1341.0
14,3,367.5806579589844,17.798627853393555,1748.0
14,4,435.4387512207031,25.38375663757324,3854.0
14,5,154.18203735351562,65.27383422851562,2549.0
14,6,11.539822578430176,47.911502838134766,1469.0
14,7,356.8212585449219,62.70061492919922,2445.0
14,8,0.0,0.0,0.0
14,9,409.555908203125,76.9395751953125,4882.0
14,10,41.01624298095703,80.27041625976562,2278.0
14,11,472.2417602539063,78.38124084472656,2122.0
14,12,19.71831512451172,124.3956069946289,2730.0
14,13,413.1369323730469,200.806884765625,3454.0
14,14,464.5382080078125,187.90164184570312,3101.0
14,15,308.7157897949219,231.6686248779297,3223.0
14,16,223.617919921875,244.70529174804688,3159.0
14,17,398.151123046875,243.87014770507807,2164.0
14,18,356.7904357910156,259.6070556640625,2214.0
14,19,451.5873107910156,268.921142578125,3196.0
14,20,31.979736328125,270.06103515625,4392.0
14,21,111.43870544433594,314.48516845703125,3271.0
14,22,11.332722663879396,325.2969665527344,1091.0
14,23,50.18240737915039,335.6984558105469,3399.0
14,24,18.18803977966309,377.4048156738281,1739.0
14,25,17.205148696899414,435.48876953125,2447.0
14,26,191.34332275390625,28.914878845214844,4241.0
14,27,260.12664794921875,26.9530086517334,3490.0
14,28,313.1265563964844,39.52030944824219,2339.0
14,29,193.841049194336,97.91983795166016,2894.0
14,30,321.4976806640625,96.09825134277344,2799.0
14,31,276.0044860839844,128.61305236816406,2680.0
14,32,130.6740264892578,129.06886291503906,3761.0
14,33,468.5,112.0,2.0
14,34,69.8659439086914,140.9410400390625,3409.0
14,35,434.4927368164063,143.9110565185547,2957.0
14,36,29.78410148620605,194.4701385498047,4252.0
14,37,360.5113830566406,185.8192443847656,3950.0
14,38,273.5545654296875,258.9073486328125,2126.0
14,39,87.6398696899414,259.0242614746094,3421.0
14,40,0.0,0.0,0.0
14,41,152.18304443359375,290.6152038574219,2513.0
14,42,245.8441772460937,295.0235290527344,1784.0
14,43,179.17884826660156,371.9316101074219,4065.0
14,44,107.53507995605467,372.9400939941406,5459.0
14,45,61.3565673828125,422.801513671875,3859.0
14,46,122.53541564941406,438.3865051269531,4701.0
14,47,254.4190368652344,82.08619689941406,4107.0
14,48,164.77447509765625,165.77957153320312,3729.0
14,49,307.3926086425781,170.41622924804688,3599.0
14,50,249.5233612060547,186.1914520263672,3745.0
14,51,94.17937469482422,197.0846710205078,3685.0
14,52,187.44839477539065,215.9192047119141,2587.0
14,53,140.18283081054688,235.92404174804688,3331.0
14,54,408.9602661132813,293.3838195800781,2819.0
14,55,333.0895080566406,296.054443359375,2737.0
14,56,199.26837158203125,307.42559814453125,4382.0
14,57,403.8455505371094,332.271484375,2700.0
14,58,242.1813507080078,364.9026794433594,4439.0
14,59,342.7448425292969,405.6656799316406,6063.0
14,60,182.1154327392578,430.644287109375,2235.0
14,61,0.0,0.0,0.0
14,62,288.646240234375,313.43585205078125,2985.0
14,63,454.1457824707031,340.449951171875,2058.0
14,64,365.6611022949219,347.6292724609375,2576.0
14,65,264.8820495605469,447.4979553222656,4663.0
14,66,0.0,0.0,0.0
14,67,195.41531372070312,481.6806945800781,2781.0
14,68,317.561279296875,456.14691162109375,2954.0
14,69,302.1625061035156,5.96875,320.0
14,70,491.1076354980469,400.4391174316406,1979.0
14,71,0.0,0.0,0.0
14,72,50.51607894897461,480.8472595214844,1866.0
14,73,434.7882690429688,382.4003601074219,1686.0
14,74,400.4102783203125,395.5118103027344,2118.0
14,75,458.1235656738281,430.2416687011719,3666.0
14,76,398.75982666015625,456.3682556152344,3131.0
14,77,0.0,0.0,0.0
14,78,0.0,0.0,0.0
14,79,0.0,0.0,0.0
14,80,18.20304298400879,492.4986877441406,1512.0
14,81,443.8277282714844,483.1478576660156,2171.0
14,82,0.0,0.0,0.0
14,83,345.1155090332031,491.41845703125,2502.0
14,84,84.11188507080078,497.50048828125,1001.0
14,85,360.08740234375,130.24002075195312,2254.0
14,86,490.7789916992188,143.5689239501953,1371.0
14,87,487.18170166015625,234.86752319335932,2559.0
14,88,501.0372009277344,454.8931579589844,833.0
14,89,486.64752197265625,489.4398498535156,2037.0
14,90,0.0,0.0,0.0
14,91,495.5928039550781,107.39911651611328,1363.0
14,92,0.0,0.0,0.0
14,93,491.9446105957031,292.166748046875,1733.0
14,94,74.31072235107422,9.718592643737791,1194.0
14,95,332.3203430175781,6.720739364624023,487.0
14,96,500.8069763183594,49.81412124633789,1119.0
14,97,483.9040222167969,344.7205810546875,1521.0
14,98,222.57003784179688,432.424560546875,1856.0
14,99,300.0752258300781,364.8732604980469,2951.0
14,100,293.5166320800781,500.2749328613281,782.0
14,101,5.512930870056152,234.21551513671875,232.0
14,102,0.0,0.0,0.0
14,103,400.5815124511719,499.7331237792969,1319.0
14,104,502.5105285644531,188.94906616210932,903.0
14,105,166.0723114013672,502.9664916992188,567.0
14,106,0.0,0.0,0.0
14,107,0.0,0.0,0.0
14,108,0.0,0.0,0.0
14,109,504.2543640136719,355.6573791503906,861.0
14,110,485.8528747558594,22.25232696533203,1074.0
14,111,505.257568359375,314.35986328125,264.0
14,112,0.0,0.0,0.0
14,113,0.0,0.0,0.0
14,114,0.0,0.0,0.0
14,115,0.0,0.0,0.0
14,116,0.0,0.0,0.0
14,117,417.43597412109375,118.90524291992188,1773.0
14,118,0.0,0.0,0.0
14,119,0.0,0.0,0.0
14,120,0.0,0.0,0.0
14,121,0.0,0.0,0.0
14,122,0.0,0.0,0.0
14,123,0.0,0.0,0.0
14,124,0.0,0.0,0.0
14,125,216.07150268554688,148.9400634765625,2853.0
14,126,0.0,0.0,0.0
14,127,0.0,0.0,0.0
14,128,0.0,0.0,0.0
14,129,0.0,0.0,0.0
14,130,131.01223754882812,486.2034606933594,2777.0
14,131,0.0,0.0,0.0
14,132,0.0,0.0,0.0
14,133,0.0,0.0,0.0
14,134,0.0,0.0,0.0
14,135,0.0,0.0,0.0
14,136,0.0,0.0,0.0
14,137,99.29669952392578,86.44279479980469,3094.0
14,138,0.0,0.0,0.0
14,139,0.0,0.0,0.0
14,140,0.0,0.0,0.0
14,141,0.0,0.0,0.0
14,142,0.0,0.0,0.0
14,143,0.0,0.0,0.0
14,144,0.0,0.0,0.0
14,145,0.0,0.0,0.0
14,146,0.0,0.0,0.0
14,147,0.0,0.0,0.0
14,148,0.0,0.0,0.0
14,149,0.0,0.0,0.0
14,150,0.0,0.0,0.0
14,151,0.0,0.0,0.0
14,152,0.0,0.0,0.0
14,153,0.0,0.0,0.0
14,154,0.0,0.0,0.0
14,155,0.0,0.0,0.0
14,156,0.0,0.0,0.0
14,157,0.0,0.0,0.0
14,158,0.0,0.0,0.0
14,159,0.0,0.0,0.0
14,160,0.0,0.0,0.0
14,161,0.0,0.0,0.0
14,162,0.0,0.0,0.0
14,163,0.0,0.0,0.0
14,164,0.0,0.0,0.0
14,165,0.0,0.0,0.0
14,166,0.0,0.0,0.0
14,167,0.0,0.0,0.0
14,168,0.0,0.0,0.0
14,169,0.0,0.0,0.0
14,170,0.0,0.0,0.0
14,171,0.0,0.0,0.0
14,172,0.0,0.0,0.0
14,173,0.0,0.0,0.0
14,174,0.0,0.0,0.0
14,175,0.0,0.0,0.0
14,176,0.0,0.0,0.0
14,177,0.0,0.0,0.0
14,178,0.0,0.0,0.0
14,179,0.0,0.0,0.0
14,180,0.0,0.0,0.0
14,181,0.0,0.0,0.0
14,182,0.0,0.0,0.0
14,183,0.0,0.0,0.0
14,184,0.0,0.0,0.0
14,185,0.0,0.0,0.0
14,186,0.0,0.0,0.0
14,187,0.0,0.0,0.0
14,188,0.0,0.0,0.0
14,189,0.0,0.0,0.0
14,190,0.0,0.0,0.0
14,191,0.0,0.0,0.0
14,192,0.0,0.0,0.0
14,193,0.0,0.0,0.0
14,194,0.0,0.0,0.0
14,195,0.0,0.0,0.0
14,196,0.0,0.0,0.0
14,197,0.0,0.0,0.0
14,198,0.0,0.0,0.0
14,199,0.0,0.0,0.0
14,200,0.0,0.0,0.0
15,0,24.65276336669922,13.003128051757812,959.0
15,1,78.99832916259766,41.59581756591797,3585.0
15,2,130.4342498779297,15.121232986450195,1460.0
15,3,368.1521911621094,17.190250396728516,1682.0
15,4,434.9481201171875,25.059097290039062,3875.0
15,5,153.6402587890625,65.48725128173828,2588.0
15,6,11.95794677734375,46.231910705566406,1617.0
15,7,355.7182312011719,61.51255035400391,2470.0
15,8,0.0,0.0,0.0
15,9,408.4557495117188,76.73800659179688,4836.0
15,10,41.34139633178711,79.71953582763672,2232.0
15,11,471.2137451171875,78.39218139648438,2124.0
15,12,19.761632919311523,123.9230499267578,2794.0
15,13,412.1856994628906,200.283432006836,3500.0
15,14,463.1550903320313,187.1839904785156,3011.0
15,15,307.5772705078125,231.79312133789065,3345.0
15,16,222.2683563232422,244.9800567626953,3160.0
15,17,396.9703979492188,243.1900177001953,2163.0
15,18,355.6416320800781,258.7977905273437,2171.0
15,19,449.980712890625,269.2458801269531,3217.0
15,20,31.90875816345215,270.191650390625,4362.0
15,21,111.36404418945312,313.927490234375,3365.0
15,22,11.124229431152344,325.5797424316406,1135.0
15,23,50.137325286865234,335.0248107910156,3306.0
15,24,17.97349739074707,376.2473449707031,1698.0
15,25,16.889528274536133,434.4825439453125,2435.0
15,26,191.18804931640625,29.200517654418945,4249.0
15,27,259.3988037109375,26.869997024536133,3523.0
15,28,312.630126953125,39.29708099365234,2363.0
15,29,193.77200317382807,98.59243774414062,2829.0
15,30,321.2386779785156,96.51522827148438,2824.0
15,31,274.8943786621094,128.45982360839844,2651.0
15,32,130.0597686767578,128.85565185546875,3831.0
15,33,468.0,111.0,1.0
15,34,69.48553466796875,140.805908203125,3318.0
15,35,432.79400634765625,143.40423583984375,2976.0
15,36,29.63593482971192,194.27682495117188,4241.0
15,37,359.6242370605469,185.1953125,3835.0
15,38,271.2596740722656,259.38067626953125,2091.0
15,39,87.23492431640625,258.3163146972656,3367.0
15,40,0.0,0.0,0.0
15,41,151.5559539794922,288.9371337890625,2466.0
15,42,244.4678192138672,295.45172119140625,1678.0
15,43,177.84201049804688,371.4112243652344,4032.0
15,44,106.49071502685548,372.5878601074219,5384.0
15,45,60.68365478515625,422.0247192382813,3885.0
15,46,121.86506652832033,438.5606689453125,4780.0
15,47,253.9187164306641,82.28900909423828,4121.0
15,48,164.51483154296875,165.70391845703125,3776.0
15,49,306.5596923828125,170.39906311035156,3611.0
15,50,248.736557006836,186.31027221679688,3758.0
15,51,93.27867126464844,197.0643310546875,3653.0
15,52,186.0796661376953,216.12408447265625,2611.0
15,53,138.9844207763672,235.143295288086,3210.0
15,54,407.0616760253906,292.94647216796875,2821.0
15,55,331.7860412597656,294.7921447753906,2622.0
15,56,198.0391845703125,307.1791076660156,4338.0
15,57,401.7256774902344,331.3109436035156,2621.0
15,58,240.4163818359375,364.7791137695313,4455.0
15,59,341.7698974609375,405.90087890625,6245.0
15,60,180.49676513671875,429.9861145019531,2160.0
15,61,0.0,0.0,0.0
15,62,287.6340637207031,312.871826171875,3058.0
15,63,452.2911071777344,340.6924133300781,2123.0
15,64,363.9996337890625,347.0285339355469,2734.0
15,65,263.79791259765625,446.7156677246094,4681.0
15,66,0.0,0.0,0.0
15,67,193.23074340820312,481.3177795410156,2700.0
15,68,316.2359619140625,456.5357360839844,2869.0
15,69,301.83172607421875,5.967637538909912,309.0
15,70,490.5979919433594,400.8398132324219,1985.0
15,71,0.0,0.0,0.0
15,72,49.64539337158203,480.2369689941406,1802.0
15,73,432.02880859375,382.092041015625,1771.0
15,74,398.6368408203125,395.5452575683594,1944.0
15,75,457.5395202636719,429.72552490234375,3618.0
15,76,398.6843872070313,455.9072570800781,3181.0
15,77,0.0,0.0,0.0
15,78,0.0,0.0,0.0
15,79,0.0,0.0,0.0
15,80,18.564796447753903,492.3816833496094,1551.0
15,81,443.3232421875,483.1423950195313,2212.0
15,82,0.0,0.0,0.0
15,83,343.91845703125,491.12353515625,2477.0
15,84,83.14888000488281,496.7265930175781,1068.0
15,85,359.5580444335937,129.87417602539062,2265.0
15,86,489.9376220703125,142.64976501464844,1459.0
15,87,485.9918518066406,234.7584228515625,2699.0
15,88,500.4642333984375,455.62542724609375,881.0
15,89,486.3038330078125,489.536376953125,2034.0
15,90,0.0,0.0,0.0
15,91,495.5291137695313,106.66666412353516,1323.0
15,92,0.0,0.0,0.0
15,93,491.0399475097656,291.5041198730469,1702.0
15,94,74.00935363769531,9.987528800964355,1283.0
15,95,331.711669921875,6.537832260131836,489.0
15,96,500.297607421875,47.21665191650391,1297.0
15,97,481.9621887207031,344.5563659667969,1508.0
15,98,220.58888244628903,432.2427978515625,1907.0
15,99,297.9378662109375,364.304443359375,2897.0
15,100,292.0521545410156,499.9733581542969,863.0
15,101,5.641975402832031,234.52674865722656,243.0
15,102,0.0,0.0,0.0
15,103,399.0022277832031,499.5611572265625,1349.0
15,104,502.1424255371094,188.08349609375,1018.0
15,105,164.25650024414062,502.7402648925781,616.0
15,106,0.0,0.0,0.0
15,107,0.0,0.0,0.0
15,108,0.0,0.0,0.0
15,109,503.4107055664063,355.61151123046875,991.0
15,110,484.5279235839844,21.490365982055664,1038.0
15,111,504.3456115722656,312.41925048828125,353.0
15,112,0.0,0.0,0.0
15,113,0.0,0.0,0.0
15,114,0.0,0.0,0.0
15,115,0.0,0.0,0.0
15,116,0.0,0.0,0.0
15,117,418.103515625,118.11972045898438,1729.0
15,118,0.0,0.0,0.0
15,119,0.0,0.0,0.0
15,120,0.0,0.0,0.0
15,121,0.0,0.0,0.0
15,122,0.0,0.0,0.0
15,123,0.0,0.0,0.0
15,124,0.0,0.0,0.0
15,125,215.7347869873047,149.30870056152344,2760.0
15,126,0.0,0.0,0.0
15,127,0.0,0.0,0.0
15,128,0.0,0.0,0.0
15,129,0.0,0.0,0.0
15,130,130.1774444580078,486.2996520996094,2643.0
15,131,0.0,0.0,0.0
15,132,0.0,0.0,0.0
15,133,0.0,0.0,0.0
15,134,0.0,0.0,0.0
15,135,0.0,0.0,0.0
15,136,0.0,0.0,0.0
15,137,98.95122528076172,86.5188217163086,3055.0
15,138,0.0,0.0,0.0
15,139,0.0,0.0,0.0
15,140,0.0,0.0,0.0
15,141,0.0,0.0,0.0
15,142,0.0,0.0,0.0
15,143,0.0,0.0,0.0
15,144,0.0,0.0,0.0
15,145,0.0,0.0,0.0
15,146,0.0,0.0,0.0
15,147,0.0,0.0,0.0
15,148,0.0,0.0,0.0
15,149,0.0,0.0,0.0
15,150,0.0,0.0,0.0
15,151,0.0,0.0,0.0
15,152,0.0,0.0,0.0
15,153,0.0,0.0,0.0
15,154,0.0,0.0,0.0
15,155,0.0,0.0,0.0
15,156,0.0,0.0,0.0
15,157,0.0,0.0,0.0
15,158,0.0,0.0,0.0
15,159,0.0,0.0,0.0
15,160,0.0,0.0,0.0
15,161,0.0,0.0,0.0
15,162,0.0,0.0,0.0
15,163,0.0,0.0,0.0
15,164,0.0,0.0,0.0
15,165,0.0,0.0,0.0
15,166,0.0,0.0,0.0
15,167,0.0,0.0,0.0
15,168,0.0,0.0,0.0
15,169,0.0,0.0,0.0
15,170,0.0,0.0,0.0
15,171,0.0,0.0,0.0
15,172,0.0,0.0,0.0
15,173,0.0,0.0,0.0
15,174,0.0,0.0,0.0
15,175,0.0,0.0,0.0
15,176,0.0,0.0,0.0
15,177,0.0,0.0,0.0
15,178,0.0,0.0,0.0
15,179,0.0,0.0,0.0
15,180,0.0,0.0,0.0
15,181,0.0,0.0,0.0
15,182,0.0,0.0,0.0
15,183,0.0,0.0,0.0
15,184,0.0,0.0,0.0
15,185,0.0,0.0,0.0
15,186,0.0,0.0,0.0
15,187,0.0,0.0,0.0
15,188,0.0,0.0,0.0
15,189,0.0,0.0,0.0
15,190,0.0,0.0,0.0
15,191,0.0,0.0,0.0
15,192,0.0,0.0,0.0
15,193,0.0,0.0,0.0
15,194,0.0,0.0,0.0
15,195,0.0,0.0,0.0
15,196,0.0,0.0,0.0
15,197,0.0,0.0,0.0
15,198,0.0,0.0,0.0
15,199,0.0,0.0,0.0
15,200,0.0,0.0,0.0
16,0,25.3580379486084,12.79133415222168,877.0
16,1,79.70953369140625,42.2142448425293,3398.0
16,2,130.38577270507812,15.294801712036133,1462.0
16,3,368.9354248046875,16.65768051147461,1595.0
16,4,435.2264404296875,25.015697479248047,3886.0
16,5,153.798095703125,65.22661590576172,2630.0
16,6,12.135293960571287,45.20823669433594,1700.0
16,7,354.9252319335937,60.68652725219727,2635.0
16,8,0.0,0.0,0.0
16,9,407.5786743164063,76.42344665527344,4709.0
16,10,41.1645622253418,79.17718505859375,2218.0
16,11,469.9548645019531,78.27547454833984,2149.0
16,12,19.866268157958984,124.40154266357422,2849.0
16,13,410.7925109863281,201.07376098632807,3552.0
16,14,461.6940612792969,185.897689819336,2981.0
16,15,306.1266174316406,232.68435668945312,3428.0
16,16,221.00225830078125,244.94189453125,3098.0
16,17,396.1153259277344,243.50552368164065,2081.0
16,18,354.1624450683594,257.9488830566406,2093.0
16,19,448.6505737304688,269.8070373535156,3208.0
16,20,31.32686233520508,269.8302917480469,4378.0
16,21,110.53677368164062,313.9070739746094,3508.0
16,22,11.282708168029783,325.735595703125,1093.0
16,23,49.22166442871094,334.80877685546875,3185.0
16,24,17.70041847229004,376.1905212402344,1669.0
16,25,16.254243850708008,434.0470275878906,2297.0
16,26,191.4845123291016,29.026235580444336,4231.0
16,27,259.7178649902344,26.28070640563965,3509.0
16,28,312.564453125,37.70186614990234,2358.0
16,29,193.4722595214844,98.4833526611328,2793.0
16,30,319.9362487792969,96.44076538085938,2870.0
16,31,273.30255126953125,128.4029998779297,2598.0
16,32,129.62442016601562,128.0847625732422,3858.0
16,33,0.0,0.0,0.0
16,34,69.62574768066406,140.86077880859375,3340.0
16,35,430.8675537109375,143.0262908935547,3043.0
16,36,29.2947998046875,194.3799285888672,4135.0
16,37,358.76397705078125,185.0718536376953,3813.0
16,38,269.3260498046875,259.4779052734375,2015.0
16,39,86.35358428955078,257.59246826171875,3374.0
16,40,0.0,0.0,0.0
16,41,150.9231719970703,286.9721069335937,2473.0
16,42,243.4045867919922,295.7192077636719,1656.0
16,43,176.59312438964844,370.91998291015625,4011.0
16,44,104.8521728515625,372.5363159179688,5344.0
16,45,60.083290100097656,422.314697265625,3950.0
16,46,121.58468627929688,438.3117370605469,4741.0
16,47,253.56472778320312,82.0157241821289,4133.0
16,48,164.481201171875,165.4075164794922,3882.0
16,49,305.38995361328125,170.55657958984375,3685.0
16,50,247.6636657714844,186.5137939453125,3770.0
16,51,92.5588607788086,196.8945159912109,3593.0
16,52,185.48887634277344,216.013671875,2561.0
16,53,137.94174194335938,234.3286895751953,3158.0
16,54,404.9798889160156,292.4535827636719,2886.0
16,55,330.758544921875,295.2145080566406,2634.0
16,56,197.0643310546875,306.95635986328125,4353.0
16,57,400.6080322265625,330.8925476074219,2541.0
16,58,238.61036682128903,364.6791076660156,4363.0
16,59,340.3320617675781,406.0867004394531,6366.0
16,60,179.1133270263672,429.81005859375,2206.0
16,61,0.0,0.0,0.0
16,62,285.8342590332031,312.9299011230469,3095.0
16,63,451.187255859375,341.2820739746094,2152.0
16,64,362.35205078125,346.6994934082031,2832.0
16,65,262.9285888671875,446.3769226074219,4733.0
16,66,0.0,0.0,0.0
16,67,191.7919311523437,480.8667907714844,2725.0
16,68,314.8593139648437,456.8131408691406,2708.0
16,69,302.46875,5.31640625,256.0
16,70,489.7386779785156,400.9965515136719,2032.0
16,71,0.0,0.0,0.0
16,72,48.63822555541992,479.6033325195313,1805.0
16,73,430.5704040527344,382.1724853515625,1832.0
16,74,396.6007385253906,394.0993957519531,1861.0
16,75,457.3290100097656,429.4274291992188,3465.0
16,76,399.3146362304688,454.6781921386719,3353.0
16,77,0.0,0.0,0.0
16,78,0.0,0.0,0.0
16,79,0.0,0.0,0.0
16,80,18.44380569458008,492.0855712890625,1566.0
16,81,442.9417724609375,482.8375854492188,2198.0
16,82,0.0,0.0,0.0
16,83,343.6320495605469,490.5196838378906,2590.0
16,84,82.44283294677734,496.6824035644531,1102.0
16,85,358.7121887207031,129.3813018798828,2321.0
16,86,489.3434448242188,141.80404663085938,1485.0
16,87,484.1172180175781,235.48696899414065,2764.0
16,88,499.9195251464844,455.826171875,932.0
16,89,485.7005004882813,489.6551208496094,2050.0
16,90,0.0,0.0,0.0
16,91,495.8599243164063,105.6654281616211,1342.0
16,92,0.0,0.0,0.0
16,93,489.9749755859375,291.6969299316406,1719.0
16,94,73.48931884765625,10.886285781860352,1451.0
16,95,332.6446533203125,5.683371067047119,439.0
16,96,499.9400024414063,46.08551788330078,1450.0
16,97,480.6720886230469,344.74346923828125,1415.0
16,98,219.29055786132807,431.9222717285156,1917.0
16,99,295.3438720703125,364.6902160644531,2818.0
16,100,290.9698181152344,499.7396545410156,895.0
16,101,4.888298034667969,233.81915283203125,188.0
16,102,0.0,0.0,0.0
16,103,399.15478515625,499.7845153808594,1318.0
16,104,501.4815979003906,189.6541290283203,1223.0
16,105,162.2783966064453,501.8947448730469,722.0
16,106,0.0,0.0,0.0
16,107,0.0,0.0,0.0
16,108,0.0,0.0,0.0
16,109,502.6887512207031,354.5819396972656,1086.0
16,110,484.5367736816406,20.94196891784668,965.0
16,111,503.7728271484375,311.39752197265625,405.0
16,112,0.0,0.0,0.0
16,113,0.0,0.0,0.0
16,114,0.0,0.0,0.0
16,115,0.0,0.0,0.0
16,116,0.0,0.0,0.0
16,117,418.75885009765625,117.18955993652344,1667.0
16,118,0.0,0.0,0.0
16,119,0.0,0.0,0.0
16,120,0.0,0.0,0.0
16,121,0.0,0.0,0.0
16,122,0.0,0.0,0.0
16,123,0.0,0.0,0.0
16,124,0.0,0.0,0.0
16,125,215.43341064453125,148.97140502929688,2658.0
16,126,0.0,0.0,0.0
16,127,0.0,0.0,0.0
16,128,0.0,0.0,0.0
16,129,0.0,0.0,0.0
16,130,127.67669677734376,486.4078979492188,2459.0
16,131,0.0,0.0,0.0
16,132,0.0,0.0,0.0
16,133,0.0,0.0,0.0
16,134,0.0,0.0,0.0
16,135,0.0,0.0,0.0
16,136,0.0,0.0,0.0
16,137,98.01531982421876,86.23284149169922,3002.0
16,138,0.0,0.0,0.0
16,139,0.0,0.0,0.0
16,140,0.0,0.0,0.0
16,141,0.0,0.0,0.0
16,142,0.0,0.0,0.0
16,143,0.0,0.0,0.0
16,144,0.0,0.0,0.0
16,145,0.0,0.0,0.0
16,146,0.0,0.0,0.0
16,147,0.0,0.0,0.0
16,148,0.0,0.0,0.0
16,149,0.0,0.0,0.0
16,150,0.0,0.0,0.0
16,151,0.0,0.0,0.0
16,152,0.0,0.0,0.0
16,153,0.0,0.0,0.0
16,154,0.0,0.0,0.0
16,155,0.0,0.0,0.0
16,156,0.0,0.0,0.0
16,157,0.0,0.0,0.0
16,158,0.0,0.0,0.0
16,159,0.0,0.0,0.0
16,160,0.0,0.0,0.0
16,161,0.0,0.0,0.0
16,162,0.0,0.0,0.0
16,163,0.0,0.0,0.0
16,164,0.0,0.0,0.0
16,165,0.0,0.0,0.0
16,166,0.0,0.0,0.0
16,167,0.0,0.0,0.0
16,168,0.0,0.0,0.0
16,169,0.0,0.0,0.0
16,170,0.0,0.0,0.0
16,171,0.0,0.0,0.0
16,172,0.0,0.0,0.0
16,173,0.0,0.0,0.0
16,174,0.0,0.0,0.0
16,175,0.0,0.0,0.0
16,176,0.0,0.0,0.0
16,177,0.0,0.0,0.0
16,178,0.0,0.0,0.0
16,179,0.0,0.0,0.0
16,180,0.0,0.0,0.0
16,181,0.0,0.0,0.0
16,182,0.0,0.0,0.0
16,183,0.0,0.0,0.0
16,184,0.0,0.0,0.0
16,185,0.0,0.0,0.0
16,186,0.0,0.0,0.0
16,187,0.0,0.0,0.0
16,188,0.0,0.0,0.0
16,189,0.0,0.0,0.0
16,190,0.0,0.0,0.0
16,191,0.0,0.0,0.0
16,192,0.0,0.0,0.0
16,193,0.0,0.0,0.0
16,194,0.0,0.0,0.0
16,195,0.0,0.0,0.0
16,196,0.0,0.0,0.0
16,197,0.0,0.0,0.0
16,198,0.0,0.0,0.0
16,199,0.0,0.0,0.0
16,200,0.0,0.0,0.0
17,0,26.52225112915039,12.26701545715332,764.0
17,1,79.68476867675781,43.078216552734375,3388.0
17,2,130.69757080078125,15.67050075531006,1478.0
17,3,368.8135681152344,15.64830207824707,1561.0
17,4,433.9616088867188,24.81392288208008,3778.0
17,5,153.3513641357422,65.4748764038086,2607.0
17,6,12.40066623687744,43.62929916381836,1802.0
17,7,354.0748596191406,59.85755920410156,2752.0
17,8,0.0,0.0,0.0
17,9,406.6779174804688,76.0724105834961,4654.0
17,10,41.41145706176758,79.11221313476562,2112.0
17,11,468.39990234375,78.20018768310547,2128.0
17,12,20.00681495666504,123.83509063720705,2935.0
17,13,407.67138671875,202.9877777099609,3682.0
17,14,459.8714294433594,185.12554931640625,2979.0
17,15,304.8036499023437,232.9644775390625,3631.0
17,16,220.2864532470703,244.36862182617188,3079.0
17,17,395.8782348632813,245.5139923095703,1823.0
17,18,352.79852294921875,256.8192138671875,2030.0
17,19,446.8096618652344,270.013427734375,3205.0
17,20,30.91653251647949,270.1285400390625,4349.0
17,21,109.3185577392578,313.4356994628906,3654.0
17,22,11.121883392333984,326.203125,1083.0
17,23,48.69647979736328,334.9467163085937,3097.0
17,24,17.356876373291016,375.4380493164063,1614.0
17,25,15.880742073059082,433.4540710449219,2264.0
17,26,191.3473663330078,29.380762100219727,4252.0
17,27,259.30426025390625,26.213132858276367,3533.0
17,28,314.7423400878906,32.46605682373047,2740.0
17,29,193.0542907714844,98.70829010009766,2763.0
17,30,319.3531799316406,96.4092788696289,2888.0
17,31,271.99127197265625,127.41355895996094,2522.0
17,32,129.0577850341797,127.63021850585938,3859.0
17,33,468.0,111.0,1.0
17,34,69.42560577392578,140.97616577148438,3273.0
17,35,428.916259765625,142.61618041992188,3189.0
17,36,29.28222274780273,194.61068725585932,4174.0
17,37,358.177490234375,184.3447723388672,3730.0
17,38,267.226318359375,260.2410583496094,1900.0
17,39,85.54510498046875,256.4837646484375,3359.0
17,40,0.0,0.0,0.0
17,41,150.13844299316406,286.609130859375,2456.0
17,42,242.0709381103516,295.5357971191406,1579.0
17,43,175.2259063720703,369.82177734375,3776.0
17,44,104.21383666992188,372.4736022949219,5247.0
17,45,59.2120361328125,421.7839660644531,4004.0
17,46,120.6699676513672,439.0620727539063,4848.0
17,47,253.12973022460932,82.000732421875,4101.0
17,48,164.23587036132812,165.347900390625,3981.0
17,49,304.1769104003906,170.12283325195312,3810.0
17,50,246.41075134277344,185.5536499023437,3793.0
17,51,92.17758178710938,196.3253173828125,3452.0
17,52,184.9247283935547,216.07725524902344,2511.0
17,53,137.1010284423828,233.56793212890625,3187.0
17,54,402.1850891113281,291.6277160644531,2885.0
17,55,329.4295959472656,294.1844482421875,2521.0
17,56,195.823471069336,306.342529296875,4379.0
17,57,398.89154052734375,330.1597900390625,2397.0
17,58,237.0016021728516,364.0713195800781,4389.0
17,59,339.2710876464844,405.7052917480469,6481.0
17,60,177.81040954589844,427.1305847167969,2305.0
17,61,0.0,0.0,0.0
17,62,284.2008361816406,312.30767822265625,3117.0
17,63,448.1461486816406,341.653564453125,2162.0
17,64,360.4212951660156,345.5210876464844,2986.0
17,65,261.8513488769531,445.1265563964844,4796.0
17,66,0.0,0.0,0.0
17,67,190.5376892089844,480.1246337890625,2680.0
17,68,314.1131286621094,456.28912353515625,2608.0
17,69,302.1062927246094,4.560386657714844,207.0
17,70,488.7131042480469,399.8341369628906,2074.0
17,71,0.0,0.0,0.0
17,72,45.19166564941406,472.3052978515625,1320.0
17,73,427.38616943359375,381.6863403320313,1779.0
17,74,394.510009765625,393.083740234375,1696.0
17,75,456.4216003417969,428.0890197753906,3437.0
17,76,399.1559143066406,453.6091918945313,3508.0
17,77,0.0,0.0,0.0
17,78,0.0,0.0,0.0
17,79,0.0,0.0,0.0
17,80,18.54166603088379,492.181396484375,1560.0
17,81,441.9700927734375,482.2319946289063,2207.0
17,82,0.0,0.0,0.0
17,83,341.73785400390625,490.0727233886719,2571.0
17,84,81.76703643798828,495.4841613769531,1262.0
17,85,358.3662109375,129.19345092773438,2321.0
17,86,489.066162109375,140.6043243408203,1572.0
17,87,482.6177673339844,235.42379760742188,2959.0
17,88,499.4455871582031,454.8920593261719,1084.0
17,89,484.7120971679688,489.7746887207031,2077.0
17,90,0.0,0.0,0.0
17,91,495.8712768554688,103.61383819580078,1344.0
17,92,0.0,0.0,0.0
17,93,488.4498291015625,293.1445007324219,1834.0
17,94,73.31410217285156,11.622950553894045,1525.0
17,95,0.0,0.0,0.0
17,96,499.9568481445313,45.19673156738281,1530.0
17,97,478.141357421875,345.24542236328125,1422.0
17,98,217.477294921875,431.4387512207031,1894.0
17,99,293.5615539550781,364.0090637207031,2762.0
17,100,290.33367919921875,499.0362548828125,938.0
17,101,4.881656646728516,234.2485198974609,169.0
17,102,0.0,0.0,0.0
17,103,397.1724243164063,499.8931579589844,1357.0
17,104,501.270263671875,189.73883056640625,1321.0
17,105,160.4510498046875,500.8228454589844,858.0
17,106,0.0,0.0,0.0
17,107,0.0,0.0,0.0
17,108,0.0,0.0,0.0
17,109,501.6970825195313,353.115478515625,1195.0
17,110,483.0634460449219,21.051101684570312,1135.0
17,111,504.08050537109375,310.6571350097656,385.0
17,112,52.93472671508789,502.4647521972656,383.0
17,113,0.0,0.0,0.0
17,114,0.0,0.0,0.0
17,115,0.0,0.0,0.0
17,116,0.0,0.0,0.0
17,117,419.4918212890625,115.75735473632812,1529.0
17,118,0.0,0.0,0.0
17,119,0.0,0.0,0.0
17,120,0.0,0.0,0.0
17,121,0.0,0.0,0.0
17,122,0.0,0.0,0.0
17,123,0.0,0.0,0.0
17,124,0.0,0.0,0.0
17,125,214.820068359375,148.57656860351562,2501.0
17,126,0.0,0.0,0.0
17,127,0.0,0.0,0.0
17,128,0.0,0.0,0.0
17,129,0.0,0.0,0.0
17,130,127.3458480834961,486.4432067871094,2157.0
17,131,0.0,0.0,0.0
17,132,0.0,0.0,0.0
17,133,0.0,0.0,0.0
17,134,0.0,0.0,0.0
17,135,0.0,0.0,0.0
17,136,0.0,0.0,0.0
17,137,97.37628173828124,86.8016357421875,2934.0
17,138,0.0,0.0,0.0
17,139,0.0,0.0,0.0
17,140,0.0,0.0,0.0
17,141,0.0,0.0,0.0
17,142,0.0,0.0,0.0
17,143,0.0,0.0,0.0
17,144,0.0,0.0,0.0
17,145,0.0,0.0,0.0
17,146,0.0,0.0,0.0
17,147,0.0,0.0,0.0
17,148,0.0,0.0,0.0
17,149,0.0,0.0,0.0
17,150,0.0,0.0,0.0
17,151,0.0,0.0,0.0
17,152,0.0,0.0,0.0
17,153,0.0,0.0,0.0
17,154,0.0,0.0,0.0
17,155,0.0,0.0,0.0
17,156,0.0,0.0,0.0
17,157,0.0,0.0,0.0
17,158,0.0,0.0,0.0
17,159,0.0,0.0,0.0
17,160,0.0,0.0,0.0
17,161,0.0,0.0,0.0
17,162,0.0,0.0,0.0
17,163,0.0,0.0,0.0
17,164,0.0,0.0,0.0
17,165,0.0,0.0,0.0
17,166,0.0,0.0,0.0
17,167,0.0,0.0,0.0
17,168,0.0,0.0,0.0
17,169,0.0,0.0,0.0
17,170,0.0,0.0,0.0
17,171,0.0,0.0,0.0
17,172,0.0,0.0,0.0
17,173,0.0,0.0,0.0
17,174,0.0,0.0,0.0
17,175,0.0,0.0,0.0
17,176,0.0,0.0,0.0
17,177,0.0,0.0,0.0
17,178,0.0,0.0,0.0
17,179,0.0,0.0,0.0
17,180,0.0,0.0,0.0
17,181,0.0,0.0,0.0
17,182,0.0,0.0,0.0
17,183,0.0,0.0,0.0
17,184,0.0,0.0,0.0
17,185,0.0,0.0,0.0
17,186,0.0,0.0,0.0
17,187,0.0,0.0,0.0
17,188,0.0,0.0,0.0
17,189,0.0,0.0,0.0
17,190,0.0,0.0,0.0
17,191,0.0,0.0,0.0
17,192,0.0,0.0,0.0
17,193,0.0,0.0,0.0
17,194,0.0,0.0,0.0
17,195,0.0,0.0,0.0
17,196,0.0,0.0,0.0
17,197,0.0,0.0,0.0
17,198,0.0,0.0,0.0
17,199,0.0,0.0,0.0
17,200,0.0,0.0,0.0
18,0,26.829896926879883,13.305412292480469,776.0
18,1,80.06883239746094,43.8176383972168,3356.0
18,2,130.02122497558594,15.599469184875488,1508.0
18,3,369.4803161621094,14.805113792419434,1447.0
18,4,433.0284423828125,24.666215896606445,3691.0
18,5,153.04449462890625,65.5477523803711,2607.0
18,6,12.44264030456543,44.07467651367188,1848.0
18,7,353.29168701171875,58.31414413452149,2849.0
18,8,0.0,0.0,0.0
18,9,405.9259948730469,75.18217468261719,4567.0
18,10,41.697265625,79.3037109375,2048.0
18,11,467.6788940429688,78.67937469482422,2099.0
18,12,20.15886878967285,123.95455932617188,2971.0
18,13,406.0868225097656,204.2261505126953,3732.0
18,14,458.3341064453125,184.3393402099609,3053.0
18,15,302.9043273925781,233.55584716796875,3805.0
18,16,218.7207946777344,244.3800201416016,3184.0
18,17,394.3766479492188,246.3213653564453,1755.0
18,18,351.597412109375,255.5549468994141,2002.0
18,19,445.6138610839844,269.8425598144531,3201.0
18,20,29.84248161315918,269.23248291015625,4482.0
18,21,109.004638671875,313.27197265625,3666.0
18,22,11.066231727600098,325.6483154296875,1072.0
18,23,48.53662490844727,334.96435546875,3058.0
18,24,16.88987922668457,374.5550537109375,1571.0
18,25,15.851304054260254,433.319580078125,2300.0
18,26,190.8607635498047,29.760122299194336,4223.0
18,27,258.41925048828125,26.153608322143555,3561.0
18,28,312.6075439453125,33.91091537475586,2492.0
18,29,193.19224548339844,98.43981170654295,2783.0
18,30,318.5565490722656,95.65753173828124,2882.0
18,31,270.7828369140625,127.20185089111328,2482.0
18,32,128.4325714111328,127.04175567626952,3856.0
18,33,469.0,111.0,1.0
18,34,69.5708999633789,140.81072998046875,3244.0
18,35,426.8865356445313,142.25,3252.0
18,36,29.299072265625,194.906494140625,4203.0
18,37,357.3785400390625,183.8549194335937,3598.0
18,38,264.69696044921875,261.7196960449219,1848.0
18,39,85.73075866699219,256.1217041015625,3443.0
18,40,0.0,0.0,0.0
18,41,149.84555053710938,286.3592834472656,2441.0
18,42,240.7527008056641,296.54931640625,1480.0
18,43,174.0076141357422,369.0672302246094,3674.0
18,44,103.57647705078124,372.2759704589844,5178.0
18,45,58.60587310791016,421.568115234375,4052.0
18,46,119.06269073486328,440.3749084472656,4865.0
18,47,253.27359008789065,82.00198364257812,4039.0
18,48,163.9463348388672,165.04196166992188,4099.0
18,49,303.5907592773437,169.7485809326172,3878.0
18,50,245.4996032714844,184.66587829589844,3825.0
18,51,92.16336822509766,196.2288818359375,3434.0
18,52,183.73858642578125,215.86949157714844,2452.0
18,53,136.91282653808594,233.4703369140625,3017.0
18,54,400.091552734375,291.52099609375,2927.0
18,55,328.2629089355469,293.8342590332031,2480.0
18,56,194.97979736328125,306.4410095214844,4306.0
18,57,397.8927001953125,330.1135559082031,2237.0
18,58,235.50572204589844,364.0852355957031,4364.0
18,59,337.8692932128906,405.69482421875,6534.0
18,60,175.3485870361328,425.8802490234375,2447.0
18,61,0.0,0.0,0.0
18,62,282.8811340332031,312.4662170410156,3138.0
18,63,446.4855651855469,341.3187561035156,2218.0
18,64,358.5688171386719,344.90625,3189.0
18,65,259.8543701171875,444.2294616699219,4951.0
18,66,80.5,472.0,2.0
18,67,189.28854370117188,480.0650939941406,2627.0
18,68,312.1502685546875,456.3183898925781,2522.0
18,69,300.9817199707031,4.452054977416992,219.0
18,70,488.0389099121094,399.5806884765625,2082.0
18,71,0.0,0.0,0.0
18,72,46.639137268066406,478.937744140625,1574.0
18,73,426.2027587890625,381.9039916992188,1958.0
18,74,392.9388122558594,393.4684448242188,1569.0
18,75,455.4616394042969,428.3924865722656,3325.0
18,76,398.0797729492188,453.3569946289063,3510.0
18,77,0.0,0.0,0.0
18,78,0.0,0.0,0.0
18,79,0.0,0.0,0.0
18,80,18.83564186096192,492.2701416015625,1588.0
18,81,441.1692810058594,481.78753662109375,2292.0
18,82,0.0,0.0,0.0
18,83,340.9955444335937,489.4568481445313,2699.0
18,84,81.29798126220703,495.6004333496094,1339.0
18,85,357.7789001464844,128.55783081054688,2447.0
18,86,488.396240234375,140.6226348876953,1590.0
18,87,481.3591918945313,238.3102569580078,2759.0
18,88,498.5926818847656,454.047607421875,1176.0
18,89,484.5830383300781,489.76312255859375,2077.0
18,90,0.0,0.0,0.0
18,91,495.9154968261719,103.30689239501952,1349.0
18,92,0.0,0.0,0.0
18,93,487.3757019042969,294.2227478027344,1935.0
18,94,72.22709655761719,11.622137069702148,1572.0
18,95,0.0,0.0,0.0
18,96,499.7697448730469,44.3271598815918,1620.0
18,97,476.7886962890625,346.31768798828125,1363.0
18,98,214.29217529296875,431.68267822265625,1790.0
18,99,291.3096923828125,364.5728149414063,2664.0
18,100,289.1551818847656,499.302734375,915.0
18,101,0.0,0.0,0.0
18,102,0.0,0.0,0.0
18,103,396.9901428222656,500.04779052734375,1318.0
18,104,498.9414367675781,192.4490509033203,1639.0
18,105,158.99124145507812,500.2344055175781,913.0
18,106,0.0,0.0,0.0
18,107,0.0,0.0,0.0
18,108,0.0,0.0,0.0
18,109,501.0152587890625,351.9916076660156,1312.0
18,110,481.1364135742188,22.087167739868164,1239.0
18,111,504.5356140136719,309.8062744140625,351.0
18,112,0.0,0.0,0.0
18,113,338.0824890136719,4.19072151184082,194.0
18,114,0.0,0.0,0.0
18,115,0.0,0.0,0.0
18,116,0.0,0.0,0.0
18,117,420.9339904785156,114.2020034790039,1500.0
18,118,0.0,0.0,0.0
18,119,0.0,0.0,0.0
18,120,0.0,0.0,0.0
18,121,0.0,0.0,0.0
18,122,0.0,0.0,0.0
18,123,0.0,0.0,0.0
18,124,0.0,0.0,0.0
18,125,214.0210418701172,148.75221252441406,2377.0
18,126,0.0,0.0,0.0
18,127,0.0,0.0,0.0
18,128,0.0,0.0,0.0
18,129,0.0,0.0,0.0
18,130,127.34757995605467,487.1526794433594,1919.0
18,131,0.0,0.0,0.0
18,132,0.0,0.0,0.0
18,133,0.0,0.0,0.0
18,134,0.0,0.0,0.0
18,135,0.0,0.0,0.0
18,136,0.0,0.0,0.0
18,137,96.94998168945312,86.8332748413086,2819.0
18,138,0.0,0.0,0.0
18,139,0.0,0.0,0.0
18,140,0.0,0.0,0.0
18,141,0.0,0.0,0.0
18,142,0.0,0.0,0.0
18,143,0.0,0.0,0.0
18,144,0.0,0.0,0.0
18,145,0.0,0.0,0.0
18,146,0.0,0.0,0.0
18,147,0.0,0.0,0.0
18,148,0.0,0.0,0.0
18,149,0.0,0.0,0.0
18,150,0.0,0.0,0.0
18,151,0.0,0.0,0.0
18,152,0.0,0.0,0.0
18,153,0.0,0.0,0.0
18,154,0.0,0.0,0.0
18,155,0.0,0.0,0.0
18,156,0.0,0.0,0.0
18,157,0.0,0.0,0.0
18,158,0.0,0.0,0.0
18,159,0.0,0.0,0.0
18,160,0.0,0.0,0.0
18,161,0.0,0.0,0.0
18,162,0.0,0.0,0.0
18,163,0.0,0.0,0.0
18,164,0.0,0.0,0.0
18,165,0.0,0.0,0.0
18,166,0.0,0.0,0.0
18,167,0.0,0.0,0.0
18,168,0.0,0.0,0.0
18,169,0.0,0.0,0.0
18,170,0.0,0.0,0.0
18,171,0.0,0.0,0.0
18,172,0.0,0.0,0.0
18,173,0.0,0.0,0.0
18,174,0.0,0.0,0.0
18,175,0.0,0.0,0.0
18,176,0.0,0.0,0.0
18,177,0.0,0.0,0.0
18,178,0.0,0.0,0.0
18,179,0.0,0.0,0.0
18,180,0.0,0.0,0.0
18,181,0.0,0.0,0.0
18,182,0.0,0.0,0.0
18,183,0.0,0.0,0.0
18,184,0.0,0.0,0.0
18,185,0.0,0.0,0.0
18,186,0.0,0.0,0.0
18,187,0.0,0.0,0.0
18,188,0.0,0.0,0.0
18,189,0.0,0.0,0.0
18,190,0.0,0.0,0.0
18,191,0.0,0.0,0.0
18,192,0.0,0.0,0.0
18,193,0.0,0.0,0.0
18,194,0.0,0.0,0.0
18,195,0.0,0.0,0.0
18,196,0.0,0.0,0.0
18,197,0.0,0.0,0.0
18,198,0.0,0.0,0.0
18,199,0.0,0.0,0.0
18,200,0.0,0.0,0.0
19,0,26.8405990600586,12.817439079284668,734.0
19,1,79.77758026123047,44.37525939941406,3363.0
19,2,129.4983673095703,15.912052154541016,1535.0
19,3,370.6523742675781,13.870579719543455,1329.0
19,4,433.3284606933594,24.64067268371582,3629.0
19,5,153.23765563964844,65.27095794677734,2672.0
19,6,12.557412147521973,43.41940689086914,1855.0
19,7,353.1372985839844,57.27301788330078,3117.0
19,8,0.0,0.0,0.0
19,9,406.3260803222656,74.75149536132812,4511.0
19,10,41.032901763916016,79.32353210449219,2006.0
19,11,467.3862609863281,78.89354705810547,2123.0
19,12,20.296445846557617,123.79544067382812,2982.0
19,13,404.6874084472656,205.02426147460932,3791.0
19,14,456.9162902832031,183.35069274902344,3034.0
19,15,301.7847595214844,233.9257659912109,4014.0
19,16,217.75045776367188,244.44009399414065,3238.0
19,17,393.2362365722656,246.99880981445312,1672.0
19,18,350.5835266113281,254.7133636474609,1856.0
19,19,444.3032836914063,270.01788330078125,3073.0
19,20,29.706655502319336,270.3496398925781,4493.0
19,21,107.17390441894533,313.1156616210937,3847.0
19,22,10.536734580993652,326.31939697265625,980.0
19,23,46.97234344482422,335.9848327636719,2965.0
19,24,16.269723892211914,374.5859680175781,1483.0
19,25,15.701492309570312,433.49517822265625,2278.0
19,26,191.2027282714844,29.3584041595459,4188.0
19,27,258.7342224121094,25.98675346374512,3548.0
19,28,313.24981689453125,31.32595634460449,2666.0
19,29,193.28836059570312,98.82869720458984,2802.0
19,30,318.008056640625,95.903076171875,2858.0
19,31,269.7161560058594,126.99835205078124,2431.0
19,32,128.2583465576172,126.70166778564452,3952.0
19,33,0.0,0.0,0.0
19,34,69.49811553955078,140.8645782470703,3190.0
19,35,425.5539245605469,140.93470764160156,3477.0
19,36,29.26836204528809,195.0447235107422,4248.0
19,37,356.893310546875,183.3818817138672,3543.0
19,38,262.2801208496094,262.45379638671875,1710.0
19,39,85.474365234375,254.7991943359375,3491.0
19,40,0.0,0.0,0.0
19,41,148.81402587890625,285.09765625,2468.0
19,42,239.8618011474609,297.7729187011719,1440.0
19,43,172.44332885742188,367.5656127929688,3582.0
19,44,102.81182098388672,372.7047729492188,5128.0
19,45,57.68204116821289,421.0969543457031,4054.0
19,46,117.92201232910156,442.318359375,4988.0
19,47,252.6847381591797,82.41419219970703,4114.0
19,48,164.24766540527344,165.46072387695312,4163.0
19,49,303.0294494628906,169.23696899414062,3971.0
19,50,244.4149932861328,184.67950439453125,3841.0
19,51,92.25405883789062,195.76513671875,3385.0
19,52,183.4259796142578,215.47927856445312,2364.0
19,53,137.14468383789062,232.60791015625,2882.0
19,54,398.289794921875,291.1559753417969,3071.0
19,55,327.8715209960937,292.75146484375,2366.0
19,56,193.9900665283203,305.89501953125,4229.0
19,57,396.50146484375,329.99755859375,2036.0
19,58,233.8986358642578,363.6602783203125,4380.0
19,59,336.7121887207031,406.11083984375,6577.0
19,60,173.17684936523438,424.04638671875,2522.0
19,61,0.0,0.0,0.0
19,62,282.33270263671875,311.6121520996094,3246.0
19,63,444.6264953613281,340.9302978515625,2324.0
19,64,356.72509765625,344.32391357421875,3365.0
19,65,258.8060607910156,443.7096862792969,5084.0
19,66,83.0,474.5,2.0
19,67,187.286361694336,479.7155456542969,2619.0
19,68,310.8649597167969,456.69287109375,2429.0
19,69,297.6263732910156,3.604395627975464,91.0
19,70,488.1619567871094,401.1169738769531,2223.0
19,71,0.0,0.0,0.0
19,72,47.34178924560547,480.113525390625,1656.0
19,73,424.9642028808594,381.82958984375,2095.0
19,74,391.3029174804688,393.8368835449219,1502.0
19,75,454.8687133789063,428.9525146484375,3222.0
19,76,397.5873718261719,452.9567565917969,3514.0
19,77,0.0,0.0,0.0
19,78,0.0,0.0,0.0
19,79,0.0,0.0,0.0
19,80,18.17548370361328,491.9677429199219,1550.0
19,81,440.6798095703125,481.5169372558594,2333.0
19,82,0.0,0.0,0.0
19,83,340.7626647949219,489.1154174804688,2764.0
19,84,81.91242218017578,495.7874145507813,1256.0
19,85,358.627685546875,127.60700225830078,2514.0
19,86,487.311767578125,139.6677703857422,1514.0
19,87,479.7448120117188,240.10972595214844,2798.0
19,88,497.6827087402344,455.961181640625,1185.0
19,89,484.1877746582031,490.41546630859375,2029.0
19,90,0.0,0.0,0.0
19,91,496.8052368164063,103.60247802734376,1371.0
19,92,0.0,0.0,0.0
19,93,486.65667724609375,294.86578369140625,2004.0
19,94,71.7105941772461,11.975409507751465,1586.0
19,95,0.0,0.0,0.0
19,96,499.5189208984375,43.488887786865234,1665.0
19,97,475.43756103515625,347.7827453613281,1321.0
19,98,212.00765991210932,431.5454406738281,1826.0
19,99,289.6060485839844,364.771484375,2617.0
19,100,288.871337890625,499.66705322265625,886.0
19,101,0.0,0.0,0.0
19,102,0.0,0.0,0.0
19,103,397.2711181640625,500.1518249511719,1291.0
19,104,495.44329833984375,204.1811065673828,1270.0
19,105,156.5834197998047,498.4365539550781,1001.0
19,106,0.0,0.0,0.0
19,107,0.0,0.0,0.0
19,108,0.0,0.0,0.0
19,109,500.238037109375,351.1485900878906,1420.0
19,110,480.4708862304688,22.10295295715332,1185.0
19,111,504.78851318359375,309.1057434082031,331.0
19,112,0.0,0.0,0.0
19,113,0.0,0.0,0.0
19,114,500.368896484375,170.29481506347656,675.0
19,115,0.0,0.0,0.0
19,116,0.0,0.0,0.0
19,117,423.4388732910156,112.25296783447266,1178.0
19,118,0.0,0.0,0.0
19,119,0.0,0.0,0.0
19,120,0.0,0.0,0.0
19,121,0.0,0.0,0.0
19,122,0.0,0.0,0.0
19,123,0.0,0.0,0.0
19,124,0.0,0.0,0.0
19,125,213.96029663085932,148.81690979003906,2141.0
19,126,0.0,0.0,0.0
19,127,0.0,0.0,0.0
19,128,0.0,0.0,0.0
19,129,0.0,0.0,0.0
19,130,124.98757934570312,489.2235412597656,1530.0
19,131,0.0,0.0,0.0
19,132,0.0,0.0,0.0
19,133,0.0,0.0,0.0
19,134,0.0,0.0,0.0
19,135,0.0,0.0,0.0
19,136,0.0,0.0,0.0
19,137,96.04996490478516,86.92686462402344,2762.0
19,138,0.0,0.0,0.0
19,139,0.0,0.0,0.0
19,140,0.0,0.0,0.0
19,141,0.0,0.0,0.0
19,142,0.0,0.0,0.0
19,143,0.0,0.0,0.0
19,144,0.0,0.0,0.0
19,145,0.0,0.0,0.0
19,146,0.0,0.0,0.0
19,147,0.0,0.0,0.0
19,148,0.0,0.0,0.0
19,149,0.0,0.0,0.0
19,150,0.0,0.0,0.0
19,151,0.0,0.0,0.0
19,152,0.0,0.0,0.0
19,153,0.0,0.0,0.0
19,154,0.0,0.0,0.0
19,155,0.0,0.0,0.0
19,156,0.0,0.0,0.0
19,157,0.0,0.0,0.0
19,158,0.0,0.0,0.0
19,159,0.0,0.0,0.0
19,160,0.0,0.0,0.0
19,161,0.0,0.0,0.0
19,162,0.0,0.0,0.0
19,163,0.0,0.0,0.0
19,164,0.0,0.0,0.0
19,165,0.0,0.0,0.0
19,166,0.0,0.0,0.0
19,167,0.0,0.0,0.0
19,168,0.0,0.0,0.0
19,169,0.0,0.0,0.0
19,170,0.0,0.0,0.0
19,171,0.0,0.0,0.0
19,172,0.0,0.0,0.0
19,173,0.0,0.0,0.0
19,174,0.0,0.0,0.0
19,175,0.0,0.0,0.0
19,176,0.0,0.0,0.0
19,177,0.0,0.0,0.0
19,178,0.0,0.0,0.0
19,179,0.0,0.0,0.0
19,180,0.0,0.0,0.0
19,181,0.0,0.0,0.0
19,182,0.0,0.0,0.0
19,183,0.0,0.0,0.0
19,184,0.0,0.0,0.0
19,185,0.0,0.0,0.0
19,186,0.0,0.0,0.0
19,187,0.0,0.0,0.0
19,188,0.0,0.0,0.0
19,189,0.0,0.0,0.0
19,190,0.0,0.0,0.0
19,191,0.0,0.0,0.0
19,192,0.0,0.0,0.0
19,193,0.0,0.0,0.0
19,194,0.0,0.0,0.0
19,195,0.0,0.0,0.0
19,196,0.0,0.0,0.0
19,197,0.0,0.0,0.0
19,198,0.0,0.0,0.0
19,199,0.0,0.0,0.0
19,200,0.0,0.0,0.0
20,0,26.65045547485352,12.528875350952148,658.0
20,1,79.59806060791016,44.625,3304.0
20,2,130.08648681640625,15.828314781188965,1561.0
20,3,371.91400146484375,13.248735427856444,1186.0
20,4,432.77777099609375,24.497032165527344,3537.0
20,5,152.98460388183594,64.85791015625,2794.0
20,6,12.66858959197998,43.52857971191406,1907.0
20,7,352.8722839355469,55.40240859985352,3320.0
20,8,0.0,0.0,0.0
20,9,405.8133239746094,74.27171325683594,4409.0
20,10,40.91424179077149,78.7983627319336,1959.0
20,11,466.2152099609375,79.13539123535156,2105.0
20,12,20.46184730529785,123.87583923339844,2988.0
20,13,404.0885314941406,205.82290649414065,3885.0
20,14,456.7447204589844,181.4481506347656,3028.0
20,15,299.96307373046875,234.1302490234375,4307.0
20,16,216.66387939453125,244.3005828857422,3237.0
20,17,389.6933898925781,247.8176727294922,1585.0
20,18,348.7339172363281,253.85841369628903,1695.0
20,19,442.5918884277344,270.0418395996094,3107.0
20,20,29.57682991027832,270.93438720703125,4497.0
20,21,105.89552307128906,312.8052978515625,3934.0
20,22,11.183612823486328,327.01776123046875,1013.0
20,23,47.29612350463867,336.9441833496094,2813.0
20,24,15.98544692993164,373.7803039550781,1443.0
20,25,15.33363151550293,432.8340759277344,2236.0
20,26,191.6560211181641,29.08098030090332,4038.0
20,27,258.5848999023437,25.90738677978516,3628.0
20,28,311.7012939453125,31.88214683532715,2571.0
20,29,193.51535034179688,98.57501220703124,2833.0
20,30,317.8983154296875,95.64038848876952,2803.0
20,31,269.35479736328125,126.42772674560548,2359.0
20,32,127.4984893798828,126.21817016601562,3974.0
20,33,0.0,0.0,0.0
20,34,69.01141357421875,140.33164978027344,3154.0
20,35,424.3116149902344,139.48928833007812,3732.0
20,36,29.489137649536133,195.24386596679688,4281.0
20,37,356.4193420410156,182.88673400878903,3558.0
20,38,259.2690734863281,263.7853698730469,1598.0
20,39,85.0439224243164,253.68603515625,3529.0
20,40,0.0,0.0,0.0
20,41,147.69967651367188,284.3628845214844,2494.0
20,42,238.34947204589844,298.2369689941406,1342.0
20,43,171.36630249023438,366.1517333984375,3407.0
20,44,102.92449951171876,372.8235778808594,5033.0
20,45,56.97810745239258,419.9193115234375,4065.0
20,46,116.54920196533205,443.13323974609375,4878.0
20,47,252.7656707763672,82.70372772216797,4101.0
20,48,164.1207275390625,165.42315673828125,4249.0
20,49,302.7780456542969,168.1693572998047,3974.0
20,50,243.2229766845703,183.5135803222656,3978.0
20,51,92.66716766357422,194.8075714111328,3326.0
20,52,182.4683074951172,215.64208984375,2319.0
20,53,136.79217529296875,231.9529266357422,2762.0
20,54,395.1747741699219,291.0208740234375,3210.0
20,55,325.92095947265625,291.9733581542969,2290.0
20,56,192.7333068847656,305.3442687988281,4177.0
20,57,394.6634826660156,329.70819091796875,1878.0
20,58,232.442123413086,362.5498352050781,4345.0
20,59,336.2017822265625,405.8278198242188,6621.0
20,60,169.80319213867188,422.53216552734375,2627.0
20,61,0.0,0.0,0.0
20,62,280.7909851074219,311.73828125,3282.0
20,63,442.8376770019531,340.2447204589844,2415.0
20,64,355.1545715332031,344.0950012207031,3474.0
20,65,257.3817138671875,442.4763488769531,5263.0
20,66,98.0,473.3333435058594,3.0
20,67,185.4558258056641,478.8392028808594,2637.0
20,68,309.05401611328125,456.1844787597656,2369.0
20,69,0.0,0.0,0.0
20,70,486.5041809082031,399.4039916992188,2156.0
20,71,0.0,0.0,0.0
20,72,46.39800262451172,479.466796875,1701.0
20,73,423.2794799804688,381.5681457519531,2179.0
20,74,389.9025268554688,393.0517883300781,1313.0
20,75,454.49127197265625,428.697998046875,3149.0
20,76,397.5755310058594,451.63714599609375,3555.0
20,77,0.0,0.0,0.0
20,78,0.0,0.0,0.0
20,79,0.0,0.0,0.0
20,80,17.664031982421875,491.923583984375,1518.0
20,81,439.8715515136719,480.86859130859375,2382.0
20,82,0.0,0.0,0.0
20,83,341.4455261230469,488.4338684082031,3001.0
20,84,81.05489349365234,495.8138427734375,1257.0
20,85,357.9769287109375,126.68529510498048,2469.0
20,86,487.9295043945313,139.55287170410156,1447.0
20,87,478.3903503417969,239.51882934570312,3028.0
20,88,497.4983825683594,455.5594787597656,1244.0
20,89,483.758544921875,490.5185241699219,2050.0
20,90,0.0,0.0,0.0
20,91,496.0789489746094,103.3026351928711,1368.0
20,92,0.0,0.0,0.0
20,93,485.7550964355469,294.6841735839844,1960.0
20,94,71.4266586303711,12.48569679260254,1643.0
20,95,0.0,0.0,0.0
20,96,498.712646484375,42.404396057128906,1820.0
20,97,474.7603454589844,348.5184936523437,1352.0
20,98,209.0137481689453,429.7525024414063,1891.0
20,99,287.8285522460937,364.9764099121094,2543.0
20,100,288.49127197265625,499.84515380859375,859.0
20,101,0.0,0.0,0.0
20,102,0.0,0.0,0.0
20,103,398.5895690917969,500.4827575683594,1189.0
20,104,495.8287048339844,202.7092437744141,1331.0
20,105,152.3929901123047,494.6152038574219,1341.0
20,106,0.0,0.0,0.0
20,107,0.0,0.0,0.0
20,108,0.0,0.0,0.0
20,109,500.0753479003906,350.6095886230469,1460.0
20,110,478.1388244628906,23.696006774902344,1102.0
20,111,503.9581298828125,307.9476318359375,382.0
20,112,0.0,0.0,0.0
20,113,0.0,0.0,0.0
20,114,500.90338134765625,168.48309326171875,621.0
20,115,505.3039245605469,428.2058715820313,102.0
20,116,0.0,0.0,0.0
20,117,425.4343872070313,110.22266387939452,1006.0
20,118,0.0,0.0,0.0
20,119,0.0,0.0,0.0
20,120,0.0,0.0,0.0
20,121,0.0,0.0,0.0
20,122,0.0,0.0,0.0
20,123,0.0,0.0,0.0
20,124,0.0,0.0,0.0
20,125,213.46592712402344,147.92218017578125,1966.0
20,126,0.0,0.0,0.0
20,127,0.0,0.0,0.0
20,128,0.0,0.0,0.0
20,129,0.0,0.0,0.0
20,130,115.0197982788086,492.8208923339844,1111.0
20,131,0.0,0.0,0.0
20,132,0.0,0.0,0.0
20,133,0.0,0.0,0.0
20,134,0.0,0.0,0.0
20,135,0.0,0.0,0.0
20,136,0.0,0.0,0.0
20,137,95.38714599609376,86.65470886230469,2676.0
20,138,0.0,0.0,0.0
20,139,0.0,0.0,0.0
20,140,0.0,0.0,0.0
20,141,0.0,0.0,0.0
20,142,0.0,0.0,0.0
20,143,0.0,0.0,0.0
20,144,0.0,0.0,0.0
20,145,0.0,0.0,0.0
20,146,0.0,0.0,0.0
20,147,0.0,0.0,0.0
20,148,0.0,0.0,0.0
20,149,0.0,0.0,0.0
20,150,0.0,0.0,0.0
20,151,0.0,0.0,0.0
20,152,0.0,0.0,0.0
20,153,0.0,0.0,0.0
20,154,0.0,0.0,0.0
20,155,0.0,0.0,0.0
20,156,0.0,0.0,0.0
20,157,0.0,0.0,0.0
20,158,0.0,0.0,0.0
20,159,0.0,0.0,0.0
20,160,0.0,0.0,0.0
20,161,0.0,0.0,0.0
20,162,0.0,0.0,0.0
20,163,0.0,0.0,0.0
20,164,0.0,0.0,0.0
20,165,0.0,0.0,0.0
20,166,0.0,0.0,0.0
20,167,0.0,0.0,0.0
20,168,0.0,0.0,0.0
20,169,0.0,0.0,0.0
20,170,0.0,0.0,0.0
20,171,0.0,0.0,0.0
20,172,0.0,0.0,0.0
20,173,0.0,0.0,0.0
20,174,0.0,0.0,0.0
20,175,0.0,0.0,0.0
20,176,0.0,0.0,0.0
20,177,0.0,0.0,0.0
20,178,0.0,0.0,0.0
20,179,0.0,0.0,0.0
20,180,0.0,0.0,0.0
20,181,0.0,0.0,0.0
20,182,0.0,0.0,0.0
20,183,0.0,0.0,0.0
20,184,0.0,0.0,0.0
20,185,0.0,0.0,0.0
20,186,0.0,0.0,0.0
20,187,0.0,0.0,0.0
20,188,0.0,0.0,0.0
20,189,0.0,0.0,0.0
20,190,0.0,0.0,0.0
20,191,0.0,0.0,0.0
20,192,0.0,0.0,0.0
20,193,0.0,0.0,0.0
20,194,0.0,0.0,0.0
20,195,0.0,0.0,0.0
20,196,0.0,0.0,0.0
20,197,0.0,0.0,0.0
20,198,0.0,0.0,0.0
20,199,0.0,0.0,0.0
20,200,0.0,0.0,0.0
21,0,27.47483253479004,12.543623924255373,596.0
21,1,79.0573501586914,45.26911544799805,3348.0
21,2,130.9186248779297,16.395418167114258,1659.0
21,3,376.2274169921875,12.319955825805664,897.0
21,4,432.3772277832031,24.21403884887696,3462.0
21,5,152.83541870117188,64.81136322021484,2868.0
21,6,12.769152641296388,43.007659912109375,1958.0
21,7,352.68438720703125,51.59371566772461,3628.0
21,8,0.0,0.0,0.0
21,9,406.0249328613281,71.61961364746094,4130.0
21,10,40.71691131591797,79.26103210449219,1904.0
21,11,465.7560729980469,79.348876953125,2144.0
21,12,20.503204345703125,123.76593780517578,2965.0
21,13,403.5164489746094,207.3405914306641,3952.0
21,14,456.2755737304688,179.8905029296875,3041.0
21,15,298.4569396972656,234.72525024414065,4506.0
21,16,215.437255859375,244.6219482421875,3243.0
21,17,386.8811340332031,248.3158264160156,1447.0
21,18,347.5681457519531,252.9145965576172,1651.0
21,19,441.2950439453125,270.4187316894531,3064.0
21,20,29.22653579711914,270.9773864746094,4379.0
21,21,105.57591247558594,313.0165710449219,4044.0
21,22,11.170780181884766,326.00494384765625,1013.0
21,23,46.944366455078125,337.32489013671875,2804.0
21,24,15.471805572509766,372.9357604980469,1401.0
21,25,14.664645195007324,432.1086730957031,2144.0
21,26,192.6157684326172,29.295753479003903,3956.0
21,27,258.9572448730469,25.551198959350582,3672.0
21,28,310.8099975585937,32.71358871459961,2458.0
21,29,193.6847076416016,98.5042495727539,2826.0
21,30,317.5482482910156,95.72640991210938,2840.0
21,31,268.5751647949219,126.751220703125,2255.0
21,32,126.95056915283205,126.1542510986328,4026.0
21,33,0.0,0.0,0.0
21,34,68.81230163574219,140.5780029296875,3154.0
21,35,424.1575927734375,139.34793090820312,3972.0
21,36,29.33841896057129,195.68377685546875,4326.0
21,37,355.6903076171875,182.5929412841797,3513.0
21,38,257.14874267578125,264.53887939453125,1479.0
21,39,84.6903305053711,253.7342529296875,3620.0
21,40,0.0,0.0,0.0
21,41,147.238037109375,282.85284423828125,2487.0
21,42,237.2819366455078,297.7138061523437,1174.0
21,43,170.68109130859375,364.9056091308594,3327.0
21,44,102.7170181274414,372.763671875,4866.0
21,45,56.35120391845703,419.7245788574219,4197.0
21,46,115.96019744873048,443.2539978027344,4874.0
21,47,253.0125274658203,82.82707214355469,4071.0
21,48,164.35284423828125,164.95989990234375,4339.0
21,49,301.7168273925781,167.90379333496094,4033.0
21,50,241.9859771728516,183.4073638916016,3994.0
21,51,92.4632568359375,194.6452789306641,3225.0
21,52,181.6622772216797,215.788314819336,2277.0
21,53,136.32870483398438,231.0191650390625,2662.0
21,54,393.3412780761719,290.8216552734375,3314.0
21,55,324.9248046875,291.75469970703125,2181.0
21,56,192.05328369140625,304.8805236816406,4110.0
21,57,393.7972106933594,329.5278015136719,1726.0
21,58,231.8170623779297,361.6050720214844,4406.0
21,59,335.29693603515625,405.70306396484375,6621.0
21,60,167.76666259765625,419.8038635253906,2580.0
21,61,0.0,0.0,0.0
21,62,279.34600830078125,311.370361328125,3367.0
21,63,441.2481994628906,340.6859436035156,2506.0
21,64,354.24468994140625,343.61737060546875,3625.0
21,65,256.2790222167969,442.2536926269531,5412.0
21,66,83.0,474.5,2.0
21,67,184.8859405517578,477.6238403320313,2709.0
21,68,307.3841247558594,455.820556640625,2257.0
21,69,0.0,0.0,0.0
21,70,485.9884338378906,399.4590148925781,2159.0
21,71,0.0,0.0,0.0
21,72,45.49882888793945,479.4754333496094,1710.0
21,73,420.9659729003906,381.61517333984375,2175.0
21,74,388.5148620605469,393.5594177246094,1212.0
21,75,453.8243103027344,428.0062561035156,3199.0
21,76,396.95159912109375,450.8941040039063,3513.0
21,77,0.0,0.0,0.0
21,78,0.0,0.0,0.0
21,79,0.0,0.0,0.0
21,80,17.271400451660156,491.6403503417969,1507.0
21,81,439.0700073242188,480.3783264160156,2371.0
21,82,0.0,0.0,0.0
21,83,341.197265625,487.7249755859375,3138.0
21,84,80.66563415527344,495.5567626953125,1295.0
21,85,357.4267272949219,126.18547058105467,2491.0
21,86,489.2205505371094,140.7245330810547,1129.0
21,87,477.0445251464844,240.0015869140625,3144.0
21,88,497.34173583984375,453.3662109375,1349.0
21,89,483.43365478515625,490.7042236328125,2103.0
21,90,0.0,0.0,0.0
21,91,493.68267822265625,102.41265869140624,1311.0
21,92,0.0,0.0,0.0
21,93,485.1652526855469,295.3379821777344,2009.0
21,94,71.1217041015625,12.556354522705078,1668.0
21,95,0.0,0.0,0.0
21,96,498.6958312988281,42.80886459350586,1805.0
21,97,474.0753173828125,348.5251159667969,1354.0
21,98,207.10769653320312,428.18255615234375,1950.0
21,99,287.0448303222656,364.6428833007813,2453.0
21,100,287.87109375,499.8873291015625,861.0
21,101,0.0,0.0,0.0
21,102,0.0,0.0,0.0
21,103,398.70709228515625,500.1947326660156,1212.0
21,104,495.4006958007813,202.90415954589844,1440.0
21,105,149.1615753173828,494.30853271484375,1572.0
21,106,0.0,0.0,0.0
21,107,0.0,0.0,0.0
21,108,0.0,0.0,0.0
21,109,499.7960815429688,350.5628662109375,1535.0
21,110,477.7622375488281,23.44097900390625,1186.0
21,111,504.50732421875,307.3695068359375,341.0
21,112,0.0,0.0,0.0
21,113,0.0,0.0,0.0
21,114,500.3652038574219,167.07131958007812,701.0
21,115,0.0,0.0,0.0
21,116,506.1304321289063,123.375,184.0
21,117,418.5919494628906,108.544921875,1191.0
21,118,0.0,0.0,0.0
21,119,0.0,0.0,0.0
21,120,0.0,0.0,0.0
21,121,0.0,0.0,0.0
21,122,0.0,0.0,0.0
21,123,0.0,0.0,0.0
21,124,0.0,0.0,0.0
21,125,213.4276580810547,147.69300842285156,1873.0
21,126,0.0,0.0,0.0
21,127,0.0,0.0,0.0
21,128,0.0,0.0,0.0
21,129,0.0,0.0,0.0
21,130,111.42356872558594,492.9580078125,857.0
21,131,0.0,0.0,0.0
21,132,0.0,0.0,0.0
21,133,0.0,0.0,0.0
21,134,0.0,0.0,0.0
21,135,0.0,0.0,0.0
21,136,0.0,0.0,0.0
21,137,94.79229736328124,86.97705078125,2571.0
21,138,0.0,0.0,0.0
21,139,0.0,0.0,0.0
21,140,0.0,0.0,0.0
21,141,0.0,0.0,0.0
21,142,0.0,0.0,0.0
21,143,0.0,0.0,0.0
21,144,0.0,0.0,0.0
21,145,0.0,0.0,0.0
21,146,0.0,0.0,0.0
21,147,0.0,0.0,0.0
21,148,0.0,0.0,0.0
21,149,0.0,0.0,0.0
21,150,0.0,0.0,0.0
21,151,0.0,0.0,0.0
21,152,0.0,0.0,0.0
21,153,0.0,0.0,0.0
21,154,0.0,0.0,0.0
21,155,0.0,0.0,0.0
21,156,0.0,0.0,0.0
21,157,0.0,0.0,0.0
21,158,0.0,0.0,0.0
21,159,0.0,0.0,0.0
21,160,0.0,0.0,0.0
21,161,0.0,0.0,0.0
21,162,0.0,0.0,0.0
21,163,0.0,0.0,0.0
21,164,0.0,0.0,0.0
21,165,0.0,0.0,0.0
21,166,0.0,0.0,0.0
21,167,0.0,0.0,0.0
21,168,0.0,0.0,0.0
21,169,0.0,0.0,0.0
21,170,0.0,0.0,0.0
21,171,0.0,0.0,0.0
21,172,0.0,0.0,0.0
21,173,0.0,0.0,0.0
21,174,0.0,0.0,0.0
21,175,0.0,0.0,0.0
21,176,0.0,0.0,0.0
21,177,0.0,0.0,0.0
21,178,0.0,0.0,0.0
21,179,0.0,0.0,0.0
21,180,0.0,0.0,0.0
21,181,0.0,0.0,0.0
21,182,0.0,0.0,0.0
21,183,0.0,0.0,0.0
21,184,0.0,0.0,0.0
21,185,0.0,0.0,0.0
21,186,0.0,0.0,0.0
21,187,0.0,0.0,0.0
21,188,0.0,0.0,0.0
21,189,0.0,0.0,0.0
21,190,0.0,0.0,0.0
21,191,0.0,0.0,0.0
21,192,0.0,0.0,0.0
21,193,0.0,0.0,0.0
21,194,0.0,0.0,0.0
21,195,0.0,0.0,0.0
21,196,0.0,0.0,0.0
21,197,0.0,0.0,0.0
21,198,0.0,0.0,0.0
21,199,0.0,0.0,0.0
21,200,0.0,0.0,0.0
22,0,26.076452255249023,12.09480094909668,654.0
22,1,78.45529174804688,45.16686248779297,3422.0
22,2,131.78065490722656,16.245283126831055,1696.0
22,3,379.3165588378906,11.33669090270996,695.0
22,4,431.9325256347656,23.93941307067871,3334.0
22,5,152.86085510253906,63.99933242797852,3004.0
22,6,12.72097873687744,44.30713272094727,1921.0
22,7,352.7846984863281,48.74929428100586,3897.0
22,8,0.0,0.0,0.0
22,9,405.8226623535156,70.60877990722656,4077.0
22,10,41.08999633789063,79.56167602539062,1889.0
22,11,465.3733215332031,78.67218017578125,2175.0
22,12,20.47080993652344,123.94503021240234,2929.0
22,13,403.083251953125,208.3672332763672,4120.0
22,14,455.677001953125,178.5403289794922,3000.0
22,15,297.6340637207031,234.6016082763672,4621.0
22,16,214.5238342285156,244.2769470214844,3293.0
22,17,384.0045471191406,249.07650756835932,1320.0
22,18,346.3390808105469,252.61248779296875,1569.0
22,19,440.7594299316406,270.6744384765625,3047.0
22,20,28.317119598388672,270.7135925292969,4235.0
22,21,104.14107513427734,313.1608581542969,4246.0
22,22,10.782299041748049,325.72735595703125,983.0
22,23,46.1622200012207,337.0641784667969,2774.0
22,24,15.17018222808838,372.3076477050781,1375.0
22,25,14.770339012145996,432.4049377441406,2151.0
22,26,193.4200897216797,28.91020774841309,3742.0
22,27,258.12548828125,25.633934020996094,3666.0
22,28,309.60125732421875,33.41037368774414,2410.0
22,29,194.23297119140625,99.11917114257812,2979.0
22,30,317.7173767089844,96.0939712524414,2820.0
22,31,268.0912475585937,126.84261322021484,2192.0
22,32,126.70321655273438,125.8843765258789,4013.0
22,33,0.0,0.0,0.0
22,34,68.59461212158203,140.4946746826172,3192.0
22,35,423.3606262207031,138.17994689941406,4129.0
22,36,30.044404983520508,196.04168701171875,4414.0
22,37,355.0281982421875,182.13037109375,3582.0
22,38,256.047607421875,264.9116516113281,1449.0
22,39,83.85184478759766,252.5947723388672,3746.0
22,40,0.0,0.0,0.0
22,41,146.8253173828125,281.4967346191406,2599.0
22,42,236.09930419921875,297.88848876953125,1148.0
22,43,168.9221954345703,362.9758605957031,3149.0
22,44,102.49110412597656,373.514404296875,4722.0
22,45,55.80784606933594,419.5771789550781,4283.0
22,46,114.12999725341795,444.3883056640625,4700.0
22,47,253.27664184570312,83.30358123779297,4157.0
22,48,164.90858459472656,165.21299743652344,4507.0
22,49,300.89569091796875,167.5582733154297,3998.0
22,50,241.942626953125,182.8271331787109,3922.0
22,51,93.8674545288086,193.4976959228516,3048.0
22,52,181.0157165527344,215.7494201660156,2163.0
22,53,136.30194091796875,230.15869140625,2527.0
22,54,391.6177673339844,290.5977478027344,3443.0
22,55,323.7682800292969,291.8272705078125,2119.0
22,56,191.15884399414065,304.74810791015625,3966.0
22,57,392.7427978515625,328.9302673339844,1563.0
22,58,230.5723571777344,360.8146057128906,4450.0
22,59,334.5664367675781,405.419677734375,6562.0
22,60,165.4098663330078,418.0701599121094,2779.0
22,61,0.0,0.0,0.0
22,62,278.3451843261719,311.5285949707031,3462.0
22,63,439.609619140625,341.10675048828125,2595.0
22,64,353.2632751464844,343.83349609375,3802.0
22,65,255.3243103027344,441.3474426269531,5581.0
22,66,0.0,0.0,0.0
22,67,183.79296875,476.5199890136719,2700.0
22,68,306.9523620605469,455.5868225097656,2246.0
22,69,0.0,0.0,0.0
22,70,486.08984375,399.96875,2048.0
22,71,0.0,0.0,0.0
22,72,44.67683792114258,480.0099487304688,1606.0
22,73,419.0494079589844,381.0919189453125,2165.0
22,74,387.5801696777344,393.8572692871094,1079.0
22,75,453.99749755859375,427.3479614257813,3187.0
22,76,396.9459533691406,449.2041931152344,3570.0
22,77,0.0,0.0,0.0
22,78,0.0,0.0,0.0
22,79,0.0,0.0,0.0
22,80,17.127445220947266,491.8105163574219,1483.0
22,81,438.5465087890625,479.9722900390625,2419.0
22,82,0.0,0.0,0.0
22,83,341.032958984375,487.4444885253906,3215.0
22,84,80.38634490966797,495.172119140625,1377.0
22,85,357.3938293457031,125.41388702392578,2491.0
22,86,489.3253479003906,142.35633850097656,710.0
22,87,476.211181640625,240.0431060791016,3201.0
22,88,496.3128051757813,456.62396240234375,1202.0
22,89,483.0487060546875,490.8467102050781,2094.0
22,90,0.0,0.0,0.0
22,91,494.5696411132813,99.00267791748048,1120.0
22,92,0.0,0.0,0.0
22,93,484.2151794433594,294.7958984375,1896.0
22,94,71.4932632446289,12.30637264251709,1632.0
22,95,0.0,0.0,0.0
22,96,498.6055603027344,41.61588668823242,1838.0
22,97,472.7267150878906,349.11248779296875,1449.0
22,98,205.54168701171875,425.9068908691406,1955.0
22,99,285.5963134765625,365.42474365234375,2279.0
22,100,287.3108825683594,499.9751892089844,846.0
22,101,0.0,0.0,0.0
22,102,0.0,0.0,0.0
22,103,398.6555786132813,499.8107299804688,1231.0
22,104,494.814453125,202.6481170654297,1563.0
22,105,147.43182373046875,494.2972106933594,1716.0
22,106,0.0,0.0,0.0
22,107,0.0,0.0,0.0
22,108,0.0,0.0,0.0
22,109,499.4405212402344,351.2025451660156,1580.0
22,110,476.86572265625,23.073394775390625,1199.0
22,111,502.7191467285156,307.2191467285156,470.0
22,112,0.0,0.0,0.0
22,113,0.0,0.0,0.0
22,114,499.1426696777344,165.1315155029297,806.0
22,115,0.0,0.0,0.0
22,116,505.600830078125,121.4159698486328,238.0
22,117,419.4050598144531,106.53601837158205,1069.0
22,118,504.8251037597656,430.7130126953125,223.0
22,119,0.0,0.0,0.0
22,120,0.0,0.0,0.0
22,121,0.0,0.0,0.0
22,122,0.0,0.0,0.0
22,123,0.0,0.0,0.0
22,124,0.0,0.0,0.0
22,125,213.615478515625,150.3802490234375,1641.0
22,126,0.0,0.0,0.0
22,127,0.0,0.0,0.0
22,128,0.0,0.0,0.0
22,129,0.0,0.0,0.0
22,130,110.57584381103516,493.1060485839844,679.0
22,131,0.0,0.0,0.0
22,132,0.0,0.0,0.0
22,133,0.0,0.0,0.0
22,134,0.0,0.0,0.0
22,135,0.0,0.0,0.0
22,136,0.0,0.0,0.0
22,137,94.97864532470705,86.9278793334961,2482.0
22,138,0.0,0.0,0.0
22,139,0.0,0.0,0.0
22,140,0.0,0.0,0.0
22,141,0.0,0.0,0.0
22,142,0.0,0.0,0.0
22,143,0.0,0.0,0.0
22,144,0.0,0.0,0.0
22,145,0.0,0.0,0.0
22,146,0.0,0.0,0.0
22,147,0.0,0.0,0.0
22,148,0.0,0.0,0.0
22,149,0.0,0.0,0.0
22,150,0.0,0.0,0.0
22,151,0.0,0.0,0.0
22,152,0.0,0.0,0.0
22,153,0.0,0.0,0.0
22,154,0.0,0.0,0.0
22,155,0.0,0.0,0.0
22,156,0.0,0.0,0.0
22,157,0.0,0.0,0.0
22,158,0.0,0.0,0.0
22,159,0.0,0.0,0.0
22,160,0.0,0.0,0.0
22,161,0.0,0.0,0.0
22,162,0.0,0.0,0.0
22,163,0.0,0.0,0.0
22,164,0.0,0.0,0.0
22,165,0.0,0.0,0.0
22,166,0.0,0.0,0.0
22,167,0.0,0.0,0.0
22,168,0.0,0.0,0.0
22,169,0.0,0.0,0.0
22,170,0.0,0.0,0.0
22,171,0.0,0.0,0.0
22,172,0.0,0.0,0.0
22,173,0.0,0.0,0.0
22,174,0.0,0.0,0.0
22,175,0.0,0.0,0.0
22,176,0.0,0.0,0.0
22,177,0.0,0.0,0.0
22,178,0.0,0.0,0.0
22,179,0.0,0.0,0.0
22,180,0.0,0.0,0.0
22,181,0.0,0.0,0.0
22,182,0.0,0.0,0.0
22,183,0.0,0.0,0.0
22,184,0.0,0.0,0.0
22,185,0.0,0.0,0.0
22,186,0.0,0.0,0.0
22,187,0.0,0.0,0.0
22,188,0.0,0.0,0.0
22,189,0.0,0.0,0.0
22,190,0.0,0.0,0.0
22,191,0.0,0.0,0.0
22,192,0.0,0.0,0.0
22,193,0.0,0.0,0.0
22,194,0.0,0.0,0.0
22,195,0.0,0.0,0.0
22,196,0.0,0.0,0.0
22,197,0.0,0.0,0.0
22,198,0.0,0.0,0.0
22,199,0.0,0.0,0.0
22,200,0.0,0.0,0.0
23,0,26.478382110595703,12.472803115844728,717.0
23,1,78.42436981201172,45.54537963867188,3570.0
23,2,132.4026336669922,16.647193908691406,1746.0
23,3,381.7667846679688,10.629194259643556,596.0
23,4,431.7440185546875,23.701339721679688,3211.0
23,5,152.95660400390625,63.88684844970703,2996.0
23,6,12.442215919494627,44.8643798828125,1895.0
23,7,352.8314208984375,46.84436798095703,4093.0
23,8,0.0,0.0,0.0
23,9,405.8318176269531,69.37265014648438,3942.0
23,10,41.02085494995117,80.0620346069336,1870.0
23,11,464.9990539550781,78.05236053466797,2120.0
23,12,20.23318290710449,124.13349151611328,2899.0
23,13,402.4318542480469,208.35671997070312,4205.0
23,14,455.6669921875,177.55389404296875,3006.0
23,15,297.2716064453125,235.1563415527344,4823.0
23,16,213.03211975097656,244.38479614257807,3394.0
23,17,382.1813354492188,249.24850463867188,1340.0
23,18,345.5601501464844,252.7231903076172,1380.0
23,19,439.8793640136719,270.7817077636719,3042.0
23,20,28.104576110839844,270.9542541503906,4131.0
23,21,103.41314697265624,313.0214538574219,4335.0
23,22,10.848814010620115,325.5138244628906,1012.0
23,23,46.23844909667969,337.0513916015625,2705.0
23,24,15.295437812805176,371.3924560546875,1381.0
23,25,14.578705787658691,432.0004577636719,2179.0
23,26,193.24522399902344,28.671741485595703,3613.0
23,27,257.4435729980469,25.812820434570312,3713.0
23,28,308.955810546875,33.6748161315918,2331.0
23,29,194.5562896728516,99.6820297241211,3038.0
23,30,317.926025390625,95.98968505859376,2812.0
23,31,268.2215270996094,126.6626968383789,2099.0
23,32,126.8792495727539,124.92884063720705,4033.0
23,33,0.0,0.0,0.0
23,34,68.50508117675781,139.6154022216797,3245.0
23,35,422.0934143066406,137.63140869140625,4197.0
23,36,30.409242630004883,196.40591430664065,4501.0
23,37,354.52252197265625,182.1056365966797,3531.0
23,38,253.71617126464844,264.566162109375,1360.0
23,39,83.99124145507812,251.630599975586,3882.0
23,40,0.0,0.0,0.0
23,41,146.61058044433594,281.1831970214844,2609.0
23,42,234.33639526367188,297.83282470703125,981.0
23,43,167.78619384765625,361.2181701660156,2970.0
23,44,102.33868408203124,373.4302368164063,4609.0
23,45,55.51165008544922,419.0887756347656,4292.0
23,46,112.36504364013672,444.6298522949219,4520.0
23,47,253.1527404785156,83.61544036865234,4236.0
23,48,164.61163330078125,165.1555633544922,4519.0
23,49,300.43475341796875,167.05686950683594,4115.0
23,50,240.9951934814453,182.323471069336,3954.0
23,51,94.59495544433594,192.46923828125,2975.0
23,52,179.60304260253906,215.2284698486328,2101.0
23,53,136.54783630371094,229.6287384033203,2373.0
23,54,389.9624328613281,291.2777099609375,3619.0
23,55,322.8270263671875,292.08990478515625,2058.0
23,56,190.3187866210937,304.4131164550781,3827.0
23,57,391.9493408203125,329.5702209472656,1303.0
23,58,229.5797882080078,359.90069580078125,4512.0
23,59,334.0968322753906,405.1396789550781,6372.0
23,60,163.16751098632812,416.6243591308594,2955.0
23,61,0.0,0.0,0.0
23,62,276.5944519042969,310.9624328613281,3674.0
23,63,437.923828125,340.7592468261719,2704.0
23,64,352.1185913085937,343.7572631835937,3955.0
23,65,254.5767364501953,440.9523010253906,5682.0
23,66,0.0,0.0,0.0
23,67,182.66616821289065,476.0598449707031,2657.0
23,68,306.7706298828125,454.85003662109375,2254.0
23,69,0.0,0.0,0.0
23,70,485.6256713867188,399.6378173828125,2057.0
23,71,0.0,0.0,0.0
23,72,44.22584915161133,478.9573669433594,1501.0
23,73,418.5041198730469,380.8702087402344,2188.0
23,74,387.3468627929688,394.0425109863281,1035.0
23,75,453.6128234863281,427.4932556152344,3195.0
23,76,395.8774108886719,447.6190490722656,3410.0
23,77,0.0,0.0,0.0
23,78,0.0,0.0,0.0
23,79,0.0,0.0,0.0
23,80,17.73214340209961,492.0614929199219,1512.0
23,81,437.5997619628906,478.655029296875,2461.0
23,82,0.0,0.0,0.0
23,83,341.1739196777344,486.9520263671875,3335.0
23,84,80.16378021240234,494.8382263183594,1502.0
23,85,357.0353088378906,125.10884857177734,2407.0
23,86,0.0,0.0,0.0
23,87,475.6197509765625,240.12257385253903,3353.0
23,88,495.99560546875,456.9048461914063,1135.0
23,89,482.5958862304688,490.8372192382813,2138.0
23,90,0.0,0.0,0.0
23,91,495.4025268554688,96.68448638916016,954.0
23,92,0.0,0.0,0.0
23,93,483.9720458984375,295.3978576660156,1860.0
23,94,71.6960678100586,12.045684814453123,1576.0
23,95,0.0,0.0,0.0
23,96,498.7829284667969,41.00111770629883,1792.0
23,97,472.3172302246094,349.59088134765625,1491.0
23,98,203.95489501953125,424.6294860839844,2062.0
23,99,284.4822998046875,366.6783142089844,2204.0
23,100,287.13946533203125,499.8832092285156,839.0
23,101,0.0,0.0,0.0
23,102,0.0,0.0,0.0
23,103,399.25244140625,498.8261413574219,1323.0
23,104,494.7549743652344,202.0694732666016,1612.0
23,105,138.49374389648438,493.7172546386719,2398.0
23,106,0.0,0.0,0.0
23,107,0.0,0.0,0.0
23,108,0.0,0.0,0.0
23,109,499.40521240234375,350.07830810546875,1609.0
23,110,476.0584411621094,23.12638282775879,1266.0
23,111,502.82269287109375,306.6217346191406,423.0
23,112,0.0,0.0,0.0
23,113,0.0,0.0,0.0
23,114,498.6994323730469,162.9410400390625,865.0
23,115,0.0,0.0,0.0
23,116,505.44635009765625,120.38626861572266,233.0
23,117,417.2519226074219,105.06106567382812,1179.0
23,118,504.4602661132813,430.4569396972656,302.0
23,119,0.0,0.0,0.0
23,120,0.0,0.0,0.0
23,121,0.0,0.0,0.0
23,122,0.0,0.0,0.0
23,123,0.0,0.0,0.0
23,124,0.0,0.0,0.0
23,125,213.26385498046875,151.43487548828125,1497.0
23,126,0.0,0.0,0.0
23,127,0.0,0.0,0.0
23,128,0.0,0.0,0.0
23,129,0.0,0.0,0.0
23,130,0.0,0.0,0.0
23,131,0.0,0.0,0.0
23,132,0.0,0.0,0.0
23,133,0.0,0.0,0.0
23,134,0.0,0.0,0.0
23,135,0.0,0.0,0.0
23,136,0.0,0.0,0.0
23,137,95.1656494140625,86.82389068603516,2294.0
23,138,0.0,0.0,0.0
23,139,0.0,0.0,0.0
23,140,0.0,0.0,0.0
23,141,0.0,0.0,0.0
23,142,0.0,0.0,0.0
23,143,0.0,0.0,0.0
23,144,0.0,0.0,0.0
23,145,0.0,0.0,0.0
23,146,0.0,0.0,0.0
23,147,0.0,0.0,0.0
23,148,0.0,0.0,0.0
23,149,0.0,0.0,0.0
23,150,0.0,0.0,0.0
23,151,0.0,0.0,0.0
23,152,0.0,0.0,0.0
23,153,0.0,0.0,0.0
23,154,0.0,0.0,0.0
23,155,0.0,0.0,0.0
23,156,0.0,0.0,0.0
23,157,0.0,0.0,0.0
23,158,0.0,0.0,0.0
23,159,0.0,0.0,0.0
23,160,0.0,0.0,0.0
23,161,0.0,0.0,0.0
23,162,0.0,0.0,0.0
23,163,0.0,0.0,0.0
23,164,0.0,0.0,0.0
23,165,0.0,0.0,0.0
23,166,0.0,0.0,0.0
23,167,0.0,0.0,0.0
23,168,0.0,0.0,0.0
23,169,0.0,0.0,0.0
23,170,0.0,0.0,0.0
23,171,0.0,0.0,0.0
23,172,0.0,0.0,0.0
23,173,0.0,0.0,0.0
23,174,0.0,0.0,0.0
23,175,0.0,0.0,0.0
23,176,0.0,0.0,0.0
23,177,0.0,0.0,0.0
23,178,0.0,0.0,0.0
23,179,0.0,0.0,0.0
23,180,0.0,0.0,0.0
23,181,0.0,0.0,0.0
23,182,0.0,0.0,0.0
23,183,0.0,0.0,0.0
23,184,0.0,0.0,0.0
23,185,0.0,0.0,0.0
23,186,0.0,0.0,0.0
23,187,0.0,0.0,0.0
23,188,0.0,0.0,0.0
23,189,0.0,0.0,0.0
23,190,0.0,0.0,0.0
23,191,0.0,0.0,0.0
23,192,0.0,0.0,0.0
23,193,0.0,0.0,0.0
23,194,0.0,0.0,0.0
23,195,0.0,0.0,0.0
23,196,0.0,0.0,0.0
23,197,0.0,0.0,0.0
23,198,0.0,0.0,0.0
23,199,0.0,0.0,0.0
23,200,0.0,0.0,0.0
24,0,26.278377532958984,12.398648262023926,740.0
24,1,78.16963195800781,45.60574722290039,3655.0
24,2,133.29437255859375,16.893939971923828,1848.0
24,3,382.967041015625,10.450549125671388,546.0
24,4,431.3739013671875,23.09565162658692,3105.0
24,5,153.35995483398438,63.671993255615234,3067.0
24,6,12.413311958312988,45.07085418701172,1863.0
24,7,353.285400390625,46.30928421020508,4352.0
24,8,0.0,0.0,0.0
24,9,405.5994262695313,69.31871032714844,3897.0
24,10,40.83504486083984,80.28447723388672,1849.0
24,11,464.7886047363281,78.60247802734375,2176.0
24,12,20.099273681640625,124.04151153564452,2891.0
24,13,402.2859497070313,208.30691528320312,4340.0
24,14,455.8541870117188,175.9619598388672,2839.0
24,15,296.60760498046875,234.70730590820312,4995.0
24,16,212.344467163086,244.41720581054688,3533.0
24,17,381.6653442382813,249.23599243164065,1267.0
24,18,345.2608642578125,252.2028961181641,1311.0
24,19,439.5818786621094,271.34539794921875,3011.0
24,20,28.13445472717285,271.29510498046875,4046.0
24,21,102.297119140625,313.38934326171875,4510.0
24,22,10.907662391662598,325.5746459960937,1018.0
24,23,45.77467346191406,337.71954345703125,2685.0
24,24,15.14065933227539,371.8205261230469,1365.0
24,25,14.28079319000244,432.3798828125,2119.0
24,26,194.41964721679688,28.741649627685547,3503.0
24,27,257.6195983886719,25.84355735778809,3733.0
24,28,308.9873962402344,33.56949996948242,2223.0
24,29,194.87625122070312,100.60237884521484,3111.0
24,30,317.8089904785156,96.02606201171876,2801.0
24,31,268.3562316894531,126.8089828491211,1937.0
24,32,126.62870025634766,124.56734466552734,4091.0
24,33,0.0,0.0,0.0
24,34,68.24519348144531,139.436767578125,3226.0
24,35,420.9797058105469,137.1595916748047,4236.0
24,36,30.931377410888672,196.72659301757807,4634.0
24,37,354.240966796875,181.12973022460932,3569.0
24,38,252.18458557128903,265.0770263671875,1311.0
24,39,84.38758850097656,250.93540954589844,3963.0
24,40,0.0,0.0,0.0
24,41,146.498291015625,281.1602783203125,2633.0
24,42,233.1689910888672,298.9708557128906,858.0
24,43,166.59832763671875,359.8729858398437,2858.0
24,44,102.00614166259766,373.9984130859375,4394.0
24,45,55.071659088134766,419.3811950683594,4368.0
24,46,111.34583282470705,444.4329833984375,4268.0
24,47,253.54946899414065,84.16520690917969,4346.0
24,48,163.92181396484375,165.7036590576172,4451.0
24,49,300.3957214355469,165.93930053710938,4119.0
24,50,240.3457794189453,181.2574005126953,4017.0
24,51,95.64282989501952,191.83523559570312,2895.0
24,52,178.86993408203125,214.7235412597656,2022.0
24,53,137.22335815429688,229.52487182617188,2252.0
24,54,389.0676574707031,291.30206298828125,3784.0
24,55,322.257568359375,291.469970703125,2015.0
24,56,189.71258544921875,304.1743469238281,3688.0
24,57,391.0017700195313,329.7044982910156,1137.0
24,58,228.6718597412109,359.1567077636719,4556.0
24,59,333.257080078125,404.8567504882813,6317.0
24,60,160.76426696777344,415.6047973632813,3135.0
24,61,0.0,0.0,0.0
24,62,275.86376953125,311.0199279785156,3861.0
24,63,436.7626647949219,340.6700439453125,2764.0
24,64,351.8416748046875,343.90802001953125,4099.0
24,65,253.62408447265625,440.548095703125,5831.0
24,66,0.0,0.0,0.0
24,67,182.30458068847656,475.8434448242188,2574.0
24,68,305.9617004394531,453.8523254394531,2194.0
24,69,0.0,0.0,0.0
24,70,486.3033447265625,399.8336791992188,1978.0
24,71,0.0,0.0,0.0
24,72,43.45207214355469,479.0455322265625,1471.0
24,73,418.0159912109375,381.4429626464844,2253.0
24,74,386.3045043945313,394.4205932617188,913.0
24,75,453.7716979980469,427.0659790039063,3228.0
24,76,394.6932373046875,446.9856567382813,3413.0
24,77,0.0,0.0,0.0
24,78,0.0,0.0,0.0
24,79,0.0,0.0,0.0
24,80,17.612728118896484,492.1719665527344,1477.0
24,81,436.4536437988281,477.7326049804688,2502.0
24,82,0.0,0.0,0.0
24,83,340.47137451171875,486.5362243652344,3424.0
24,84,79.94774627685547,494.8922424316406,1531.0
24,85,357.5010986328125,123.98910522460938,2295.0
24,86,0.0,0.0,0.0
24,87,474.672607421875,239.714599609375,3595.0
24,88,494.88177490234375,458.0729370117188,905.0
24,89,482.4222106933594,490.269775390625,2250.0
24,90,0.0,0.0,0.0
24,91,495.0616149902344,95.14545440673828,990.0
24,92,0.0,0.0,0.0
24,93,482.0984191894531,296.87567138671875,1697.0
24,94,71.71914672851562,11.831220626831056,1499.0
24,95,0.0,0.0,0.0
24,96,498.7316589355469,40.863887786865234,1800.0
24,97,472.0962524414063,350.8562927246094,1517.0
24,98,202.3215484619141,422.9344787597656,2121.0
24,99,283.9619445800781,366.6795043945313,2050.0
24,100,286.8926086425781,499.7589416503906,838.0
24,101,0.0,0.0,0.0
24,102,0.0,0.0,0.0
24,103,399.4398498535156,498.4571533203125,1330.0
24,104,494.8404235839844,201.81414794921875,1598.0
24,105,143.75584411621094,493.1613159179688,2052.0
24,106,0.0,0.0,0.0
24,107,0.0,0.0,0.0
24,108,0.0,0.0,0.0
24,109,499.2501525878906,350.2589416503906,1595.0
24,110,475.7125854492188,23.63216590881348,1343.0
24,111,501.8172912597656,306.3693542480469,509.0
24,112,0.0,0.0,0.0
24,113,0.0,0.0,0.0
24,114,498.5377807617188,162.63697814941406,887.0
24,115,0.0,0.0,0.0
24,116,505.3026428222656,118.18092346191406,304.0
24,117,422.6188659667969,104.29717254638672,1060.0
24,118,503.6098937988281,435.56634521484375,505.0
24,119,486.62200927734375,132.87841796875,1209.0
24,120,90.0,477.5,2.0
24,121,0.0,0.0,0.0
24,122,0.0,0.0,0.0
24,123,0.0,0.0,0.0
24,124,0.0,0.0,0.0
24,125,212.49571228027344,151.91702270507812,1398.0
24,126,0.0,0.0,0.0
24,127,0.0,0.0,0.0
24,128,0.0,0.0,0.0
24,129,0.0,0.0,0.0
24,130,107.31346893310548,489.6909484863281,453.0
24,131,0.0,0.0,0.0
24,132,0.0,0.0,0.0
24,133,0.0,0.0,0.0
24,134,0.0,0.0,0.0
24,135,0.0,0.0,0.0
24,136,0.0,0.0,0.0
24,137,94.8949966430664,86.73636627197266,2219.0
24,138,0.0,0.0,0.0
24,139,0.0,0.0,0.0
24,140,0.0,0.0,0.0
24,141,0.0,0.0,0.0
24,142,0.0,0.0,0.0
24,143,0.0,0.0,0.0
24,144,0.0,0.0,0.0
24,145,0.0,0.0,0.0
24,146,0.0,0.0,0.0
24,147,0.0,0.0,0.0
24,148,0.0,0.0,0.0
24,149,0.0,0.0,0.0
24,150,0.0,0.0,0.0
24,151,0.0,0.0,0.0
24,152,0.0,0.0,0.0
24,153,0.0,0.0,0.0
24,154,0.0,0.0,0.0
24,155,0.0,0.0,0.0
24,156,0.0,0.0,0.0
24,157,0.0,0.0,0.0
24,158,0.0,0.0,0.0
24,159,0.0,0.0,0.0
24,160,0.0,0.0,0.0
24,161,0.0,0.0,0.0
24,162,0.0,0.0,0.0
24,163,0.0,0.0,0.0
24,164,0.0,0.0,0.0
24,165,0.0,0.0,0.0
24,166,0.0,0.0,0.0
24,167,0.0,0.0,0.0
24,168,0.0,0.0,0.0
24,169,0.0,0.0,0.0
24,170,0.0,0.0,0.0
24,171,0.0,0.0,0.0
24,172,0.0,0.0,0.0
24,173,0.0,0.0,0.0
24,174,0.0,0.0,0.0
24,175,0.0,0.0,0.0
24,176,0.0,0.0,0.0
24,177,0.0,0.0,0.0
24,178,0.0,0.0,0.0
24,179,0.0,0.0,0.0
24,180,0.0,0.0,0.0
24,181,0.0,0.0,0.0
24,182,0.0,0.0,0.0
24,183,0.0,0.0,0.0
24,184,0.0,0.0,0.0
24,185,0.0,0.0,0.0
24,186,0.0,0.0,0.0
24,187,0.0,0.0,0.0
24,188,0.0,0.0,0.0
24,189,0.0,0.0,0.0
24,190,0.0,0.0,0.0
24,191,0.0,0.0,0.0
24,192,0.0,0.0,0.0
24,193,0.0,0.0,0.0
24,194,0.0,0.0,0.0
24,195,0.0,0.0,0.0
24,196,0.0,0.0,0.0
24,197,0.0,0.0,0.0
24,198,0.0,0.0,0.0
24,199,0.0,0.0,0.0
24,200,0.0,0.0,0.0
25,0,25.31476593017578,12.02202033996582,772.0
25,1,78.23560333251953,46.11143493652344,3769.0
25,2,133.26039123535156,16.622140884399414,1924.0
25,3,384.5195007324219,9.995893478393556,487.0
25,4,431.3636779785156,22.151668548583984,2967.0
25,5,153.61964416503906,63.30870056152344,3126.0
25,6,12.61009693145752,46.32115936279297,1862.0
25,7,353.9608154296875,46.044525146484375,4492.0
25,8,0.0,0.0,0.0
25,9,407.1443786621094,67.14137268066406,3650.0
25,10,40.78993606567383,80.90481567382812,1828.0
25,11,465.48779296875,76.7911376953125,2212.0
25,12,20.02444267272949,124.3740692138672,2823.0
25,13,401.64501953125,208.58657836914065,4499.0
25,14,455.2173767089844,174.4251251220703,2691.0
25,15,296.359619140625,235.4106903076172,5111.0
25,16,211.8101806640625,244.4667816162109,3672.0
25,17,380.33892822265625,249.6363677978516,1254.0
25,18,344.3815002441406,253.5233459472656,1135.0
25,19,438.8580017089844,271.7723999023437,3014.0
25,20,27.854150772094727,270.9953918457031,3915.0
25,21,102.37713623046876,313.5008850097656,4558.0
25,22,10.93260669708252,324.9762268066406,1009.0
25,23,46.49150085449219,337.6205444335937,2883.0
25,24,14.645723342895508,371.6949157714844,1321.0
25,25,14.256820678710938,433.0616149902344,2126.0
25,26,194.9030303955078,28.38642311096192,3403.0
25,27,258.162841796875,25.76194190979004,3789.0
25,28,308.7524108886719,34.939788818359375,2076.0
25,29,194.9695281982422,101.6083526611328,3281.0
25,30,317.7717590332031,95.85774230957033,2861.0
25,31,268.4037475585937,126.22714233398438,1761.0
25,32,126.42179107666016,124.39551544189452,4149.0
25,33,0.0,0.0,0.0
25,34,68.1285171508789,139.43392944335938,3307.0
25,35,419.7541809082031,136.87950134277344,4141.0
25,36,31.339719772338867,197.1464385986328,4698.0
25,37,353.8720397949219,181.0497283935547,3579.0
25,38,252.26622009277344,265.75457763671875,1202.0
25,39,84.76245880126953,250.72108459472656,4012.0
25,40,0.0,0.0,0.0
25,41,146.36277770996094,280.32745361328125,2660.0
25,42,231.2305908203125,298.1917724609375,850.0
25,43,166.67449951171875,358.9725341796875,2768.0
25,44,102.67850494384766,374.530029296875,4196.0
25,45,54.50593185424805,418.5225830078125,4382.0
25,46,109.97954559326172,444.3643493652344,4106.0
25,47,253.5749053955078,84.22633361816406,4352.0
25,48,163.02976989746094,166.3045654296875,4334.0
25,49,300.21124267578125,165.5112762451172,4213.0
25,50,240.3755798339844,180.01882934570312,4143.0
25,51,96.21400451660156,192.02203369140625,2813.0
25,52,177.8716583251953,214.1365509033203,1948.0
25,53,137.50881958007812,229.05239868164065,2099.0
25,54,387.48529052734375,292.8268737792969,4078.0
25,55,321.5431213378906,292.157958984375,1994.0
25,56,188.3970947265625,303.6630554199219,3508.0
25,57,393.4659118652344,333.443603515625,807.0
25,58,227.6485137939453,358.902587890625,4589.0
25,59,332.5463256835937,404.9461669921875,6185.0
25,60,159.0757598876953,414.3024597167969,3260.0
25,61,0.0,0.0,0.0
25,62,274.7743835449219,311.97576904296875,4042.0
25,63,435.9045715332031,341.1025695800781,2798.0
25,64,351.5379638671875,344.6977844238281,4305.0
25,65,252.6762542724609,440.24700927734375,5773.0
25,66,0.0,0.0,0.0
25,67,182.19015502929688,475.13861083984375,2561.0
25,68,304.5858459472656,453.1815185546875,2132.0
25,69,0.0,0.0,0.0
25,70,486.5731201171875,400.9830627441406,1949.0
25,71,0.0,0.0,0.0
25,72,43.0,477.9178161621094,1363.0
25,73,416.53314208984375,382.33734130859375,2247.0
25,74,384.9809265136719,394.6340637207031,787.0
25,75,454.0704650878906,427.0621032714844,3236.0
25,76,393.80511474609375,445.7129821777344,3397.0
25,77,0.0,0.0,0.0
25,78,0.0,0.0,0.0
25,79,0.0,0.0,0.0
25,80,18.605064392089844,492.3148498535156,1461.0
25,81,435.84771728515625,477.0400085449219,2574.0
25,82,0.0,0.0,0.0
25,83,339.45977783203125,486.0172729492188,3530.0
25,84,84.37031555175781,493.3753051757813,2001.0
25,85,357.5166015625,123.60159301757812,2259.0
25,86,0.0,0.0,0.0
25,87,474.0320434570313,239.3574981689453,3807.0
25,88,494.77001953125,460.1855163574219,787.0
25,89,482.063232421875,490.4363098144531,2214.0
25,90,0.0,0.0,0.0
25,91,495.2224426269531,94.5748062133789,1016.0
25,92,0.0,0.0,0.0
25,93,481.8291931152344,296.8909606933594,1651.0
25,94,70.78657531738281,11.663086891174316,1490.0
25,95,0.0,0.0,0.0
25,96,499.4547119140625,39.65087127685547,1667.0
25,97,471.3714599609375,351.6625366210937,1618.0
25,98,201.0722045898437,422.2308654785156,2105.0
25,99,281.9596862792969,369.3695068359375,1935.0
25,100,286.3245544433594,499.6359252929688,835.0
25,101,0.0,0.0,0.0
25,102,0.0,0.0,0.0
25,103,399.037109375,497.7166442871094,1401.0
25,104,494.8693237304688,200.6349639892578,1630.0
25,105,142.71517944335938,492.3063659667969,2226.0
25,106,0.0,0.0,0.0
25,107,0.0,0.0,0.0
25,108,0.0,0.0,0.0
25,109,499.2023010253906,351.8530578613281,1572.0
25,110,475.9410400390625,23.075586318969727,1323.0
25,111,500.9584045410156,307.3023986816406,625.0
25,112,0.0,0.0,0.0
25,113,0.0,0.0,0.0
25,114,497.7733459472656,161.70555114746094,900.0
25,115,0.0,0.0,0.0
25,116,505.844970703125,117.3255844116211,258.0
25,117,418.7261962890625,103.0314712524414,1271.0
25,118,502.9674682617188,437.7208862304688,584.0
25,119,485.80706787109375,132.32106018066406,1358.0
25,120,0.0,0.0,0.0
25,121,0.0,0.0,0.0
25,122,0.0,0.0,0.0
25,123,0.0,0.0,0.0
25,124,0.0,0.0,0.0
25,125,211.135009765625,155.18174743652344,1348.0
25,126,0.0,0.0,0.0
25,127,0.0,0.0,0.0
25,128,0.0,0.0,0.0
25,129,0.0,0.0,0.0
25,130,0.0,0.0,0.0
25,131,0.0,0.0,0.0
25,132,0.0,0.0,0.0
25,133,0.0,0.0,0.0
25,134,0.0,0.0,0.0
25,135,0.0,0.0,0.0
25,136,0.0,0.0,0.0
25,137,94.76095581054688,86.98052215576172,2054.0
25,138,0.0,0.0,0.0
25,139,0.0,0.0,0.0
25,140,0.0,0.0,0.0
25,141,0.0,0.0,0.0
25,142,0.0,0.0,0.0
25,143,0.0,0.0,0.0
25,144,0.0,0.0,0.0
25,145,0.0,0.0,0.0
25,146,0.0,0.0,0.0
25,147,0.0,0.0,0.0
25,148,0.0,0.0,0.0
25,149,0.0,0.0,0.0
25,150,0.0,0.0,0.0
25,151,0.0,0.0,0.0
25,152,0.0,0.0,0.0
25,153,0.0,0.0,0.0
25,154,0.0,0.0,0.0
25,155,0.0,0.0,0.0
25,156,0.0,0.0,0.0
25,157,0.0,0.0,0.0
25,158,0.0,0.0,0.0
25,159,0.0,0.0,0.0
25,160,0.0,0.0,0.0
25,161,0.0,0.0,0.0
25,162,0.0,0.0,0.0
25,163,0.0,0.0,0.0
25,164,0.0,0.0,0.0
25,165,0.0,0.0,0.0
25,166,0.0,0.0,0.0
25,167,0.0,0.0,0.0
25,168,0.0,0.0,0.0
25,169,0.0,0.0,0.0
25,170,0.0,0.0,0.0
25,171,0.0,0.0,0.0
25,172,0.0,0.0,0.0
25,173,0.0,0.0,0.0
25,174,0.0,0.0,0.0
25,175,0.0,0.0,0.0
25,176,0.0,0.0,0.0
25,177,0.0,0.0,0.0
25,178,0.0,0.0,0.0
25,179,0.0,0.0,0.0
25,180,0.0,0.0,0.0
25,181,0.0,0.0,0.0
25,182,0.0,0.0,0.0
25,183,0.0,0.0,0.0
25,184,0.0,0.0,0.0
25,185,0.0,0.0,0.0
25,186,0.0,0.0,0.0
25,187,0.0,0.0,0.0
25,188,0.0,0.0,0.0
25,189,0.0,0.0,0.0
25,190,0.0,0.0,0.0
25,191,0.0,0.0,0.0
25,192,0.0,0.0,0.0
25,193,0.0,0.0,0.0
25,194,0.0,0.0,0.0
25,195,0.0,0.0,0.0
25,196,0.0,0.0,0.0
25,197,0.0,0.0,0.0
25,198,0.0,0.0,0.0
25,199,0.0,0.0,0.0
25,200,0.0,0.0,0.0
26,0,25.66166305541992,12.48383331298828,866.0
26,1,78.27093505859375,46.061302185058594,3654.0
26,2,133.48422241210938,17.027542114257812,1997.0
26,3,384.658447265625,8.676922798156738,325.0
26,4,430.7552795410156,21.48004150390625,2881.0
26,5,153.57073974609375,63.13447952270508,3138.0
26,6,12.843683242797852,46.95556640625,1868.0
26,7,354.9132995605469,45.50175476074219,4556.0
26,8,0.0,0.0,0.0
26,9,407.43548583984375,66.19903564453125,3527.0
26,10,40.93595123291016,81.0602798461914,1858.0
26,11,464.4413146972656,82.2779312133789,1781.0
26,12,19.731294631958008,124.82698059082033,2780.0
26,13,402.110595703125,208.56727600097656,4548.0
26,14,455.2637634277344,173.42298889160156,2506.0
26,15,296.14093017578125,235.64675903320312,5073.0
26,16,211.26397705078125,244.8295745849609,3773.0
26,17,378.5975341796875,249.2190399169922,1292.0
26,18,343.2972717285156,254.2972717285156,1026.0
26,19,438.80963134765625,272.2046203613281,3157.0
26,20,27.501798629760746,270.96942138671875,3892.0
26,21,102.13988494873048,313.7768859863281,4661.0
26,22,10.503482818603516,324.7940368652344,1005.0
26,23,46.38546752929688,337.7159118652344,2890.0
26,24,14.806809425354004,371.5603332519531,1351.0
26,25,14.002857208251951,433.4381103515625,2100.0
26,26,195.3634185791016,28.62655639648437,3291.0
26,27,258.2318420410156,26.20975685119629,3895.0
26,28,309.5970458984375,35.34015274047852,2102.0
26,29,195.1608428955078,101.7182388305664,3432.0
26,30,318.20916748046875,96.5096206665039,2859.0
26,31,269.4612731933594,126.19068145751952,1652.0
26,32,126.34744262695312,124.15100860595705,4205.0
26,33,0.0,0.0,0.0
26,34,68.46695709228516,139.29884338378906,3450.0
26,35,419.09954833984375,136.0162811279297,4360.0
26,36,31.42999839782715,197.3292999267578,4707.0
26,37,353.4593200683594,181.1878662109375,3625.0
26,38,251.74050903320312,265.6482849121094,1106.0
26,39,84.95162200927734,250.63905334472656,4031.0
26,40,0.0,0.0,0.0
26,41,146.2820587158203,279.1159973144531,2698.0
26,42,230.1026306152344,297.6000061035156,760.0
26,43,165.75413513183594,358.3364562988281,2782.0
26,44,102.43939971923828,374.5914611816406,3985.0
26,45,54.4468994140625,418.9027099609375,4482.0
26,46,109.02977752685548,444.2662353515625,3929.0
26,47,254.150146484375,85.02437591552734,4349.0
26,48,162.8596649169922,166.94740295410156,4297.0
26,49,299.4103088378906,166.03091430664062,4270.0
26,50,239.6631622314453,180.05490112304688,4189.0
26,51,96.53318786621094,192.8522491455078,2802.0
26,52,176.87545776367188,214.2013702392578,1887.0
26,53,137.6270294189453,228.93975830078125,1909.0
26,54,386.5652770996094,293.662353515625,4244.0
26,55,320.68682861328125,291.8653564453125,1983.0
26,56,188.02294921875,303.6122436523437,3399.0
26,57,392.7461853027344,334.5820617675781,591.0
26,58,227.3351287841797,358.7103881835937,4658.0
26,59,331.4813232421875,405.2913513183594,5969.0
26,60,157.3459930419922,414.6890563964844,3422.0
26,61,0.0,0.0,0.0
26,62,273.4725646972656,311.4152526855469,4154.0
26,63,434.56097412109375,341.3406066894531,2886.0
26,64,350.94970703125,345.24951171875,4473.0
26,65,252.0216064453125,439.7483215332031,5646.0
26,66,0.0,0.0,0.0
26,67,181.97364807128903,475.3405151367188,2505.0
26,68,303.21734619140625,453.0419921875,2167.0
26,69,0.0,0.0,0.0
26,70,486.5104675292969,400.3794555664063,1908.0
26,71,0.0,0.0,0.0
26,72,42.3726692199707,477.1948852539063,1288.0
26,73,417.0460815429688,383.2125244140625,2301.0
26,74,383.3826293945313,394.8210144042969,771.0
26,75,454.6576843261719,427.8585510253906,3231.0
26,76,393.0285949707031,444.2267150878906,3427.0
26,77,0.0,0.0,0.0
26,78,0.0,0.0,0.0
26,79,0.0,0.0,0.0
26,80,19.730907440185547,492.3540344238281,1401.0
26,81,434.7307434082031,476.6553649902344,2507.0
26,82,0.0,0.0,0.0
26,83,338.9864196777344,485.9179382324219,3534.0
26,84,79.26746368408203,494.6877746582031,1675.0
26,85,357.5551452636719,123.24954986572266,2212.0
26,86,0.0,0.0,0.0
26,87,473.5569152832031,239.22116088867188,3866.0
26,88,492.9472961425781,459.5831909179688,607.0
26,89,481.5045166015625,490.1972351074219,2317.0
26,90,0.0,0.0,0.0
26,91,495.7229309082031,93.75609588623048,1025.0
26,92,0.0,0.0,0.0
26,93,480.8250122070313,297.9458312988281,1440.0
26,94,71.40167236328125,11.615062713623049,1434.0
26,95,0.0,0.0,0.0
26,96,499.2539367675781,39.2951774597168,1721.0
26,97,471.654541015625,351.0626525878906,1676.0
26,98,200.41981506347656,421.1359558105469,2170.0
26,99,281.82666015625,369.6880798339844,1898.0
26,100,286.0664978027344,499.5683288574219,827.0
26,101,0.0,0.0,0.0
26,102,0.0,0.0,0.0
26,103,398.4305725097656,496.5794677734375,1491.0
26,104,494.8014221191406,200.4676971435547,1672.0
26,105,142.08534240722656,492.0752258300781,2273.0
26,106,0.0,0.0,0.0
26,107,0.0,0.0,0.0
26,108,0.0,0.0,0.0
26,109,499.51556396484375,352.0661926269531,1511.0
26,110,475.45257568359375,22.133384704589844,1297.0
26,111,500.4198913574219,307.02520751953125,674.0
26,112,0.0,0.0,0.0
26,113,0.0,0.0,0.0
26,114,497.7230224609375,160.9607391357422,917.0
26,115,0.0,0.0,0.0
26,116,506.3668212890625,115.46733856201172,199.0
26,117,418.6102600097656,101.2289581298828,1188.0
26,118,502.2223815917969,438.2340087890625,688.0
26,119,485.8030090332031,131.5861358642578,1457.0
26,120,0.0,0.0,0.0
26,121,467.48626708984375,54.01764678955078,510.0
26,122,90.0,477.0,1.0
26,123,0.0,0.0,0.0
26,124,0.0,0.0,0.0
26,125,210.3542938232422,156.14801025390625,1304.0
26,126,0.0,0.0,0.0
26,127,0.0,0.0,0.0
26,128,0.0,0.0,0.0
26,129,0.0,0.0,0.0
26,130,105.81818389892578,486.2698974609375,352.0
26,131,0.0,0.0,0.0
26,132,0.0,0.0,0.0
26,133,0.0,0.0,0.0
26,134,0.0,0.0,0.0
26,135,0.0,0.0,0.0
26,136,0.0,0.0,0.0
26,137,94.74568176269533,85.8852767944336,1970.0
26,138,0.0,0.0,0.0
26,139,0.0,0.0,0.0
26,140,0.0,0.0,0.0
26,141,0.0,0.0,0.0
26,142,0.0,0.0,0.0
26,143,0.0,0.0,0.0
26,144,0.0,0.0,0.0
26,145,0.0,0.0,0.0
26,146,0.0,0.0,0.0
26,147,0.0,0.0,0.0
26,148,0.0,0.0,0.0
26,149,0.0,0.0,0.0
26,150,0.0,0.0,0.0
26,151,0.0,0.0,0.0
26,152,0.0,0.0,0.0
26,153,0.0,0.0,0.0
26,154,0.0,0.0,0.0
26,155,0.0,0.0,0.0
26,156,0.0,0.0,0.0
26,157,0.0,0.0,0.0
26,158,0.0,0.0,0.0
26,159,0.0,0.0,0.0
26,160,0.0,0.0,0.0
26,161,0.0,0.0,0.0
26,162,0.0,0.0,0.0
26,163,0.0,0.0,0.0
26,164,0.0,0.0,0.0
26,165,0.0,0.0,0.0
26,166,0.0,0.0,0.0
26,167,0.0,0.0,0.0
26,168,0.0,0.0,0.0
26,169,0.0,0.0,0.0
26,170,0.0,0.0,0.0
26,171,0.0,0.0,0.0
26,172,0.0,0.0,0.0
26,173,0.0,0.0,0.0
26,174,0.0,0.0,0.0
26,175,0.0,0.0,0.0
26,176,0.0,0.0,0.0
26,177,0.0,0.0,0.0
26,178,0.0,0.0,0.0
26,179,0.0,0.0,0.0
26,180,0.0,0.0,0.0
26,181,0.0,0.0,0.0
26,182,0.0,0.0,0.0
26,183,0.0,0.0,0.0
26,184,0.0,0.0,0.0
26,185,0.0,0.0,0.0
26,186,0.0,0.0,0.0
26,187,0.0,0.0,0.0
26,188,0.0,0.0,0.0
26,189,0.0,0.0,0.0
26,190,0.0,0.0,0.0
26,191,0.0,0.0,0.0
26,192,0.0,0.0,0.0
26,193,0.0,0.0,0.0
26,194,0.0,0.0,0.0
26,195,0.0,0.0,0.0
26,196,0.0,0.0,0.0
26,197,0.0,0.0,0.0
26,198,0.0,0.0,0.0
26,199,0.0,0.0,0.0
26,200,0.0,0.0,0.0
27,0,24.777305603027344,12.73701000213623,943.0
27,1,78.74588012695312,46.456939697265625,3762.0
27,2,134.24671936035156,16.95551109313965,1978.0
27,3,385.9732360839844,8.822742462158203,299.0
27,4,430.6180419921875,21.30180549621582,2770.0
27,5,154.3607177734375,62.509803771972656,3213.0
27,6,13.116820335388184,48.45484161376953,1849.0
27,7,355.3715209960937,44.35853576660156,4616.0
27,8,0.0,0.0,0.0
27,9,407.7355041503906,64.60501098632812,3395.0
27,10,41.382720947265625,81.5790023803711,1829.0
27,11,463.8554382324219,82.61542510986328,1750.0
27,12,19.74873733520508,124.8093032836914,2774.0
27,13,401.93060302734375,208.43820190429688,4596.0
27,14,454.7973937988281,173.43429565429688,2443.0
27,15,295.9079284667969,235.7792053222656,5127.0
27,16,210.97787475585932,244.871337890625,3886.0
27,17,377.4172973632813,248.93003845214844,1215.0
27,18,342.68487548828125,255.1886444091797,933.0
27,19,438.43206787109375,271.85546875,3238.0
27,20,27.49412727355957,271.6161193847656,3746.0
27,21,101.6286849975586,313.8085327148437,4643.0
27,22,10.810650825500488,324.76824951171875,1014.0
27,23,46.6684684753418,338.68670654296875,2962.0
27,24,14.380090713500977,372.0007629394531,1326.0
27,25,13.65517234802246,434.0758666992188,2030.0
27,26,195.8632659912109,28.21487045288086,3174.0
27,27,258.8204345703125,26.040786743164062,4021.0
27,28,309.9906311035156,35.90325927734375,2026.0
27,29,195.1548309326172,102.65028381347656,3520.0
27,30,318.8312072753906,96.49163055419922,2986.0
27,31,271.9474182128906,125.61133575439452,1464.0
27,32,126.4091567993164,123.7094955444336,4172.0
27,33,0.0,0.0,0.0
27,34,68.98422241210938,138.97520446777344,3550.0
27,35,419.48626708984375,135.39999389648438,4335.0
27,36,31.570262908935547,197.70513916015625,4782.0
27,37,353.9218139648437,180.86331176757807,3709.0
27,38,252.5449981689453,265.3728942871094,1011.0
27,39,84.41828918457031,250.14170837402344,4100.0
27,40,0.0,0.0,0.0
27,41,145.90077209472656,278.14599609375,2822.0
27,42,228.97984313964844,296.4512939453125,893.0
27,43,165.12185668945312,357.2012023925781,2823.0
27,44,101.75631713867188,374.6890258789063,3759.0
27,45,54.060997009277344,419.0546569824219,4574.0
27,46,107.29745483398438,444.34619140625,3651.0
27,47,253.5988311767578,86.05936431884766,4447.0
27,48,162.3698272705078,167.32391357421875,4248.0
27,49,299.6581420898437,166.0662384033203,4303.0
27,50,239.8179626464844,178.74818420410156,4285.0
27,51,97.30724334716795,192.44239807128903,2760.0
27,52,176.05860900878906,214.6307983398437,1877.0
27,53,136.81094360351562,228.3348693847656,1735.0
27,54,385.8453369140625,293.9778747558594,4429.0
27,55,320.0843811035156,291.9595642089844,1979.0
27,56,186.8034820556641,303.44683837890625,3160.0
27,57,395.0867919921875,336.03125,288.0
27,58,227.064682006836,358.4618530273437,4746.0
27,59,330.8525085449219,405.25830078125,5749.0
27,60,155.05653381347656,413.8744201660156,3679.0
27,61,0.0,0.0,0.0
27,62,273.1304626464844,311.51434326171875,4147.0
27,63,433.206298828125,341.3770446777344,2952.0
27,64,352.0775451660156,345.3599548339844,4681.0
27,65,251.4641571044922,439.3938903808594,5537.0
27,66,0.0,0.0,0.0
27,67,181.1900787353516,474.7094421386719,2478.0
27,68,302.2344970703125,452.39453125,2162.0
27,69,0.0,0.0,0.0
27,70,485.9187927246094,400.0210571289063,1946.0
27,71,0.0,0.0,0.0
27,72,40.86952972412109,475.1931457519531,1165.0
27,73,417.9577026367188,383.9750671386719,2246.0
27,74,382.30169677734375,394.8521728515625,832.0
27,75,454.4186096191406,428.4120178222656,3194.0
27,76,392.2450866699219,443.64349365234375,3411.0
27,77,0.0,0.0,0.0
27,78,0.0,0.0,0.0
27,79,0.0,0.0,0.0
27,80,20.30986976623535,492.8955078125,1378.0
27,81,434.3354797363281,476.2837219238281,2492.0
27,82,0.0,0.0,0.0
27,83,338.361083984375,485.2570190429688,3603.0
27,84,76.91529083251953,495.36529541015625,1700.0
27,85,358.2592468261719,122.6024398803711,2133.0
27,86,0.0,0.0,0.0
27,87,473.9085388183594,238.6970672607422,3925.0
27,88,492.7783508300781,459.1466064453125,573.0
27,89,481.4191589355469,490.0125122070313,2400.0
27,90,0.0,0.0,0.0
27,91,495.7141418457031,92.84512329101562,1046.0
27,92,0.0,0.0,0.0
27,93,480.7965393066406,297.0419921875,1381.0
27,94,71.50662994384766,11.46545696258545,1433.0
27,95,0.0,0.0,0.0
27,96,499.6522216796875,37.89480209350586,1616.0
27,97,471.9044189453125,350.04412841796875,1768.0
27,98,199.60516357421875,420.6495971679688,2206.0
27,99,281.9650573730469,370.1480712890625,1918.0
27,100,285.6344299316406,499.2181701660156,848.0
27,101,0.0,0.0,0.0
27,102,0.0,0.0,0.0
27,103,398.3655090332031,495.8939208984375,1565.0
27,104,494.8353271484375,199.5449066162109,1670.0
27,105,141.23641967773438,491.7393798828125,2356.0
27,106,0.0,0.0,0.0
27,107,0.0,0.0,0.0
27,108,0.0,0.0,0.0
27,109,499.9432067871094,352.7846374511719,1444.0
27,110,475.4889831542969,21.70463180541992,1317.0
27,111,499.9171142578125,307.1658020019531,760.0
27,112,0.0,0.0,0.0
27,113,0.0,0.0,0.0
27,114,497.46484375,160.5142822265625,910.0
27,115,0.0,0.0,0.0
27,116,506.2741088867188,114.83756256103516,197.0
27,117,417.9546203613281,100.18307495117188,1300.0
27,118,502.24755859375,438.261474609375,719.0
27,119,485.9100646972656,131.04698181152344,1490.0
27,120,0.0,0.0,0.0
27,121,468.1926574707031,54.44648361206055,654.0
27,122,82.0,474.5,2.0
27,123,0.0,0.0,0.0
27,124,0.0,0.0,0.0
27,125,208.8184814453125,159.31004333496094,1245.0
27,126,0.0,0.0,0.0
27,127,0.0,0.0,0.0
27,128,0.0,0.0,0.0
27,129,0.0,0.0,0.0
27,130,103.21678161621094,484.3916015625,429.0
27,131,0.0,0.0,0.0
27,132,0.0,0.0,0.0
27,133,0.0,0.0,0.0
27,134,0.0,0.0,0.0
27,135,0.0,0.0,0.0
27,136,0.0,0.0,0.0
27,137,95.39094543457033,85.69464111328125,1811.0
27,138,0.0,0.0,0.0
27,139,0.0,0.0,0.0
27,140,0.0,0.0,0.0
27,141,0.0,0.0,0.0
27,142,0.0,0.0,0.0
27,143,0.0,0.0,0.0
27,144,0.0,0.0,0.0
27,145,0.0,0.0,0.0
27,146,0.0,0.0,0.0
27,147,0.0,0.0,0.0
27,148,0.0,0.0,0.0
27,149,0.0,0.0,0.0
27,150,0.0,0.0,0.0
27,151,0.0,0.0,0.0
27,152,0.0,0.0,0.0
27,153,0.0,0.0,0.0
27,154,0.0,0.0,0.0
27,155,0.0,0.0,0.0
27,156,0.0,0.0,0.0
27,157,0.0,0.0,0.0
27,158,0.0,0.0,0.0
27,159,0.0,0.0,0.0
27,160,0.0,0.0,0.0
27,161,0.0,0.0,0.0
27,162,0.0,0.0,0.0
27,163,0.0,0.0,0.0
27,164,0.0,0.0,0.0
27,165,0.0,0.0,0.0
27,166,0.0,0.0,0.0
27,167,0.0,0.0,0.0
27,168,0.0,0.0,0.0
27,169,0.0,0.0,0.0
27,170,0.0,0.0,0.0
27,171,0.0,0.0,0.0
27,172,0.0,0.0,0.0
27,173,0.0,0.0,0.0
27,174,0.0,0.0,0.0
27,175,0.0,0.0,0.0
27,176,0.0,0.0,0.0
27,177,0.0,0.0,0.0
27,178,0.0,0.0,0.0
27,179,0.0,0.0,0.0
27,180,0.0,0.0,0.0
27,181,0.0,0.0,0.0
27,182,0.0,0.0,0.0
27,183,0.0,0.0,0.0
27,184,0.0,0.0,0.0
27,185,0.0,0.0,0.0
27,186,0.0,0.0,0.0
27,187,0.0,0.0,0.0
27,188,0.0,0.0,0.0
27,189,0.0,0.0,0.0
27,190,0.0,0.0,0.0
27,191,0.0,0.0,0.0
27,192,0.0,0.0,0.0
27,193,0.0,0.0,0.0
27,194,0.0,0.0,0.0
27,195,0.0,0.0,0.0
27,196,0.0,0.0,0.0
27,197,0.0,0.0,0.0
27,198,0.0,0.0,0.0
27,199,0.0,0.0,0.0
27,200,0.0,0.0,0.0
28,0,23.5913143157959,11.890868186950684,898.0
28,1,78.58687591552734,46.19485092163086,3885.0
28,2,134.7781219482422,16.618972778320312,1929.0
28,3,386.1267700195313,8.070422172546387,213.0
28,4,429.3999938964844,20.4845027923584,2710.0
28,5,154.9188995361328,62.2950325012207,3403.0
28,6,13.294054985046388,48.9495735168457,1884.0
28,7,356.76519775390625,44.210670471191406,4723.0
28,8,0.0,0.0,0.0
28,9,408.7981872558594,63.91909408569336,3226.0
28,10,41.44565963745117,81.98361206054688,1831.0
28,11,463.981201171875,82.22998046875,1861.0
28,12,19.29323005676269,125.23104858398438,2718.0
28,13,400.6780090332031,208.5074920654297,4469.0
28,14,452.9522705078125,175.35853576660156,2619.0
28,15,295.5227966308594,236.2196807861328,5130.0
28,16,210.4893341064453,244.9667510986328,3940.0
28,17,377.5515441894531,248.1929473876953,1135.0
28,18,342.8034973144531,254.5076446533203,916.0
28,19,438.8511352539063,271.5364685058594,3359.0
28,20,26.811336517333984,271.5592346191406,3705.0
28,21,100.88085174560548,313.9943542480469,4616.0
28,22,10.537583351135254,324.01141357421875,1051.0
28,23,47.03131103515625,340.1493835449219,3066.0
28,24,14.025542259216309,372.4651794433594,1292.0
28,25,13.390085220336914,434.5573425292969,1997.0
28,26,196.2111968994141,27.59736442565918,3035.0
28,27,258.9001159667969,26.10012435913086,4005.0
28,28,309.5956420898437,38.21150588989258,1877.0
28,29,196.4987945556641,104.45584106445312,3725.0
28,30,319.6048583984375,97.12007904052734,3123.0
28,31,272.4425048828125,125.47896575927734,1426.0
28,32,126.26963806152344,123.26350402832033,4239.0
28,33,0.0,0.0,0.0
28,34,68.51935577392578,138.50857543945312,3616.0
28,35,419.3815307617188,134.6546173095703,4259.0
28,36,31.34343147277832,197.99110412597656,4720.0
28,37,354.1266784667969,180.35096740722656,3781.0
28,38,251.11512756347656,264.6929931640625,886.0
28,39,84.06358337402344,250.160385131836,4215.0
28,40,0.0,0.0,0.0
28,41,145.84844970703125,278.4737854003906,2976.0
28,42,227.3106231689453,296.07391357421875,866.0
28,43,164.28631591796875,356.6117248535156,2815.0
28,44,101.8449249267578,374.959228515625,3508.0
28,45,53.8418197631836,418.9566955566406,4596.0
28,46,105.30399322509766,444.57855224609375,3431.0
28,47,253.7181854248047,85.86624908447266,4471.0
28,48,162.08628845214844,167.69105529785156,4195.0
28,49,299.4229736328125,166.66712951660156,4329.0
28,50,238.8705291748047,178.39495849609375,4441.0
28,51,97.21065521240234,192.26217651367188,2853.0
28,52,175.7697296142578,214.5497283935547,1850.0
28,53,136.8379364013672,227.9541473388672,1592.0
28,54,385.0030517578125,293.3323059082031,4568.0
28,55,319.80419921875,292.42401123046875,2007.0
28,56,186.424057006836,303.2802429199219,2976.0
28,57,394.65228271484375,337.02398681640625,417.0
28,58,226.2166290283203,358.20635986328125,4773.0
28,59,330.8414306640625,405.337158203125,5487.0
28,60,152.93885803222656,413.8050537109375,3909.0
28,61,0.0,0.0,0.0
28,62,272.2665710449219,311.21697998046875,4378.0
28,63,432.2198486328125,341.5264892578125,2870.0
28,64,350.8821105957031,346.3055419921875,4631.0
28,65,250.8637084960937,438.8448791503906,5415.0
28,66,0.0,0.0,0.0
28,67,180.60183715820312,472.7371826171875,2401.0
28,68,300.44012451171875,451.3279418945313,2104.0
28,69,0.0,0.0,0.0
28,70,486.3743896484375,399.6743469238281,1867.0
28,71,0.0,0.0,0.0
28,72,40.52045440673828,474.7702331542969,1149.0
28,73,418.2342224121094,384.23828125,2220.0
28,74,381.684326171875,395.4525146484375,811.0
28,75,455.0066528320313,428.3482360839844,3308.0
28,76,391.383544921875,443.1657104492188,3452.0
28,77,0.0,0.0,0.0
28,78,0.0,0.0,0.0
28,79,0.0,0.0,0.0
28,80,20.40518569946289,492.6925964355469,1350.0
28,81,433.2776794433594,475.6107482910156,2492.0
28,82,0.0,0.0,0.0
28,83,337.2856750488281,484.3972778320313,3763.0
28,84,76.5385513305664,495.329345703125,1673.0
28,85,359.2203674316406,122.45553588867188,2024.0
28,86,0.0,0.0,0.0
28,87,474.5335693359375,238.4933319091797,3827.0
28,88,493.3547058105469,459.8837585449219,499.0
28,89,480.7875061035156,489.5958251953125,2452.0
28,90,0.0,0.0,0.0
28,91,496.743896484375,92.89720916748048,1148.0
28,92,0.0,0.0,0.0
28,93,479.6199645996094,297.4241638183594,1292.0
28,94,70.77738189697266,11.14911651611328,1415.0
28,95,0.0,0.0,0.0
28,96,500.0044555664063,37.84835052490234,1576.0
28,97,472.204345703125,350.3003234863281,1928.0
28,98,198.92501831054688,419.58343505859375,2187.0
28,99,280.9635314941406,372.7185363769531,1947.0
28,100,285.0643005371094,499.1261901855469,840.0
28,101,0.0,0.0,0.0
28,102,0.0,0.0,0.0
28,103,398.2117309570313,495.73150634765625,1568.0
28,104,495.3428955078125,200.32916259765625,1601.0
28,105,140.65663146972656,491.2578430175781,2490.0
28,106,0.0,0.0,0.0
28,107,0.0,0.0,0.0
28,108,0.0,0.0,0.0
28,109,500.5779724121094,353.8149719238281,1308.0
28,110,475.1280517578125,22.53719520568848,1398.0
28,111,499.5203552246094,307.28619384765625,884.0
28,112,0.0,0.0,0.0
28,113,0.0,0.0,0.0
28,114,496.5097961425781,160.86692810058594,1022.0
28,115,0.0,0.0,0.0
28,116,0.0,0.0,0.0
28,117,417.5346984863281,99.29824829101562,1311.0
28,118,502.0892028808594,437.5739135742188,751.0
28,119,486.9751281738281,129.66189575195312,1609.0
28,120,0.0,0.0,0.0
28,121,465.94921875,53.655555725097656,630.0
28,122,76.33333587646484,472.3333435058594,3.0
28,123,322.0322570800781,5.078341007232666,217.0
28,124,0.0,0.0,0.0
28,125,206.9830017089844,162.62062072753906,941.0
28,126,0.0,0.0,0.0
28,127,0.0,0.0,0.0
28,128,0.0,0.0,0.0
28,129,0.0,0.0,0.0
28,130,101.09947967529295,483.1204223632813,382.0
28,131,0.0,0.0,0.0
28,132,0.0,0.0,0.0
28,133,0.0,0.0,0.0
28,134,0.0,0.0,0.0
28,135,0.0,0.0,0.0
28,136,0.0,0.0,0.0
28,137,95.03665924072266,85.23738098144531,1664.0
28,138,0.0,0.0,0.0
28,139,0.0,0.0,0.0
28,140,0.0,0.0,0.0
28,141,0.0,0.0,0.0
28,142,0.0,0.0,0.0
28,143,0.0,0.0,0.0
28,144,0.0,0.0,0.0
28,145,0.0,0.0,0.0
28,146,0.0,0.0,0.0
28,147,0.0,0.0,0.0
28,148,0.0,0.0,0.0
28,149,0.0,0.0,0.0
28,150,0.0,0.0,0.0
28,151,0.0,0.0,0.0
28,152,0.0,0.0,0.0
28,153,0.0,0.0,0.0
28,154,0.0,0.0,0.0
28,155,0.0,0.0,0.0
28,156,0.0,0.0,0.0
28,157,0.0,0.0,0.0
28,158,0.0,0.0,0.0
28,159,0.0,0.0,0.0
28,160,0.0,0.0,0.0
28,161,0.0,0.0,0.0
28,162,0.0,0.0,0.0
28,163,0.0,0.0,0.0
28,164,0.0,0.0,0.0
28,165,0.0,0.0,0.0
28,166,0.0,0.0,0.0
28,167,0.0,0.0,0.0
28,168,0.0,0.0,0.0
28,169,0.0,0.0,0.0
28,170,0.0,0.0,0.0
28,171,0.0,0.0,0.0
28,172,0.0,0.0,0.0
28,173,0.0,0.0,0.0
28,174,0.0,0.0,0.0
28,175,0.0,0.0,0.0
28,176,0.0,0.0,0.0
28,177,0.0,0.0,0.0
28,178,0.0,0.0,0.0
28,179,0.0,0.0,0.0
28,180,0.0,0.0,0.0
28,181,0.0,0.0,0.0
28,182,0.0,0.0,0.0
28,183,0.0,0.0,0.0
28,184,0.0,0.0,0.0
28,185,0.0,0.0,0.0
28,186,0.0,0.0,0.0
28,187,0.0,0.0,0.0
28,188,0.0,0.0,0.0
28,189,0.0,0.0,0.0
28,190,0.0,0.0,0.0
28,191,0.0,0.0,0.0
28,192,0.0,0.0,0.0
28,193,0.0,0.0,0.0
28,194,0.0,0.0,0.0
28,195,0.0,0.0,0.0
28,196,0.0,0.0,0.0
28,197,0.0,0.0,0.0
28,198,0.0,0.0,0.0
28,199,0.0,0.0,0.0
28,200,0.0,0.0,0.0
29,0,22.53227996826172,10.841897010803224,759.0
29,1,77.9171142578125,46.54339218139648,4102.0
29,2,134.6993865966797,16.6342830657959,1966.0
29,3,0.0,0.0,0.0
29,4,426.5397338867188,19.533472061157227,2868.0
29,5,155.35922241210938,62.22459030151367,3424.0
29,6,13.32008457183838,48.313724517822266,1887.0
29,7,357.2547607421875,44.41494369506836,4738.0
29,8,0.0,0.0,0.0
29,9,409.24456787109375,62.67689895629883,3030.0
29,10,40.79545593261719,82.5265121459961,1848.0
29,11,463.2220458984375,81.62255859375,1995.0
29,12,19.067604064941406,125.68173217773438,2633.0
29,13,399.6595153808594,208.8487701416016,4470.0
29,14,452.0604248046875,175.93275451660156,2632.0
29,15,294.97833251953125,236.665771484375,5170.0
29,16,210.1448211669922,245.222900390625,4060.0
29,17,376.4474487304688,247.86085510253903,999.0
29,18,342.1907653808594,254.68365478515625,844.0
29,19,438.2994995117188,271.3299865722656,3379.0
29,20,26.549041748046875,271.5501403808594,3599.0
29,21,99.66350555419922,313.9918518066406,4538.0
29,22,9.732199668884276,323.9734191894531,941.0
29,23,46.22607803344727,339.4620666503906,3229.0
29,24,13.753266334533691,372.8970031738281,1301.0
29,25,13.113930702209473,435.756591796875,1931.0
29,26,196.33322143554688,27.70613670349121,2998.0
29,27,258.78564453125,26.2749252319336,4012.0
29,28,309.5931396484375,39.38720703125,1782.0
29,29,196.9936981201172,105.47007751464844,3810.0
29,30,319.8031311035156,96.92489624023438,3129.0
29,31,273.7872009277344,124.33779907226562,1344.0
29,32,126.11266326904295,123.1670150756836,4287.0
29,33,0.0,0.0,0.0
29,34,68.32115936279297,138.5670928955078,3696.0
29,35,419.1214599609375,134.7010955810547,4182.0
29,36,31.572734832763672,198.2662048339844,4812.0
29,37,353.91949462890625,180.42393493652344,3826.0
29,38,251.0,264.310302734375,709.0
29,39,83.7901611328125,249.8990173339844,4189.0
29,40,0.0,0.0,0.0
29,41,146.2947235107422,279.7353515625,3359.0
29,42,225.4851531982422,295.3353881835937,808.0
29,43,163.3734893798828,355.4132995605469,2739.0
29,44,101.57284545898438,375.24127197265625,3432.0
29,45,53.27303695678711,419.4645690917969,4699.0
29,46,104.9524154663086,442.7822265625,3026.0
29,47,253.8114776611328,85.6435317993164,4424.0
29,48,161.21856689453125,168.33511352539062,4127.0
29,49,299.0826110839844,166.72035217285156,4334.0
29,50,237.22018432617188,176.02935791015625,4905.0
29,51,98.07483673095705,192.3900909423828,2766.0
29,52,175.663330078125,214.0395050048828,1797.0
29,53,136.67453002929688,227.4642791748047,1484.0
29,54,383.7554931640625,292.2830810546875,4638.0
29,55,319.4952087402344,292.3716735839844,1983.0
29,56,187.0813751220703,303.35626220703125,2630.0
29,57,391.1082458496094,334.811767578125,425.0
29,58,225.1098175048828,357.7985534667969,4835.0
29,59,330.7149963378906,405.5184020996094,5077.0
29,60,151.56813049316406,413.0221252441406,4066.0
29,61,0.0,0.0,0.0
29,62,271.1708984375,310.94744873046875,4605.0
29,63,430.6984252929688,342.0438232421875,3127.0
29,64,350.228759765625,347.4300231933594,4651.0
29,65,250.06234741210932,438.6957092285156,5373.0
29,66,0.0,0.0,0.0
29,67,179.04173278808594,472.2847900390625,2444.0
29,68,300.6057434082031,450.3121643066406,2156.0
29,69,0.0,0.0,0.0
29,70,485.4641723632813,398.5487060546875,1786.0
29,71,0.0,0.0,0.0
29,72,40.20247650146485,476.5826721191406,1131.0
29,73,417.4233703613281,385.0633850097656,2114.0
29,74,380.8984069824219,395.8377380371094,758.0
29,75,455.2004699707031,428.6378173828125,3432.0
29,76,390.4692993164063,442.3536071777344,3501.0
29,77,0.0,0.0,0.0
29,78,0.0,0.0,0.0
29,79,0.0,0.0,0.0
29,80,19.12765884399414,492.4822692871094,1269.0
29,81,432.2321166992188,475.5086975097656,2473.0
29,82,0.0,0.0,0.0
29,83,337.03375244140625,484.1329040527344,3822.0
29,84,76.0085220336914,495.8983459472656,1643.0
29,85,358.6696472167969,122.86119079589844,2010.0
29,86,0.0,0.0,0.0
29,87,474.37451171875,238.52178955078125,3877.0
29,88,0.0,0.0,0.0
29,89,480.1283874511719,489.8851623535156,2508.0
29,90,0.0,0.0,0.0
29,91,496.9749145507813,92.47760009765624,1116.0
29,92,0.0,0.0,0.0
29,93,479.5260314941406,297.0015869140625,1268.0
29,94,70.09793853759766,10.843860626220703,1409.0
29,95,0.0,0.0,0.0
29,96,500.8542785644531,36.16198348999024,1352.0
29,97,473.1514892578125,349.9084167480469,2020.0
29,98,198.0433654785156,418.6840515136719,2168.0
29,99,281.2636108398437,373.6895751953125,2094.0
29,100,284.82977294921875,499.0119018554688,840.0
29,101,0.0,0.0,0.0
29,102,0.0,0.0,0.0
29,103,397.5466918945313,495.3839111328125,1542.0
29,104,495.5320739746094,200.6990509033203,1575.0
29,105,139.5022430419922,490.990234375,2457.0
29,106,0.0,0.0,0.0
29,107,0.0,0.0,0.0
29,108,0.0,0.0,0.0
29,109,501.157470703125,354.49188232421875,1232.0
29,110,475.474853515625,23.07676696777344,1472.0
29,111,499.4514770507813,307.6410827636719,886.0
29,112,0.0,0.0,0.0
29,113,0.0,0.0,0.0
29,114,495.810302734375,161.350830078125,1086.0
29,115,0.0,0.0,0.0
29,116,0.0,0.0,0.0
29,117,415.4027099609375,98.87619018554688,1470.0
29,118,499.020751953125,445.9100646972656,1301.0
29,119,486.3102416992188,129.4873504638672,1660.0
29,120,0.0,0.0,0.0
29,121,0.0,0.0,0.0
29,122,0.0,0.0,0.0
29,123,320.4825744628906,5.691689014434815,373.0
29,124,455.8657836914063,48.02013397216797,149.0
29,125,201.0614013671875,168.37193298339844,570.0
29,126,0.0,0.0,0.0
29,127,0.0,0.0,0.0
29,128,0.0,0.0,0.0
29,129,0.0,0.0,0.0
29,130,95.8144760131836,478.8401184082031,663.0
29,131,0.0,0.0,0.0
29,132,0.0,0.0,0.0
29,133,0.0,0.0,0.0
29,134,0.0,0.0,0.0
29,135,0.0,0.0,0.0
29,136,0.0,0.0,0.0
29,137,95.6894989013672,85.53228759765625,1533.0
29,138,0.0,0.0,0.0
29,139,0.0,0.0,0.0
29,140,0.0,0.0,0.0
29,141,0.0,0.0,0.0
29,142,0.0,0.0,0.0
29,143,0.0,0.0,0.0
29,144,0.0,0.0,0.0
29,145,0.0,0.0,0.0
29,146,0.0,0.0,0.0
29,147,0.0,0.0,0.0
29,148,0.0,0.0,0.0
29,149,0.0,0.0,0.0
29,150,0.0,0.0,0.0
29,151,0.0,0.0,0.0
29,152,0.0,0.0,0.0
29,153,0.0,0.0,0.0
29,154,0.0,0.0,0.0
29,155,0.0,0.0,0.0
29,156,0.0,0.0,0.0
29,157,0.0,0.0,0.0
29,158,0.0,0.0,0.0
29,159,0.0,0.0,0.0
29,160,0.0,0.0,0.0
29,161,0.0,0.0,0.0
29,162,0.0,0.0,0.0
29,163,0.0,0.0,0.0
29,164,0.0,0.0,0.0
29,165,0.0,0.0,0.0
29,166,0.0,0.0,0.0
29,167,0.0,0.0,0.0
29,168,0.0,0.0,0.0
29,169,0.0,0.0,0.0
29,170,0.0,0.0,0.0
29,171,0.0,0.0,0.0
29,172,0.0,0.0,0.0
29,173,0.0,0.0,0.0
29,174,0.0,0.0,0.0
29,175,0.0,0.0,0.0
29,176,0.0,0.0,0.0
29,177,0.0,0.0,0.0
29,178,0.0,0.0,0.0
29,179,0.0,0.0,0.0
29,180,0.0,0.0,0.0
29,181,0.0,0.0,0.0
29,182,0.0,0.0,0.0
29,183,0.0,0.0,0.0
29,184,0.0,0.0,0.0
29,185,0.0,0.0,0.0
29,186,0.0,0.0,0.0
29,187,0.0,0.0,0.0
29,188,0.0,0.0,0.0
29,189,0.0,0.0,0.0
29,190,0.0,0.0,0.0
29,191,0.0,0.0,0.0
29,192,0.0,0.0,0.0
29,193,0.0,0.0,0.0
29,194,0.0,0.0,0.0
29,195,0.0,0.0,0.0
29,196,0.0,0.0,0.0
29,197,0.0,0.0,0.0
29,198,0.0,0.0,0.0
29,199,0.0,0.0,0.0
29,200,0.0,0.0,0.0
30,0,21.65326690673828,11.18216037750244,796.0
30,1,79.16058349609375,47.25143432617188,4359.0
30,2,134.6113739013672,16.08448600769043,1953.0
30,3,0.0,0.0,0.0
30,4,426.73828125,19.53299140930176,2728.0
30,5,155.71047973632812,61.610198974609375,3530.0
30,6,13.23051929473877,48.99837493896485,1848.0
30,7,358.0536499023437,43.76606750488281,4715.0
30,8,0.0,0.0,0.0
30,9,410.2674255371094,61.554779052734375,2857.0
30,10,40.38716506958008,82.47254180908203,1839.0
30,11,462.2891540527344,81.74517822265625,2127.0
30,12,18.745624542236328,125.40528869628906,2571.0
30,13,399.8163146972656,208.2437286376953,4464.0
30,14,451.8387451171875,175.45021057128906,2561.0
30,15,294.14263916015625,236.5736541748047,5118.0
30,16,209.4818572998047,245.57846069335932,4161.0
30,17,374.93017578125,246.73306274414065,974.0
30,18,341.701416015625,254.20497131347656,844.0
30,19,437.8122863769531,271.28692626953125,3447.0
30,20,26.235565185546875,272.0545654296875,3464.0
30,21,98.78107452392578,314.8343200683594,4545.0
30,22,9.70330810546875,323.680908203125,937.0
30,23,46.35385894775391,339.8627319335937,3264.0
30,24,13.599063873291016,373.0452270507813,1282.0
30,25,12.721221923828123,435.9148864746094,1833.0
30,26,196.53512573242188,27.01773262023925,2876.0
30,27,258.82525634765625,26.151880264282227,4069.0
30,28,310.0085144042969,39.92224884033203,1762.0
30,29,196.96495056152344,105.7157974243164,3881.0
30,30,321.0058288574219,96.8275146484375,3264.0
30,31,274.6312255859375,124.13348388671876,1326.0
30,32,125.69363403320312,122.06208801269533,4413.0
30,33,0.0,0.0,0.0
30,34,68.18077850341797,138.21714782714844,3767.0
30,35,419.38623046875,134.1951446533203,4166.0
30,36,31.46320915222168,198.5390472412109,4879.0
30,37,354.031005859375,180.23565673828125,3870.0
30,38,251.6690368652344,264.8601989746094,701.0
30,39,83.31424713134766,250.207763671875,4226.0
30,40,0.0,0.0,0.0
30,41,145.87794494628906,280.2090759277344,3482.0
30,42,224.2516326904297,294.1454772949219,763.0
30,43,162.7086639404297,354.8504638671875,2722.0
30,44,101.1578598022461,375.6377258300781,3180.0
30,45,52.58838272094727,419.21044921875,4752.0
30,46,103.54542541503906,442.1305236816406,2873.0
30,47,253.782958984375,85.6719741821289,4460.0
30,48,160.28468322753906,168.90476989746094,4001.0
30,49,299.20574951171875,166.92120361328125,4340.0
30,50,237.4342803955078,176.56613159179688,4877.0
30,51,98.07939910888672,192.32260131835932,2796.0
30,52,174.46038818359375,213.99139404296875,1742.0
30,53,136.3748321533203,227.6481170654297,1438.0
30,54,383.3287963867188,292.0180969238281,4696.0
30,55,318.8277893066406,292.1553649902344,2079.0
30,56,186.45730590820312,303.3300476074219,2436.0
30,57,389.46868896484375,333.9222412109375,463.0
30,58,224.74240112304688,356.93719482421875,4903.0
30,59,330.2950134277344,405.0082702636719,4837.0
30,60,149.70045471191406,412.5875854492188,4173.0
30,61,0.0,0.0,0.0
30,62,270.3696594238281,311.7173767089844,4642.0
30,63,429.5875244140625,343.3459167480469,3336.0
30,64,349.3044738769531,348.0441589355469,4664.0
30,65,249.267318725586,438.31060791015625,5357.0
30,66,0.0,0.0,0.0
30,67,177.7924346923828,469.9115295410156,2351.0
30,68,300.0721435546875,448.9676818847656,2135.0
30,69,0.0,0.0,0.0
30,70,485.3877868652344,398.7008056640625,1738.0
30,71,0.0,0.0,0.0
30,72,39.35271835327149,475.3860778808594,1049.0
30,73,416.4185791015625,387.5401916503906,1916.0
30,74,379.4059753417969,396.0012512207031,803.0
30,75,454.5794677734375,428.3142700195313,3548.0
30,76,389.6175842285156,442.1363220214844,3389.0
30,77,0.0,0.0,0.0
30,78,0.0,0.0,0.0
30,79,0.0,0.0,0.0
30,80,19.5859317779541,491.78656005859375,1251.0
30,81,430.9474487304688,475.20599365234375,2398.0
30,82,0.0,0.0,0.0
30,83,336.4084167480469,483.3448486328125,3996.0
30,84,75.09044647216797,495.443115234375,1758.0
30,85,359.02520751953125,122.95642852783205,1905.0
30,86,0.0,0.0,0.0
30,87,474.0090637207031,238.023178100586,3970.0
30,88,0.0,0.0,0.0
30,89,478.9992065429688,490.1988220214844,2570.0
30,90,0.0,0.0,0.0
30,91,497.2227783203125,91.83707427978516,1203.0
30,92,0.0,0.0,0.0
30,93,479.2459106445313,297.1993103027344,1159.0
30,94,68.91573333740234,10.766592025756836,1341.0
30,95,0.0,0.0,0.0
30,96,502.082763671875,35.620689392089844,1160.0
30,97,474.102783203125,350.26763916015625,2238.0
30,98,197.1489715576172,417.3235778808594,2222.0
30,99,280.4923095703125,375.9776611328125,2015.0
30,100,284.3545227050781,498.6890563964844,849.0
30,101,0.0,0.0,0.0
30,102,0.0,0.0,0.0
30,103,397.020751953125,495.27545166015625,1543.0
30,104,496.1305541992188,201.09410095214844,1509.0
30,105,139.36549377441406,490.850341796875,2539.0
30,106,0.0,0.0,0.0
30,107,0.0,0.0,0.0
30,108,0.0,0.0,0.0
30,109,501.9332885742188,353.4421691894531,1124.0
30,110,476.2298583984375,23.368162155151367,1627.0
30,111,499.8526916503906,307.5520935058594,835.0
30,112,0.0,0.0,0.0
30,113,0.0,0.0,0.0
30,114,494.9414367675781,161.58319091796875,1178.0
30,115,0.0,0.0,0.0
30,116,0.0,0.0,0.0
30,117,411.7415771484375,98.02490234375,1486.0
30,118,501.5369873046875,434.9493103027344,730.0
30,119,486.1994934082031,129.4168701171875,1624.0
30,120,0.0,0.0,0.0
30,121,0.0,0.0,0.0
30,122,0.0,0.0,0.0
30,123,319.80242919921875,5.695121765136719,410.0
30,124,0.0,0.0,0.0
30,125,201.2968139648437,166.42579650878906,721.0
30,126,495.193603515625,459.9814758300781,594.0
30,127,0.0,0.0,0.0
30,128,0.0,0.0,0.0
30,129,0.0,0.0,0.0
30,130,95.10852813720705,477.4914855957031,645.0
30,131,0.0,0.0,0.0
30,132,0.0,0.0,0.0
30,133,0.0,0.0,0.0
30,134,0.0,0.0,0.0
30,135,0.0,0.0,0.0
30,136,0.0,0.0,0.0
30,137,93.18724060058594,86.63475799560547,1191.0
30,138,0.0,0.0,0.0
30,139,0.0,0.0,0.0
30,140,0.0,0.0,0.0
30,141,0.0,0.0,0.0
30,142,0.0,0.0,0.0
30,143,0.0,0.0,0.0
30,144,0.0,0.0,0.0
30,145,0.0,0.0,0.0
30,146,0.0,0.0,0.0
30,147,0.0,0.0,0.0
30,148,0.0,0.0,0.0
30,149,0.0,0.0,0.0
30,150,0.0,0.0,0.0
30,151,0.0,0.0,0.0
30,152,0.0,0.0,0.0
30,153,0.0,0.0,0.0
30,154,0.0,0.0,0.0
30,155,0.0,0.0,0.0
30,156,0.0,0.0,0.0
30,157,0.0,0.0,0.0
30,158,0.0,0.0,0.0
30,159,0.0,0.0,0.0
30,160,0.0,0.0,0.0
30,161,0.0,0.0,0.0
30,162,0.0,0.0,0.0
30,163,0.0,0.0,0.0
30,164,0.0,0.0,0.0
30,165,0.0,0.0,0.0
30,166,0.0,0.0,0.0
30,167,0.0,0.0,0.0
30,168,0.0,0.0,0.0
30,169,0.0,0.0,0.0
30,170,0.0,0.0,0.0
30,171,0.0,0.0,0.0
30,172,0.0,0.0,0.0
30,173,0.0,0.0,0.0
30,174,0.0,0.0,0.0
30,175,0.0,0.0,0.0
30,176,0.0,0.0,0.0
30,177,0.0,0.0,0.0
30,178,0.0,0.0,0.0
30,179,0.0,0.0,0.0
30,180,0.0,0.0,0.0
30,181,0.0,0.0,0.0
30,182,0.0,0.0,0.0
30,183,0.0,0.0,0.0
30,184,0.0,0.0,0.0
30,185,0.0,0.0,0.0
30,186,0.0,0.0,0.0
30,187,0.0,0.0,0.0
30,188,0.0,0.0,0.0
30,189,0.0,0.0,0.0
30,190,0.0,0.0,0.0
30,191,0.0,0.0,0.0
30,192,0.0,0.0,0.0
30,193,0.0,0.0,0.0
30,194,0.0,0.0,0.0
30,195,0.0,0.0,0.0
30,196,0.0,0.0,0.0
30,197,0.0,0.0,0.0
30,198,0.0,0.0,0.0
30,199,0.0,0.0,0.0
30,200,0.0,0.0,0.0
31,0,21.50964736938477,11.25425624847412,881.0
31,1,79.16932678222656,47.3621826171875,4506.0
31,2,134.64479064941406,15.868228912353516,1920.0
31,3,0.0,0.0,0.0
31,4,426.9254150390625,18.827373504638672,2601.0
31,5,156.3925018310547,61.09749984741211,3600.0
31,6,13.303571701049805,49.40178680419922,1792.0
31,7,359.3270263671875,42.35442733764648,4709.0
31,8,0.0,0.0,0.0
31,9,410.7603149414063,60.72087097167969,2712.0
31,10,39.56256866455078,82.69832611083984,1790.0
31,11,462.5216369628906,80.25,2448.0
31,12,18.5869140625,125.0654296875,2537.0
31,13,399.0814208984375,208.7899627685547,4385.0
31,14,450.91888427734375,175.42831420898438,2762.0
31,15,292.876953125,236.8136749267578,5120.0
31,16,208.59323120117188,246.08840942382807,4253.0
31,17,372.8193359375,245.98831176757807,941.0
31,18,340.17535400390625,254.6548309326172,901.0
31,19,437.0519409179688,271.1064758300781,3466.0
31,20,25.64640235900879,272.1691589355469,3405.0
31,21,98.24773406982422,315.17266845703125,4517.0
31,22,9.264864921569824,323.6259460449219,925.0
31,23,46.317813873291016,340.0892333984375,3351.0
31,24,13.070866584777832,373.3929138183594,1270.0
31,25,12.352088928222656,437.3515319824219,1795.0
31,26,196.44268798828125,26.438356399536133,2774.0
31,27,258.8025207519531,26.38823890686035,4183.0
31,28,310.8673400878906,40.39858627319336,1696.0
31,29,196.92941284179688,106.005859375,3924.0
31,30,321.8993835449219,96.56693267822266,3429.0
31,31,275.14825439453125,123.6695556640625,1268.0
31,32,125.03076171875,121.71469116210938,4616.0
31,33,0.0,0.0,0.0
31,34,67.7228775024414,139.00498962402344,3807.0
31,35,418.64154052734375,134.60633850097656,4006.0
31,36,31.38277053833008,198.8002777099609,4922.0
31,37,353.7814636230469,179.99462890625,3908.0
31,38,250.68325805664065,265.9405212402344,723.0
31,39,82.81581115722656,250.2639312744141,4251.0
31,40,0.0,0.0,0.0
31,41,146.54269409179688,281.12567138671875,3724.0
31,42,222.38966369628903,294.5433044433594,716.0
31,43,161.31861877441406,354.2558288574219,2787.0
31,44,100.35755157470705,376.28521728515625,2945.0
31,45,51.960845947265625,418.8653259277344,4827.0
31,46,100.73448944091795,448.2651977539063,3337.0
31,47,253.7049865722656,85.87808990478516,4454.0
31,48,159.4899444580078,169.55027770996094,3878.0
31,49,299.1346740722656,166.968017578125,4314.0
31,50,237.67721557617188,176.662109375,4901.0
31,51,98.56355285644533,193.03526306152344,2722.0
31,52,173.53872680664062,213.5814971923828,1730.0
31,53,136.2915496826172,228.0262451171875,1372.0
31,54,382.6753845214844,292.5761108398437,4855.0
31,55,317.9579772949219,292.8529663085937,2047.0
31,56,187.0570526123047,304.0372314453125,2068.0
31,57,380.1678161621094,331.6298828125,435.0
31,58,223.8784942626953,356.6599426269531,4864.0
31,59,329.83917236328125,404.1169738769531,4514.0
31,60,148.1241912841797,412.8919982910156,4324.0
31,61,0.0,0.0,0.0
31,62,269.1752319335937,312.1224670410156,4662.0
31,63,428.1455383300781,343.8432312011719,3470.0
31,64,348.0010986328125,349.22589111328125,4560.0
31,65,248.1949005126953,438.1434326171875,5341.0
31,66,0.0,0.0,0.0
31,67,176.33135986328125,468.5709838867188,2191.0
31,68,300.3943176269531,447.5355224609375,2252.0
31,69,0.0,0.0,0.0
31,70,486.1377868652344,398.8366394042969,1720.0
31,71,0.0,0.0,0.0
31,72,38.4272575378418,476.4382934570313,1086.0
31,73,415.3365478515625,388.2202453613281,1866.0
31,74,378.0075378417969,395.8090515136719,796.0
31,75,454.3293151855469,427.9179382324219,3644.0
31,76,388.6561279296875,441.9617004394531,3446.0
31,77,0.0,0.0,0.0
31,78,0.0,0.0,0.0
31,79,0.0,0.0,0.0
31,80,19.09674644470215,492.8284912109375,1137.0
31,81,430.213623046875,475.4231262207031,2439.0
31,82,0.0,0.0,0.0
31,83,335.6313171386719,483.1060791015625,4044.0
31,84,75.27119445800781,495.2347717285156,1840.0
31,85,359.0361328125,122.71138763427734,1826.0
31,86,0.0,0.0,0.0
31,87,474.148193359375,237.9365997314453,4022.0
31,88,0.0,0.0,0.0
31,89,478.5413513183594,490.7122802734375,2551.0
31,90,0.0,0.0,0.0
31,91,497.5617370605469,91.26634216308594,1239.0
31,92,0.0,0.0,0.0
31,93,478.233642578125,297.9099426269531,1177.0
31,94,69.4684066772461,10.27488136291504,1266.0
31,95,0.0,0.0,0.0
31,96,503.4904479980469,35.7115592956543,995.0
31,97,475.6081848144531,351.7884826660156,2468.0
31,98,196.2806701660156,416.373779296875,2266.0
31,99,279.809814453125,377.20220947265625,2077.0
31,100,284.1086120605469,498.6446228027344,847.0
31,101,0.0,0.0,0.0
31,102,0.0,0.0,0.0
31,103,395.9735412597656,495.6644592285156,1511.0
31,104,496.8774719238281,201.6880340576172,1420.0
31,105,138.85311889648438,490.7984313964844,2560.0
31,106,0.0,0.0,0.0
31,107,0.0,0.0,0.0
31,108,0.0,0.0,0.0
31,109,503.0295715332031,352.281005859375,879.0
31,110,478.2281799316406,24.36912727355957,1788.0
31,111,500.1138000488281,307.6630249023437,914.0
31,112,0.0,0.0,0.0
31,113,0.0,0.0,0.0
31,114,494.67578125,161.89219665527344,1243.0
31,115,0.0,0.0,0.0
31,116,0.0,0.0,0.0
31,117,409.21142578125,98.09974670410156,1594.0
31,118,501.5,435.0875854492188,708.0
31,119,485.9512939453125,128.89950561523438,1622.0
31,120,0.0,0.0,0.0
31,121,0.0,0.0,0.0
31,122,0.0,0.0,0.0
31,123,318.9388427734375,6.086784839630127,507.0
31,124,0.0,0.0,0.0
31,125,201.31179809570312,165.4273223876953,805.0
31,126,495.505126953125,461.0675354003906,681.0
31,127,457.4779052734375,47.914363861083984,362.0
31,128,0.0,0.0,0.0
31,129,0.0,0.0,0.0
31,130,0.0,0.0,0.0
31,131,0.0,0.0,0.0
31,132,0.0,0.0,0.0
31,133,0.0,0.0,0.0
31,134,0.0,0.0,0.0
31,135,0.0,0.0,0.0
31,136,0.0,0.0,0.0
31,137,90.8168487548828,86.87637329101562,1092.0
31,138,0.0,0.0,0.0
31,139,0.0,0.0,0.0
31,140,0.0,0.0,0.0
31,141,0.0,0.0,0.0
31,142,0.0,0.0,0.0
31,143,0.0,0.0,0.0
31,144,0.0,0.0,0.0
31,145,0.0,0.0,0.0
31,146,0.0,0.0,0.0
31,147,0.0,0.0,0.0
31,148,0.0,0.0,0.0
31,149,0.0,0.0,0.0
31,150,0.0,0.0,0.0
31,151,0.0,0.0,0.0
31,152,0.0,0.0,0.0
31,153,0.0,0.0,0.0
31,154,0.0,0.0,0.0
31,155,0.0,0.0,0.0
31,156,0.0,0.0,0.0
31,157,0.0,0.0,0.0
31,158,0.0,0.0,0.0
31,159,0.0,0.0,0.0
31,160,0.0,0.0,0.0
31,161,0.0,0.0,0.0
31,162,0.0,0.0,0.0
31,163,0.0,0.0,0.0
31,164,0.0,0.0,0.0
31,165,0.0,0.0,0.0
31,166,0.0,0.0,0.0
31,167,0.0,0.0,0.0
31,168,0.0,0.0,0.0
31,169,0.0,0.0,0.0
31,170,0.0,0.0,0.0
31,171,0.0,0.0,0.0
31,172,0.0,0.0,0.0
31,173,0.0,0.0,0.0
31,174,0.0,0.0,0.0
31,175,0.0,0.0,0.0
31,176,0.0,0.0,0.0
31,177,0.0,0.0,0.0
31,178,0.0,0.0,0.0
31,179,0.0,0.0,0.0
31,180,0.0,0.0,0.0
31,181,0.0,0.0,0.0
31,182,0.0,0.0,0.0
31,183,0.0,0.0,0.0
31,184,0.0,0.0,0.0
31,185,0.0,0.0,0.0
31,186,0.0,0.0,0.0
31,187,0.0,0.0,0.0
31,188,0.0,0.0,0.0
31,189,0.0,0.0,0.0
31,190,0.0,0.0,0.0
31,191,0.0,0.0,0.0
31,192,0.0,0.0,0.0
31,193,0.0,0.0,0.0
31,194,0.0,0.0,0.0
31,195,0.0,0.0,0.0
31,196,0.0,0.0,0.0
31,197,0.0,0.0,0.0
31,198,0.0,0.0,0.0
31,199,0.0,0.0,0.0
31,200,0.0,0.0,0.0
32,0,23.54690361022949,12.745779037475586,1066.0
32,1,80.09085083007812,48.57949447631836,4623.0
32,2,134.58175659179688,15.777953147888184,1896.0
32,3,0.0,0.0,0.0
32,4,425.8930358886719,18.308494567871094,2590.0
32,5,156.70846557617188,60.716121673583984,3660.0
32,6,13.093533515930176,50.41512680053711,1732.0
32,7,359.67645263671875,42.54816436767578,4630.0
32,8,0.0,0.0,0.0
32,9,411.2896423339844,59.21604537963867,2555.0
32,10,38.73786926269531,82.85555267333984,1793.0
32,11,460.5726318359375,77.24764251708984,2754.0
32,12,17.937786102294922,125.44586944580078,2411.0
32,13,399.3600769042969,208.3805389404297,4399.0
32,14,450.8960266113281,174.91265869140625,2828.0
32,15,291.6347961425781,237.54415893554688,5197.0
32,16,208.2988739013672,246.74044799804688,4373.0
32,17,371.5384521484375,245.5748443603516,962.0
32,18,339.6789855957031,254.77740478515625,894.0
32,19,437.0281066894531,271.8019104003906,3559.0
32,20,25.43183898925781,272.4797668457031,3235.0
32,21,97.56836700439452,315.5932312011719,4381.0
32,22,8.965065956115723,322.2030639648437,916.0
32,23,46.124603271484375,339.7689514160156,3467.0
32,24,12.858586311340332,373.8174133300781,1287.0
32,25,11.976245880126951,437.3302307128906,1726.0
32,26,196.70309448242188,26.05576133728028,2708.0
32,27,259.0985412597656,26.4558162689209,4221.0
32,28,311.7860717773437,40.33413314819336,1664.0
32,29,196.983154296875,105.91853332519533,3977.0
32,30,322.6938171386719,96.92054748535156,3524.0
32,31,275.5209350585937,123.64991760253906,1194.0
32,32,124.45391845703124,122.36217498779295,4796.0
32,33,0.0,0.0,0.0
32,34,66.69522857666016,138.6995849609375,3898.0
32,35,418.6114196777344,133.69229125976562,3994.0
32,36,31.22037696838379,199.2531890869141,4937.0
32,37,353.4554138183594,179.66476440429688,4036.0
32,38,248.7284545898437,266.3814697265625,464.0
32,39,82.19691467285156,250.422103881836,4281.0
32,40,0.0,0.0,0.0
32,41,145.8832244873047,281.8503112792969,3888.0
32,42,223.11778259277344,297.8699951171875,900.0
32,43,160.11668395996094,353.8022155761719,2811.0
32,44,99.50569152832033,376.8079528808594,2812.0
32,45,51.618839263916016,418.9282531738281,4809.0
32,46,99.73514556884766,448.601806640625,3315.0
32,47,254.21307373046875,86.04893493652344,4496.0
32,48,158.18736267089844,170.17074584960938,3672.0
32,49,298.9851989746094,166.95721435546875,4254.0
32,50,238.78790283203125,176.91232299804688,4847.0
32,51,98.33047485351562,193.68930053710932,2681.0
32,52,172.49940490722656,213.76266479492188,1698.0
32,53,136.15431213378906,228.0695953369141,1322.0
32,54,381.8308410644531,292.42681884765625,4824.0
32,55,317.9056091308594,293.210693359375,2055.0
32,56,186.78028869628903,303.8180236816406,1907.0
32,57,380.543701171875,332.3980712890625,412.0
32,58,223.30177307128903,356.43310546875,4805.0
32,59,331.6229553222656,405.8161010742188,3888.0
32,60,147.28195190429688,412.9803771972656,4437.0
32,61,0.0,0.0,0.0
32,62,269.67828369140625,311.44952392578125,4625.0
32,63,427.4850158691406,345.3090515136719,3705.0
32,64,347.3567199707031,350.1576538085937,4662.0
32,65,247.1047515869141,438.06982421875,5499.0
32,66,0.0,0.0,0.0
32,67,174.6521759033203,466.9751586914063,2093.0
32,68,302.2925109863281,446.5798950195313,2328.0
32,69,0.0,0.0,0.0
32,70,486.2495422363281,399.15765380859375,1611.0
32,71,0.0,0.0,0.0
32,72,37.34862518310547,475.6110229492188,1090.0
32,73,412.6095581054688,389.9253845214844,1675.0
32,74,376.9523315429688,396.2873840332031,776.0
32,75,453.8728332519531,427.5318603515625,3751.0
32,76,388.3452758789063,441.5986022949219,3403.0
32,77,0.0,0.0,0.0
32,78,0.0,0.0,0.0
32,79,0.0,0.0,0.0
32,80,18.348255157470703,492.892578125,1117.0
32,81,430.0104370117188,476.3087463378906,2494.0
32,82,0.0,0.0,0.0
32,83,335.7870483398437,482.8314208984375,4081.0
32,84,74.75039672851562,495.68402099609375,1883.0
32,85,359.02587890625,122.9181671142578,1662.0
32,86,0.0,0.0,0.0
32,87,473.8727722167969,237.6403350830078,4001.0
32,88,0.0,0.0,0.0
32,89,478.8628845214844,490.6435546875,2494.0
32,90,0.0,0.0,0.0
32,91,497.70263671875,90.20098876953124,1214.0
32,92,0.0,0.0,0.0
32,93,480.8777465820313,294.64117431640625,1137.0
32,94,71.07099914550781,10.288280487060549,1169.0
32,95,0.0,0.0,0.0
32,96,0.0,0.0,0.0
32,97,482.4172668457031,351.6339416503906,3535.0
32,98,195.3339385986328,414.3987121582031,2192.0
32,99,281.9111022949219,377.8115234375,2430.0
32,100,284.31329345703125,498.2463073730469,881.0
32,101,0.0,0.0,0.0
32,102,0.0,0.0,0.0
32,103,395.2355346679688,495.8434448242188,1469.0
32,104,497.2923278808594,202.52061462402344,1358.0
32,105,138.05218505859375,491.0566101074219,2491.0
32,106,0.0,0.0,0.0
32,107,0.0,0.0,0.0
32,108,0.0,0.0,0.0
32,109,0.0,0.0,0.0
32,110,484.4818115234375,25.363882064819336,2586.0
32,111,500.0247802734375,307.4053955078125,888.0
32,112,0.0,0.0,0.0
32,113,0.0,0.0,0.0
32,114,494.5690307617188,162.34324645996094,1311.0
32,115,0.0,0.0,0.0
32,116,0.0,0.0,0.0
32,117,406.9158630371094,96.99939727783205,1664.0
32,118,501.6257629394531,433.1521606445313,644.0
32,119,486.2257385253906,128.35311889648438,1617.0
32,120,0.0,0.0,0.0
32,121,0.0,0.0,0.0
32,122,0.0,0.0,0.0
32,123,318.81640625,6.171123027801514,561.0
32,124,0.0,0.0,0.0
32,125,200.752685546875,167.00535583496094,1120.0
32,126,495.8497924804688,459.9781799316406,779.0
32,127,0.0,0.0,0.0
32,128,505.3401489257813,60.48299407958984,147.0
32,129,0.0,0.0,0.0
32,130,0.0,0.0,0.0
32,131,0.0,0.0,0.0
32,132,0.0,0.0,0.0
32,133,0.0,0.0,0.0
32,134,0.0,0.0,0.0
32,135,0.0,0.0,0.0
32,136,0.0,0.0,0.0
32,137,91.15730285644533,87.37303161621094,890.0
32,138,0.0,0.0,0.0
32,139,0.0,0.0,0.0
32,140,0.0,0.0,0.0
32,141,0.0,0.0,0.0
32,142,0.0,0.0,0.0
32,143,0.0,0.0,0.0
32,144,0.0,0.0,0.0
32,145,0.0,0.0,0.0
32,146,0.0,0.0,0.0
32,147,0.0,0.0,0.0
32,148,0.0,0.0,0.0
32,149,0.0,0.0,0.0
32,150,0.0,0.0,0.0
32,151,0.0,0.0,0.0
32,152,0.0,0.0,0.0
32,153,0.0,0.0,0.0
32,154,0.0,0.0,0.0
32,155,0.0,0.0,0.0
32,156,0.0,0.0,0.0
32,157,0.0,0.0,0.0
32,158,0.0,0.0,0.0
32,159,0.0,0.0,0.0
32,160,0.0,0.0,0.0
32,161,0.0,0.0,0.0
32,162,0.0,0.0,0.0
32,163,0.0,0.0,0.0
32,164,0.0,0.0,0.0
32,165,0.0,0.0,0.0
32,166,0.0,0.0,0.0
32,167,0.0,0.0,0.0
32,168,0.0,0.0,0.0
32,169,0.0,0.0,0.0
32,170,0.0,0.0,0.0
32,171,0.0,0.0,0.0
32,172,0.0,0.0,0.0
32,173,0.0,0.0,0.0
32,174,0.0,0.0,0.0
32,175,0.0,0.0,0.0
32,176,0.0,0.0,0.0
32,177,0.0,0.0,0.0
32,178,0.0,0.0,0.0
32,179,0.0,0.0,0.0
32,180,0.0,0.0,0.0
32,181,0.0,0.0,0.0
32,182,0.0,0.0,0.0
32,183,0.0,0.0,0.0
32,184,0.0,0.0,0.0
32,185,0.0,0.0,0.0
32,186,0.0,0.0,0.0
32,187,0.0,0.0,0.0
32,188,0.0,0.0,0.0
32,189,0.0,0.0,0.0
32,190,0.0,0.0,0.0
32,191,0.0,0.0,0.0
32,192,0.0,0.0,0.0
32,193,0.0,0.0,0.0
32,194,0.0,0.0,0.0
32,195,0.0,0.0,0.0
32,196,0.0,0.0,0.0
32,197,0.0,0.0,0.0
32,198,0.0,0.0,0.0
32,199,0.0,0.0,0.0
32,200,0.0,0.0,0.0
33,0,24.322444915771484,13.77554416656494,1194.0
33,1,80.74710845947266,49.65364456176758,4761.0
33,2,134.5124969482422,15.43487548828125,1881.0
33,3,0.0,0.0,0.0
33,4,424.3254089355469,17.97930335998535,2609.0
33,5,157.25735473632812,60.482906341552734,3773.0
33,6,12.839723587036133,50.16970443725586,1591.0
33,7,360.8472900390625,43.00938034057617,4584.0
33,8,0.0,0.0,0.0
33,9,412.656494140625,57.70026397705078,2262.0
33,10,36.60165023803711,82.39176177978516,1820.0
33,11,460.5130920410156,78.56108856201172,2791.0
33,12,17.780786514282227,125.7287368774414,2363.0
33,13,400.1659851074219,207.9361724853516,4356.0
33,14,450.7842102050781,173.55970764160156,2864.0
33,15,291.1020812988281,237.5755615234375,5075.0
33,16,207.5885162353516,247.3962860107422,4474.0
33,17,370.4209899902344,244.7220001220703,1000.0
33,18,339.1322631835937,254.4952392578125,945.0
33,19,437.0379028320313,272.5668334960937,3666.0
33,20,24.51778221130371,272.7389831542969,3065.0
33,21,97.24276733398438,315.9921875,4218.0
33,22,8.714128494262695,322.6688842773437,906.0
33,23,46.43822860717773,340.0018920898437,3683.0
33,24,12.586530685424805,374.7971801757813,1277.0
33,25,11.54706573486328,437.9786071777344,1636.0
33,26,196.785385131836,25.55967903137207,2614.0
33,27,259.0725402832031,26.69862365722656,4287.0
33,28,312.6217956542969,40.68037414550781,1605.0
33,29,196.636962890625,106.22391510009766,3939.0
33,30,323.6547546386719,96.62149810791016,3638.0
33,31,275.7122497558594,123.61843872070312,1258.0
33,32,124.60616302490234,122.66399383544922,4738.0
33,33,0.0,0.0,0.0
33,34,66.67872619628906,138.14466857910156,4009.0
33,35,418.5065307617188,133.310302734375,3909.0
33,36,31.12703514099121,199.6009979248047,4975.0
33,37,353.2568359375,179.94886779785156,4127.0
33,38,249.7782592773437,265.54998779296875,460.0
33,39,81.12743377685547,251.3126220703125,4363.0
33,40,0.0,0.0,0.0
33,41,145.2438201904297,282.4147644042969,3884.0
33,42,221.0,297.809326171875,771.0
33,43,158.7994384765625,353.3342590332031,2872.0
33,44,99.31124114990234,377.9571533203125,2731.0
33,45,50.96256256103516,419.7175598144531,4808.0
33,46,98.68238830566406,449.8367919921875,3180.0
33,47,254.1732635498047,85.9193344116211,4525.0
33,48,157.3370361328125,170.5879669189453,3507.0
33,49,298.9327392578125,167.3402862548828,4223.0
33,50,238.6123504638672,176.9808349609375,4904.0
33,51,98.41008758544922,194.0369110107422,2736.0
33,52,171.8694610595703,213.510482788086,1716.0
33,53,135.73434448242188,228.6958465576172,1325.0
33,54,381.56842041015625,292.64581298828125,4845.0
33,55,317.0639953613281,293.5251159667969,2110.0
33,56,186.01446533203125,304.0478210449219,1798.0
33,57,380.8814697265625,332.7234191894531,329.0
33,58,222.4493408203125,355.5359191894531,4747.0
33,59,332.9618835449219,407.2942810058594,3252.0
33,60,145.82632446289062,414.0584106445313,4589.0
33,61,0.0,0.0,0.0
33,62,268.0006408691406,311.06494140625,4711.0
33,63,426.9539184570313,346.0471496582031,3776.0
33,64,347.86456298828125,350.38800048828125,4652.0
33,65,247.3921813964844,437.70697021484375,5658.0
33,66,0.0,0.0,0.0
33,67,173.42041015625,466.57080078125,2048.0
33,68,303.9898376464844,445.3071899414063,2168.0
33,69,0.0,0.0,0.0
33,70,487.0664978027344,399.54302978515625,1534.0
33,71,0.0,0.0,0.0
33,72,36.436771392822266,477.1354370117188,1115.0
33,73,411.856689453125,390.0790710449219,1619.0
33,74,375.6454162597656,396.028076171875,784.0
33,75,454.0015869140625,426.9339599609375,3800.0
33,76,387.0539855957031,440.7772216796875,3519.0
33,77,0.0,0.0,0.0
33,78,0.0,0.0,0.0
33,79,0.0,0.0,0.0
33,80,17.365642547607422,492.8176574707031,1042.0
33,81,429.4749145507813,476.0632019042969,2611.0
33,82,0.0,0.0,0.0
33,83,334.8457336425781,482.3989868164063,4123.0
33,84,74.98155212402344,495.4080200195313,1897.0
33,85,359.7436218261719,122.79039764404295,1646.0
33,86,0.0,0.0,0.0
33,87,473.4596862792969,237.12875366210932,4031.0
33,88,0.0,0.0,0.0
33,89,478.7608642578125,490.5569152832031,2530.0
33,90,0.0,0.0,0.0
33,91,497.6672058105469,89.46754455566406,1217.0
33,92,0.0,0.0,0.0
33,93,481.5503845214844,293.6617126464844,943.0
33,94,71.22359466552734,10.09330940246582,1136.0
33,95,0.0,0.0,0.0
33,96,0.0,0.0,0.0
33,97,482.1315612792969,350.92822265625,3664.0
33,98,194.5079498291016,413.8751220703125,2266.0
33,99,284.8517761230469,377.848388671875,2935.0
33,100,284.2612609863281,497.9012145996094,911.0
33,101,0.0,0.0,0.0
33,102,0.0,0.0,0.0
33,103,394.0124206542969,495.96136474609375,1450.0
33,104,498.2723693847656,204.4042358398437,1274.0
33,105,137.7491455078125,492.060791015625,2352.0
33,106,0.0,0.0,0.0
33,107,0.0,0.0,0.0
33,108,0.0,0.0,0.0
33,109,0.0,0.0,0.0
33,110,483.5810852050781,25.90542984008789,2781.0
33,111,500.2496948242188,307.68817138671875,853.0
33,112,0.0,0.0,0.0
33,113,0.0,0.0,0.0
33,114,493.9817810058594,163.3085479736328,1426.0
33,115,0.0,0.0,0.0
33,116,0.0,0.0,0.0
33,117,406.35003662109375,95.8573989868164,1697.0
33,118,500.9718017578125,434.5613403320313,709.0
33,119,487.0202941894531,127.65694427490234,1577.0
33,120,0.0,0.0,0.0
33,121,0.0,0.0,0.0
33,122,0.0,0.0,0.0
33,123,319.635009765625,6.677577972412109,611.0
33,124,0.0,0.0,0.0
33,125,199.7384796142578,166.96897888183594,1193.0
33,126,495.9892272949219,460.5809020996094,649.0
33,127,0.0,0.0,0.0
33,128,503.44232177734375,57.137821197509766,312.0
33,129,0.0,0.0,0.0
33,130,0.0,0.0,0.0
33,131,0.0,0.0,0.0
33,132,0.0,0.0,0.0
33,133,0.0,0.0,0.0
33,134,0.0,0.0,0.0
33,135,0.0,0.0,0.0
33,136,0.0,0.0,0.0
33,137,92.87547302246094,87.68360900878906,787.0
33,138,0.0,0.0,0.0
33,139,0.0,0.0,0.0
33,140,0.0,0.0,0.0
33,141,0.0,0.0,0.0
33,142,0.0,0.0,0.0
33,143,0.0,0.0,0.0
33,144,0.0,0.0,0.0
33,145,0.0,0.0,0.0
33,146,0.0,0.0,0.0
33,147,0.0,0.0,0.0
33,148,0.0,0.0,0.0
33,149,0.0,0.0,0.0
33,150,0.0,0.0,0.0
33,151,0.0,0.0,0.0
33,152,0.0,0.0,0.0
33,153,0.0,0.0,0.0
33,154,0.0,0.0,0.0
33,155,0.0,0.0,0.0
33,156,0.0,0.0,0.0
33,157,0.0,0.0,0.0
33,158,0.0,0.0,0.0
33,159,0.0,0.0,0.0
33,160,0.0,0.0,0.0
33,161,0.0,0.0,0.0
33,162,0.0,0.0,0.0
33,163,0.0,0.0,0.0
33,164,0.0,0.0,0.0
33,165,0.0,0.0,0.0
33,166,0.0,0.0,0.0
33,167,0.0,0.0,0.0
33,168,0.0,0.0,0.0
33,169,0.0,0.0,0.0
33,170,0.0,0.0,0.0
33,171,0.0,0.0,0.0
33,172,0.0,0.0,0.0
33,173,0.0,0.0,0.0
33,174,0.0,0.0,0.0
33,175,0.0,0.0,0.0
33,176,0.0,0.0,0.0
33,177,0.0,0.0,0.0
33,178,0.0,0.0,0.0
33,179,0.0,0.0,0.0
33,180,0.0,0.0,0.0
33,181,0.0,0.0,0.0
33,182,0.0,0.0,0.0
33,183,0.0,0.0,0.0
33,184,0.0,0.0,0.0
33,185,0.0,0.0,0.0
33,186,0.0,0.0,0.0
33,187,0.0,0.0,0.0
33,188,0.0,0.0,0.0
33,189,0.0,0.0,0.0
33,190,0.0,0.0,0.0
33,191,0.0,0.0,0.0
33,192,0.0,0.0,0.0
33,193,0.0,0.0,0.0
33,194,0.0,0.0,0.0
33,195,0.0,0.0,0.0
33,196,0.0,0.0,0.0
33,197,0.0,0.0,0.0
33,198,0.0,0.0,0.0
33,199,0.0,0.0,0.0
33,200,0.0,0.0,0.0
34,0,24.458925247192383,14.095576286315918,1266.0
34,1,79.85364532470703,49.75125503540039,4776.0
34,2,135.078857421875,15.23606777191162,1902.0
34,3,0.0,0.0,0.0
34,4,422.9016418457031,17.13700294494629,2562.0
34,5,157.6433563232422,60.08510208129883,3819.0
34,6,12.264344215393066,49.935791015625,1464.0
34,7,361.5306701660156,42.79189682006836,4517.0
34,8,0.0,0.0,0.0
34,9,413.4256286621094,56.40605926513672,2145.0
34,10,35.17780303955078,82.29878997802734,1901.0
34,11,459.9468383789063,77.49458312988281,2954.0
34,12,17.742895126342773,126.0730209350586,2287.0
34,13,400.3968200683594,207.4891662597656,4385.0
34,14,450.487548828125,173.07473754882812,2810.0
34,15,291.0863952636719,237.83950805664065,5047.0
34,16,207.68756103515625,247.6360321044922,4580.0
34,17,369.8005981445313,244.55992126464844,993.0
34,18,338.9041748046875,254.04736328125,908.0
34,19,436.8511962890625,272.4203796386719,3730.0
34,20,24.053773880004883,272.5628967285156,2901.0
34,21,96.90726470947266,316.06024169921875,4033.0
34,22,8.322616577148438,320.5354919433594,902.0
34,23,46.73917388916016,339.76043701171875,3857.0
34,24,12.850220680236816,375.73052978515625,1362.0
34,25,10.611716270446776,437.7738342285156,1468.0
34,26,197.5314178466797,25.44414329528809,2578.0
34,27,259.41845703125,26.18828773498535,4201.0
34,28,312.9716796875,40.59913635253906,1624.0
34,29,196.509994506836,106.27169036865234,3953.0
34,30,324.5614318847656,96.83250427246094,3833.0
34,31,276.1620788574219,123.52464294433594,1197.0
34,32,124.90737915039062,123.1362075805664,4772.0
34,33,0.0,0.0,0.0
34,34,66.31510162353516,138.4003448486328,4059.0
34,35,418.8337707519531,132.43161010742188,3904.0
34,36,31.01259994506836,199.9165954589844,5000.0
34,37,353.39227294921875,179.2547607421875,4247.0
34,38,250.8525848388672,266.04669189453125,407.0
34,39,80.0089340209961,251.66070556640625,4365.0
34,40,0.0,0.0,0.0
34,41,144.60926818847656,282.4801025390625,3995.0
34,42,220.7834625244141,297.77130126953125,822.0
34,43,157.73109436035156,352.7808532714844,2975.0
34,44,98.9992446899414,378.4009094238281,2639.0
34,45,50.84092712402344,420.7855224609375,4872.0
34,46,98.71705627441406,450.0894775390625,3096.0
34,47,254.30953979492188,85.79082489013672,4623.0
34,48,157.07501220703125,170.96969604492188,3333.0
34,49,298.7268981933594,167.58438110351562,4266.0
34,50,238.6779327392578,177.01597595214844,4884.0
34,51,98.85281372070312,194.1658172607422,2738.0
34,52,171.4158477783203,213.24468994140625,1741.0
34,53,135.009765625,228.78512573242188,1331.0
34,54,380.4497375488281,292.146240234375,4814.0
34,55,316.13140869140625,294.1332397460937,2199.0
34,56,185.63674926757807,303.5506286621094,1649.0
34,57,381.9333190917969,333.7818298339844,495.0
34,58,221.66123962402344,354.8710021972656,4729.0
34,59,333.65740966796875,407.0057678222656,2776.0
34,60,145.1592559814453,414.14105224609375,4615.0
34,61,0.0,0.0,0.0
34,62,267.2611389160156,311.2716064453125,4595.0
34,63,426.7537841796875,346.5078430175781,3883.0
34,64,346.90606689453125,351.105224609375,4524.0
34,65,245.96690368652344,437.0050354003906,5559.0
34,66,0.0,0.0,0.0
34,67,171.90277099609375,467.1361083984375,2057.0
34,68,303.1146240234375,445.3758239746094,2565.0
34,69,0.0,0.0,0.0
34,70,487.1008911132813,398.2367858886719,1457.0
34,71,0.0,0.0,0.0
34,72,35.592716217041016,477.6340942382813,1208.0
34,73,409.92181396484375,390.5661315917969,1535.0
34,74,374.0382995605469,394.9687805175781,705.0
34,75,454.1408996582031,426.27642822265625,3925.0
34,76,385.333251953125,440.0674133300781,3709.0
34,77,0.0,0.0,0.0
34,78,0.0,0.0,0.0
34,79,0.0,0.0,0.0
34,80,16.409046173095703,492.4424743652344,1017.0
34,81,428.4987182617188,475.8083190917969,2713.0
34,82,0.0,0.0,0.0
34,83,334.5122985839844,482.8547973632813,4029.0
34,84,75.36866760253906,495.3417663574219,1896.0
34,85,361.09967041015625,122.10237121582033,1475.0
34,86,0.0,0.0,0.0
34,87,473.2952880859375,236.34999084472656,4023.0
34,88,0.0,0.0,0.0
34,89,479.0299987792969,490.515380859375,2567.0
34,90,0.0,0.0,0.0
34,91,497.5556640625,90.65293884277344,1141.0
34,92,0.0,0.0,0.0
34,93,484.2886962890625,290.9464416503906,1008.0
34,94,72.33303833007812,10.01311206817627,1144.0
34,95,0.0,0.0,0.0
34,96,0.0,0.0,0.0
34,97,481.9306945800781,350.0898132324219,3708.0
34,98,194.1185607910156,414.2478637695313,2328.0
34,99,285.8219909667969,377.9015808105469,3129.0
34,100,283.8865661621094,498.2928161621094,864.0
34,101,0.0,0.0,0.0
34,102,0.0,0.0,0.0
34,103,393.09619140625,496.5068054199219,1393.0
34,104,498.9394226074219,206.0589141845703,1205.0
34,105,137.62010192871094,492.4839172363281,2269.0
34,106,0.0,0.0,0.0
34,107,0.0,0.0,0.0
34,108,0.0,0.0,0.0
34,109,0.0,0.0,0.0
34,110,483.3803405761719,25.5447998046875,2779.0
34,111,500.47857666015625,308.2288818359375,817.0
34,112,0.0,0.0,0.0
34,113,0.0,0.0,0.0
34,114,493.7967224121094,164.4486846923828,1520.0
34,115,0.0,0.0,0.0
34,116,0.0,0.0,0.0
34,117,405.8714294433594,94.78809356689452,1680.0
34,118,498.6375122070313,446.7263793945313,1407.0
34,119,487.1707153320313,127.5127410888672,1570.0
34,120,0.0,0.0,0.0
34,121,0.0,0.0,0.0
34,122,0.0,0.0,0.0
34,123,319.29498291015625,6.740680694580078,617.0
34,124,0.0,0.0,0.0
34,125,199.32809448242188,166.37677001953125,1274.0
34,126,0.0,0.0,0.0
34,127,0.0,0.0,0.0
34,128,501.9583435058594,57.96491241455078,456.0
34,129,0.0,0.0,0.0
34,130,0.0,0.0,0.0
34,131,0.0,0.0,0.0
34,132,0.0,0.0,0.0
34,133,0.0,0.0,0.0
34,134,0.0,0.0,0.0
34,135,0.0,0.0,0.0
34,136,0.0,0.0,0.0
34,137,96.31103515625,87.05516052246094,852.0
34,138,0.0,0.0,0.0
34,139,0.0,0.0,0.0
34,140,0.0,0.0,0.0
34,141,0.0,0.0,0.0
34,142,0.0,0.0,0.0
34,143,0.0,0.0,0.0
34,144,0.0,0.0,0.0
34,145,0.0,0.0,0.0
34,146,0.0,0.0,0.0
34,147,0.0,0.0,0.0
34,148,0.0,0.0,0.0
34,149,0.0,0.0,0.0
34,150,0.0,0.0,0.0
34,151,0.0,0.0,0.0
34,152,0.0,0.0,0.0
34,153,0.0,0.0,0.0
34,154,0.0,0.0,0.0
34,155,0.0,0.0,0.0
34,156,0.0,0.0,0.0
34,157,0.0,0.0,0.0
34,158,0.0,0.0,0.0
34,159,0.0,0.0,0.0
34,160,0.0,0.0,0.0
34,161,0.0,0.0,0.0
34,162,0.0,0.0,0.0
34,163,0.0,0.0,0.0
34,164,0.0,0.0,0.0
34,165,0.0,0.0,0.0
34,166,0.0,0.0,0.0
34,167,0.0,0.0,0.0
34,168,0.0,0.0,0.0
34,169,0.0,0.0,0.0
34,170,0.0,0.0,0.0
34,171,0.0,0.0,0.0
34,172,0.0,0.0,0.0
34,173,0.0,0.0,0.0
34,174,0.0,0.0,0.0
34,175,0.0,0.0,0.0
34,176,0.0,0.0,0.0
34,177,0.0,0.0,0.0
34,178,0.0,0.0,0.0
34,179,0.0,0.0,0.0
34,180,0.0,0.0,0.0
34,181,0.0,0.0,0.0
34,182,0.0,0.0,0.0
34,183,0.0,0.0,0.0
34,184,0.0,0.0,0.0
34,185,0.0,0.0,0.0
34,186,0.0,0.0,0.0
34,187,0.0,0.0,0.0
34,188,0.0,0.0,0.0
34,189,0.0,0.0,0.0
34,190,0.0,0.0,0.0
34,191,0.0,0.0,0.0
34,192,0.0,0.0,0.0
34,193,0.0,0.0,0.0
34,194,0.0,0.0,0.0
34,195,0.0,0.0,0.0
34,196,0.0,0.0,0.0
34,197,0.0,0.0,0.0
34,198,0.0,0.0,0.0
34,199,0.0,0.0,0.0
34,200,0.0,0.0,0.0
35,0,24.674924850463867,14.350600242614746,1332.0
35,1,79.2977066040039,48.6910514831543,4716.0
35,2,135.39662170410156,15.272342681884766,1891.0
35,3,0.0,0.0,0.0
35,4,422.3624267578125,16.604724884033203,2497.0
35,5,158.0459747314453,60.2268180847168,3893.0
35,6,12.86415672302246,46.34942626953125,1222.0
35,7,362.2363586425781,42.57339096069336,4510.0
35,8,0.0,0.0,0.0
35,9,414.3703918457031,55.68423461914063,2087.0
35,10,32.73145294189453,82.5113754272461,2022.0
35,11,459.5509948730469,77.65570831298828,2980.0
35,12,17.400541305541992,126.25349426269533,2217.0
35,13,400.7831115722656,207.1310577392578,4357.0
35,14,450.0708618164063,172.20431518554688,2780.0
35,15,289.9771728515625,238.062255859375,4996.0
35,16,207.57278442382807,248.0541534423828,4616.0
35,17,369.0406494140625,243.74249267578125,1033.0
35,18,338.0325622558594,254.07247924804688,952.0
35,19,437.3937072753906,272.8118896484375,3886.0
35,20,23.701187133789062,271.95037841796875,2781.0
35,21,96.73405456542967,316.86187744140625,3888.0
35,22,7.937568664550781,318.5038452148437,913.0
35,23,47.06978988647461,339.7662048339844,4012.0
35,24,12.724444389343262,375.4244384765625,1350.0
35,25,9.903343200683594,437.9244079589844,1376.0
35,26,197.6711578369141,25.38385391235352,2527.0
35,27,259.3815612792969,26.32086563110352,4251.0
35,28,313.4007263183594,40.43860626220703,1637.0
35,29,196.269760131836,106.45359802246094,3922.0
35,30,325.8066101074219,96.73816680908205,3930.0
35,31,276.46099853515625,123.31608581542967,1256.0
35,32,124.9731674194336,123.7404327392578,4808.0
35,33,0.0,0.0,0.0
35,34,66.0967025756836,138.563232421875,4064.0
35,35,419.4572448730469,132.1312255859375,3917.0
35,36,31.20453643798828,200.0943145751953,5026.0
35,37,353.4726257324219,179.2655792236328,4221.0
35,38,249.0842742919922,269.5870666503906,356.0
35,39,79.35050964355469,252.70492553710932,4348.0
35,40,0.0,0.0,0.0
35,41,144.2825469970703,283.0794372558594,4141.0
35,42,220.14210510253903,297.689697265625,767.0
35,43,156.2955780029297,352.5838623046875,3011.0
35,44,98.5266571044922,379.4033508300781,2457.0
35,45,50.192901611328125,421.03509521484375,4930.0
35,46,96.64009857177734,434.80572509765625,1606.0
35,47,254.21180725097656,86.06598663330078,4622.0
35,48,157.20677185058594,170.98373413085938,3134.0
35,49,298.9779052734375,167.9174346923828,4300.0
35,50,238.86544799804688,177.65200805664062,4868.0
35,51,99.3856201171875,194.7888641357422,2837.0
35,52,170.7012939453125,212.9859619140625,1781.0
35,53,134.92774963378906,229.2890014648437,1301.0
35,54,379.6536865234375,291.8140869140625,4782.0
35,55,315.4482727050781,293.59619140625,2204.0
35,56,186.1566772460937,303.1663513183594,1551.0
35,57,377.8554992675781,332.6284484863281,436.0
35,58,220.95953369140625,354.0906677246094,4720.0
35,59,333.62615966796875,406.5583801269531,2509.0
35,60,143.6358184814453,414.1526794433594,4624.0
35,61,0.0,0.0,0.0
35,62,267.025146484375,311.12677001953125,4496.0
35,63,424.9828796386719,346.6314392089844,4086.0
35,64,345.7015991210937,350.3939514160156,4323.0
35,65,244.8054962158203,436.8437194824219,5676.0
35,66,0.0,0.0,0.0
35,67,170.2855224609375,468.2151489257813,2245.0
35,68,302.8883972167969,445.1648254394531,2706.0
35,69,0.0,0.0,0.0
35,70,488.0624084472656,398.7690734863281,1442.0
35,71,0.0,0.0,0.0
35,72,34.467987060546875,478.5159912109375,1312.0
35,73,408.8032836914063,390.6256713867188,1520.0
35,74,371.79595947265625,393.741455078125,789.0
35,75,453.8698425292969,426.4815673828125,4041.0
35,76,384.2990112304688,439.2875061035156,3739.0
35,77,0.0,0.0,0.0
35,78,0.0,0.0,0.0
35,79,0.0,0.0,0.0
35,80,15.24708366394043,492.93743896484375,943.0
35,81,427.4447326660156,476.1854553222656,2723.0
35,82,0.0,0.0,0.0
35,83,334.67633056640625,482.9358520507813,4007.0
35,84,74.68562316894531,495.6194763183594,1829.0
35,85,361.1717529296875,122.87970733642578,1380.0
35,86,0.0,0.0,0.0
35,87,473.6349792480469,235.4872589111328,4082.0
35,88,0.0,0.0,0.0
35,89,478.33203125,490.8269348144531,2548.0
35,90,0.0,0.0,0.0
35,91,497.7938537597656,90.3122787475586,1140.0
35,92,0.0,0.0,0.0
35,93,485.95404052734375,289.69146728515625,914.0
35,94,73.44986724853516,9.651309967041016,1107.0
35,95,0.0,0.0,0.0
35,96,0.0,0.0,0.0
35,97,481.3511657714844,349.3305358886719,3833.0
35,98,192.6591339111328,412.7913818359375,2344.0
35,99,286.0715637207031,377.3809509277344,3326.0
35,100,284.691650390625,498.7776489257813,814.0
35,101,0.0,0.0,0.0
35,102,0.0,0.0,0.0
35,103,392.2661743164063,496.4889831542969,1360.0
35,104,499.4199523925781,205.81842041015625,1162.0
35,105,135.9763946533203,493.1411437988281,2076.0
35,106,0.0,0.0,0.0
35,107,0.0,0.0,0.0
35,108,0.0,0.0,0.0
35,109,0.0,0.0,0.0
35,110,483.0642700195313,25.25314140319824,2785.0
35,111,500.8873901367188,307.855224609375,746.0
35,112,0.0,0.0,0.0
35,113,0.0,0.0,0.0
35,114,493.4583435058594,164.19102478027344,1560.0
35,115,0.0,0.0,0.0
35,116,0.0,0.0,0.0
35,117,405.6741027832031,94.79330444335938,1703.0
35,118,496.9344787597656,459.7827453613281,870.0
35,119,487.9028930664063,127.26055145263672,1493.0
35,120,0.0,0.0,0.0
35,121,0.0,0.0,0.0
35,122,0.0,0.0,0.0
35,123,319.1138610839844,6.607260704040527,606.0
35,124,0.0,0.0,0.0
35,125,199.38267517089844,165.98123168945312,1385.0
35,126,0.0,0.0,0.0
35,127,0.0,0.0,0.0
35,128,501.3161010742188,57.41735458374024,484.0
35,129,501.9063720703125,431.7844543457031,566.0
35,130,99.188720703125,468.8797912597656,1489.0
35,131,0.0,0.0,0.0
35,132,0.0,0.0,0.0
35,133,0.0,0.0,0.0
35,134,0.0,0.0,0.0
35,135,0.0,0.0,0.0
35,136,0.0,0.0,0.0
35,137,93.55555725097656,86.4434814453125,1035.0
35,138,0.0,0.0,0.0
35,139,0.0,0.0,0.0
35,140,0.0,0.0,0.0
35,141,0.0,0.0,0.0
35,142,0.0,0.0,0.0
35,143,0.0,0.0,0.0
35,144,0.0,0.0,0.0
35,145,0.0,0.0,0.0
35,146,0.0,0.0,0.0
35,147,0.0,0.0,0.0
35,148,0.0,0.0,0.0
35,149,0.0,0.0,0.0
35,150,0.0,0.0,0.0
35,151,0.0,0.0,0.0
35,152,0.0,0.0,0.0
35,153,0.0,0.0,0.0
35,154,0.0,0.0,0.0
35,155,0.0,0.0,0.0
35,156,0.0,0.0,0.0
35,157,0.0,0.0,0.0
35,158,0.0,0.0,0.0
35,159,0.0,0.0,0.0
35,160,0.0,0.0,0.0
35,161,0.0,0.0,0.0
35,162,0.0,0.0,0.0
35,163,0.0,0.0,0.0
35,164,0.0,0.0,0.0
35,165,0.0,0.0,0.0
35,166,0.0,0.0,0.0
35,167,0.0,0.0,0.0
35,168,0.0,0.0,0.0
35,169,0.0,0.0,0.0
35,170,0.0,0.0,0.0
35,171,0.0,0.0,0.0
35,172,0.0,0.0,0.0
35,173,0.0,0.0,0.0
35,174,0.0,0.0,0.0
35,175,0.0,0.0,0.0
35,176,0.0,0.0,0.0
35,177,0.0,0.0,0.0
35,178,0.0,0.0,0.0
35,179,0.0,0.0,0.0
35,180,0.0,0.0,0.0
35,181,0.0,0.0,0.0
35,182,0.0,0.0,0.0
35,183,0.0,0.0,0.0
35,184,0.0,0.0,0.0
35,185,0.0,0.0,0.0
35,186,0.0,0.0,0.0
35,187,0.0,0.0,0.0
35,188,0.0,0.0,0.0
35,189,0.0,0.0,0.0
35,190,0.0,0.0,0.0
35,191,0.0,0.0,0.0
35,192,0.0,0.0,0.0
35,193,0.0,0.0,0.0
35,194,0.0,0.0,0.0
35,195,0.0,0.0,0.0
35,196,0.0,0.0,0.0
35,197,0.0,0.0,0.0
35,198,0.0,0.0,0.0
35,199,0.0,0.0,0.0
35,200,0.0,0.0,0.0
36,0,24.577259063720703,15.211370468139648,1372.0
36,1,79.47566223144531,49.53326416015625,4930.0
36,2,135.4991912841797,15.137126922607422,1845.0
36,3,0.0,0.0,0.0
36,4,421.4325866699219,16.080244064331055,2455.0
36,5,158.83546447753906,59.879676818847656,3981.0
36,6,13.143122673034668,45.43959045410156,1076.0
36,7,362.43939208984375,42.62619400024414,4497.0
36,8,0.0,0.0,0.0
36,9,415.396484375,54.277042388916016,2043.0
36,10,32.23933792114258,82.22322082519531,2110.0
36,11,459.7746887207031,77.29649353027344,3049.0
36,12,16.970134735107422,126.46150207519533,2143.0
36,13,401.1646118164063,206.68130493164065,4283.0
36,14,449.78033447265625,171.7496337890625,2768.0
36,15,288.2860107421875,238.2053680419922,4874.0
36,16,207.015625,248.17965698242188,4670.0
36,17,369.4656372070313,243.70669555664065,1091.0
36,18,337.33990478515625,253.2431488037109,1168.0
36,19,437.7650146484375,272.8688049316406,4047.0
36,20,23.789045333862305,272.1532287597656,2702.0
36,21,95.9401626586914,317.0201110839844,3777.0
36,22,8.114879608154297,317.5514221191406,914.0
36,23,47.16024398803711,340.42254638671875,4125.0
36,24,12.781641006469728,376.6661987304688,1438.0
36,25,8.969038009643555,439.0142211914063,1195.0
36,26,198.2653045654297,24.96198463439941,2499.0
36,27,259.3154296875,26.064716339111328,4172.0
36,28,313.10760498046875,40.8559455871582,1673.0
36,29,196.5246734619141,106.69742584228516,3890.0
36,30,326.6705627441406,97.5338134765625,4022.0
36,31,276.7105712890625,123.63821411132812,1230.0
36,32,124.9128189086914,124.0051040649414,4898.0
36,33,0.0,0.0,0.0
36,34,65.85404968261719,138.14691162109375,4152.0
36,35,419.2422790527344,131.92849731445312,3888.0
36,36,31.000394821166992,200.2445068359375,5055.0
36,37,353.28515625,178.71163940429688,4373.0
36,38,248.3333282470703,269.3274230957031,339.0
36,39,78.91336822509766,252.5702972412109,4317.0
36,40,0.0,0.0,0.0
36,41,143.5830841064453,282.5619506835937,4351.0
36,42,218.1886749267578,297.2673034667969,636.0
36,43,154.88287353515625,351.9480895996094,3082.0
36,44,97.67153930664062,380.1903076171875,2396.0
36,45,49.23810577392578,421.8785400390625,4792.0
36,46,94.72428131103516,433.6990966796875,1429.0
36,47,254.59390258789065,86.1382064819336,4696.0
36,48,156.14271545410156,171.0194091796875,2936.0
36,49,298.722900390625,168.25369262695312,4273.0
36,50,238.93023681640625,177.44235229492188,4831.0
36,51,99.49628448486328,195.17970275878903,2827.0
36,52,168.32077026367188,213.88998413085932,1936.0
36,53,133.41188049316406,228.63336181640625,1061.0
36,54,378.8165893554688,292.12823486328125,4656.0
36,55,313.8420104980469,293.6669616699219,2228.0
36,56,186.3949279785156,303.2475280761719,1418.0
36,57,376.964111328125,331.7601013183594,446.0
36,58,220.28054809570312,353.7934265136719,4705.0
36,59,334.11358642578125,407.59954833984375,2210.0
36,60,142.3901824951172,413.6735534667969,4644.0
36,61,0.0,0.0,0.0
36,62,265.06597900390625,311.130859375,4547.0
36,63,424.1206665039063,346.65679931640625,4193.0
36,64,344.6712646484375,350.68902587890625,4341.0
36,65,243.6014404296875,436.3819885253906,5678.0
36,66,0.0,0.0,0.0
36,67,167.73497009277344,469.0177917480469,2528.0
36,68,302.2548522949219,444.6620178222656,2790.0
36,69,0.0,0.0,0.0
36,70,488.4886169433594,398.38519287109375,1363.0
36,71,0.0,0.0,0.0
36,72,32.60564422607422,478.1734313964844,1453.0
36,73,407.7725524902344,390.6224670410156,1486.0
36,74,370.3436279296875,393.6007385253906,809.0
36,75,454.1360168457031,426.4097595214844,4183.0
36,76,383.5055847167969,438.8681640625,3762.0
36,77,0.0,0.0,0.0
36,78,0.0,0.0,0.0
36,79,0.0,0.0,0.0
36,80,13.98720932006836,493.9837341308594,860.0
36,81,426.8485107421875,476.0780944824219,2792.0
36,82,0.0,0.0,0.0
36,83,334.4381408691406,482.8079833984375,4010.0
36,84,73.80675506591797,495.3211364746094,1806.0
36,85,361.7748718261719,122.57591247558594,1146.0
36,86,0.0,0.0,0.0
36,87,473.66943359375,234.5087890625,4096.0
36,88,0.0,0.0,0.0
36,89,478.3252258300781,490.7560729980469,2509.0
36,90,0.0,0.0,0.0
36,91,497.969970703125,90.31389617919922,1166.0
36,92,0.0,0.0,0.0
36,93,487.1984252929688,288.1669006347656,761.0
36,94,74.00279998779297,9.176470756530762,1071.0
36,95,0.0,0.0,0.0
36,96,0.0,0.0,0.0
36,97,481.1480407714844,348.4727783203125,3985.0
36,98,191.95904541015625,411.4555969238281,2320.0
36,99,286.6488952636719,377.8147277832031,3449.0
36,100,284.3898620605469,498.5912780761719,849.0
36,101,0.0,0.0,0.0
36,102,0.0,0.0,0.0
36,103,391.57464599609375,496.7171936035156,1333.0
36,104,500.35052490234375,207.0077972412109,1027.0
36,105,134.67059326171875,494.7320861816406,1870.0
36,106,0.0,0.0,0.0
36,107,0.0,0.0,0.0
36,108,0.0,0.0,0.0
36,109,0.0,0.0,0.0
36,110,482.82415771484375,24.269515991210938,2690.0
36,111,500.85394287109375,307.1769714355469,712.0
36,112,0.0,0.0,0.0
36,113,0.0,0.0,0.0
36,114,493.3099670410156,165.38670349121094,1655.0
36,115,0.0,0.0,0.0
36,116,0.0,0.0,0.0
36,117,405.0736999511719,94.57756042480467,1818.0
36,118,498.0869445800781,459.5408325195313,943.0
36,119,487.7997131347656,127.51498413085938,1468.0
36,120,0.0,0.0,0.0
36,121,0.0,0.0,0.0
36,122,0.0,0.0,0.0
36,123,319.51446533203125,6.715434074401856,622.0
36,124,0.0,0.0,0.0
36,125,197.95913696289065,166.84970092773438,1517.0
36,126,0.0,0.0,0.0
36,127,0.0,0.0,0.0
36,128,500.82135009765625,56.02524185180664,515.0
36,129,501.9070739746094,429.7030334472656,495.0
36,130,99.02759552001952,467.9832153320313,1667.0
36,131,0.0,0.0,0.0
36,132,0.0,0.0,0.0
36,133,0.0,0.0,0.0
36,134,0.0,0.0,0.0
36,135,0.0,0.0,0.0
36,136,0.0,0.0,0.0
36,137,99.32766723632812,85.78276824951172,824.0
36,138,0.0,0.0,0.0
36,139,0.0,0.0,0.0
36,140,0.0,0.0,0.0
36,141,0.0,0.0,0.0
36,142,0.0,0.0,0.0
36,143,0.0,0.0,0.0
36,144,0.0,0.0,0.0
36,145,0.0,0.0,0.0
36,146,0.0,0.0,0.0
36,147,0.0,0.0,0.0
36,148,0.0,0.0,0.0
36,149,0.0,0.0,0.0
36,150,0.0,0.0,0.0
36,151,0.0,0.0,0.0
36,152,0.0,0.0,0.0
36,153,0.0,0.0,0.0
36,154,0.0,0.0,0.0
36,155,0.0,0.0,0.0
36,156,0.0,0.0,0.0
36,157,0.0,0.0,0.0
36,158,0.0,0.0,0.0
36,159,0.0,0.0,0.0
36,160,0.0,0.0,0.0
36,161,0.0,0.0,0.0
36,162,0.0,0.0,0.0
36,163,0.0,0.0,0.0
36,164,0.0,0.0,0.0
36,165,0.0,0.0,0.0
36,166,0.0,0.0,0.0
36,167,0.0,0.0,0.0
36,168,0.0,0.0,0.0
36,169,0.0,0.0,0.0
36,170,0.0,0.0,0.0
36,171,0.0,0.0,0.0
36,172,0.0,0.0,0.0
36,173,0.0,0.0,0.0
36,174,0.0,0.0,0.0
36,175,0.0,0.0,0.0
36,176,0.0,0.0,0.0
36,177,0.0,0.0,0.0
36,178,0.0,0.0,0.0
36,179,0.0,0.0,0.0
36,180,0.0,0.0,0.0
36,181,0.0,0.0,0.0
36,182,0.0,0.0,0.0
36,183,0.0,0.0,0.0
36,184,0.0,0.0,0.0
36,185,0.0,0.0,0.0
36,186,0.0,0.0,0.0
36,187,0.0,0.0,0.0
36,188,0.0,0.0,0.0
36,189,0.0,0.0,0.0
36,190,0.0,0.0,0.0
36,191,0.0,0.0,0.0
36,192,0.0,0.0,0.0
36,193,0.0,0.0,0.0
36,194,0.0,0.0,0.0
36,195,0.0,0.0,0.0
36,196,0.0,0.0,0.0
36,197,0.0,0.0,0.0
36,198,0.0,0.0,0.0
36,199,0.0,0.0,0.0
36,200,0.0,0.0,0.0
37,0,25.1418685913086,15.239446640014648,1445.0
37,1,79.90509796142578,49.61152648925781,4963.0
37,2,135.99459838867188,14.89848804473877,1852.0
37,3,0.0,0.0,0.0
37,4,420.9220886230469,15.513124465942385,2362.0
37,5,159.79812622070312,59.56184005737305,4067.0
37,6,13.456896781921388,45.22892761230469,1044.0
37,7,363.0085144042969,42.43678665161133,4469.0
37,8,0.0,0.0,0.0
37,9,415.97564697265625,53.484336853027344,2011.0
37,10,31.3322868347168,82.68744659423828,2230.0
37,11,459.76708984375,77.17290496826172,3100.0
37,12,16.383703231811523,127.13037109375,2025.0
37,13,401.4445495605469,206.2317352294922,4229.0
37,14,449.6230773925781,171.27008056640625,2677.0
37,15,288.0962219238281,238.05284118652344,4750.0
37,16,206.66961669921875,248.2085723876953,4622.0
37,17,369.1228942871094,242.7693634033203,1123.0
37,18,336.7142944335937,253.44387817382807,1176.0
37,19,438.9988403320313,273.17877197265625,4268.0
37,20,23.322555541992188,272.357177734375,2629.0
37,21,95.87017822265624,317.1857604980469,3682.0
37,22,7.954648494720459,316.6111145019531,882.0
37,23,47.32926559448242,340.7185974121094,4261.0
37,24,13.18695068359375,378.243408203125,1594.0
37,25,8.481231689453125,439.0548706054688,1039.0
37,26,198.2907257080078,24.308082580566406,2363.0
37,27,258.18096923828125,26.051115036010746,4128.0
37,28,313.05816650390625,40.639408111572266,1822.0
37,29,196.4276428222656,106.92893981933594,3856.0
37,30,328.26568603515625,98.52330780029295,4204.0
37,31,276.8099365234375,123.78107452392578,1247.0
37,32,125.40796661376952,124.34626770019533,4846.0
37,33,0.0,0.0,0.0
37,34,65.25800323486328,138.02691650390625,4124.0
37,35,419.0958251953125,132.2869415283203,3851.0
37,36,30.952810287475582,200.61993408203125,5107.0
37,37,353.008056640625,178.1114044189453,4461.0
37,38,248.93701171875,269.6824035644531,381.0
37,39,78.06548309326172,253.6121063232422,4215.0
37,40,0.0,0.0,0.0
37,41,143.54090881347656,283.37908935546875,4387.0
37,42,218.674560546875,297.8877868652344,802.0
37,43,153.61441040039062,351.9827880859375,3138.0
37,44,97.19666290283205,380.91748046875,2339.0
37,45,49.08694839477539,422.8785705566406,4612.0
37,46,93.8873062133789,432.16302490234375,1331.0
37,47,254.7148895263672,86.3068618774414,4735.0
37,48,156.3790283203125,170.18402099609375,2641.0
37,49,298.6348571777344,168.57839965820312,4267.0
37,50,239.0742950439453,177.90142822265625,4819.0
37,51,99.93170928955078,195.2920379638672,3075.0
37,52,167.0413055419922,213.5009765625,2034.0
37,53,132.65565490722656,229.8677673339844,1089.0
37,54,378.8011169433594,291.800048828125,4676.0
37,55,312.9877014160156,294.2664489746094,2357.0
37,56,186.27496337890625,302.2572937011719,1302.0
37,57,377.0,330.71466064453125,368.0
37,58,219.3907165527344,353.56646728515625,4694.0
37,59,335.1322937011719,409.22900390625,1799.0
37,60,141.85733032226562,413.3209533691406,4521.0
37,61,0.0,0.0,0.0
37,62,264.7449035644531,311.0166931152344,4316.0
37,63,423.5244445800781,347.1958312988281,4233.0
37,64,344.5229797363281,350.2929382324219,4373.0
37,65,242.63986206054688,436.0430908203125,5734.0
37,66,0.0,0.0,0.0
37,67,165.7250213623047,469.7565612792969,2633.0
37,68,301.91229248046875,444.5319213867188,2850.0
37,69,0.0,0.0,0.0
37,70,489.41839599609375,397.8255920410156,1250.0
37,71,0.0,0.0,0.0
37,72,30.956058502197266,477.7068481445313,1593.0
37,73,406.5339660644531,390.5062561035156,1442.0
37,74,368.3609313964844,392.9827575683594,870.0
37,75,454.380859375,426.0892028808594,4293.0
37,76,382.5512390136719,438.7044982910156,3922.0
37,77,0.0,0.0,0.0
37,78,0.0,0.0,0.0
37,79,0.0,0.0,0.0
37,80,13.438424110412598,494.9507446289063,812.0
37,81,426.6766052246094,476.0394592285156,2814.0
37,82,0.0,0.0,0.0
37,83,333.8117370605469,483.0060729980469,3952.0
37,84,74.02672576904297,495.8711853027344,1871.0
37,85,365.3971862792969,121.82575988769533,924.0
37,86,0.0,0.0,0.0
37,87,473.7303771972656,233.85873413085932,4113.0
37,88,0.0,0.0,0.0
37,89,478.50299072265625,490.9606018066406,2513.0
37,90,0.0,0.0,0.0
37,91,498.1421203613281,89.75279998779297,1161.0
37,92,0.0,0.0,0.0
37,93,486.24365234375,287.7639465332031,394.0
37,94,74.87655639648438,8.97799015045166,1045.0
37,95,0.0,0.0,0.0
37,96,0.0,0.0,0.0
37,97,481.0173034667969,348.5019836425781,4046.0
37,98,190.946533203125,411.4824523925781,2338.0
37,99,287.9866638183594,378.21435546875,3751.0
37,100,284.1922607421875,498.27783203125,853.0
37,101,0.0,0.0,0.0
37,102,0.0,0.0,0.0
37,103,391.1515502929688,496.8829650878906,1333.0
37,104,501.1810302734375,208.9233245849609,939.0
37,105,133.6705322265625,495.51507568359375,1724.0
37,106,0.0,0.0,0.0
37,107,0.0,0.0,0.0
37,108,0.0,0.0,0.0
37,109,0.0,0.0,0.0
37,110,482.3328552246094,24.20756721496582,2722.0
37,111,499.8153381347656,305.4712219238281,834.0
37,112,0.0,0.0,0.0
37,113,0.0,0.0,0.0
37,114,493.03021240234375,166.12191772460938,1788.0
37,115,0.0,0.0,0.0
37,116,0.0,0.0,0.0
37,117,405.6378479003906,94.43380737304688,1828.0
37,118,498.3884582519531,457.7240905761719,1004.0
37,119,487.5460815429688,127.09823608398438,1476.0
37,120,0.0,0.0,0.0
37,121,0.0,0.0,0.0
37,122,0.0,0.0,0.0
37,123,318.6127014160156,6.549248695373535,599.0
37,124,0.0,0.0,0.0
37,125,197.46942138671875,166.80874633789062,1668.0
37,126,0.0,0.0,0.0
37,127,0.0,0.0,0.0
37,128,501.2600708007813,55.352821350097656,496.0
37,129,501.6828308105469,426.8083801269531,454.0
37,130,98.71942901611328,466.8880920410156,1832.0
37,131,0.0,0.0,0.0
37,132,0.0,0.0,0.0
37,133,0.0,0.0,0.0
37,134,0.0,0.0,0.0
37,135,0.0,0.0,0.0
37,136,0.0,0.0,0.0
37,137,99.77008056640624,86.75247192382812,909.0
37,138,0.0,0.0,0.0
37,139,0.0,0.0,0.0
37,140,0.0,0.0,0.0
37,141,0.0,0.0,0.0
37,142,0.0,0.0,0.0
37,143,0.0,0.0,0.0
37,144,0.0,0.0,0.0
37,145,0.0,0.0,0.0
37,146,0.0,0.0,0.0
37,147,0.0,0.0,0.0
37,148,0.0,0.0,0.0
37,149,0.0,0.0,0.0
37,150,0.0,0.0,0.0
37,151,0.0,0.0,0.0
37,152,0.0,0.0,0.0
37,153,0.0,0.0,0.0
37,154,0.0,0.0,0.0
37,155,0.0,0.0,0.0
37,156,0.0,0.0,0.0
37,157,0.0,0.0,0.0
37,158,0.0,0.0,0.0
37,159,0.0,0.0,0.0
37,160,0.0,0.0,0.0
37,161,0.0,0.0,0.0
37,162,0.0,0.0,0.0
37,163,0.0,0.0,0.0
37,164,0.0,0.0,0.0
37,165,0.0,0.0,0.0
37,166,0.0,0.0,0.0
37,167,0.0,0.0,0.0
37,168,0.0,0.0,0.0
37,169,0.0,0.0,0.0
37,170,0.0,0.0,0.0
37,171,0.0,0.0,0.0
37,172,0.0,0.0,0.0
37,173,0.0,0.0,0.0
37,174,0.0,0.0,0.0
37,175,0.0,0.0,0.0
37,176,0.0,0.0,0.0
37,177,0.0,0.0,0.0
37,178,0.0,0.0,0.0
37,179,0.0,0.0,0.0
37,180,0.0,0.0,0.0
37,181,0.0,0.0,0.0
37,182,0.0,0.0,0.0
37,183,0.0,0.0,0.0
37,184,0.0,0.0,0.0
37,185,0.0,0.0,0.0
37,186,0.0,0.0,0.0
37,187,0.0,0.0,0.0
37,188,0.0,0.0,0.0
37,189,0.0,0.0,0.0
37,190,0.0,0.0,0.0
37,191,0.0,0.0,0.0
37,192,0.0,0.0,0.0
37,193,0.0,0.0,0.0
37,194,0.0,0.0,0.0
37,195,0.0,0.0,0.0
37,196,0.0,0.0,0.0
37,197,0.0,0.0,0.0
37,198,0.0,0.0,0.0
37,199,0.0,0.0,0.0
37,200,0.0,0.0,0.0
38,0,25.1309757232666,15.876882553100586,1527.0
38,1,80.0845718383789,49.5867805480957,4978.0
38,2,135.7822265625,14.837486267089844,1846.0
38,3,0.0,0.0,0.0
38,4,419.6965026855469,14.567105293273926,2280.0
38,5,160.28887939453125,59.54859161376953,4116.0
38,6,13.893616676330566,45.34468078613281,940.0
38,7,363.5451049804688,42.4837532043457,4401.0
38,8,0.0,0.0,0.0
38,9,416.7012023925781,51.99651336669922,2008.0
38,10,30.36676406860352,82.7326889038086,2383.0
38,11,459.6862182617188,77.11578369140625,3187.0
38,12,16.050127029418945,127.97289276123048,1955.0
38,13,401.6404113769531,205.8558807373047,4191.0
38,14,449.47369384765625,171.2366485595703,2679.0
38,15,287.85284423828125,237.7620391845703,4736.0
38,16,206.47848510742188,248.3850860595703,4625.0
38,17,367.83990478515625,241.9958953857422,1218.0
38,18,336.0879211425781,254.12594604492188,1183.0
38,19,437.9588623046875,272.5590515136719,4277.0
38,20,22.83140754699707,273.1175842285156,2509.0
38,21,95.29535675048828,317.4369201660156,3511.0
38,22,7.80555534362793,316.3032531738281,864.0
38,23,47.61114883422852,341.45733642578125,4395.0
38,24,14.482483863830566,381.8428955078125,1884.0
38,25,8.093023300170898,438.7565002441406,731.0
38,26,198.2582550048828,24.12398147583008,2331.0
38,27,257.4352111816406,25.99064064025879,4060.0
38,28,312.9784240722656,40.03212738037109,1992.0
38,29,196.4173889160156,106.92772674560548,3819.0
38,30,329.2420959472656,99.31539154052734,4366.0
38,31,276.5496826171875,123.93791198730467,1208.0
38,32,125.19000244140624,123.86060333251952,5000.0
38,33,0.0,0.0,0.0
38,34,65.28019714355469,138.15281677246094,4247.0
38,35,419.602294921875,132.02694702148438,3822.0
38,36,30.582563400268555,201.27554321289065,5081.0
38,37,353.1770935058594,177.1455078125,4529.0
38,38,249.44192504882807,269.7272644042969,396.0
38,39,77.10794067382812,254.8242950439453,4206.0
38,40,0.0,0.0,0.0
38,41,142.96585083007812,283.20831298828125,4421.0
38,42,218.5433807373047,298.3241882324219,876.0
38,43,152.24977111816406,351.9071960449219,3319.0
38,44,96.70233917236328,381.7805786132813,2224.0
38,45,49.28195190429688,424.7198791503906,4366.0
38,46,92.9930191040039,430.7818603515625,1146.0
38,47,254.85606384277344,86.40484619140625,4745.0
38,48,155.8384246826172,169.56488037109375,2358.0
38,49,298.5179748535156,168.38148498535156,4257.0
38,50,238.9552459716797,178.0022735595703,4826.0
38,51,99.83863067626952,196.16734313964844,3179.0
38,52,166.27268981933594,213.2333374023437,2160.0
38,53,131.37547302246094,229.6632080078125,1060.0
38,54,378.3317260742188,291.6946105957031,4591.0
38,55,312.87615966796875,296.24102783203125,2560.0
38,56,186.12168884277344,302.4103088378906,1282.0
38,57,377.6765441894531,330.95770263671875,473.0
38,58,219.03662109375,353.87750244140625,4670.0
38,59,335.2640991210937,408.9153747558594,1560.0
38,60,140.50921630859375,413.9300537109375,4503.0
38,61,0.0,0.0,0.0
38,62,264.4469909667969,311.0776672363281,4197.0
38,63,423.523681640625,347.4476928710937,4369.0
38,64,345.29742431640625,351.2976989746094,3974.0
38,65,241.65362548828125,436.3055419921875,5829.0
38,66,0.0,0.0,0.0
38,67,164.0010528564453,471.3738403320313,2838.0
38,68,301.7211608886719,444.5380554199219,3009.0
38,69,0.0,0.0,0.0
38,70,492.7339782714844,403.58001708984375,1481.0
38,71,0.0,0.0,0.0
38,72,28.254186630249023,476.594482421875,1672.0
38,73,404.9444885253906,389.9985046386719,1333.0
38,74,366.44866943359375,391.7889404296875,867.0
38,75,454.2565002441406,425.2913513183594,4421.0
38,76,381.6181945800781,437.7064208984375,4125.0
38,77,0.0,0.0,0.0
38,78,0.0,0.0,0.0
38,79,0.0,0.0,0.0
38,80,13.07195281982422,495.8414001464844,681.0
38,81,426.41845703125,476.3419494628906,2863.0
38,82,0.0,0.0,0.0
38,83,333.673583984375,483.3743591308594,3860.0
38,84,72.72158813476562,495.98345947265625,1936.0
38,85,368.7460021972656,120.14037322998048,748.0
38,86,0.0,0.0,0.0
38,87,473.9875183105469,233.743881225586,4088.0
38,88,0.0,0.0,0.0
38,89,478.4543151855469,491.0110778808594,2529.0
38,90,0.0,0.0,0.0
38,91,498.2786254882813,88.9208755493164,1188.0
38,92,0.0,0.0,0.0
38,93,488.2337646484375,286.4429931640625,693.0
38,94,75.53319549560547,8.771629333496094,994.0
38,95,0.0,0.0,0.0
38,96,0.0,0.0,0.0
38,97,481.4447326660156,349.1512451171875,3980.0
38,98,189.9063720703125,411.3163757324219,2339.0
38,99,288.7166748046875,377.5327453613281,3953.0
38,100,283.7995300292969,498.5909729003906,863.0
38,101,0.0,0.0,0.0
38,102,0.0,0.0,0.0
38,103,390.37689208984375,496.7424011230469,1316.0
38,104,501.515869140625,209.14512634277344,882.0
38,105,131.79147338867188,496.3941040039063,1525.0
38,106,0.0,0.0,0.0
38,107,0.0,0.0,0.0
38,108,0.0,0.0,0.0
38,109,0.0,0.0,0.0
38,110,482.06103515625,23.84430503845215,2704.0
38,111,500.40277099609375,306.666259765625,797.0
38,112,0.0,0.0,0.0
38,113,0.0,0.0,0.0
38,114,492.8838195800781,166.33082580566406,1859.0
38,115,0.0,0.0,0.0
38,116,0.0,0.0,0.0
38,117,405.57135009765625,93.90869140625,1829.0
38,118,498.5669860839844,455.5132141113281,1097.0
38,119,487.7995910644531,126.89278411865234,1427.0
38,120,0.0,0.0,0.0
38,121,0.0,0.0,0.0
38,122,0.0,0.0,0.0
38,123,318.1215515136719,6.220994472503662,543.0
38,124,0.0,0.0,0.0
38,125,196.46316528320312,166.15179443359375,1805.0
38,126,0.0,0.0,0.0
38,127,0.0,0.0,0.0
38,128,501.3155517578125,54.2643928527832,469.0
38,129,0.0,0.0,0.0
38,130,97.03166198730467,466.1944580078125,1990.0
38,131,0.0,0.0,0.0
38,132,0.0,0.0,0.0
38,133,0.0,0.0,0.0
38,134,0.0,0.0,0.0
38,135,0.0,0.0,0.0
38,136,0.0,0.0,0.0
38,137,100.05882263183594,85.5334243774414,748.0
38,138,0.0,0.0,0.0
38,139,0.0,0.0,0.0
38,140,0.0,0.0,0.0
38,141,0.0,0.0,0.0
38,142,0.0,0.0,0.0
38,143,0.0,0.0,0.0
38,144,0.0,0.0,0.0
38,145,0.0,0.0,0.0
38,146,0.0,0.0,0.0
38,147,0.0,0.0,0.0
38,148,0.0,0.0,0.0
38,149,0.0,0.0,0.0
38,150,0.0,0.0,0.0
38,151,0.0,0.0,0.0
38,152,0.0,0.0,0.0
38,153,0.0,0.0,0.0
38,154,0.0,0.0,0.0
38,155,0.0,0.0,0.0
38,156,0.0,0.0,0.0
38,157,0.0,0.0,0.0
38,158,0.0,0.0,0.0
38,159,0.0,0.0,0.0
38,160,0.0,0.0,0.0
38,161,0.0,0.0,0.0
38,162,0.0,0.0,0.0
38,163,0.0,0.0,0.0
38,164,0.0,0.0,0.0
38,165,0.0,0.0,0.0
38,166,0.0,0.0,0.0
38,167,0.0,0.0,0.0
38,168,0.0,0.0,0.0
38,169,0.0,0.0,0.0
38,170,0.0,0.0,0.0
38,171,0.0,0.0,0.0
38,172,0.0,0.0,0.0
38,173,0.0,0.0,0.0
38,174,0.0,0.0,0.0
38,175,0.0,0.0,0.0
38,176,0.0,0.0,0.0
38,177,0.0,0.0,0.0
38,178,0.0,0.0,0.0
38,179,0.0,0.0,0.0
38,180,0.0,0.0,0.0
38,181,0.0,0.0,0.0
38,182,0.0,0.0,0.0
38,183,0.0,0.0,0.0
38,184,0.0,0.0,0.0
38,185,0.0,0.0,0.0
38,186,0.0,0.0,0.0
38,187,0.0,0.0,0.0
38,188,0.0,0.0,0.0
38,189,0.0,0.0,0.0
38,190,0.0,0.0,0.0
38,191,0.0,0.0,0.0
38,192,0.0,0.0,0.0
38,193,0.0,0.0,0.0
38,194,0.0,0.0,0.0
38,195,0.0,0.0,0.0
38,196,0.0,0.0,0.0
38,197,0.0,0.0,0.0
38,198,0.0,0.0,0.0
38,199,0.0,0.0,0.0
38,200,0.0,0.0,0.0
39,0,25.492401123046875,16.987842559814453,1645.0
39,1,80.38292694091797,49.94256210327149,5014.0
39,2,135.88258361816406,14.758544921875,1814.0
39,3,0.0,0.0,0.0
39,4,431.927978515625,15.390625,1472.0
39,5,161.0655975341797,59.33852005004883,4177.0
39,6,13.68772792816162,45.74483489990234,823.0
39,7,363.45355224609375,42.37543869018555,4275.0
39,8,0.0,0.0,0.0
39,9,417.0320434570313,50.33621597290039,1966.0
39,10,29.319225311279297,82.76541900634766,2481.0
39,11,460.0562744140625,76.44464874267578,3306.0
39,12,15.619327545166016,128.5242919921875,1873.0
39,13,401.8255615234375,206.19265747070312,4168.0
39,14,449.0704650878906,170.6017303466797,2767.0
39,15,286.99566650390625,237.57623291015625,4604.0
39,16,205.9605255126953,248.81442260742188,4661.0
39,17,366.9004211425781,241.0629730224609,1175.0
39,18,335.225830078125,253.15451049804688,1262.0
39,19,438.2316284179688,272.3648986816406,4352.0
39,20,27.774703979492188,279.3179016113281,1771.0
39,21,94.79387664794922,317.7567749023437,3396.0
39,22,7.745891094207764,312.6889953613281,791.0
39,23,46.871849060058594,342.2308959960937,4643.0
39,24,14.885029792785645,384.8928527832031,2044.0
39,25,7.620553493499756,438.2687683105469,506.0
39,26,198.2097320556641,23.15663719177246,2260.0
39,27,257.1424255371094,25.77036476135254,4002.0
39,28,312.8546447753906,40.0207633972168,2071.0
39,29,196.2730407714844,106.76132202148438,3754.0
39,30,330.5118713378906,100.19520568847656,4544.0
39,31,276.2196350097656,124.18146514892578,1284.0
39,32,125.46871185302734,124.03945922851562,5018.0
39,33,0.0,0.0,0.0
39,34,64.9120864868164,138.22586059570312,4277.0
39,35,418.4634094238281,131.66355895996094,3852.0
39,36,30.029579162597656,201.9575958251953,5071.0
39,37,353.0137634277344,177.49667358398438,4502.0
39,38,249.2930145263672,268.7123718261719,372.0
39,39,76.41200256347656,255.56446838378903,4165.0
39,40,0.0,0.0,0.0
39,41,142.88330078125,283.6793518066406,4550.0
39,42,218.0087280273437,299.22027587890625,917.0
39,43,151.1690216064453,351.79547119140625,3408.0
39,44,96.28411865234376,382.3125305175781,2147.0
39,45,49.5434684753418,425.94244384765625,4118.0
39,46,92.5526351928711,428.1754455566406,912.0
39,47,254.68362426757807,86.11845397949219,4795.0
39,48,154.83131408691406,169.49581909179688,2152.0
39,49,298.6553039550781,168.6314697265625,4195.0
39,50,238.88284301757807,178.52069091796875,4857.0
39,51,99.11759185791016,196.58164978027344,3325.0
39,52,164.60784912109375,213.34567260742188,2216.0
39,53,130.70150756835938,230.42713928222656,995.0
39,54,377.6305541992188,290.9908752441406,4596.0
39,55,311.8887634277344,296.7662048339844,2652.0
39,56,186.43833923339844,302.1215209960937,1111.0
39,57,374.8719787597656,330.2318420410156,578.0
39,58,218.4410858154297,354.017578125,4668.0
39,59,334.6712646484375,408.9157104492188,1305.0
39,60,138.54727172851562,413.94183349609375,4316.0
39,61,0.0,0.0,0.0
39,62,263.2858581542969,310.2795104980469,4107.0
39,63,422.9065246582031,347.0111999511719,4461.0
39,64,344.7789306640625,350.9891662597656,3596.0
39,65,241.2628173828125,436.1840515136719,5814.0
39,66,0.0,0.0,0.0
39,67,162.58554077148438,471.9777526855469,2876.0
39,68,301.7806396484375,444.0812072753906,3091.0
39,69,0.0,0.0,0.0
39,70,491.3017883300781,397.37548828125,1004.0
39,71,0.0,0.0,0.0
39,72,26.98740196228028,476.6603698730469,1905.0
39,73,403.827392578125,388.9508972167969,1344.0
39,74,363.6168823242188,391.0040588378906,984.0
39,75,453.8348693847656,424.75830078125,4493.0
39,76,380.6308898925781,437.1148681640625,4248.0
39,77,0.0,0.0,0.0
39,78,0.0,0.0,0.0
39,79,0.0,0.0,0.0
39,80,11.218390464782717,496.7553405761719,609.0
39,81,426.0406188964844,476.677978515625,2978.0
39,82,0.0,0.0,0.0
39,83,333.2993469238281,483.6980285644531,3825.0
39,84,72.04552459716797,496.03704833984375,1889.0
39,85,370.5126953125,119.7952651977539,591.0
39,86,0.0,0.0,0.0
39,87,474.2474060058594,233.498764038086,4038.0
39,88,0.0,0.0,0.0
39,89,478.6373901367188,491.2152404785156,2402.0
39,90,0.0,0.0,0.0
39,91,498.734375,87.50740051269531,1216.0
39,92,0.0,0.0,0.0
39,93,489.03460693359375,285.1927490234375,607.0
39,94,75.8839111328125,8.609979629516602,982.0
39,95,0.0,0.0,0.0
39,96,0.0,0.0,0.0
39,97,481.3448486328125,348.86572265625,4051.0
39,98,187.9725952148437,412.1256408691406,2555.0
39,99,289.48321533203125,376.68499755859375,4203.0
39,100,282.7491760253906,498.2940673828125,925.0
39,101,0.0,0.0,0.0
39,102,0.0,0.0,0.0
39,103,389.6295471191406,496.9818420410156,1266.0
39,104,501.8417053222656,209.98583984375,777.0
39,105,130.77883911132812,496.8757629394531,1465.0
39,106,0.0,0.0,0.0
39,107,0.0,0.0,0.0
39,108,0.0,0.0,0.0
39,109,0.0,0.0,0.0
39,110,482.13720703125,23.34398460388184,2660.0
39,111,500.1303405761719,306.4197998046875,798.0
39,112,0.0,0.0,0.0
39,113,0.0,0.0,0.0
39,114,492.9089660644531,167.4639434814453,1955.0
39,115,0.0,0.0,0.0
39,116,0.0,0.0,0.0
39,117,405.9073486328125,92.68448638916016,1889.0
39,118,498.3233337402344,456.7770080566406,1166.0
39,119,488.12060546875,126.7587661743164,1426.0
39,120,0.0,0.0,0.0
39,121,0.0,0.0,0.0
39,122,0.0,0.0,0.0
39,123,317.6384582519531,6.019230842590332,520.0
39,124,0.0,0.0,0.0
39,125,195.3360137939453,166.31991577148438,1988.0
39,126,0.0,0.0,0.0
39,127,0.0,0.0,0.0
39,128,501.0242004394531,53.14247131347656,372.0
39,129,0.0,0.0,0.0
39,130,96.04175567626952,464.8169555664063,2251.0
39,131,391.7487182617188,11.433938026428224,772.0
39,132,7.880382537841797,256.64910888671875,627.0
39,133,499.9436950683594,422.5,444.0
39,134,0.0,0.0,0.0
39,135,0.0,0.0,0.0
39,136,0.0,0.0,0.0
39,137,101.33069610595705,85.382080078125,759.0
39,138,0.0,0.0,0.0
39,139,0.0,0.0,0.0
39,140,0.0,0.0,0.0
39,141,0.0,0.0,0.0
39,142,0.0,0.0,0.0
39,143,0.0,0.0,0.0
39,144,0.0,0.0,0.0
39,145,0.0,0.0,0.0
39,146,0.0,0.0,0.0
39,147,0.0,0.0,0.0
39,148,0.0,0.0,0.0
39,149,0.0,0.0,0.0
39,150,0.0,0.0,0.0
39,151,0.0,0.0,0.0
39,152,0.0,0.0,0.0
39,153,0.0,0.0,0.0
39,154,0.0,0.0,0.0
39,155,0.0,0.0,0.0
39,156,0.0,0.0,0.0
39,157,0.0,0.0,0.0
39,158,0.0,0.0,0.0
39,159,0.0,0.0,0.0
39,160,0.0,0.0,0.0
39,161,0.0,0.0,0.0
39,162,0.0,0.0,0.0
39,163,0.0,0.0,0.0
39,164,0.0,0.0,0.0
39,165,0.0,0.0,0.0
39,166,0.0,0.0,0.0
39,167,0.0,0.0,0.0
39,168,0.0,0.0,0.0
39,169,0.0,0.0,0.0
39,170,0.0,0.0,0.0
39,171,0.0,0.0,0.0
39,172,0.0,0.0,0.0
39,173,0.0,0.0,0.0
39,174,0.0,0.0,0.0
39,175,0.0,0.0,0.0
39,176,0.0,0.0,0.0
39,177,0.0,0.0,0.0
39,178,0.0,0.0,0.0
39,179,0.0,0.0,0.0
39,180,0.0,0.0,0.0
39,181,0.0,0.0,0.0
39,182,0.0,0.0,0.0
39,183,0.0,0.0,0.0
39,184,0.0,0.0,0.0
39,185,0.0,0.0,0.0
39,186,0.0,0.0,0.0
39,187,0.0,0.0,0.0
39,188,0.0,0.0,0.0
39,189,0.0,0.0,0.0
39,190,0.0,0.0,0.0
39,191,0.0,0.0,0.0
39,192,0.0,0.0,0.0
39,193,0.0,0.0,0.0
39,194,0.0,0.0,0.0
39,195,0.0,0.0,0.0
39,196,0.0,0.0,0.0
39,197,0.0,0.0,0.0
39,198,0.0,0.0,0.0
39,199,0.0,0.0,0.0
39,200,0.0,0.0,0.0
40,0,25.40710830688477,18.728593826293945,1857.0
40,1,80.7793197631836,50.598514556884766,5116.0
40,2,136.25111389160156,14.536191940307615,1796.0
40,3,0.0,0.0,0.0
40,4,433.3536987304688,15.195542335510254,1391.0
40,5,161.38702392578125,59.36664962768555,4222.0
40,6,12.65916919708252,46.8218002319336,578.0
40,7,364.0826721191406,42.98084259033203,4124.0
40,8,0.0,0.0,0.0
40,9,417.60443115234375,49.61526107788086,1848.0
40,10,28.523624420166016,82.44538879394531,2582.0
40,11,460.2020263671875,75.86261749267578,3341.0
40,12,15.06509494781494,128.9248046875,1782.0
40,13,401.6851196289063,206.89190673828125,4154.0
40,14,448.5552368164063,170.65476989746094,2914.0
40,15,286.0209350585937,237.4380798339844,4490.0
40,16,205.4923248291016,248.7757568359375,4562.0
40,17,367.71136474609375,242.00933837890625,1178.0
40,18,334.6898193359375,252.8394775390625,1383.0
40,19,438.0865783691406,272.4273376464844,4355.0
40,20,28.21298217773437,281.64501953125,1479.0
40,21,94.310546875,317.3698425292969,3204.0
40,22,7.787050247192383,310.568359375,695.0
40,23,46.51730728149414,342.2339782714844,4825.0
40,24,14.70879364013672,386.3805847167969,2081.0
40,25,0.0,0.0,0.0
40,26,198.04690551757807,23.044654846191406,2217.0
40,27,256.76788330078125,25.64893341064453,3985.0
40,28,312.9252624511719,39.78668594360352,2208.0
40,29,196.067138671875,106.67146301269533,3753.0
40,30,330.7381286621094,100.30821228027344,4617.0
40,31,275.9400939941406,124.40680694580078,1352.0
40,32,125.60832214355467,125.09037017822266,4902.0
40,33,0.0,0.0,0.0
40,34,64.44806671142578,138.15785217285156,4352.0
40,35,417.9448852539063,131.51222229003906,3846.0
40,36,29.6380615234375,202.23123168945312,5034.0
40,37,352.8879699707031,177.9908905029297,4499.0
40,38,248.29833984375,266.07183837890625,362.0
40,39,74.74922943115234,256.29302978515625,4211.0
40,40,0.0,0.0,0.0
40,41,142.15863037109375,283.6892395019531,4608.0
40,42,216.88406372070312,299.48309326171875,1035.0
40,43,149.32537841796875,351.606201171875,3479.0
40,44,95.76798248291016,382.8694763183594,2099.0
40,45,49.07614135742188,425.0634460449219,3940.0
40,46,91.04623413085938,427.0224609375,757.0
40,47,254.6088256835937,86.15689086914062,4755.0
40,48,155.17367553710938,168.68289184570312,1952.0
40,49,298.56805419921875,169.3413543701172,4195.0
40,50,238.84913635253903,178.67352294921875,4766.0
40,51,99.46063232421876,196.81735229492188,3493.0
40,52,164.15296936035156,213.2521209716797,2360.0
40,53,130.06182861328125,231.13966369628903,938.0
40,54,377.5640258789063,291.10369873046875,4436.0
40,55,311.6965637207031,298.0113830566406,2811.0
40,56,185.449951171875,301.96759033203125,1049.0
40,57,369.1756591796875,329.29986572265625,797.0
40,58,217.24713134765625,354.1793518066406,4617.0
40,59,334.3681030273437,409.6502990722656,1141.0
40,60,137.28558349609375,414.2595825195313,4272.0
40,61,0.0,0.0,0.0
40,62,262.1100158691406,309.4130249023437,4099.0
40,63,422.5648498535156,346.461669921875,4488.0
40,64,344.8667297363281,352.0383605957031,3129.0
40,65,240.47396850585932,436.4929504394531,5954.0
40,66,0.0,0.0,0.0
40,67,162.3418731689453,472.8108520507813,3045.0
40,68,301.7892150878906,444.8582153320313,3188.0
40,69,0.0,0.0,0.0
40,70,494.5419006347656,404.5375061035156,1360.0
40,71,0.0,0.0,0.0
40,72,24.857608795166016,472.1881408691406,2142.0
40,73,403.8263854980469,388.9705810546875,1394.0
40,74,360.7703552246094,390.14105224609375,1106.0
40,75,454.1966247558594,424.6141052246094,4491.0
40,76,379.9416198730469,437.0885009765625,4350.0
40,77,0.0,0.0,0.0
40,78,0.0,0.0,0.0
40,79,0.0,0.0,0.0
40,80,11.887298583984377,497.80322265625,559.0
40,81,426.4419555664063,476.6576232910156,3093.0
40,82,0.0,0.0,0.0
40,83,333.02850341796875,484.2546691894531,3683.0
40,84,71.20616149902344,495.6195068359375,1916.0
40,85,370.70550537109375,119.00498962402344,601.0
40,86,0.0,0.0,0.0
40,87,474.21087646484375,233.7483367919922,3898.0
40,88,0.0,0.0,0.0
40,89,479.1646423339844,492.1628723144531,2290.0
40,90,0.0,0.0,0.0
40,91,498.74603271484375,87.72013092041016,1197.0
40,92,0.0,0.0,0.0
40,93,494.0802917480469,284.7753295898437,1046.0
40,94,77.40679931640625,8.65396499633789,971.0
40,95,0.0,0.0,0.0
40,96,0.0,0.0,0.0
40,97,481.3102722167969,349.01983642578125,4132.0
40,98,186.85467529296875,411.7166442871094,2608.0
40,99,289.7191162109375,376.1811828613281,4443.0
40,100,281.8373413085937,498.5519409179688,953.0
40,101,0.0,0.0,0.0
40,102,0.0,0.0,0.0
40,103,388.7694091796875,497.0447082519531,1275.0
40,104,501.9883728027344,211.6511688232422,774.0
40,105,129.72962951660156,497.159423828125,1424.0
40,106,0.0,0.0,0.0
40,107,0.0,0.0,0.0
40,108,0.0,0.0,0.0
40,109,0.0,0.0,0.0
40,110,481.82232666015625,22.54158592224121,2561.0
40,111,501.8302612304688,308.9764709472656,595.0
40,112,0.0,0.0,0.0
40,113,0.0,0.0,0.0
40,114,493.0694580078125,168.47718811035156,1972.0
40,115,0.0,0.0,0.0
40,116,0.0,0.0,0.0
40,117,406.7766723632813,92.06195068359376,1921.0
40,118,498.0085144042969,456.5328674316406,1293.0
40,119,488.2056274414063,127.0109634399414,1459.0
40,120,0.0,0.0,0.0
40,121,0.0,0.0,0.0
40,122,0.0,0.0,0.0
40,123,319.2271728515625,5.694267749786377,471.0
40,124,0.0,0.0,0.0
40,125,195.4206695556641,165.68124389648438,2080.0
40,126,0.0,0.0,0.0
40,127,0.0,0.0,0.0
40,128,501.1375732421875,51.42094421386719,487.0
40,129,0.0,0.0,0.0
40,130,94.66736602783205,463.49224853515625,2387.0
40,131,392.2273254394531,12.187833786010742,937.0
40,132,8.665399551391602,259.9657897949219,789.0
40,133,0.0,0.0,0.0
40,134,0.0,0.0,0.0
40,135,6.0,430.27349853515625,117.0
40,136,0.0,0.0,0.0
40,137,104.31917572021484,86.14800262451172,777.0
40,138,0.0,0.0,0.0
40,139,0.0,0.0,0.0
40,140,0.0,0.0,0.0
40,141,0.0,0.0,0.0
40,142,0.0,0.0,0.0
40,143,0.0,0.0,0.0
40,144,0.0,0.0,0.0
40,145,0.0,0.0,0.0
40,146,0.0,0.0,0.0
40,147,0.0,0.0,0.0
40,148,0.0,0.0,0.0
40,149,0.0,0.0,0.0
40,150,0.0,0.0,0.0
40,151,0.0,0.0,0.0
40,152,0.0,0.0,0.0
40,153,0.0,0.0,0.0
40,154,0.0,0.0,0.0
40,155,0.0,0.0,0.0
40,156,0.0,0.0,0.0
40,157,0.0,0.0,0.0
40,158,0.0,0.0,0.0
40,159,0.0,0.0,0.0
40,160,0.0,0.0,0.0
40,161,0.0,0.0,0.0
40,162,0.0,0.0,0.0
40,163,0.0,0.0,0.0
40,164,0.0,0.0,0.0
40,165,0.0,0.0,0.0
40,166,0.0,0.0,0.0
40,167,0.0,0.0,0.0
40,168,0.0,0.0,0.0
40,169,0.0,0.0,0.0
40,170,0.0,0.0,0.0
40,171,0.0,0.0,0.0
40,172,0.0,0.0,0.0
40,173,0.0,0.0,0.0
40,174,0.0,0.0,0.0
40,175,0.0,0.0,0.0
40,176,0.0,0.0,0.0
40,177,0.0,0.0,0.0
40,178,0.0,0.0,0.0
40,179,0.0,0.0,0.0
40,180,0.0,0.0,0.0
40,181,0.0,0.0,0.0
40,182,0.0,0.0,0.0
40,183,0.0,0.0,0.0
40,184,0.0,0.0,0.0
40,185,0.0,0.0,0.0
40,186,0.0,0.0,0.0
40,187,0.0,0.0,0.0
40,188,0.0,0.0,0.0
40,189,0.0,0.0,0.0
40,190,0.0,0.0,0.0
40,191,0.0,0.0,0.0
40,192,0.0,0.0,0.0
40,193,0.0,0.0,0.0
40,194,0.0,0.0,0.0
40,195,0.0,0.0,0.0
40,196,0.0,0.0,0.0
40,197,0.0,0.0,0.0
40,198,0.0,0.0,0.0
40,199,0.0,0.0,0.0
40,200,0.0,0.0,0.0
41,0,25.52498817443848,19.700151443481445,1981.0
41,1,80.979736328125,50.63159942626953,5133.0
41,2,136.4193115234375,14.5625,1760.0
41,3,0.0,0.0,0.0
41,4,433.2955627441406,14.71792984008789,1333.0
41,5,161.7900390625,59.51771545410156,4234.0
41,6,13.329059600830078,47.869659423828125,468.0
41,7,364.1814880371094,43.009761810302734,3995.0
41,8,0.0,0.0,0.0
41,9,417.9876403808594,48.60493850708008,1863.0
41,10,27.97004127502441,82.7394790649414,2637.0
41,11,460.2455749511719,75.31109619140625,3343.0
41,12,14.760907173156738,129.25189208984375,1719.0
41,13,401.1221008300781,207.01124572753903,4177.0
41,14,448.0742492675781,169.98361206054688,2990.0
41,15,285.3888854980469,237.40231323242188,4320.0
41,16,204.9750366210937,249.51641845703125,4566.0
41,17,367.4212341308594,242.2234649658203,1168.0
41,18,333.8571472167969,252.3843536376953,1470.0
41,19,437.6255493164063,272.4159240722656,4436.0
41,20,27.60060310363769,282.1100158691406,1327.0
41,21,93.49279022216795,317.489501953125,3052.0
41,22,8.083600997924805,307.0080261230469,622.0
41,23,45.82260513305664,342.29425048828125,4972.0
41,24,14.85421371459961,388.2200317382813,2195.0
41,25,0.0,0.0,0.0
41,26,198.493392944336,23.40308380126953,2270.0
41,27,256.6381530761719,25.626998901367188,3941.0
41,28,312.7913818359375,39.6655158996582,2320.0
41,29,196.06912231445312,106.66666412353516,3660.0
41,30,331.4941711425781,100.4421844482422,4713.0
41,31,276.0743713378906,124.42488861083984,1358.0
41,32,125.31706237792967,124.65592956542967,4999.0
41,33,0.0,0.0,0.0
41,34,64.07625579833984,138.12351989746094,4380.0
41,35,417.3730773925781,131.121826171875,3817.0
41,36,29.413482666015625,202.14483642578125,4999.0
41,37,352.6029968261719,177.62930297851562,4524.0
41,38,248.65133666992188,266.2542419433594,413.0
41,39,73.58927917480469,257.5406188964844,4234.0
41,40,0.0,0.0,0.0
41,41,142.2613525390625,284.8260498046875,4691.0
41,42,215.93077087402344,300.1846008300781,1170.0
41,43,147.15127563476562,351.647216796875,3583.0
41,44,95.0893325805664,383.5374755859375,2015.0
41,45,49.293548583984375,424.78759765625,3611.0
41,46,89.5254898071289,426.1973876953125,765.0
41,47,254.6452178955078,86.40325927734375,4724.0
41,48,154.0762939453125,168.11634826660156,1822.0
41,49,298.4945983886719,169.6166229248047,4163.0
41,50,238.92330932617188,179.21926879882812,4825.0
41,51,98.99663543701172,197.5205993652344,3567.0
41,52,163.48678588867188,213.34375,2496.0
41,53,128.9207763671875,231.97750854492188,934.0
41,54,377.3852844238281,290.6020202636719,4254.0
41,55,310.83551025390625,298.4754638671875,2997.0
41,56,185.3035888671875,301.6047058105469,807.0
41,57,367.81341552734375,328.9705810546875,1088.0
41,58,216.21600341796875,353.9051818847656,4588.0
41,59,333.001220703125,409.3467102050781,822.0
41,60,135.7202606201172,414.3086853027344,4043.0
41,61,0.0,0.0,0.0
41,62,261.4511413574219,309.88671875,3919.0
41,63,422.3501892089844,346.7700500488281,4492.0
41,64,344.10186767578125,352.4844970703125,2739.0
41,65,239.5281524658203,436.8395690917969,6021.0
41,66,0.0,0.0,0.0
41,67,161.21929931640625,473.097412109375,3306.0
41,68,302.2613220214844,443.3642272949219,3226.0
41,69,0.0,0.0,0.0
41,70,493.920166015625,404.0777282714844,1428.0
41,71,0.0,0.0,0.0
41,72,23.283737182617188,471.7431640625,2601.0
41,73,402.3744812011719,387.8046569824219,1418.0
41,74,356.53155517578125,390.1561584472656,1236.0
41,75,453.5803833007813,424.7485961914063,4435.0
41,76,378.9868469238281,436.183837890625,4564.0
41,77,0.0,0.0,0.0
41,78,0.0,0.0,0.0
41,79,0.0,0.0,0.0
41,80,10.178217887878418,499.5148620605469,303.0
41,81,425.99517822265625,476.75689697265625,3114.0
41,82,0.0,0.0,0.0
41,83,332.4571838378906,484.6405944824219,3631.0
41,84,70.25041961669922,496.3120422363281,1801.0
41,85,370.8217468261719,119.86087036132812,460.0
41,86,0.0,0.0,0.0
41,87,474.4969787597656,233.55682373046875,3960.0
41,88,0.0,0.0,0.0
41,89,478.9094848632813,492.3872985839844,2254.0
41,90,0.0,0.0,0.0
41,91,498.6121826171875,87.57611846923828,1248.0
41,92,0.0,0.0,0.0
41,93,489.474853515625,285.65362548828125,716.0
41,94,78.12300872802734,8.72534465789795,943.0
41,95,0.0,0.0,0.0
41,96,0.0,0.0,0.0
41,97,481.3692626953125,348.5447998046875,4130.0
41,98,185.3978881835937,410.5657043457031,2747.0
41,99,289.5260009765625,376.066650390625,4576.0
41,100,280.58892822265625,497.4377746582031,1085.0
41,101,0.0,0.0,0.0
41,102,0.0,0.0,0.0
41,103,388.3582153320313,497.0934753417969,1273.0
41,104,502.44287109375,211.72637939453125,709.0
41,105,128.64210510253906,498.7546691894531,1235.0
41,106,0.0,0.0,0.0
41,107,0.0,0.0,0.0
41,108,0.0,0.0,0.0
41,109,0.0,0.0,0.0
41,110,481.7910461425781,21.973630905151367,2503.0
41,111,500.8432312011719,307.3789978027344,657.0
41,112,0.0,0.0,0.0
41,113,0.0,0.0,0.0
41,114,493.0138549804688,168.4046630859375,2019.0
41,115,0.0,0.0,0.0
41,116,0.0,0.0,0.0
41,117,406.6653442382813,91.6653289794922,1996.0
41,118,497.8196105957031,456.35931396484375,1386.0
41,119,488.1410217285156,126.82282257080078,1411.0
41,120,0.0,0.0,0.0
41,121,0.0,0.0,0.0
41,122,0.0,0.0,0.0
41,123,319.22369384765625,5.2960524559021,456.0
41,124,0.0,0.0,0.0
41,125,194.70880126953125,165.28628540039062,2239.0
41,126,0.0,0.0,0.0
41,127,0.0,0.0,0.0
41,128,500.9265747070313,50.29166793823242,504.0
41,129,0.0,0.0,0.0
41,130,93.94656372070312,464.3087768554688,2620.0
41,131,391.0841674804688,12.07200813293457,986.0
41,132,9.213580131530762,259.674072265625,810.0
41,133,0.0,0.0,0.0
41,134,234.0,276.0,1.0
41,135,0.0,0.0,0.0
41,136,0.0,0.0,0.0
41,137,104.21968841552734,85.1583480834961,701.0
41,138,0.0,0.0,0.0
41,139,0.0,0.0,0.0
41,140,0.0,0.0,0.0
41,141,0.0,0.0,0.0
41,142,0.0,0.0,0.0
41,143,0.0,0.0,0.0
41,144,0.0,0.0,0.0
41,145,0.0,0.0,0.0
41,146,0.0,0.0,0.0
41,147,0.0,0.0,0.0
41,148,0.0,0.0,0.0
41,149,0.0,0.0,0.0
41,150,0.0,0.0,0.0
41,151,0.0,0.0,0.0
41,152,0.0,0.0,0.0
41,153,0.0,0.0,0.0
41,154,0.0,0.0,0.0
41,155,0.0,0.0,0.0
41,156,0.0,0.0,0.0
41,157,0.0,0.0,0.0
41,158,0.0,0.0,0.0
41,159,0.0,0.0,0.0
41,160,0.0,0.0,0.0
41,161,0.0,0.0,0.0
41,162,0.0,0.0,0.0
41,163,0.0,0.0,0.0
41,164,0.0,0.0,0.0
41,165,0.0,0.0,0.0
41,166,0.0,0.0,0.0
41,167,0.0,0.0,0.0
41,168,0.0,0.0,0.0
41,169,0.0,0.0,0.0
41,170,0.0,0.0,0.0
41,171,0.0,0.0,0.0
41,172,0.0,0.0,0.0
41,173,0.0,0.0,0.0
41,174,0.0,0.0,0.0
41,175,0.0,0.0,0.0
41,176,0.0,0.0,0.0
41,177,0.0,0.0,0.0
41,178,0.0,0.0,0.0
41,179,0.0,0.0,0.0
41,180,0.0,0.0,0.0
41,181,0.0,0.0,0.0
41,182,0.0,0.0,0.0
41,183,0.0,0.0,0.0
41,184,0.0,0.0,0.0
41,185,0.0,0.0,0.0
41,186,0.0,0.0,0.0
41,187,0.0,0.0,0.0
41,188,0.0,0.0,0.0
41,189,0.0,0.0,0.0
41,190,0.0,0.0,0.0
41,191,0.0,0.0,0.0
41,192,0.0,0.0,0.0
41,193,0.0,0.0,0.0
41,194,0.0,0.0,0.0
41,195,0.0,0.0,0.0
41,196,0.0,0.0,0.0
41,197,0.0,0.0,0.0
41,198,0.0,0.0,0.0
41,199,0.0,0.0,0.0
41,200,0.0,0.0,0.0
42,0,24.46697425842285,23.177534103393555,2377.0
42,1,80.88963317871094,50.40350341796875,5083.0
42,2,136.46322631835938,14.534452438354492,1727.0
42,3,0.0,0.0,0.0
42,4,434.5987243652344,14.752764701843262,1266.0
42,5,163.06727600097656,59.00879669189453,4207.0
42,6,0.0,0.0,0.0
42,7,364.4679260253906,44.53569412231445,3866.0
42,8,0.0,0.0,0.0
42,9,418.95703125,47.752403259277344,1769.0
42,10,27.547748565673828,82.16000366210938,2775.0
42,11,460.6163940429688,74.6181640625,3381.0
42,12,14.729988098144531,129.8685760498047,1674.0
42,13,401.1924133300781,206.56919860839844,4090.0
42,14,447.4719848632813,169.46240234375,3231.0
42,15,284.5286865234375,236.80616760253903,4184.0
42,16,204.6937713623047,249.903060913086,4539.0
42,17,368.9895935058594,242.66319274902344,1250.0
42,18,332.9857482910156,251.906494140625,1615.0
42,19,437.0926818847656,271.3662414550781,4467.0
42,20,17.783294677734375,280.0496520996094,2598.0
42,21,93.15557098388672,317.824462890625,2854.0
42,22,0.0,0.0,0.0
42,23,45.63312149047852,342.65875244140625,5187.0
42,24,14.739855766296388,389.6172180175781,2218.0
42,25,0.0,0.0,0.0
42,26,197.937240600586,22.646202087402344,2199.0
42,27,256.1021423339844,25.955751419067383,3955.0
42,28,312.59649658203125,39.19376754760742,2503.0
42,29,195.7838134765625,106.70338439941406,3631.0
42,30,330.8617858886719,100.5280990600586,4573.0
42,31,275.747802734375,124.33625793457033,1368.0
42,32,124.69593811035156,124.11516571044922,5045.0
42,33,0.0,0.0,0.0
42,34,63.97793960571289,138.4329071044922,4352.0
42,35,417.8886413574219,130.75035095214844,3601.0
42,36,29.2561264038086,202.3451232910156,4978.0
42,37,352.67694091796875,177.4927215576172,4538.0
42,38,249.1864471435547,267.24481201171875,531.0
42,39,72.76787567138672,258.60369873046875,4209.0
42,40,0.0,0.0,0.0
42,41,141.96664428710938,285.5704650878906,4796.0
42,42,215.37680053710932,300.1672058105469,1250.0
42,43,144.64666748046875,351.5297241210937,3617.0
42,44,94.17182159423828,384.3351135253906,1874.0
42,45,49.48772430419922,423.9981689453125,3299.0
42,46,88.47801971435547,425.2733459472656,728.0
42,47,254.2878570556641,86.63170623779297,4662.0
42,48,153.4281463623047,167.25119018554688,1684.0
42,49,298.6664428710937,169.24969482421875,4197.0
42,50,238.8249969482422,179.4297332763672,4817.0
42,51,98.39491271972656,198.03858947753903,3654.0
42,52,162.82801818847656,212.77256774902344,2669.0
42,53,128.5229034423828,233.03407287597656,939.0
42,54,376.9487915039063,290.3775634765625,4100.0
42,55,309.7632141113281,299.36676025390625,3201.0
42,56,185.26315307617188,301.6165466308594,665.0
42,57,365.55267333984375,328.8007507324219,1310.0
42,58,215.0644989013672,354.00299072265625,4667.0
42,59,333.846435546875,406.688232421875,866.0
42,60,133.7731475830078,414.7204284667969,3888.0
42,61,0.0,0.0,0.0
42,62,260.8199768066406,310.9125671386719,3672.0
42,63,422.5434265136719,346.07135009765625,4584.0
42,64,343.3751525878906,353.6673583984375,2399.0
42,65,238.70562744140625,436.850830078125,6040.0
42,66,0.0,0.0,0.0
42,67,160.45579528808594,473.609130859375,3574.0
42,68,301.769287109375,443.5664978027344,3294.0
42,69,0.0,0.0,0.0
42,70,493.36859130859375,404.0032043457031,1560.0
42,71,0.0,0.0,0.0
42,72,22.97924041748047,470.8912048339844,2794.0
42,73,401.5422058105469,386.7900085449219,1481.0
42,74,356.382568359375,388.57427978515625,1158.0
42,75,452.9682922363281,424.4720153808594,4322.0
42,76,377.9878234863281,435.9420776367188,4678.0
42,77,0.0,0.0,0.0
42,78,0.0,0.0,0.0
42,79,0.0,0.0,0.0
42,80,9.1065092086792,499.50592041015625,338.0
42,81,425.42864990234375,476.3287353515625,3182.0
42,82,0.0,0.0,0.0
42,83,332.0700378417969,484.9205627441406,3512.0
42,84,70.49346923828125,496.3264465332031,1838.0
42,85,371.7021789550781,118.68592071533205,554.0
42,86,0.0,0.0,0.0
42,87,475.555908203125,233.06298828125,3810.0
42,88,0.0,0.0,0.0
42,89,478.6980895996094,492.2906494140625,2312.0
42,90,0.0,0.0,0.0
42,91,498.8732299804688,86.19265747070312,1199.0
42,92,0.0,0.0,0.0
42,93,489.7115478515625,285.5303649902344,988.0
42,94,79.88780212402344,8.715685844421387,918.0
42,95,0.0,0.0,0.0
42,96,0.0,0.0,0.0
42,97,481.56549072265625,348.6861572265625,3986.0
42,98,183.5785675048828,409.3156433105469,2864.0
42,99,288.942138671875,375.980712890625,4614.0
42,100,279.2519226074219,497.1744689941406,1175.0
42,101,0.0,0.0,0.0
42,102,0.0,0.0,0.0
42,103,387.3216857910156,497.225341796875,1287.0
42,104,502.9810485839844,211.1153259277344,633.0
42,105,127.45069122314452,499.512451171875,1085.0
42,106,0.0,0.0,0.0
42,107,0.0,0.0,0.0
42,108,0.0,0.0,0.0
42,109,0.0,0.0,0.0
42,110,482.0091857910156,21.464330673217773,2397.0
42,111,501.1856994628906,308.46881103515625,657.0
42,112,0.0,0.0,0.0
42,113,0.0,0.0,0.0
42,114,493.01458740234375,168.7249755859375,2058.0
42,115,0.0,0.0,0.0
42,116,0.0,0.0,0.0
42,117,406.6181335449219,91.2367706298828,2116.0
42,118,497.35394287109375,456.2309875488281,1407.0
42,119,488.8941650390625,125.70125579833984,1436.0
42,120,0.0,0.0,0.0
42,121,0.0,0.0,0.0
42,122,0.0,0.0,0.0
42,123,321.6190490722656,4.817460536956787,378.0
42,124,0.0,0.0,0.0
42,125,194.3092041015625,164.49765014648438,2335.0
42,126,0.0,0.0,0.0
42,127,0.0,0.0,0.0
42,128,500.6589050292969,49.65254211425781,472.0
42,129,0.0,0.0,0.0
42,130,92.6758804321289,463.7893981933594,2678.0
42,131,390.4907531738281,12.973109245300291,1190.0
42,132,0.0,0.0,0.0
42,133,0.0,0.0,0.0
42,134,0.0,0.0,0.0
42,135,0.0,0.0,0.0
42,136,0.0,0.0,0.0
42,137,106.63530731201172,83.31314086914062,776.0
42,138,0.0,0.0,0.0
42,139,0.0,0.0,0.0
42,140,0.0,0.0,0.0
42,141,0.0,0.0,0.0
42,142,0.0,0.0,0.0
42,143,0.0,0.0,0.0
42,144,0.0,0.0,0.0
42,145,0.0,0.0,0.0
42,146,0.0,0.0,0.0
42,147,0.0,0.0,0.0
42,148,0.0,0.0,0.0
42,149,0.0,0.0,0.0
42,150,0.0,0.0,0.0
42,151,0.0,0.0,0.0
42,152,0.0,0.0,0.0
42,153,0.0,0.0,0.0
42,154,0.0,0.0,0.0
42,155,0.0,0.0,0.0
42,156,0.0,0.0,0.0
42,157,0.0,0.0,0.0
42,158,0.0,0.0,0.0
42,159,0.0,0.0,0.0
42,160,0.0,0.0,0.0
42,161,0.0,0.0,0.0
42,162,0.0,0.0,0.0
42,163,0.0,0.0,0.0
42,164,0.0,0.0,0.0
42,165,0.0,0.0,0.0
42,166,0.0,0.0,0.0
42,167,0.0,0.0,0.0
42,168,0.0,0.0,0.0
42,169,0.0,0.0,0.0
42,170,0.0,0.0,0.0
42,171,0.0,0.0,0.0
42,172,0.0,0.0,0.0
42,173,0.0,0.0,0.0
42,174,0.0,0.0,0.0
42,175,0.0,0.0,0.0
42,176,0.0,0.0,0.0
42,177,0.0,0.0,0.0
42,178,0.0,0.0,0.0
42,179,0.0,0.0,0.0
42,180,0.0,0.0,0.0
42,181,0.0,0.0,0.0
42,182,0.0,0.0,0.0
42,183,0.0,0.0,0.0
42,184,0.0,0.0,0.0
42,185,0.0,0.0,0.0
42,186,0.0,0.0,0.0
42,187,0.0,0.0,0.0
42,188,0.0,0.0,0.0
42,189,0.0,0.0,0.0
42,190,0.0,0.0,0.0
42,191,0.0,0.0,0.0
42,192,0.0,0.0,0.0
42,193,0.0,0.0,0.0
42,194,0.0,0.0,0.0
42,195,0.0,0.0,0.0
42,196,0.0,0.0,0.0
42,197,0.0,0.0,0.0
42,198,0.0,0.0,0.0
42,199,0.0,0.0,0.0
42,200,0.0,0.0,0.0
43,0,25.52198028564453,22.204439163208008,2343.0
43,1,81.68930053710938,51.29293441772461,5066.0
43,2,136.60940551757812,14.314059257507324,1764.0
43,3,0.0,0.0,0.0
43,4,435.1143493652344,13.415529251098633,1172.0
43,5,163.55911254882812,59.06388092041016,4305.0
43,6,0.0,0.0,0.0
43,7,365.1914978027344,45.70966720581055,3744.0
43,8,0.0,0.0,0.0
43,9,420.1968688964844,46.483158111572266,1722.0
43,10,26.963212966918945,81.18798828125,2963.0
43,11,460.9583740234375,73.9030990600586,3292.0
43,12,14.412935256958008,130.80099487304688,1608.0
43,13,401.4733276367188,206.1202850341797,3974.0
43,14,447.4387512207031,169.3758087158203,3257.0
43,15,284.35369873046875,236.0038146972656,3930.0
43,16,204.1902008056641,249.64065551757807,4511.0
43,17,369.455810546875,242.20675659179688,1301.0
43,18,332.20965576171875,251.41989135742188,1779.0
43,19,437.5164489746094,270.7367858886719,4593.0
43,20,22.72300148010254,290.9420471191406,1639.0
43,21,92.63619995117188,318.19970703125,2724.0
43,22,0.0,0.0,0.0
43,23,45.12813568115234,343.1045837402344,5221.0
43,24,15.00444793701172,391.1427917480469,2248.0
43,25,0.0,0.0,0.0
43,26,198.7606658935547,22.378267288208008,2181.0
43,27,255.7684783935547,25.73324584960937,3775.0
43,28,313.33233642578125,35.30377578735352,3045.0
43,29,195.7919464111328,106.51929473876952,3576.0
43,30,330.300537109375,100.58385467529295,4472.0
43,31,275.616943359375,124.47467041015624,1441.0
43,32,124.90367126464844,124.21260833740234,5014.0
43,33,0.0,0.0,0.0
43,34,63.92607498168945,138.37277221679688,4437.0
43,35,419.8358459472656,130.53244018554688,3576.0
43,36,28.5193099975586,202.7339782714844,4868.0
43,37,353.1087951660156,176.88006591796875,4586.0
43,38,251.01290893554688,267.9754943847656,775.0
43,39,72.07878112792969,259.9696350097656,4049.0
43,40,0.0,0.0,0.0
43,41,140.84725952148438,285.5030517578125,4773.0
43,42,215.79969787597656,300.33868408203125,1308.0
43,43,143.40350341796875,351.1287536621094,3658.0
43,44,93.19068145751952,384.6604309082031,1867.0
43,45,49.6748046875,420.58245849609375,2826.0
43,46,88.44857025146484,423.6408081054688,593.0
43,47,254.1705780029297,86.46021270751953,4637.0
43,48,152.7082061767578,167.33502197265625,1573.0
43,49,298.7133483886719,169.712646484375,4183.0
43,50,239.30145263671875,179.900146484375,4727.0
43,51,96.97810363769533,199.13755798339844,3882.0
43,52,162.65342712402344,212.55758666992188,2744.0
43,53,127.73825073242188,233.25640869140625,936.0
43,54,377.3401794433594,289.5860595703125,3945.0
43,55,308.84796142578125,299.5636901855469,3328.0
43,56,185.1950225830078,301.1164855957031,764.0
43,57,364.4331970214844,329.19586181640625,1639.0
43,58,214.6353759765625,354.3991394042969,4580.0
43,59,333.3679504394531,406.1201477050781,799.0
43,60,132.45599365234375,414.5458679199219,3783.0
43,61,0.0,0.0,0.0
43,62,260.19464111328125,312.3336181640625,3432.0
43,63,422.9615173339844,345.3046569824219,4497.0
43,64,341.3075256347656,353.324462890625,1951.0
43,65,237.79367065429688,436.7785949707031,5971.0
43,66,0.0,0.0,0.0
43,67,159.3074493408203,474.4292907714844,3890.0
43,68,301.5454406738281,444.02447509765625,3432.0
43,69,0.0,0.0,0.0
43,70,493.8753967285156,404.2148742675781,1573.0
43,71,0.0,0.0,0.0
43,72,22.34820938110352,472.9571838378906,3294.0
43,73,399.527587890625,384.6484680175781,1613.0
43,74,355.0484619140625,387.7176513671875,1321.0
43,75,452.8613586425781,424.065185546875,4357.0
43,76,377.72265625,435.8329162597656,4698.0
43,77,0.0,0.0,0.0
43,78,0.0,0.0,0.0
43,79,0.0,0.0,0.0
43,80,0.0,0.0,0.0
43,81,425.6673889160156,476.2102966308594,3229.0
43,82,0.0,0.0,0.0
43,83,332.2416076660156,485.388916015625,3394.0
43,84,69.74250793457031,496.9359130859375,1701.0
43,85,372.30078125,117.8944854736328,635.0
43,86,0.0,0.0,0.0
43,87,476.5440673828125,232.3617401123047,3790.0
43,88,0.0,0.0,0.0
43,89,479.14105224609375,492.3498229980469,2304.0
43,90,0.0,0.0,0.0
43,91,498.8650512695313,85.04718780517578,1208.0
43,92,0.0,0.0,0.0
43,93,490.1275634765625,284.45574951171875,972.0
43,94,79.7978744506836,9.079787254333496,940.0
43,95,0.0,0.0,0.0
43,96,0.0,0.0,0.0
43,97,481.4104614257813,348.5449523925781,3993.0
43,98,182.42665100097656,408.4866027832031,2986.0
43,99,288.6605529785156,375.8667907714844,4737.0
43,100,278.25811767578125,496.8812255859375,1263.0
43,101,0.0,0.0,0.0
43,102,0.0,0.0,0.0
43,103,387.0,497.0484924316406,1320.0
43,104,504.1106262207031,211.5,470.0
43,105,125.88954162597656,501.0916442871094,851.0
43,106,0.0,0.0,0.0
43,107,0.0,0.0,0.0
43,108,0.0,0.0,0.0
43,109,0.0,0.0,0.0
43,110,481.0626220703125,21.18495178222656,2379.0
43,111,501.3193664550781,307.3020324707031,692.0
43,112,0.0,0.0,0.0
43,113,0.0,0.0,0.0
43,114,493.17822265625,169.99143981933594,2104.0
43,115,0.0,0.0,0.0
43,116,0.0,0.0,0.0
43,117,407.4607238769531,90.85392761230467,2266.0
43,118,497.4526672363281,455.8780517578125,1394.0
43,119,489.80474853515625,125.47865295410156,1429.0
43,120,0.0,0.0,0.0
43,121,0.0,0.0,0.0
43,122,0.0,0.0,0.0
43,123,0.0,0.0,0.0
43,124,0.0,0.0,0.0
43,125,194.49542236328125,163.855712890625,2509.0
43,126,0.0,0.0,0.0
43,127,0.0,0.0,0.0
43,128,501.2092895507813,47.3139533996582,516.0
43,129,0.0,0.0,0.0
43,130,89.55077362060547,463.7567443847656,3112.0
43,131,389.9772338867188,13.185887336730955,1318.0
43,132,0.0,0.0,0.0
43,133,0.0,0.0,0.0
43,134,0.0,0.0,0.0
43,135,0.0,0.0,0.0
43,136,10.661538124084473,262.6123046875,975.0
43,137,108.86506652832033,83.09895324707031,667.0
43,138,0.0,0.0,0.0
43,139,0.0,0.0,0.0
43,140,0.0,0.0,0.0
43,141,0.0,0.0,0.0
43,142,0.0,0.0,0.0
43,143,0.0,0.0,0.0
43,144,0.0,0.0,0.0
43,145,0.0,0.0,0.0
43,146,0.0,0.0,0.0
43,147,0.0,0.0,0.0
43,148,0.0,0.0,0.0
43,149,0.0,0.0,0.0
43,150,0.0,0.0,0.0
43,151,0.0,0.0,0.0
43,152,0.0,0.0,0.0
43,153,0.0,0.0,0.0
43,154,0.0,0.0,0.0
43,155,0.0,0.0,0.0
43,156,0.0,0.0,0.0
43,157,0.0,0.0,0.0
43,158,0.0,0.0,0.0
43,159,0.0,0.0,0.0
43,160,0.0,0.0,0.0
43,161,0.0,0.0,0.0
43,162,0.0,0.0,0.0
43,163,0.0,0.0,0.0
43,164,0.0,0.0,0.0
43,165,0.0,0.0,0.0
43,166,0.0,0.0,0.0
43,167,0.0,0.0,0.0
43,168,0.0,0.0,0.0
43,169,0.0,0.0,0.0
43,170,0.0,0.0,0.0
43,171,0.0,0.0,0.0
43,172,0.0,0.0,0.0
43,173,0.0,0.0,0.0
43,174,0.0,0.0,0.0
43,175,0.0,0.0,0.0
43,176,0.0,0.0,0.0
43,177,0.0,0.0,0.0
43,178,0.0,0.0,0.0
43,179,0.0,0.0,0.0
43,180,0.0,0.0,0.0
43,181,0.0,0.0,0.0
43,182,0.0,0.0,0.0
43,183,0.0,0.0,0.0
43,184,0.0,0.0,0.0
43,185,0.0,0.0,0.0
43,186,0.0,0.0,0.0
43,187,0.0,0.0,0.0
43,188,0.0,0.0,0.0
43,189,0.0,0.0,0.0
43,190,0.0,0.0,0.0
43,191,0.0,0.0,0.0
43,192,0.0,0.0,0.0
43,193,0.0,0.0,0.0
43,194,0.0,0.0,0.0
43,195,0.0,0.0,0.0
43,196,0.0,0.0,0.0
43,197,0.0,0.0,0.0
43,198,0.0,0.0,0.0
43,199,0.0,0.0,0.0
43,200,0.0,0.0,0.0
44,0,26.563344955444336,21.819255828857425,2368.0
44,1,82.12897491455078,50.81549453735352,4970.0
44,2,137.18666076660156,14.26038646697998,1709.0
44,3,0.0,0.0,0.0
44,4,435.25439453125,12.72710418701172,1081.0
44,5,163.72044372558594,59.09357452392578,4296.0
44,6,0.0,0.0,0.0
44,7,365.6498718261719,47.102142333984375,3456.0
44,8,0.0,0.0,0.0
44,9,421.20709228515625,45.38958740234375,1748.0
44,10,26.89759635925293,80.85906982421875,3037.0
44,11,461.6023864746094,74.10688781738281,3340.0
44,12,14.156521797180176,130.9366455078125,1610.0
44,13,401.3089294433594,205.9283142089844,3920.0
44,14,447.1861267089844,168.80657958984375,3433.0
44,15,283.3633728027344,235.35076904296875,3729.0
44,16,204.52232360839844,249.37222290039065,4457.0
44,17,369.21783447265625,241.96665954589844,1290.0
44,18,330.6347351074219,251.11680603027344,1952.0
44,19,437.6640625,270.0203552246094,4715.0
44,20,25.341327667236328,291.8760986328125,1251.0
44,21,92.51629638671876,317.88104248046875,2547.0
44,22,0.0,0.0,0.0
44,23,45.309329986572266,343.41558837890625,5402.0
44,24,15.657191276550291,391.60205078125,2357.0
44,25,0.0,0.0,0.0
44,26,198.8594207763672,22.90689277648925,2191.0
44,27,255.70492553710932,25.021827697753903,3711.0
44,28,313.0468139648437,36.33600616455078,3119.0
44,29,196.03012084960932,105.7397689819336,3520.0
44,30,330.4656982421875,100.5068588256836,4518.0
44,31,275.0750732421875,124.75482177734376,1452.0
44,32,124.6907730102539,123.60126495361328,5061.0
44,33,0.0,0.0,0.0
44,34,63.63469314575195,138.5755157470703,4410.0
44,35,419.8805541992188,130.2224884033203,3416.0
44,36,27.894681930541992,203.1421661376953,4776.0
44,37,353.3231506347656,176.42202758789062,4611.0
44,38,251.49148559570312,268.76617431640625,881.0
44,39,71.40145111083984,261.2023620605469,3993.0
44,40,0.0,0.0,0.0
44,41,140.35635375976562,285.7884521484375,4779.0
44,42,215.37966918945312,300.5074157714844,1417.0
44,43,141.96978759765625,350.88592529296875,3708.0
44,44,93.07872009277344,385.0017395019531,1715.0
44,45,50.00459671020508,418.70550537109375,2394.0
44,46,87.31390380859375,422.9521789550781,669.0
44,47,254.1220550537109,86.41622924804688,4596.0
44,48,152.20298767089844,166.58294677734375,1537.0
44,49,299.2064819335937,169.75875854492188,4141.0
44,50,240.03860473632807,179.91554260253906,4689.0
44,51,95.61776733398438,199.71031188964844,4063.0
44,52,162.47889709472656,212.4335479736328,2867.0
44,53,127.30760955810548,233.7705993652344,959.0
44,54,377.3665161132813,289.3168640136719,3929.0
44,55,307.8726501464844,299.7704772949219,3416.0
44,56,184.50125122070312,301.60821533203125,804.0
44,57,363.5998840332031,329.48760986328125,1737.0
44,58,214.25341796875,354.9203186035156,4467.0
44,59,333.47039794921875,407.3551940917969,625.0
44,60,131.36253356933594,414.34326171875,3688.0
44,61,0.0,0.0,0.0
44,62,259.6490478515625,313.1081237792969,3237.0
44,63,423.9098815917969,344.4842834472656,4450.0
44,64,339.2296447753906,352.5325927734375,1733.0
44,65,236.87489318847656,437.1039733886719,5963.0
44,66,0.0,0.0,0.0
44,67,158.3701171875,474.8636779785156,4042.0
44,68,301.574951171875,444.0485534667969,3543.0
44,69,0.0,0.0,0.0
44,70,493.7944641113281,404.38031005859375,1625.0
44,71,0.0,0.0,0.0
44,72,22.63016891479492,472.2437438964844,3434.0
44,73,399.1113586425781,383.0793762207031,1814.0
44,74,352.4996643066406,387.0170593261719,1525.0
44,75,452.860595703125,423.9248962402344,4261.0
44,76,376.9217224121094,435.6944274902344,4765.0
44,77,0.0,0.0,0.0
44,78,0.0,0.0,0.0
44,79,0.0,0.0,0.0
44,80,0.0,0.0,0.0
44,81,425.2764892578125,475.69573974609375,3313.0
44,82,0.0,0.0,0.0
44,83,331.8943786621094,486.0569763183594,3247.0
44,84,68.30130767822266,497.7379150390625,1530.0
44,85,373.2776794433594,117.40770721435548,623.0
44,86,0.0,0.0,0.0
44,87,477.22747802734375,231.7865295410156,3710.0
44,88,0.0,0.0,0.0
44,89,479.325439453125,491.9479370117188,2363.0
44,90,0.0,0.0,0.0
44,91,499.693359375,84.36669921875,1099.0
44,92,0.0,0.0,0.0
44,93,490.6462097167969,283.5521545410156,978.0
44,94,81.0545425415039,9.068449020385742,935.0
44,95,0.0,0.0,0.0
44,96,0.0,0.0,0.0
44,97,481.8037414550781,348.1654357910156,3959.0
44,98,181.4237365722656,407.8065185546875,3075.0
44,99,287.7640686035156,375.944580078125,4819.0
44,100,277.1556091308594,496.6284484863281,1343.0
44,101,0.0,0.0,0.0
44,102,0.0,0.0,0.0
44,103,386.1740112304688,497.0403137207031,1339.0
44,104,504.7977600097656,212.5814666748047,356.0
44,105,124.15341186523438,502.1576843261719,704.0
44,106,0.0,0.0,0.0
44,107,0.0,0.0,0.0
44,108,0.0,0.0,0.0
44,109,0.0,0.0,0.0
44,110,480.7247314453125,20.617977142333984,2314.0
44,111,501.3746337890625,306.6968078613281,686.0
44,112,0.0,0.0,0.0
44,113,0.0,0.0,0.0
44,114,493.75482177734375,171.0018768310547,2129.0
44,115,0.0,0.0,0.0
44,116,0.0,0.0,0.0
44,117,407.6168212890625,90.29991149902344,2354.0
44,118,497.4239196777344,455.1484680175781,1347.0
44,119,490.0891723632813,124.78761291503906,1469.0
44,120,0.0,0.0,0.0
44,121,0.0,0.0,0.0
44,122,0.0,0.0,0.0
44,123,0.0,0.0,0.0
44,124,0.0,0.0,0.0
44,125,194.7502899169922,163.15931701660156,2655.0
44,126,0.0,0.0,0.0
44,127,0.0,0.0,0.0
44,128,500.4558410644531,47.10424041748047,566.0
44,129,0.0,0.0,0.0
44,130,87.89613342285156,464.55657958984375,3437.0
44,131,388.67584228515625,13.929112434387209,1453.0
44,132,0.0,0.0,0.0
44,133,0.0,0.0,0.0
44,134,0.0,0.0,0.0
44,135,0.0,0.0,0.0
44,136,11.28221321105957,266.79998779296875,1265.0
44,137,105.94285583496094,82.48285675048828,700.0
44,138,0.0,0.0,0.0
44,139,0.0,0.0,0.0
44,140,0.0,0.0,0.0
44,141,0.0,0.0,0.0
44,142,0.0,0.0,0.0
44,143,0.0,0.0,0.0
44,144,0.0,0.0,0.0
44,145,0.0,0.0,0.0
44,146,0.0,0.0,0.0
44,147,0.0,0.0,0.0
44,148,0.0,0.0,0.0
44,149,0.0,0.0,0.0
44,150,0.0,0.0,0.0
44,151,0.0,0.0,0.0
44,152,0.0,0.0,0.0
44,153,0.0,0.0,0.0
44,154,0.0,0.0,0.0
44,155,0.0,0.0,0.0
44,156,0.0,0.0,0.0
44,157,0.0,0.0,0.0
44,158,0.0,0.0,0.0
44,159,0.0,0.0,0.0
44,160,0.0,0.0,0.0
44,161,0.0,0.0,0.0
44,162,0.0,0.0,0.0
44,163,0.0,0.0,0.0
44,164,0.0,0.0,0.0
44,165,0.0,0.0,0.0
44,166,0.0,0.0,0.0
44,167,0.0,0.0,0.0
44,168,0.0,0.0,0.0
44,169,0.0,0.0,0.0
44,170,0.0,0.0,0.0
44,171,0.0,0.0,0.0
44,172,0.0,0.0,0.0
44,173,0.0,0.0,0.0
44,174,0.0,0.0,0.0
44,175,0.0,0.0,0.0
44,176,0.0,0.0,0.0
44,177,0.0,0.0,0.0
44,178,0.0,0.0,0.0
44,179,0.0,0.0,0.0
44,180,0.0,0.0,0.0
44,181,0.0,0.0,0.0
44,182,0.0,0.0,0.0
44,183,0.0,0.0,0.0
44,184,0.0,0.0,0.0
44,185,0.0,0.0,0.0
44,186,0.0,0.0,0.0
44,187,0.0,0.0,0.0
44,188,0.0,0.0,0.0
44,189,0.0,0.0,0.0
44,190,0.0,0.0,0.0
44,191,0.0,0.0,0.0
44,192,0.0,0.0,0.0
44,193,0.0,0.0,0.0
44,194,0.0,0.0,0.0
44,195,0.0,0.0,0.0
44,196,0.0,0.0,0.0
44,197,0.0,0.0,0.0
44,198,0.0,0.0,0.0
44,199,0.0,0.0,0.0
44,200,0.0,0.0,0.0
45,0,27.12106132507324,21.42868995666504,2412.0
45,1,82.82443237304688,51.08365249633789,4961.0
45,2,137.0358428955078,14.253231048583984,1702.0
45,3,0.0,0.0,0.0
45,4,435.9439697265625,12.29629611968994,1053.0
45,5,164.58396911621094,59.355953216552734,4377.0
45,6,0.0,0.0,0.0
45,7,366.8831176757813,47.8585319519043,3294.0
45,8,0.0,0.0,0.0
45,9,422.3274536132813,44.834510803222656,1698.0
45,10,27.128019332885746,80.93254089355469,3187.0
45,11,462.2925720214844,73.68428802490234,3329.0
45,12,13.76002597808838,131.87376403808594,1521.0
45,13,401.7071533203125,205.3068389892578,3862.0
45,14,447.1320495605469,167.68479919433594,3620.0
45,15,282.6375427246094,234.84678649902344,3446.0
45,16,204.11708068847656,249.0878143310547,4339.0
45,17,370.1279296875,242.24688720703125,1446.0
45,18,329.8108215332031,250.39846801757807,2088.0
45,19,439.1312255859375,269.75103759765625,4808.0
45,20,28.40172576904297,292.43719482421875,1043.0
45,21,92.28225708007812,318.2386474609375,2271.0
45,22,0.0,0.0,0.0
45,23,45.21272659301758,343.6194763183594,5453.0
45,24,16.639883041381836,393.1457214355469,2402.0
45,25,0.0,0.0,0.0
45,26,198.8134765625,22.222530364990234,2166.0
45,27,255.0775146484375,25.03615379333496,3651.0
45,28,313.49151611328125,35.91712188720703,3306.0
45,29,196.2459716796875,105.3896255493164,3411.0
45,30,330.997802734375,100.62169647216795,4581.0
45,31,274.6719055175781,125.32940673828124,1527.0
45,32,124.490478515625,123.58399200439452,5197.0
45,33,0.0,0.0,0.0
45,34,63.08746337890625,139.1925048828125,4379.0
45,35,418.4461059570313,130.29666137695312,3118.0
45,36,27.185287475585938,203.64605712890625,4690.0
45,37,353.3307189941406,176.3546142578125,4605.0
45,38,251.7004852294922,268.1777648925781,1035.0
45,39,70.70235443115234,262.38092041015625,3951.0
45,40,0.0,0.0,0.0
45,41,140.01119995117188,286.75616455078125,4819.0
45,42,216.7822113037109,299.3451538085937,1327.0
45,43,140.85121154785156,350.83428955078125,3784.0
45,44,92.6881866455078,385.2397766113281,1735.0
45,45,50.88596725463867,418.47021484375,2131.0
45,46,86.46832275390625,423.373291015625,726.0
45,47,254.2483673095703,86.4559555053711,4586.0
45,48,151.25,166.8981475830078,1404.0
45,49,299.5299072265625,170.23406982421875,4097.0
45,50,240.34071350097656,180.51161193847656,4693.0
45,51,94.39769744873048,200.2125396728516,4164.0
45,52,162.28961181640625,212.42486572265625,2935.0
45,53,127.0966567993164,235.2484130859375,1107.0
45,54,378.2480773925781,289.1434020996094,3773.0
45,55,306.8843994140625,299.3433837890625,3512.0
45,56,186.531478881836,301.4521484375,794.0
45,57,363.3868713378906,328.781494140625,1936.0
45,58,213.52737426757807,354.2718505859375,4602.0
45,59,333.02935791015625,406.9864501953125,443.0
45,60,130.63267517089844,414.7952270507813,3531.0
45,61,0.0,0.0,0.0
45,62,259.0982666015625,313.73358154296875,3104.0
45,63,425.2236328125,343.2753295898437,4315.0
45,64,337.54205322265625,351.6076354980469,1570.0
45,65,236.2032012939453,437.3539733886719,5930.0
45,66,0.0,0.0,0.0
45,67,157.26612854003906,475.0445861816406,4171.0
45,68,301.7820739746094,444.0641479492188,3726.0
45,69,0.0,0.0,0.0
45,70,493.1053161621094,403.4183654785156,1709.0
45,71,0.0,0.0,0.0
45,72,22.871700286865234,471.1629333496094,3523.0
45,73,398.0957946777344,380.78509521484375,1973.0
45,74,350.3905334472656,386.3502807617188,1690.0
45,75,452.6477661132813,423.6583862304688,4233.0
45,76,376.3778381347656,435.2140197753906,4920.0
45,77,0.0,0.0,0.0
45,78,0.0,0.0,0.0
45,79,0.0,0.0,0.0
45,80,0.0,0.0,0.0
45,81,425.6139221191406,475.82025146484375,3388.0
45,82,0.0,0.0,0.0
45,83,331.855712890625,486.7770385742188,3126.0
45,84,66.88873291015625,498.8915100097656,1438.0
45,85,374.4468383789063,117.60554504394533,649.0
45,86,0.0,0.0,0.0
45,87,477.6474304199219,231.8798828125,3605.0
45,88,0.0,0.0,0.0
45,89,479.0289306640625,492.2852783203125,2247.0
45,90,0.0,0.0,0.0
45,91,500.3084411621094,81.6294937133789,1112.0
45,92,0.0,0.0,0.0
45,93,492.13079833984375,283.2245483398437,864.0
45,94,81.6357650756836,9.26379680633545,906.0
45,95,0.0,0.0,0.0
45,96,0.0,0.0,0.0
45,97,481.8812561035156,347.9804992675781,3849.0
45,98,180.390380859375,407.1708068847656,3138.0
45,99,286.96112060546875,375.7525939941406,4810.0
45,100,275.5868835449219,496.5491943359375,1433.0
45,101,0.0,0.0,0.0
45,102,0.0,0.0,0.0
45,103,385.627685546875,496.8726806640625,1343.0
45,104,505.1163330078125,212.30470275878903,361.0
45,105,124.51002502441406,504.1848449707031,449.0
45,106,0.0,0.0,0.0
45,107,0.0,0.0,0.0
45,108,0.0,0.0,0.0
45,109,0.0,0.0,0.0
45,110,484.1131591796875,24.7011833190918,2704.0
45,111,501.2594604492188,306.2513427734375,740.0
45,112,0.0,0.0,0.0
45,113,0.0,0.0,0.0
45,114,493.63916015625,171.60659790039062,2120.0
45,115,0.0,0.0,0.0
45,116,0.0,0.0,0.0
45,117,409.068115234375,90.27655792236328,2466.0
45,118,497.6757507324219,456.289306640625,1431.0
45,119,489.9955749511719,124.1184310913086,1579.0
45,120,0.0,0.0,0.0
45,121,0.0,0.0,0.0
45,122,0.0,0.0,0.0
45,123,0.0,0.0,0.0
45,124,0.0,0.0,0.0
45,125,194.19744873046875,162.73365783691406,2816.0
45,126,0.0,0.0,0.0
45,127,0.0,0.0,0.0
45,128,0.0,0.0,0.0
45,129,0.0,0.0,0.0
45,130,88.43942260742188,466.6539611816406,3673.0
45,131,388.4781799316406,14.26893424987793,1558.0
45,132,0.0,0.0,0.0
45,133,0.0,0.0,0.0
45,134,0.0,0.0,0.0
45,135,0.0,0.0,0.0
45,136,11.60349464416504,271.3837280273437,1488.0
45,137,105.4347152709961,82.27547454833984,628.0
45,138,0.0,0.0,0.0
45,139,0.0,0.0,0.0
45,140,0.0,0.0,0.0
45,141,0.0,0.0,0.0
45,142,0.0,0.0,0.0
45,143,178.32142639160156,510.1785583496094,56.0
45,144,0.0,0.0,0.0
45,145,0.0,0.0,0.0
45,146,0.0,0.0,0.0
45,147,0.0,0.0,0.0
45,148,0.0,0.0,0.0
45,149,0.0,0.0,0.0
45,150,0.0,0.0,0.0
45,151,0.0,0.0,0.0
45,152,0.0,0.0,0.0
45,153,0.0,0.0,0.0
45,154,0.0,0.0,0.0
45,155,0.0,0.0,0.0
45,156,0.0,0.0,0.0
45,157,0.0,0.0,0.0
45,158,0.0,0.0,0.0
45,159,0.0,0.0,0.0
45,160,0.0,0.0,0.0
45,161,0.0,0.0,0.0
45,162,0.0,0.0,0.0
45,163,0.0,0.0,0.0
45,164,0.0,0.0,0.0
45,165,0.0,0.0,0.0
45,166,0.0,0.0,0.0
45,167,0.0,0.0,0.0
45,168,0.0,0.0,0.0
45,169,0.0,0.0,0.0
45,170,0.0,0.0,0.0
45,171,0.0,0.0,0.0
45,172,0.0,0.0,0.0
45,173,0.0,0.0,0.0
45,174,0.0,0.0,0.0
45,175,0.0,0.0,0.0
45,176,0.0,0.0,0.0
45,177,0.0,0.0,0.0
45,178,0.0,0.0,0.0
45,179,0.0,0.0,0.0
45,180,0.0,0.0,0.0
45,181,0.0,0.0,0.0
45,182,0.0,0.0,0.0
45,183,0.0,0.0,0.0
45,184,0.0,0.0,0.0
45,185,0.0,0.0,0.0
45,186,0.0,0.0,0.0
45,187,0.0,0.0,0.0
45,188,0.0,0.0,0.0
45,189,0.0,0.0,0.0
45,190,0.0,0.0,0.0
45,191,0.0,0.0,0.0
45,192,0.0,0.0,0.0
45,193,0.0,0.0,0.0
45,194,0.0,0.0,0.0
45,195,0.0,0.0,0.0
45,196,0.0,0.0,0.0
45,197,0.0,0.0,0.0
45,198,0.0,0.0,0.0
45,199,0.0,0.0,0.0
45,200,0.0,0.0,0.0
46,0,27.766265869140625,22.0859432220459,2490.0
46,1,83.62789154052734,51.53593063354492,4926.0
46,2,136.19422912597656,14.091818809509276,1699.0
46,3,0.0,0.0,0.0
46,4,436.9673461914063,11.727081298828123,949.0
46,5,165.14511108398438,59.03062438964844,4245.0
46,6,0.0,0.0,0.0
46,7,368.3218994140625,49.64608001708984,3060.0
46,8,0.0,0.0,0.0
46,9,424.2696533203125,43.8343391418457,1654.0
46,10,27.447498321533203,81.52717590332031,3238.0
46,11,462.4492492675781,74.2422103881836,3241.0
46,12,13.490728378295898,132.22715759277344,1510.0
46,13,401.78033447265625,205.1259765625,3842.0
46,14,447.3565368652344,167.60675048828125,3733.0
46,15,281.4947204589844,235.2398223876953,3119.0
46,16,203.9632568359375,249.33111572265625,4219.0
46,17,370.3037414550781,242.2149200439453,1475.0
46,18,328.802001953125,249.8478240966797,2313.0
46,19,439.5816345214844,269.6045837402344,4919.0
46,20,29.856979370117188,292.5457763671875,874.0
46,21,92.05831146240234,317.684326171875,2075.0
46,22,0.0,0.0,0.0
46,23,45.1021728515625,343.1544189453125,5569.0
46,24,17.56620216369629,393.6329956054688,2515.0
46,25,0.0,0.0,0.0
46,26,199.9673309326172,23.648082733154297,2296.0
46,27,254.9835968017578,24.615812301635746,3415.0
46,28,314.0709228515625,35.29338073730469,3596.0
46,29,196.35699462890625,104.78172302246094,3381.0
46,30,331.1376037597656,100.5208740234375,4527.0
46,31,274.4873962402344,125.63668823242188,1668.0
46,32,125.93098449707033,125.99713134765624,4883.0
46,33,0.0,0.0,0.0
46,34,62.91313171386719,139.33766174316406,4386.0
46,35,418.048828125,130.6212158203125,2970.0
46,36,26.743974685668945,204.0555877685547,4605.0
46,37,353.3640441894531,176.44544982910156,4546.0
46,38,251.37091064453125,268.3166809082031,1162.0
46,39,70.15498352050781,263.8639831542969,3794.0
46,40,0.0,0.0,0.0
46,41,140.0290069580078,287.1683654785156,4930.0
46,42,214.06607055664065,301.5734558105469,1695.0
46,43,139.86279296875,350.8165283203125,3870.0
46,44,92.19161987304688,385.5691223144531,1743.0
46,45,52.031131744384766,418.3837890625,1863.0
46,46,85.57122039794922,422.6053466796875,674.0
46,47,254.21871948242188,86.36238861083984,4531.0
46,48,149.9396209716797,168.0316925048828,1325.0
46,49,300.0390625,171.22618103027344,4147.0
46,50,240.57992553710932,181.936279296875,4661.0
46,51,93.05120849609376,201.3520050048828,4355.0
46,52,162.1492919921875,212.98013305664065,3021.0
46,53,125.48363494873048,235.35818481445312,1100.0
46,54,379.0353088378906,288.2747802734375,3541.0
46,55,305.8428039550781,300.2168273925781,3588.0
46,56,184.92384338378903,301.023193359375,604.0
46,57,361.8800048828125,327.70416259765625,2275.0
46,58,213.646713256836,355.8107604980469,4328.0
46,59,332.019287109375,408.8898010253906,363.0
46,60,129.32843017578125,414.5722961425781,3334.0
46,61,0.0,0.0,0.0
46,62,258.39111328125,314.4307556152344,2953.0
46,63,425.9469604492188,342.8796081542969,4336.0
46,64,335.44354248046875,351.0251770019531,1231.0
46,65,235.24542236328125,437.8770446777344,6059.0
46,66,0.0,0.0,0.0
46,67,154.25296020507812,477.2267150878906,4649.0
46,68,301.4097595214844,444.380859375,3773.0
46,69,0.0,0.0,0.0
46,70,492.2552490234375,403.0080871582031,1853.0
46,71,0.0,0.0,0.0
46,72,22.84374046325684,470.0246887207031,3603.0
46,73,397.0218505859375,379.7138671875,2013.0
46,74,348.5284729003906,385.7860412597656,1949.0
46,75,452.2717590332031,423.7021484375,4217.0
46,76,375.7722473144531,435.4997863769531,4988.0
46,77,0.0,0.0,0.0
46,78,0.0,0.0,0.0
46,79,0.0,0.0,0.0
46,80,0.0,0.0,0.0
46,81,425.4625854492188,475.4764404296875,3461.0
46,82,0.0,0.0,0.0
46,83,331.6507873535156,487.2437744140625,2978.0
46,84,64.54751586914062,499.006591796875,1368.0
46,85,374.7613830566406,118.26541900634766,746.0
46,86,0.0,0.0,0.0
46,87,478.4766540527344,231.69515991210932,3533.0
46,88,0.0,0.0,0.0
46,89,479.21783447265625,492.3402099609375,2231.0
46,90,0.0,0.0,0.0
46,91,500.1821594238281,82.05177307128906,1043.0
46,92,0.0,0.0,0.0
46,93,492.4757385253906,282.95147705078125,845.0
46,94,80.85829162597656,9.745391845703123,868.0
46,95,0.0,0.0,0.0
46,96,0.0,0.0,0.0
46,97,482.1959228515625,347.8910217285156,3680.0
46,98,179.1831817626953,406.706787109375,3281.0
46,99,286.397705078125,375.4319152832031,4795.0
46,100,274.591064453125,496.3551635742188,1543.0
46,101,0.0,0.0,0.0
46,102,0.0,0.0,0.0
46,103,385.1277770996094,497.1366882324219,1346.0
46,104,506.21673583984375,213.9113311767578,203.0
46,105,0.0,0.0,0.0
46,106,0.0,0.0,0.0
46,107,0.0,0.0,0.0
46,108,0.0,0.0,0.0
46,109,0.0,0.0,0.0
46,110,484.4876403808594,25.78839874267578,2793.0
46,111,500.8812561035156,305.9224853515625,800.0
46,112,0.0,0.0,0.0
46,113,0.0,0.0,0.0
46,114,494.2735595703125,173.6142578125,2175.0
46,115,0.0,0.0,0.0
46,116,0.0,0.0,0.0
46,117,409.6609802246094,89.80062103271484,2578.0
46,118,497.78857421875,456.6671447753906,1400.0
46,119,489.9131774902344,123.73709869384766,1647.0
46,120,0.0,0.0,0.0
46,121,0.0,0.0,0.0
46,122,0.0,0.0,0.0
46,123,0.0,0.0,0.0
46,124,0.0,0.0,0.0
46,125,194.4035186767578,162.10926818847656,3011.0
46,126,0.0,0.0,0.0
46,127,0.0,0.0,0.0
46,128,0.0,0.0,0.0
46,129,0.0,0.0,0.0
46,130,88.45770263671875,467.6227722167969,3889.0
46,131,388.3331298828125,14.667993545532228,1759.0
46,132,0.0,0.0,0.0
46,133,0.0,0.0,0.0
46,134,0.0,0.0,0.0
46,135,0.0,0.0,0.0
46,136,12.511268615722656,271.9536437988281,1553.0
46,137,109.55490112304688,83.75196075439453,1020.0
46,138,0.0,0.0,0.0
46,139,0.0,0.0,0.0
46,140,0.0,0.0,0.0
46,141,0.0,0.0,0.0
46,142,0.0,0.0,0.0
46,143,180.5735321044922,510.191162109375,68.0
46,144,0.0,0.0,0.0
46,145,0.0,0.0,0.0
46,146,0.0,0.0,0.0
46,147,0.0,0.0,0.0
46,148,0.0,0.0,0.0
46,149,0.0,0.0,0.0
46,150,0.0,0.0,0.0
46,151,0.0,0.0,0.0
46,152,0.0,0.0,0.0
46,153,0.0,0.0,0.0
46,154,0.0,0.0,0.0
46,155,0.0,0.0,0.0
46,156,0.0,0.0,0.0
46,157,0.0,0.0,0.0
46,158,0.0,0.0,0.0
46,159,0.0,0.0,0.0
46,160,0.0,0.0,0.0
46,161,0.0,0.0,0.0
46,162,0.0,0.0,0.0
46,163,0.0,0.0,0.0
46,164,0.0,0.0,0.0
46,165,0.0,0.0,0.0
46,166,0.0,0.0,0.0
46,167,0.0,0.0,0.0
46,168,0.0,0.0,0.0
46,169,0.0,0.0,0.0
46,170,0.0,0.0,0.0
46,171,0.0,0.0,0.0
46,172,0.0,0.0,0.0
46,173,0.0,0.0,0.0
46,174,0.0,0.0,0.0
46,175,0.0,0.0,0.0
46,176,0.0,0.0,0.0
46,177,0.0,0.0,0.0
46,178,0.0,0.0,0.0
46,179,0.0,0.0,0.0
46,180,0.0,0.0,0.0
46,181,0.0,0.0,0.0
46,182,0.0,0.0,0.0
46,183,0.0,0.0,0.0
46,184,0.0,0.0,0.0
46,185,0.0,0.0,0.0
46,186,0.0,0.0,0.0
46,187,0.0,0.0,0.0
46,188,0.0,0.0,0.0
46,189,0.0,0.0,0.0
46,190,0.0,0.0,0.0
46,191,0.0,0.0,0.0
46,192,0.0,0.0,0.0
46,193,0.0,0.0,0.0
46,194,0.0,0.0,0.0
46,195,0.0,0.0,0.0
46,196,0.0,0.0,0.0
46,197,0.0,0.0,0.0
46,198,0.0,0.0,0.0
46,199,0.0,0.0,0.0
46,200,0.0,0.0,0.0
47,0,28.06642723083496,21.557823181152344,2499.0
47,1,83.66878509521484,50.59708023071289,4728.0
47,2,135.43312072753906,13.94814395904541,1697.0
47,3,0.0,0.0,0.0
47,4,437.88671875,11.370369911193848,918.0
47,5,165.5107879638672,59.24017333984375,4172.0
47,6,0.0,0.0,0.0
47,7,370.64154052734375,51.9312629699707,2706.0
47,8,0.0,0.0,0.0
47,9,425.4225158691406,43.06894302368164,1581.0
47,10,27.617340087890625,81.26128387451172,3345.0
47,11,463.7271423339844,73.58031463623047,3119.0
47,12,13.455037117004396,132.24273681640625,1479.0
47,13,401.8947143554688,204.61309814453125,3771.0
47,14,447.8518981933594,166.24093627929688,3889.0
47,15,280.0190124511719,235.1575164794922,2787.0
47,16,203.73944091796875,249.63296508789065,4095.0
47,17,369.9776916503906,241.80905151367188,1524.0
47,18,327.2947082519531,249.0517578125,2589.0
47,19,439.4807434082031,268.45703125,4982.0
47,20,30.384349822998047,294.68585205078125,869.0
47,21,92.08430480957033,317.9852600097656,1969.0
47,22,0.0,0.0,0.0
47,23,44.601539611816406,343.5511779785156,5579.0
47,24,17.7335205078125,394.1860961914063,2488.0
47,25,0.0,0.0,0.0
47,26,200.1793670654297,24.550737380981445,2375.0
47,27,254.19253540039065,24.02265167236328,3267.0
47,28,315.1690673828125,34.63719940185547,4016.0
47,29,196.78805541992188,104.43770599365234,3331.0
47,30,331.4914855957031,100.55548095703124,4578.0
47,31,273.792724609375,126.07650756835938,1843.0
47,32,126.7095184326172,127.5666961669922,4768.0
47,33,0.0,0.0,0.0
47,34,62.6860237121582,140.06288146972656,4357.0
47,35,413.3008117675781,132.4276885986328,2593.0
47,36,26.33091354370117,203.99009704589844,4545.0
47,37,353.5812072753906,176.7241973876953,4427.0
47,38,251.6112365722656,268.5183410644531,1335.0
47,39,69.5277099609375,265.5588073730469,3699.0
47,40,0.0,0.0,0.0
47,41,139.15084838867188,287.2903137207031,4826.0
47,42,212.52850341796875,302.59893798828125,2087.0
47,43,139.51885986328125,350.93621826171875,3951.0
47,44,91.37376403808594,385.8966979980469,1723.0
47,45,52.05339431762695,417.7724914550781,1723.0
47,46,84.55787658691406,421.8858642578125,622.0
47,47,254.22418212890625,85.88087463378906,4407.0
47,48,150.25869750976562,168.1519775390625,1237.0
47,49,300.5530090332031,171.9082794189453,4121.0
47,50,240.78306579589844,182.8861694335937,4665.0
47,51,92.0064697265625,202.4177703857422,4481.0
47,52,161.88949584960938,213.4572906494141,3149.0
47,53,124.05609130859376,236.258544921875,1141.0
47,54,379.9731140136719,287.10205078125,3312.0
47,55,304.259765625,300.6398010253906,3584.0
47,56,181.1313934326172,302.5657043457031,548.0
47,57,360.37701416015625,325.7604675292969,2626.0
47,58,213.8677978515625,357.05157470703125,4130.0
47,59,331.0199279785156,414.1481628417969,351.0
47,60,127.07835388183594,414.3741149902344,3114.0
47,61,0.0,0.0,0.0
47,62,258.4592590332031,315.9178161621094,2713.0
47,63,427.0809631347656,341.6793518066406,4335.0
47,64,334.1649780273437,351.0926818847656,1079.0
47,65,234.9538116455078,438.3906555175781,6105.0
47,66,0.0,0.0,0.0
47,67,154.39187622070312,476.74713134765625,4777.0
47,68,301.06427001953125,445.7742919921875,3766.0
47,69,0.0,0.0,0.0
47,70,491.6558227539063,402.4373779296875,1996.0
47,71,0.0,0.0,0.0
47,72,22.97853660583496,469.1109008789063,3634.0
47,73,396.5564270019531,378.7693481445313,2198.0
47,74,346.02056884765625,386.9067077636719,2187.0
47,75,452.3829650878906,423.4322204589844,4183.0
47,76,375.9728393554688,435.8800659179688,4936.0
47,77,0.0,0.0,0.0
47,78,0.0,0.0,0.0
47,79,0.0,0.0,0.0
47,80,0.0,0.0,0.0
47,81,425.5293884277344,475.0220947265625,3487.0
47,82,0.0,0.0,0.0
47,83,332.0433044433594,488.015380859375,2863.0
47,84,62.88239669799805,499.4058532714844,1301.0
47,85,374.2210998535156,119.03684997558594,787.0
47,86,0.0,0.0,0.0
47,87,480.2086486816406,230.2763214111328,3590.0
47,88,0.0,0.0,0.0
47,89,478.72564697265625,492.4959411621094,2216.0
47,90,0.0,0.0,0.0
47,91,500.50048828125,80.56488037109375,1025.0
47,92,0.0,0.0,0.0
47,93,491.6334838867188,283.3379211425781,944.0
47,94,81.07251739501953,10.023391723632812,855.0
47,95,0.0,0.0,0.0
47,96,0.0,0.0,0.0
47,97,482.7672424316406,347.1985778808594,3510.0
47,98,177.34373474121094,406.9378356933594,3491.0
47,99,285.5000915527344,375.4095458984375,4771.0
47,100,274.0129089355469,496.1890258789063,1550.0
47,101,0.0,0.0,0.0
47,102,0.0,0.0,0.0
47,103,385.2472534179688,497.0080871582031,1359.0
47,104,0.0,0.0,0.0
47,105,0.0,0.0,0.0
47,106,0.0,0.0,0.0
47,107,0.0,0.0,0.0
47,108,0.0,0.0,0.0
47,109,0.0,0.0,0.0
47,110,484.566650390625,25.350526809692383,2753.0
47,111,501.5845031738281,305.6340637207031,787.0
47,112,0.0,0.0,0.0
47,113,0.0,0.0,0.0
47,114,494.61669921875,174.3076629638672,2155.0
47,115,0.0,0.0,0.0
47,116,0.0,0.0,0.0
47,117,413.97802734375,91.06329345703124,3002.0
47,118,498.0573425292969,457.9397888183594,1395.0
47,119,490.0404357910156,123.03692626953124,1706.0
47,120,0.0,0.0,0.0
47,121,0.0,0.0,0.0
47,122,0.0,0.0,0.0
47,123,0.0,0.0,0.0
47,124,0.0,0.0,0.0
47,125,194.3816070556641,161.83755493164062,3121.0
47,126,0.0,0.0,0.0
47,127,0.0,0.0,0.0
47,128,0.0,0.0,0.0
47,129,0.0,0.0,0.0
47,130,87.9483871459961,468.2801513671875,4030.0
47,131,387.5972290039063,15.255658149719238,1944.0
47,132,0.0,0.0,0.0
47,133,0.0,0.0,0.0
47,134,0.0,0.0,0.0
47,135,0.0,0.0,0.0
47,136,13.197586059570312,270.5069885253906,1574.0
47,137,107.8409423828125,84.7710952758789,1446.0
47,138,0.0,0.0,0.0
47,139,0.0,0.0,0.0
47,140,0.0,0.0,0.0
47,141,0.0,0.0,0.0
47,142,0.0,0.0,0.0
47,143,182.13333129882807,510.239990234375,75.0
47,144,0.0,0.0,0.0
47,145,0.0,0.0,0.0
47,146,0.0,0.0,0.0
47,147,0.0,0.0,0.0
47,148,0.0,0.0,0.0
47,149,0.0,0.0,0.0
47,150,0.0,0.0,0.0
47,151,0.0,0.0,0.0
47,152,0.0,0.0,0.0
47,153,0.0,0.0,0.0
47,154,0.0,0.0,0.0
47,155,0.0,0.0,0.0
47,156,0.0,0.0,0.0
47,157,0.0,0.0,0.0
47,158,0.0,0.0,0.0
47,159,0.0,0.0,0.0
47,160,0.0,0.0,0.0
47,161,0.0,0.0,0.0
47,162,0.0,0.0,0.0
47,163,0.0,0.0,0.0
47,164,0.0,0.0,0.0
47,165,0.0,0.0,0.0
47,166,0.0,0.0,0.0
47,167,0.0,0.0,0.0
47,168,0.0,0.0,0.0
47,169,0.0,0.0,0.0
47,170,0.0,0.0,0.0
47,171,0.0,0.0,0.0
47,172,0.0,0.0,0.0
47,173,0.0,0.0,0.0
47,174,0.0,0.0,0.0
47,175,0.0,0.0,0.0
47,176,0.0,0.0,0.0
47,177,0.0,0.0,0.0
47,178,0.0,0.0,0.0
47,179,0.0,0.0,0.0
47,180,0.0,0.0,0.0
47,181,0.0,0.0,0.0
47,182,0.0,0.0,0.0
47,183,0.0,0.0,0.0
47,184,0.0,0.0,0.0
47,185,0.0,0.0,0.0
47,186,0.0,0.0,0.0
47,187,0.0,0.0,0.0
47,188,0.0,0.0,0.0
47,189,0.0,0.0,0.0
47,190,0.0,0.0,0.0
47,191,0.0,0.0,0.0
47,192,0.0,0.0,0.0
47,193,0.0,0.0,0.0
47,194,0.0,0.0,0.0
47,195,0.0,0.0,0.0
47,196,0.0,0.0,0.0
47,197,0.0,0.0,0.0
47,198,0.0,0.0,0.0
47,199,0.0,0.0,0.0
47,200,0.0,0.0,0.0
48,0,28.74262428283692,21.61490631103516,2576.0
48,1,84.08427429199219,49.8451042175293,4616.0
48,2,134.353759765625,13.665465354919434,1665.0
48,3,0.0,0.0,0.0
48,4,438.6440734863281,10.773608207702637,826.0
48,5,165.97715759277344,58.65937805175781,4116.0
48,6,0.0,0.0,0.0
48,7,371.7750244140625,53.61969375610352,2427.0
48,8,0.0,0.0,0.0
48,9,426.7528381347656,41.80709838867188,1493.0
48,10,27.91230201721192,81.62860870361328,3398.0
48,11,463.798095703125,73.66546630859375,3061.0
48,12,13.343055725097656,132.52569580078125,1440.0
48,13,402.4764709472656,203.94760131835932,3721.0
48,14,448.3788757324219,166.48577880859375,3975.0
48,15,279.5824279785156,234.15792846679688,2596.0
48,16,203.34136962890625,249.36471557617188,3899.0
48,17,370.1317443847656,241.9796905517578,1723.0
48,18,325.6582336425781,249.00213623046875,2803.0
48,19,439.4273986816406,267.2018737792969,4944.0
48,20,32.21229553222656,294.64849853515625,862.0
48,21,90.91010284423828,317.291015625,1969.0
48,22,0.0,0.0,0.0
48,23,44.13121795654297,344.0499267578125,5487.0
48,24,18.11359024047852,394.6600341796875,2509.0
48,25,0.0,0.0,0.0
48,26,211.55616760253903,37.357421875,1273.0
48,27,253.6729431152344,23.648164749145508,3189.0
48,28,315.5040283203125,35.26910400390625,4214.0
48,29,197.09336853027344,104.09427642822266,3320.0
48,30,332.125,100.68238067626952,4496.0
48,31,273.2804260253906,125.59012603759766,2086.0
48,32,127.24214935302734,128.2667999267578,4745.0
48,33,0.0,0.0,0.0
48,34,62.43519592285156,140.119873046875,4313.0
48,35,413.3357543945313,132.74798583984375,2484.0
48,36,25.60981178283692,204.0009002685547,4444.0
48,37,353.67889404296875,176.52871704101562,4388.0
48,38,251.091537475586,268.28472900390625,1584.0
48,39,69.41341400146484,266.66461181640625,3384.0
48,40,0.0,0.0,0.0
48,41,138.75772094726562,287.2011108398437,4858.0
48,42,211.93582153320312,303.4976501464844,2337.0
48,43,138.767333984375,350.6794128417969,4083.0
48,44,90.41204071044922,385.8971252441406,1711.0
48,45,51.77611923217773,418.38482666015625,1541.0
48,46,83.08174133300781,421.8855590820313,734.0
48,47,254.21389770507807,85.16325378417969,4245.0
48,48,149.72879028320312,168.41348266601562,1202.0
48,49,301.1087646484375,171.6087646484375,3972.0
48,50,241.33462524414065,183.6765594482422,4653.0
48,51,90.00989532470703,203.9391632080078,4750.0
48,52,161.60067749023438,213.7450256347656,3263.0
48,53,123.51119232177734,236.981201171875,1117.0
48,54,381.4685363769531,287.4361267089844,3178.0
48,55,302.6573791503906,301.6858215332031,3587.0
48,56,180.5641021728516,301.7001953125,507.0
48,57,359.365478515625,325.0100402832031,2892.0
48,58,214.44711303710932,358.5372314453125,4028.0
48,59,331.60986328125,412.4304809570313,223.0
48,60,125.9120101928711,414.3983154296875,2955.0
48,61,0.0,0.0,0.0
48,62,257.9779052734375,317.1833190917969,2444.0
48,63,427.8155822753906,341.400634765625,4338.0
48,64,333.1962890625,350.6952514648437,968.0
48,65,234.17449951171875,438.6749877929688,6000.0
48,66,0.0,0.0,0.0
48,67,154.20782470703125,476.2715759277344,4879.0
48,68,300.8080749511719,445.6614685058594,3970.0
48,69,0.0,0.0,0.0
48,70,491.7953186035156,402.2965698242188,2003.0
48,71,0.0,0.0,0.0
48,72,23.00402069091797,469.0525207519531,3731.0
48,73,396.4734191894531,378.2311706542969,2163.0
48,74,344.9737243652344,386.3079223632813,2283.0
48,75,452.4559631347656,422.8332214355469,4191.0
48,76,375.4757080078125,435.73382568359375,5102.0
48,77,0.0,0.0,0.0
48,78,0.0,0.0,0.0
48,79,0.0,0.0,0.0
48,80,0.0,0.0,0.0
48,81,425.6773071289063,474.8846130371094,3545.0
48,82,0.0,0.0,0.0
48,83,331.6688232421875,488.6817321777344,2787.0
48,84,61.23103713989258,500.32171630859375,1147.0
48,85,374.64013671875,119.11418914794922,867.0
48,86,0.0,0.0,0.0
48,87,481.1450805664063,230.2783660888672,3384.0
48,88,0.0,0.0,0.0
48,89,478.69036865234375,492.3894348144531,2193.0
48,90,0.0,0.0,0.0
48,91,500.9727783203125,77.58497619628906,1065.0
48,92,0.0,0.0,0.0
48,93,490.9461975097656,284.447021484375,1208.0
48,94,81.04398345947266,9.846054077148438,773.0
48,95,0.0,0.0,0.0
48,96,0.0,0.0,0.0
48,97,483.050537109375,347.6669616699219,3363.0
48,98,176.04351806640625,406.1563720703125,3562.0
48,99,284.6600341796875,375.4407348632813,4724.0
48,100,272.1085510253906,496.0998229980469,1603.0
48,101,0.0,0.0,0.0
48,102,0.0,0.0,0.0
48,103,384.898681640625,497.0902404785156,1352.0
48,104,0.0,0.0,0.0
48,105,0.0,0.0,0.0
48,106,0.0,0.0,0.0
48,107,0.0,0.0,0.0
48,108,0.0,0.0,0.0
48,109,0.0,0.0,0.0
48,110,483.6858520507813,24.49815559387207,2712.0
48,111,501.8080139160156,307.14532470703125,750.0
48,112,0.0,0.0,0.0
48,113,0.0,0.0,0.0
48,114,494.9037780761719,174.80661010742188,2120.0
48,115,0.0,0.0,0.0
48,116,0.0,0.0,0.0
48,117,413.7321472167969,90.07916259765624,3095.0
48,118,498.2853088378906,458.0841674804688,1402.0
48,119,489.55902099609375,122.4832534790039,1821.0
48,120,0.0,0.0,0.0
48,121,0.0,0.0,0.0
48,122,0.0,0.0,0.0
48,123,0.0,0.0,0.0
48,124,0.0,0.0,0.0
48,125,194.7523956298828,161.74217224121094,3227.0
48,126,0.0,0.0,0.0
48,127,0.0,0.0,0.0
48,128,0.0,0.0,0.0
48,129,0.0,0.0,0.0
48,130,87.62940979003906,469.4867248535156,4107.0
48,131,387.1263732910156,16.215328216552734,2192.0
48,132,0.0,0.0,0.0
48,133,0.0,0.0,0.0
48,134,0.0,0.0,0.0
48,135,0.0,0.0,0.0
48,136,13.509177207946776,271.901123046875,1689.0
48,137,108.23167419433594,84.40410614013672,1705.0
48,138,188.3392944335937,11.595908164978027,1173.0
48,139,0.0,0.0,0.0
48,140,0.0,0.0,0.0
48,141,0.0,0.0,0.0
48,142,0.0,0.0,0.0
48,143,185.129623413086,510.120361328125,108.0
48,144,0.0,0.0,0.0
48,145,0.0,0.0,0.0
48,146,0.0,0.0,0.0
48,147,0.0,0.0,0.0
48,148,0.0,0.0,0.0
48,149,0.0,0.0,0.0
48,150,0.0,0.0,0.0
48,151,0.0,0.0,0.0
48,152,0.0,0.0,0.0
48,153,0.0,0.0,0.0
48,154,0.0,0.0,0.0
48,155,0.0,0.0,0.0
48,156,0.0,0.0,0.0
48,157,0.0,0.0,0.0
48,158,0.0,0.0,0.0
48,159,0.0,0.0,0.0
48,160,0.0,0.0,0.0
48,161,0.0,0.0,0.0
48,162,0.0,0.0,0.0
48,163,0.0,0.0,0.0
48,164,0.0,0.0,0.0
48,165,0.0,0.0,0.0
48,166,0.0,0.0,0.0
48,167,0.0,0.0,0.0
48,168,0.0,0.0,0.0
48,169,0.0,0.0,0.0
48,170,0.0,0.0,0.0
48,171,0.0,0.0,0.0
48,172,0.0,0.0,0.0
48,173,0.0,0.0,0.0
48,174,0.0,0.0,0.0
48,175,0.0,0.0,0.0
48,176,0.0,0.0,0.0
48,177,0.0,0.0,0.0
48,178,0.0,0.0,0.0
48,179,0.0,0.0,0.0
48,180,0.0,0.0,0.0
48,181,0.0,0.0,0.0
48,182,0.0,0.0,0.0
48,183,0.0,0.0,0.0
48,184,0.0,0.0,0.0
48,185,0.0,0.0,0.0
48,186,0.0,0.0,0.0
48,187,0.0,0.0,0.0
48,188,0.0,0.0,0.0
48,189,0.0,0.0,0.0
48,190,0.0,0.0,0.0
48,191,0.0,0.0,0.0
48,192,0.0,0.0,0.0
48,193,0.0,0.0,0.0
48,194,0.0,0.0,0.0
48,195,0.0,0.0,0.0
48,196,0.0,0.0,0.0
48,197,0.0,0.0,0.0
48,198,0.0,0.0,0.0
48,199,0.0,0.0,0.0
48,200,0.0,0.0,0.0
49,0,29.266176223754883,21.497482299804688,2581.0
49,1,84.46516418457031,49.74209213256836,4521.0
49,2,133.76304626464844,13.410433769226074,1591.0
49,3,0.0,0.0,0.0
49,4,439.4609375,10.56209945678711,781.0
49,5,165.9980010986328,58.72243118286133,4017.0
49,6,0.0,0.0,0.0
49,7,372.7732238769531,54.66249847412109,2240.0
49,8,0.0,0.0,0.0
49,9,428.7997131347656,41.58501434326172,1388.0
49,10,28.089479446411133,81.655517578125,3498.0
49,11,464.7625122070313,73.154296875,2897.0
49,12,13.433818817138672,132.84268188476562,1443.0
49,13,402.5404357910156,203.37322998046875,3684.0
49,14,448.8020629882813,166.6324462890625,4062.0
49,15,278.17401123046875,232.86538696289065,2132.0
49,16,203.17596435546875,249.48052978515625,3802.0
49,17,370.2761840820313,241.9837188720703,1843.0
49,18,323.38262939453125,248.70388793945312,3144.0
49,19,439.914306640625,266.1983947753906,5076.0
49,20,32.545658111572266,295.5411376953125,887.0
49,21,90.29663848876952,317.1343688964844,1935.0
49,22,0.0,0.0,0.0
49,23,43.77731323242188,344.8511657714844,5483.0
49,24,18.18430519104004,395.3102722167969,2485.0
49,25,0.0,0.0,0.0
49,26,212.7854461669922,39.2264289855957,1347.0
49,27,257.1794738769531,25.827194213867188,2552.0
49,28,314.6813049316406,35.62297439575195,4440.0
49,29,197.18836975097656,103.81524658203124,3318.0
49,30,332.2021789550781,100.26720428466795,4476.0
49,31,272.50732421875,125.63249206542967,2253.0
49,32,127.11905670166016,128.89187622070312,4754.0
49,33,0.0,0.0,0.0
49,34,62.1599235534668,140.40809631347656,4227.0
49,35,410.0280151367188,133.88185119628906,2319.0
49,36,24.87086296081543,203.8221435546875,4290.0
49,37,353.6344299316406,176.14332580566406,4333.0
49,38,251.6217041015625,267.7380676269531,1779.0
49,39,68.83328247070312,267.7900390625,3215.0
49,40,0.0,0.0,0.0
49,41,138.995849609375,288.0770263671875,4817.0
49,42,212.7121124267578,303.7656555175781,2428.0
49,43,138.05064392089844,350.5397033691406,4206.0
49,44,89.57968139648438,386.392333984375,1644.0
49,45,50.69771957397461,419.3223876953125,1492.0
49,46,82.22601318359375,421.970947265625,792.0
49,47,254.029052734375,85.02363586425781,4061.0
49,48,149.68089294433594,167.89703369140625,1078.0
49,49,301.4157409667969,172.0442657470703,3976.0
49,50,241.35877990722656,184.7739715576172,4663.0
49,51,88.52178955078125,204.82205200195312,4979.0
49,52,161.25686645507812,213.68067932128903,3426.0
49,53,123.13895416259766,238.6192779541016,1245.0
49,54,382.7264709472656,287.20758056640625,2987.0
49,55,300.98126220703125,301.984619140625,3578.0
49,56,182.1621551513672,303.064453125,481.0
49,57,357.8611755371094,323.50177001953125,3119.0
49,58,214.1774139404297,359.025390625,3940.0
49,59,330.9552307128906,413.3084716796875,201.0
49,60,124.31964874267578,413.8924865722656,2753.0
49,61,0.0,0.0,0.0
49,62,257.4965209960937,317.8986511230469,2161.0
49,63,428.417724609375,340.64892578125,4321.0
49,64,331.4367370605469,349.9764404296875,806.0
49,65,233.2602386474609,438.74261474609375,5956.0
49,66,0.0,0.0,0.0
49,67,152.93798828125,475.7040100097656,4919.0
49,68,300.3397216796875,445.84954833984375,4021.0
49,69,0.0,0.0,0.0
49,70,490.4049987792969,400.899658203125,2242.0
49,71,0.0,0.0,0.0
49,72,22.788084030151367,469.4104919433594,3676.0
49,73,396.5787658691406,377.3542175292969,2298.0
49,74,343.5214538574219,385.6692199707031,2470.0
49,75,451.7536010742188,422.6345520019531,4099.0
49,76,375.3714904785156,435.6363220214844,5120.0
49,77,0.0,0.0,0.0
49,78,0.0,0.0,0.0
49,79,0.0,0.0,0.0
49,80,0.0,0.0,0.0
49,81,425.4837036132813,475.0252685546875,3560.0
49,82,0.0,0.0,0.0
49,83,331.5477294921875,488.7398071289063,2702.0
49,84,57.73797225952149,500.5916137695313,977.0
49,85,374.1315612792969,118.78483581542967,897.0
49,86,0.0,0.0,0.0
49,87,482.2552185058594,229.24826049804688,3154.0
49,88,0.0,0.0,0.0
49,89,478.3351440429688,492.3406372070313,2193.0
49,90,0.0,0.0,0.0
49,91,501.2648315429688,76.602294921875,1046.0
49,92,0.0,0.0,0.0
49,93,491.2342834472656,283.1569519042969,1319.0
49,94,81.87939453125,10.174623489379885,796.0
49,95,0.0,0.0,0.0
49,96,0.0,0.0,0.0
49,97,483.705322265625,346.3443908691406,3139.0
49,98,174.69064331054688,406.288818359375,3698.0
49,99,283.4352111816406,374.9930725097656,4770.0
49,100,271.17138671875,495.9775085449219,1733.0
49,101,0.0,0.0,0.0
49,102,0.0,0.0,0.0
49,103,384.1378479003906,497.0729370117188,1371.0
49,104,0.0,0.0,0.0
49,105,0.0,0.0,0.0
49,106,0.0,0.0,0.0
49,107,0.0,0.0,0.0
49,108,0.0,0.0,0.0
49,109,0.0,0.0,0.0
49,110,483.3390502929688,24.998096466064453,2628.0
49,111,501.7047729492188,307.636962890625,752.0
49,112,0.0,0.0,0.0
49,113,0.0,0.0,0.0
49,114,495.29925537109375,174.87493896484375,2055.0
49,115,0.0,0.0,0.0
49,116,0.0,0.0,0.0
49,117,417.220458984375,91.05994415283205,3420.0
49,118,497.9432067871094,458.70013427734375,1444.0
49,119,489.6539001464844,122.24366760253906,1855.0
49,120,0.0,0.0,0.0
49,121,0.0,0.0,0.0
49,122,0.0,0.0,0.0
49,123,0.0,0.0,0.0
49,124,0.0,0.0,0.0
49,125,194.7057037353516,161.38914489746094,3279.0
49,126,0.0,0.0,0.0
49,127,0.0,0.0,0.0
49,128,0.0,0.0,0.0
49,129,0.0,0.0,0.0
49,130,86.81805419921875,470.8851013183594,4221.0
49,131,387.7064514160156,17.49526596069336,2429.0
49,132,0.0,0.0,0.0
49,133,0.0,0.0,0.0
49,134,0.0,0.0,0.0
49,135,0.0,0.0,0.0
49,136,13.645031929016112,272.0712280273437,1741.0
49,137,109.12823486328124,83.8582992553711,1856.0
49,138,187.82052612304688,12.190439224243164,1276.0
49,139,229.52865600585932,8.781316757202148,471.0
49,140,0.0,0.0,0.0
49,141,0.0,0.0,0.0
49,142,0.0,0.0,0.0
49,143,182.3139495849609,510.2907104492188,86.0
49,144,0.0,0.0,0.0
49,145,0.0,0.0,0.0
49,146,0.0,0.0,0.0
49,147,0.0,0.0,0.0
49,148,0.0,0.0,0.0
49,149,0.0,0.0,0.0
49,150,0.0,0.0,0.0
49,151,0.0,0.0,0.0
49,152,0.0,0.0,0.0
49,153,0.0,0.0,0.0
49,154,0.0,0.0,0.0
49,155,0.0,0.0,0.0
49,156,0.0,0.0,0.0
49,157,0.0,0.0,0.0
49,158,0.0,0.0,0.0
49,159,0.0,0.0,0.0
49,160,0.0,0.0,0.0
49,161,0.0,0.0,0.0
49,162,0.0,0.0,0.0
49,163,0.0,0.0,0.0
49,164,0.0,0.0,0.0
49,165,0.0,0.0,0.0
49,166,0.0,0.0,0.0
49,167,0.0,0.0,0.0
49,168,0.0,0.0,0.0
49,169,0.0,0.0,0.0
49,170,0.0,0.0,0.0
49,171,0.0,0.0,0.0
49,172,0.0,0.0,0.0
49,173,0.0,0.0,0.0
49,174,0.0,0.0,0.0
49,175,0.0,0.0,0.0
49,176,0.0,0.0,0.0
49,177,0.0,0.0,0.0
49,178,0.0,0.0,0.0
49,179,0.0,0.0,0.0
49,180,0.0,0.0,0.0
49,181,0.0,0.0,0.0
49,182,0.0,0.0,0.0
49,183,0.0,0.0,0.0
49,184,0.0,0.0,0.0
49,185,0.0,0.0,0.0
49,186,0.0,0.0,0.0
49,187,0.0,0.0,0.0
49,188,0.0,0.0,0.0
49,189,0.0,0.0,0.0
49,190,0.0,0.0,0.0
49,191,0.0,0.0,0.0
49,192,0.0,0.0,0.0
49,193,0.0,0.0,0.0
49,194,0.0,0.0,0.0
49,195,0.0,0.0,0.0
49,196,0.0,0.0,0.0
49,197,0.0,0.0,0.0
49,198,0.0,0.0,0.0
49,199,0.0,0.0,0.0
49,200,0.0,0.0,0.0
50,0,29.448909759521484,22.15852737426757,2662.0
50,1,84.85235595703125,49.21492385864258,4355.0
50,2,133.30343627929688,13.26781177520752,1572.0
50,3,0.0,0.0,0.0
50,4,440.4368896484375,9.961702346801758,705.0
50,5,166.52716064453125,58.66462707519531,3921.0
50,6,0.0,0.0,0.0
50,7,373.5086059570313,55.688697814941406,2088.0
50,8,0.0,0.0,0.0
50,9,429.8983154296875,41.17827224731445,1436.0
50,10,28.46050071716309,82.37812805175781,3557.0
50,11,465.4832153320313,73.5942153930664,2802.0
50,12,13.332386016845703,133.57740783691406,1408.0
50,13,402.6937561035156,203.05435180664065,3569.0
50,14,449.1465759277344,166.7375946044922,4230.0
50,15,278.7027587890625,230.02523803710932,1783.0
50,16,202.70982360839844,248.7862701416016,3584.0
50,17,370.99261474609375,241.22544860839844,1894.0
50,18,321.8450622558594,248.5264129638672,3427.0
50,19,440.59228515625,265.9076232910156,5163.0
50,20,32.71923828125,296.5391540527344,894.0
50,21,90.08405303955078,316.92510986328125,1856.0
50,22,0.0,0.0,0.0
50,23,44.061283111572266,345.4366149902344,5499.0
50,24,18.61685562133789,396.1626892089844,2563.0
50,25,0.0,0.0,0.0
50,26,212.89208984375,40.634498596191406,1316.0
50,27,257.4318542480469,26.321876525878903,2473.0
50,28,314.56695556640625,36.03152084350586,4600.0
50,29,197.1363677978516,103.91000366210938,3278.0
50,30,332.45709228515625,100.52637481689452,4474.0
50,31,272.1241760253906,125.86956787109376,2392.0
50,32,126.84528350830078,129.63076782226562,4699.0
50,33,0.0,0.0,0.0
50,34,61.61596298217773,140.9730682373047,4122.0
50,35,408.61376953125,134.8890380859375,2136.0
50,36,23.870990753173828,203.6025238037109,4116.0
50,37,353.857177734375,175.68569946289062,4362.0
50,38,252.203353881836,266.8027038574219,2144.0
50,39,68.0660171508789,268.4813537597656,3166.0
50,40,0.0,0.0,0.0
50,41,138.38951110839844,288.0748596191406,4729.0
50,42,211.8834686279297,304.36785888671875,2789.0
50,43,137.5128173828125,350.5354309082031,4290.0
50,44,89.29803466796875,386.863037109375,1577.0
50,45,50.52600860595703,420.5135498046875,1365.0
50,46,80.84049987792969,422.1323547363281,884.0
50,47,253.7597198486328,85.14451599121094,3958.0
50,48,148.91822814941406,167.9083709716797,1015.0
50,49,301.5938415527344,172.0385284423828,3841.0
50,50,241.780014038086,185.6597595214844,4632.0
50,51,86.55706787109375,205.069580078125,5073.0
50,52,160.86749267578125,213.7055511474609,3532.0
50,53,121.78343200683594,239.01744079589844,1376.0
50,54,383.7006530761719,286.35137939453125,2863.0
50,55,299.84051513671875,302.6893005371094,3505.0
50,56,179.86550903320312,301.9544372558594,461.0
50,57,356.86395263671875,321.92022705078125,3322.0
50,58,214.496810913086,359.6127319335937,3770.0
50,59,332.22833251953125,415.3307189941406,127.0
50,60,123.03128814697266,414.4212036132813,2621.0
50,61,0.0,0.0,0.0
50,62,257.534912109375,319.5238952636719,1905.0
50,63,428.7645568847656,340.1772766113281,4332.0
50,64,329.4748229980469,348.3832092285156,655.0
50,65,232.5557403564453,438.1697998046875,5983.0
50,66,0.0,0.0,0.0
50,67,151.2346954345703,475.2348937988281,4900.0
50,68,300.7161560058594,447.0509033203125,4224.0
50,69,0.0,0.0,0.0
50,70,488.9819030761719,398.8448486328125,2488.0
50,71,0.0,0.0,0.0
50,72,22.3903865814209,469.6890869140625,3599.0
50,73,395.668212890625,376.3122253417969,2354.0
50,74,341.5362548828125,385.1512451171875,2704.0
50,75,451.0839538574219,422.28912353515625,4050.0
50,76,374.676025390625,435.2853088378906,5121.0
50,77,0.0,0.0,0.0
50,78,0.0,0.0,0.0
50,79,0.0,0.0,0.0
50,80,0.0,0.0,0.0
50,81,425.1954040527344,474.6198120117188,3664.0
50,82,0.0,0.0,0.0
50,83,332.2196044921875,490.1264953613281,2427.0
50,84,56.23469543457031,501.3843688964844,882.0
50,85,374.5133972167969,118.44642639160156,896.0
50,86,0.0,0.0,0.0
50,87,482.9854736328125,228.65057373046875,2962.0
50,88,0.0,0.0,0.0
50,89,478.05084228515625,492.5909423828125,2144.0
50,90,0.0,0.0,0.0
50,91,501.614013671875,75.00800323486328,1000.0
50,92,0.0,0.0,0.0
50,93,492.54693603515625,280.7086486816406,1342.0
50,94,81.4537353515625,10.37389087677002,789.0
50,95,0.0,0.0,0.0
50,96,0.0,0.0,0.0
50,97,484.0483093261719,344.504638671875,2919.0
50,98,173.30459594726562,405.7737121582031,3805.0
50,99,282.73065185546875,374.6917114257813,4700.0
50,100,270.02606201171875,495.808349609375,1842.0
50,101,0.0,0.0,0.0
50,102,0.0,0.0,0.0
50,103,383.20611572265625,496.7249450683594,1407.0
50,104,0.0,0.0,0.0
50,105,0.0,0.0,0.0
50,106,0.0,0.0,0.0
50,107,0.0,0.0,0.0
50,108,0.0,0.0,0.0
50,109,0.0,0.0,0.0
50,110,482.9706115722656,24.7751407623291,2655.0
50,111,501.0895080566406,308.79766845703125,771.0
50,112,0.0,0.0,0.0
50,113,0.0,0.0,0.0
50,114,495.7217712402344,175.4215850830078,2002.0
50,115,0.0,0.0,0.0
50,116,0.0,0.0,0.0
50,117,418.2003784179688,91.7633285522461,3583.0
50,118,497.6863098144531,459.1416320800781,1511.0
50,119,489.8196716308594,121.89264678955078,1891.0
50,120,0.0,0.0,0.0
50,121,0.0,0.0,0.0
50,122,0.0,0.0,0.0
50,123,0.0,0.0,0.0
50,124,0.0,0.0,0.0
50,125,194.44696044921875,161.36231994628906,3403.0
50,126,0.0,0.0,0.0
50,127,0.0,0.0,0.0
50,128,0.0,0.0,0.0
50,129,0.0,0.0,0.0
50,130,85.47877502441406,471.8584289550781,4217.0
50,131,387.5751953125,17.9908390045166,2620.0
50,132,0.0,0.0,0.0
50,133,0.0,0.0,0.0
50,134,0.0,0.0,0.0
50,135,0.0,0.0,0.0
50,136,13.921758651733398,272.25128173828125,1751.0
50,137,109.63577270507812,83.48702239990234,2158.0
50,138,187.0614624023437,12.599392890930176,1318.0
50,139,229.6137542724609,9.713583946228027,611.0
50,140,0.0,0.0,0.0
50,141,0.0,0.0,0.0
50,142,0.0,0.0,0.0
50,143,183.6813201904297,510.4175720214844,91.0
50,144,0.0,0.0,0.0
50,145,0.0,0.0,0.0
50,146,0.0,0.0,0.0
50,147,0.0,0.0,0.0
50,148,0.0,0.0,0.0
50,149,0.0,0.0,0.0
50,150,0.0,0.0,0.0
50,151,0.0,0.0,0.0
50,152,0.0,0.0,0.0
50,153,0.0,0.0,0.0
50,154,0.0,0.0,0.0
50,155,0.0,0.0,0.0
50,156,0.0,0.0,0.0
50,157,0.0,0.0,0.0
50,158,0.0,0.0,0.0
50,159,0.0,0.0,0.0
50,160,0.0,0.0,0.0
50,161,0.0,0.0,0.0
50,162,0.0,0.0,0.0
50,163,0.0,0.0,0.0
50,164,0.0,0.0,0.0
50,165,0.0,0.0,0.0
50,166,0.0,0.0,0.0
50,167,0.0,0.0,0.0
50,168,0.0,0.0,0.0
50,169,0.0,0.0,0.0
50,170,0.0,0.0,0.0
50,171,0.0,0.0,0.0
50,172,0.0,0.0,0.0
50,173,0.0,0.0,0.0
50,174,0.0,0.0,0.0
50,175,0.0,0.0,0.0
50,176,0.0,0.0,0.0
50,177,0.0,0.0,0.0
50,178,0.0,0.0,0.0
50,179,0.0,0.0,0.0
50,180,0.0,0.0,0.0
50,181,0.0,0.0,0.0
50,182,0.0,0.0,0.0
50,183,0.0,0.0,0.0
50,184,0.0,0.0,0.0
50,185,0.0,0.0,0.0
50,186,0.0,0.0,0.0
50,187,0.0,0.0,0.0
50,188,0.0,0.0,0.0
50,189,0.0,0.0,0.0
50,190,0.0,0.0,0.0
50,191,0.0,0.0,0.0
50,192,0.0,0.0,0.0
50,193,0.0,0.0,0.0
50,194,0.0,0.0,0.0
50,195,0.0,0.0,0.0
50,196,0.0,0.0,0.0
50,197,0.0,0.0,0.0
50,198,0.0,0.0,0.0
50,199,0.0,0.0,0.0
50,200,0.0,0.0,0.0
51,0,29.86100006103516,22.65487098693848,2741.0
51,1,85.45936584472656,48.6038932800293,4110.0
51,2,133.86102294921875,13.612152099609377,1547.0
51,3,0.0,0.0,0.0
51,4,441.28021240234375,9.16778564453125,596.0
51,5,166.8165283203125,58.97532272338867,3728.0
51,6,0.0,0.0,0.0
51,7,373.5262451171875,56.51474380493164,2001.0
51,8,0.0,0.0,0.0
51,9,431.9465026855469,40.47046661376953,1439.0
51,10,29.30698013305664,83.26063537597656,3668.0
51,11,466.361083984375,73.15821075439453,2642.0
51,12,13.54086685180664,134.36460876464844,1407.0
51,13,402.8721008300781,202.44821166992188,3534.0
51,14,449.7137451171875,166.8629913330078,4255.0
51,15,278.729736328125,228.21055603027344,1591.0
51,16,202.1000366210937,248.72462463378903,3399.0
51,17,371.4588317871094,241.2237091064453,2016.0
51,18,321.1549987792969,248.1492919921875,3684.0
51,19,440.8460693359375,265.1437072753906,5184.0
51,20,34.2314453125,297.6748046875,1024.0
51,21,90.28987884521484,315.9102478027344,1749.0
51,22,0.0,0.0,0.0
51,23,44.35489654541016,346.230224609375,5534.0
51,24,18.638124465942383,396.8318481445313,2581.0
51,25,0.0,0.0,0.0
51,26,212.5620880126953,41.58066940307617,1345.0
51,27,257.5072326660156,26.795917510986328,2352.0
51,28,314.61083984375,36.04240036010742,4764.0
51,29,197.4269561767578,103.19049072265624,3197.0
51,30,332.6569519042969,99.94629669189452,4320.0
51,31,271.7577209472656,126.02704620361328,2588.0
51,32,127.16848754882812,129.81005859375,4754.0
51,33,0.0,0.0,0.0
51,34,61.49047088623047,141.4088897705078,3935.0
51,35,407.1599731445313,136.05397033691406,2094.0
51,36,23.22907257080078,203.56642150878903,3990.0
51,37,353.7470703125,174.87586975097656,4286.0
51,38,252.52853393554688,265.7401123046875,2401.0
51,39,68.24224090576172,269.302978515625,2931.0
51,40,0.0,0.0,0.0
51,41,137.68389892578125,287.93878173828125,4508.0
51,42,211.27978515625,304.1517333984375,2913.0
51,43,137.19778442382812,350.1995849609375,4424.0
51,44,88.95059204101562,386.8906555175781,1518.0
51,45,50.51143264770508,421.087646484375,1312.0
51,46,79.96636962890625,421.8576354980469,892.0
51,47,253.8141326904297,84.84019470214844,3836.0
51,48,148.23995971679688,167.9891357421875,921.0
51,49,302.2201232910156,171.82177734375,3748.0
51,50,242.2061767578125,186.30230712890625,4598.0
51,51,84.80943298339844,205.72018432617188,5300.0
51,52,160.5953369140625,213.6951446533203,3687.0
51,53,120.92699432373048,240.46014404296875,1493.0
51,54,385.431884765625,286.4760437011719,2672.0
51,55,299.4878845214844,303.9883117675781,3425.0
51,56,178.3936309814453,304.6580505371094,503.0
51,57,356.4544372558594,320.95050048828125,3556.0
51,58,214.4424285888672,360.3013610839844,3700.0
51,59,330.8724975585937,415.3221435546875,149.0
51,60,121.69591522216795,414.2808227539063,2450.0
51,61,0.0,0.0,0.0
51,62,257.1747741699219,320.1947937011719,1848.0
51,63,429.4493713378906,339.72607421875,4297.0
51,64,327.8987121582031,347.7284545898437,464.0
51,65,231.93849182128903,438.2156982421875,5999.0
51,66,0.0,0.0,0.0
51,67,150.67495727539062,474.9079284667969,4941.0
51,68,300.4214782714844,447.4839782714844,4304.0
51,69,0.0,0.0,0.0
51,70,488.6124267578125,397.9756164550781,2544.0
51,71,0.0,0.0,0.0
51,72,21.98752212524414,469.8990478515625,3526.0
51,73,395.0231018066406,375.1872253417969,2382.0
51,74,340.9877319335937,383.9786376953125,2855.0
51,75,450.390380859375,421.2886962890625,4032.0
51,76,374.23443603515625,435.42724609375,5140.0
51,77,0.0,0.0,0.0
51,78,0.0,0.0,0.0
51,79,0.0,0.0,0.0
51,80,0.0,0.0,0.0
51,81,425.322021484375,474.2877807617188,3680.0
51,82,0.0,0.0,0.0
51,83,332.1514587402344,491.0347900390625,2357.0
51,84,0.0,0.0,0.0
51,85,373.0224914550781,118.46343994140624,889.0
51,86,0.0,0.0,0.0
51,87,483.466552734375,228.5380706787109,2810.0
51,88,0.0,0.0,0.0
51,89,477.47259521484375,492.3146057128906,2152.0
51,90,0.0,0.0,0.0
51,91,501.9859313964844,73.25,996.0
51,92,0.0,0.0,0.0
51,93,491.8571472167969,280.9289245605469,1407.0
51,94,83.0306625366211,10.413914680480955,848.0
51,95,0.0,0.0,0.0
51,96,0.0,0.0,0.0
51,97,484.4102783203125,344.4274597167969,2798.0
51,98,171.94166564941406,405.7689208984375,3908.0
51,99,282.183349609375,374.5041809082031,4663.0
51,100,268.9246520996094,496.0079040527344,1898.0
51,101,0.0,0.0,0.0
51,102,0.0,0.0,0.0
51,103,383.3005065917969,496.5108947753906,1421.0
51,104,0.0,0.0,0.0
51,105,0.0,0.0,0.0
51,106,0.0,0.0,0.0
51,107,0.0,0.0,0.0
51,108,0.0,0.0,0.0
51,109,0.0,0.0,0.0
51,110,483.2290344238281,23.824478149414062,2729.0
51,111,501.3009033203125,308.8924560546875,781.0
51,112,0.0,0.0,0.0
51,113,0.0,0.0,0.0
51,114,496.0478515625,176.57862854003906,1965.0
51,115,0.0,0.0,0.0
51,116,0.0,0.0,0.0
51,117,419.7648315429688,92.52505493164062,3891.0
51,118,497.4774169921875,459.3941650390625,1573.0
51,119,490.4285583496094,121.82090759277344,1932.0
51,120,0.0,0.0,0.0
51,121,0.0,0.0,0.0
51,122,0.0,0.0,0.0
51,123,0.0,0.0,0.0
51,124,0.0,0.0,0.0
51,125,194.5947113037109,160.92344665527344,3553.0
51,126,0.0,0.0,0.0
51,127,0.0,0.0,0.0
51,128,0.0,0.0,0.0
51,129,0.0,0.0,0.0
51,130,80.16921997070312,477.01568603515625,5159.0
51,131,388.9833984375,18.78744125366211,2771.0
51,132,0.0,0.0,0.0
51,133,0.0,0.0,0.0
51,134,0.0,0.0,0.0
51,135,0.0,0.0,0.0
51,136,14.146005630493164,272.8297424316406,1815.0
51,137,109.32280731201172,82.83672332763672,2407.0
51,138,186.7173614501953,13.143917083740234,1348.0
51,139,230.5421295166016,10.257022857666016,712.0
51,140,0.0,0.0,0.0
51,141,0.0,0.0,0.0
51,142,0.0,0.0,0.0
51,143,192.3963928222656,507.6907043457031,333.0
51,144,0.0,0.0,0.0
51,145,0.0,0.0,0.0
51,146,0.0,0.0,0.0
51,147,0.0,0.0,0.0
51,148,0.0,0.0,0.0
51,149,0.0,0.0,0.0
51,150,0.0,0.0,0.0
51,151,0.0,0.0,0.0
51,152,0.0,0.0,0.0
51,153,0.0,0.0,0.0
51,154,0.0,0.0,0.0
51,155,0.0,0.0,0.0
51,156,0.0,0.0,0.0
51,157,0.0,0.0,0.0
51,158,0.0,0.0,0.0
51,159,0.0,0.0,0.0
51,160,0.0,0.0,0.0
51,161,0.0,0.0,0.0
51,162,0.0,0.0,0.0
51,163,0.0,0.0,0.0
51,164,0.0,0.0,0.0
51,165,0.0,0.0,0.0
51,166,0.0,0.0,0.0
51,167,0.0,0.0,0.0
51,168,0.0,0.0,0.0
51,169,0.0,0.0,0.0
51,170,0.0,0.0,0.0
51,171,0.0,0.0,0.0
51,172,0.0,0.0,0.0
51,173,0.0,0.0,0.0
51,174,0.0,0.0,0.0
51,175,0.0,0.0,0.0
51,176,0.0,0.0,0.0
51,177,0.0,0.0,0.0
51,178,0.0,0.0,0.0
51,179,0.0,0.0,0.0
51,180,0.0,0.0,0.0
51,181,0.0,0.0,0.0
51,182,0.0,0.0,0.0
51,183,0.0,0.0,0.0
51,184,0.0,0.0,0.0
51,185,0.0,0.0,0.0
51,186,0.0,0.0,0.0
51,187,0.0,0.0,0.0
51,188,0.0,0.0,0.0
51,189,0.0,0.0,0.0
51,190,0.0,0.0,0.0
51,191,0.0,0.0,0.0
51,192,0.0,0.0,0.0
51,193,0.0,0.0,0.0
51,194,0.0,0.0,0.0
51,195,0.0,0.0,0.0
51,196,0.0,0.0,0.0
51,197,0.0,0.0,0.0
51,198,0.0,0.0,0.0
51,199,0.0,0.0,0.0
51,200,0.0,0.0,0.0
52,0,31.74901008605957,22.83289337158203,3028.0
52,1,86.33634185791016,48.68887710571289,3767.0
52,2,135.7793426513672,14.0260009765625,1423.0
52,3,0.0,0.0,0.0
52,4,442.51763916015625,8.612244606018066,539.0
52,5,167.26918029785156,58.85361099243164,3518.0
52,6,0.0,0.0,0.0
52,7,374.6911926269531,56.743412017822266,2011.0
52,8,0.0,0.0,0.0
52,9,434.0289306640625,39.36442565917969,1383.0
52,10,29.67076110839844,83.65634155273438,3745.0
52,11,467.3145751953125,71.94810485839844,2505.0
52,12,13.743448257446287,134.51171875,1450.0
52,13,402.6632080078125,201.6301727294922,3480.0
52,14,450.0933227539063,166.74891662597656,4361.0
52,15,278.6771850585937,225.4327392578125,1301.0
52,16,201.86251831054688,248.20269775390625,3266.0
52,17,372.0514526367188,241.4561920166016,2157.0
52,18,320.228515625,247.36036682128903,3921.0
52,19,440.5098876953125,264.1903991699219,5305.0
52,20,35.257415771484375,297.8325500488281,1045.0
52,21,89.81942749023438,314.52740478515625,1678.0
52,22,0.0,0.0,0.0
52,23,44.74813461303711,346.4970092773437,5495.0
52,24,18.859655380249023,397.2088012695313,2615.0
52,25,0.0,0.0,0.0
52,26,212.85379028320312,42.17601013183594,1409.0
52,27,258.9843139648437,26.96100425720215,2231.0
52,28,314.9667663574219,36.38935470581055,4903.0
52,29,197.9943084716797,102.30696105957033,3160.0
52,30,333.28045654296875,100.63872528076172,4318.0
52,31,271.2299499511719,125.8213882446289,2805.0
52,32,127.53690338134766,130.13380432128906,4783.0
52,33,0.0,0.0,0.0
52,34,61.58058547973633,142.14364624023438,3822.0
52,35,402.8492126464844,136.65103149414062,2089.0
52,36,22.802387237548828,203.905517578125,3937.0
52,37,353.5372009277344,174.34912109375,4179.0
52,38,252.8242645263672,264.6527099609375,2629.0
52,39,68.35614776611328,269.541015625,2791.0
52,40,0.0,0.0,0.0
52,41,137.81390380859375,287.9052429199219,4401.0
52,42,211.4630584716797,304.374267578125,2883.0
52,43,136.11361694335938,350.3114318847656,4489.0
52,44,88.34518432617188,387.3884887695313,1547.0
52,45,50.05361557006836,422.3704223632813,1231.0
52,46,79.19412231445312,422.1689453125,953.0
52,47,254.22412109375,83.93902587890625,3641.0
52,48,148.9450225830078,167.3711395263672,873.0
52,49,302.8588562011719,171.78089904785156,3592.0
52,50,243.07000732421875,187.4712829589844,4528.0
52,51,83.61260986328125,206.0037384033203,5346.0
52,52,160.24819946289062,213.4545440673828,3751.0
52,53,118.9706802368164,240.9444122314453,1637.0
52,54,386.62017822265625,286.7839050292969,2388.0
52,55,298.8089904785156,304.1654968261719,3408.0
52,56,178.35191345214844,304.67889404296875,682.0
52,57,355.8844299316406,319.723876953125,3712.0
52,58,214.023178100586,360.740966796875,3625.0
52,59,331.20269775390625,415.3513488769531,148.0
52,60,120.70160675048828,414.7259826660156,2299.0
52,61,0.0,0.0,0.0
52,62,256.1698608398437,320.01641845703125,1766.0
52,63,430.0407104492188,338.7569580078125,4275.0
52,64,326.546875,346.7760314941406,384.0
52,65,231.147705078125,437.8604736328125,5863.0
52,66,0.0,0.0,0.0
52,67,150.17112731933594,474.5745239257813,4938.0
52,68,300.4804077148437,448.0180358886719,4494.0
52,69,0.0,0.0,0.0
52,70,487.4671325683594,396.847412109375,2661.0
52,71,0.0,0.0,0.0
52,72,21.588830947875977,470.0494689941406,3456.0
52,73,394.9959716796875,373.8756408691406,2477.0
52,74,339.9697265625,383.5168151855469,3005.0
52,75,449.812744140625,421.2297973632813,3973.0
52,76,374.050048828125,435.366943359375,5156.0
52,77,0.0,0.0,0.0
52,78,0.0,0.0,0.0
52,79,0.0,0.0,0.0
52,80,0.0,0.0,0.0
52,81,425.1251220703125,474.1502075195313,3708.0
52,82,0.0,0.0,0.0
52,83,332.4217224121094,492.116943359375,2172.0
52,84,0.0,0.0,0.0
52,85,371.0552062988281,118.43375396728516,634.0
52,86,0.0,0.0,0.0
52,87,484.5030212402344,228.4574584960937,2656.0
52,88,0.0,0.0,0.0
52,89,477.1752624511719,492.3040466308594,2151.0
52,90,0.0,0.0,0.0
52,91,501.9778442382813,71.82074737548828,993.0
52,92,0.0,0.0,0.0
52,93,491.098388671875,280.9598388671875,1494.0
52,94,87.67093658447266,10.59829044342041,936.0
52,95,0.0,0.0,0.0
52,96,0.0,0.0,0.0
52,97,485.03411865234375,344.89459228515625,2609.0
52,98,170.85499572753906,405.6516418457031,3993.0
52,99,280.93768310546875,373.9661560058594,4670.0
52,100,267.1903686523437,495.906494140625,2096.0
52,101,0.0,0.0,0.0
52,102,0.0,0.0,0.0
52,103,382.6676025390625,496.4290771484375,1438.0
52,104,0.0,0.0,0.0
52,105,0.0,0.0,0.0
52,106,0.0,0.0,0.0
52,107,0.0,0.0,0.0
52,108,0.0,0.0,0.0
52,109,0.0,0.0,0.0
52,110,483.5058898925781,23.358741760253903,2637.0
52,111,500.789794921875,309.62115478515625,842.0
52,112,0.0,0.0,0.0
52,113,0.0,0.0,0.0
52,114,496.34661865234375,177.2758331298828,1907.0
52,115,0.0,0.0,0.0
52,116,0.0,0.0,0.0
52,117,422.1886596679688,93.79205322265624,4352.0
52,118,497.1935729980469,459.3742370605469,1622.0
52,119,491.7095336914063,121.81481170654295,1890.0
52,120,0.0,0.0,0.0
52,121,0.0,0.0,0.0
52,122,0.0,0.0,0.0
52,123,0.0,0.0,0.0
52,124,0.0,0.0,0.0
52,125,195.8153839111328,160.43890380859375,3732.0
52,126,0.0,0.0,0.0
52,127,0.0,0.0,0.0
52,128,0.0,0.0,0.0
52,129,0.0,0.0,0.0
52,130,79.73460388183594,477.2469482421875,5147.0
52,131,389.9779968261719,18.83304214477539,2863.0
52,132,0.0,0.0,0.0
52,133,0.0,0.0,0.0
52,134,0.0,0.0,0.0
52,135,0.0,0.0,0.0
52,136,14.157291412353516,274.48443603515625,1831.0
52,137,110.0333480834961,82.10956573486328,2729.0
52,138,186.17120361328125,13.573065757751465,1396.0
52,139,232.3080596923828,10.700237274169922,844.0
52,140,0.0,0.0,0.0
52,141,0.0,0.0,0.0
52,142,0.0,0.0,0.0
52,143,194.33474731445312,506.61865234375,472.0
52,144,0.0,0.0,0.0
52,145,0.0,0.0,0.0
52,146,0.0,0.0,0.0
52,147,0.0,0.0,0.0
52,148,0.0,0.0,0.0
52,149,0.0,0.0,0.0
52,150,0.0,0.0,0.0
52,151,0.0,0.0,0.0
52,152,0.0,0.0,0.0
52,153,0.0,0.0,0.0
52,154,0.0,0.0,0.0
52,155,0.0,0.0,0.0
52,156,0.0,0.0,0.0
52,157,0.0,0.0,0.0
52,158,0.0,0.0,0.0
52,159,0.0,0.0,0.0
52,160,0.0,0.0,0.0
52,161,0.0,0.0,0.0
52,162,0.0,0.0,0.0
52,163,0.0,0.0,0.0
52,164,0.0,0.0,0.0
52,165,0.0,0.0,0.0
52,166,0.0,0.0,0.0
52,167,0.0,0.0,0.0
52,168,0.0,0.0,0.0
52,169,0.0,0.0,0.0
52,170,0.0,0.0,0.0
52,171,0.0,0.0,0.0
52,172,0.0,0.0,0.0
52,173,0.0,0.0,0.0
52,174,0.0,0.0,0.0
52,175,0.0,0.0,0.0
52,176,0.0,0.0,0.0
52,177,0.0,0.0,0.0
52,178,0.0,0.0,0.0
52,179,0.0,0.0,0.0
52,180,0.0,0.0,0.0
52,181,0.0,0.0,0.0
52,182,0.0,0.0,0.0
52,183,0.0,0.0,0.0
52,184,0.0,0.0,0.0
52,185,0.0,0.0,0.0
52,186,0.0,0.0,0.0
52,187,0.0,0.0,0.0
52,188,0.0,0.0,0.0
52,189,0.0,0.0,0.0
52,190,0.0,0.0,0.0
52,191,0.0,0.0,0.0
52,192,0.0,0.0,0.0
52,193,0.0,0.0,0.0
52,194,0.0,0.0,0.0
52,195,0.0,0.0,0.0
52,196,0.0,0.0,0.0
52,197,0.0,0.0,0.0
52,198,0.0,0.0,0.0
52,199,0.0,0.0,0.0
52,200,0.0,0.0,0.0
53,0,32.16747283935547,22.79355812072754,3105.0
53,1,86.04229736328125,48.55072784423828,3499.0
53,2,136.76296997070312,14.68155574798584,1388.0
53,3,0.0,0.0,0.0
53,4,443.27154541015625,8.030172348022461,464.0
53,5,168.7789306640625,58.82839584350586,3275.0
53,6,0.0,0.0,0.0
53,7,375.629638671875,57.50051498413086,1944.0
53,8,0.0,0.0,0.0
53,9,435.4925842285156,38.580326080322266,1413.0
53,10,29.975435256958008,83.99022674560547,3786.0
53,11,468.25634765625,71.50321960449219,2329.0
53,12,13.9993257522583,134.73585510253906,1484.0
53,13,402.3733215332031,201.21295166015625,3367.0
53,14,450.1275939941406,166.6407012939453,4467.0
53,15,278.5397644042969,224.9588928222656,1119.0
53,16,201.8287811279297,248.1078186035156,3107.0
53,17,372.085693359375,241.7298889160156,2299.0
53,18,319.2901306152344,247.1119079589844,4057.0
53,19,439.7727661132813,263.148681640625,5347.0
53,20,34.85288619995117,298.8957214355469,1074.0
53,21,89.39005279541016,315.0143737792969,1669.0
53,22,0.0,0.0,0.0
53,23,44.2515983581543,347.3517150878906,5473.0
53,24,18.74951362609864,397.8001708984375,2567.0
53,25,0.0,0.0,0.0
53,26,212.6613006591797,42.69908905029297,1429.0
53,27,260.1490478515625,26.097530364990234,2348.0
53,28,315.8097839355469,36.9736328125,4968.0
53,29,197.86578369140625,102.44523620605467,3077.0
53,30,332.9807434082031,100.22454833984376,4155.0
53,31,270.44537353515625,125.788330078125,3085.0
53,32,127.70500946044922,131.29771423339844,4773.0
53,33,0.0,0.0,0.0
53,34,61.316368103027344,142.67613220214844,3733.0
53,35,403.1349792480469,139.5540008544922,1778.0
53,36,22.56313133239746,204.25279235839844,3857.0
53,37,353.58984375,175.63916015625,3974.0
53,38,252.856689453125,264.7183532714844,2812.0
53,39,68.64997863769531,271.387939453125,2637.0
53,40,0.0,0.0,0.0
53,41,137.6410369873047,291.3907165527344,3875.0
53,42,208.46766662597656,304.7840270996094,3278.0
53,43,135.7069549560547,350.7563171386719,4559.0
53,44,87.84503173828125,387.5635681152344,1510.0
53,45,49.23656845092773,422.7755737304688,1154.0
53,46,77.49266815185547,423.1378173828125,1023.0
53,47,254.02427673339844,83.21216583251953,3502.0
53,48,149.7322540283203,166.65130615234375,803.0
53,49,303.5712280273437,172.00848388671875,3538.0
53,50,243.8013916015625,188.76641845703125,4461.0
53,51,82.29190826416016,206.7586212158203,5423.0
53,52,160.6004180908203,213.2428131103516,3859.0
53,53,120.75830841064452,244.5750274658203,2226.0
53,54,387.3371887207031,286.9861145019531,2162.0
53,55,298.5938720703125,305.515625,3361.0
53,56,174.6199951171875,302.156005859375,500.0
53,57,356.0209350585937,318.02252197265625,3728.0
53,58,214.176025390625,362.0473937988281,3545.0
53,59,330.8922119140625,418.4850158691406,334.0
53,60,119.45350646972656,415.8404541015625,2269.0
53,61,0.0,0.0,0.0
53,62,255.929931640625,321.3394470214844,1741.0
53,63,430.4240112304688,337.7418212890625,4191.0
53,64,327.5673217773437,343.89111328125,349.0
53,65,231.157455444336,438.2028198242188,5665.0
53,66,0.0,0.0,0.0
53,67,149.57093811035156,475.042724609375,4962.0
53,68,299.4125671386719,449.2148742675781,4426.0
53,69,0.0,0.0,0.0
53,70,487.6837768554688,395.5030212402344,2650.0
53,71,0.0,0.0,0.0
53,72,21.35344123840332,470.09954833984375,3415.0
53,73,394.7247924804688,372.6964416503906,2609.0
53,74,338.8291320800781,382.87744140625,3207.0
53,75,449.95556640625,420.172119140625,4096.0
53,76,374.3635864257813,435.7879333496094,5088.0
53,77,0.0,0.0,0.0
53,78,0.0,0.0,0.0
53,79,0.0,0.0,0.0
53,80,0.0,0.0,0.0
53,81,424.8079528808594,474.37603759765625,3723.0
53,82,0.0,0.0,0.0
53,83,332.0755310058594,492.650146484375,2118.0
53,84,0.0,0.0,0.0
53,85,370.3940734863281,120.62836456298828,1114.0
53,86,0.0,0.0,0.0
53,87,485.2716064453125,228.26400756835932,2500.0
53,88,0.0,0.0,0.0
53,89,476.9046630859375,492.1271362304688,2171.0
53,90,0.0,0.0,0.0
53,91,501.8291015625,69.69921875,1024.0
53,92,0.0,0.0,0.0
53,93,489.7082214355469,280.8650207519531,1652.0
53,94,89.99247741699219,11.30385684967041,1063.0
53,95,0.0,0.0,0.0
53,96,0.0,0.0,0.0
53,97,485.5018005371094,344.63116455078125,2489.0
53,98,170.55384826660156,406.3490295410156,4160.0
53,99,280.13385009765625,374.4692077636719,4580.0
53,100,266.4971008300781,495.5299682617188,2068.0
53,101,0.0,0.0,0.0
53,102,0.0,0.0,0.0
53,103,381.9097900390625,496.1916198730469,1430.0
53,104,0.0,0.0,0.0
53,105,0.0,0.0,0.0
53,106,0.0,0.0,0.0
53,107,0.0,0.0,0.0
53,108,0.0,0.0,0.0
53,109,0.0,0.0,0.0
53,110,483.2361755371094,22.67916488647461,2587.0
53,111,501.0280151367188,309.2672119140625,857.0
53,112,0.0,0.0,0.0
53,113,0.0,0.0,0.0
53,114,496.4127807617188,178.46054077148438,1863.0
53,115,0.0,0.0,0.0
53,116,0.0,0.0,0.0
53,117,423.3904113769531,93.9231948852539,4531.0
53,118,496.9028015136719,459.35296630859375,1646.0
53,119,492.0101318359375,121.82817840576172,1973.0
53,120,0.0,0.0,0.0
53,121,0.0,0.0,0.0
53,122,0.0,0.0,0.0
53,123,0.0,0.0,0.0
53,124,0.0,0.0,0.0
53,125,196.4244079589844,160.45643615722656,3810.0
53,126,0.0,0.0,0.0
53,127,0.0,0.0,0.0
53,128,0.0,0.0,0.0
53,129,0.0,0.0,0.0
53,130,79.01129913330078,477.7209167480469,5045.0
53,131,390.731201171875,19.266077041625977,2939.0
53,132,0.0,0.0,0.0
53,133,0.0,0.0,0.0
53,134,0.0,0.0,0.0
53,135,0.0,0.0,0.0
53,136,14.586630821228027,274.2572326660156,1870.0
53,137,111.52747344970705,81.57456970214844,3185.0
53,138,185.4792633056641,13.940969467163086,1423.0
53,139,231.2407684326172,11.09177589416504,839.0
53,140,0.0,0.0,0.0
53,141,0.0,0.0,0.0
53,142,0.0,0.0,0.0
53,143,194.06431579589844,506.0788269042969,482.0
53,144,0.0,0.0,0.0
53,145,0.0,0.0,0.0
53,146,0.0,0.0,0.0
53,147,0.0,0.0,0.0
53,148,0.0,0.0,0.0
53,149,0.0,0.0,0.0
53,150,0.0,0.0,0.0
53,151,0.0,0.0,0.0
53,152,0.0,0.0,0.0
53,153,0.0,0.0,0.0
53,154,0.0,0.0,0.0
53,155,0.0,0.0,0.0
53,156,0.0,0.0,0.0
53,157,0.0,0.0,0.0
53,158,0.0,0.0,0.0
53,159,0.0,0.0,0.0
53,160,0.0,0.0,0.0
53,161,0.0,0.0,0.0
53,162,0.0,0.0,0.0
53,163,0.0,0.0,0.0
53,164,0.0,0.0,0.0
53,165,0.0,0.0,0.0
53,166,0.0,0.0,0.0
53,167,0.0,0.0,0.0
53,168,0.0,0.0,0.0
53,169,0.0,0.0,0.0
53,170,0.0,0.0,0.0
53,171,0.0,0.0,0.0
53,172,0.0,0.0,0.0
53,173,0.0,0.0,0.0
53,174,0.0,0.0,0.0
53,175,0.0,0.0,0.0
53,176,0.0,0.0,0.0
53,177,0.0,0.0,0.0
53,178,0.0,0.0,0.0
53,179,0.0,0.0,0.0
53,180,0.0,0.0,0.0
53,181,0.0,0.0,0.0
53,182,0.0,0.0,0.0
53,183,0.0,0.0,0.0
53,184,0.0,0.0,0.0
53,185,0.0,0.0,0.0
53,186,0.0,0.0,0.0
53,187,0.0,0.0,0.0
53,188,0.0,0.0,0.0
53,189,0.0,0.0,0.0
53,190,0.0,0.0,0.0
53,191,0.0,0.0,0.0
53,192,0.0,0.0,0.0
53,193,0.0,0.0,0.0
53,194,0.0,0.0,0.0
53,195,0.0,0.0,0.0
53,196,0.0,0.0,0.0
53,197,0.0,0.0,0.0
53,198,0.0,0.0,0.0
53,199,0.0,0.0,0.0
53,200,0.0,0.0,0.0
54,0,33.31003189086914,23.44712257385254,3319.0
54,1,85.9382553100586,47.415435791015625,2980.0
54,2,136.890869140625,15.340228080749512,1402.0
54,3,0.0,0.0,0.0
54,4,444.0494079589844,7.430588245391846,425.0
54,5,169.33599853515625,58.9262924194336,3134.0
54,6,0.0,0.0,0.0
54,7,376.0306091308594,58.43794250488281,1829.0
54,8,0.0,0.0,0.0
54,9,437.174072265625,38.3918342590332,1396.0
54,10,30.839719772338867,84.81926727294922,3862.0
54,11,470.0501708984375,70.92874145507812,2133.0
54,12,14.11424732208252,135.48655700683594,1488.0
54,13,402.6171569824219,200.7181701660156,3346.0
54,14,451.1843566894531,167.0977325439453,4502.0
54,15,280.5206604003906,223.46319580078125,1114.0
54,16,201.754135131836,248.3993225097656,2965.0
54,17,372.67388916015625,241.6644744873047,2441.0
54,18,319.0627746582031,247.2314910888672,4078.0
54,19,440.28076171875,262.3928527832031,5371.0
54,20,35.722068786621094,300.4995422363281,1083.0
54,21,89.20170593261719,315.0042724609375,1641.0
54,22,0.0,0.0,0.0
54,23,44.47612762451172,348.40460205078125,5341.0
54,24,18.951248168945312,398.7051696777344,2605.0
54,25,0.0,0.0,0.0
54,26,212.31027221679688,43.38225173950195,1431.0
54,27,256.8941955566406,30.36720848083496,1909.0
54,28,314.6784973144531,39.72967529296875,4846.0
54,29,197.6511993408203,102.10260772705078,2953.0
54,30,332.8004150390625,99.3706283569336,3888.0
54,31,269.8404235839844,125.4477310180664,3415.0
54,32,128.16766357421875,131.88314819335938,4861.0
54,33,0.0,0.0,0.0
54,34,61.3535041809082,143.40283203125,3669.0
54,35,403.9017333984375,140.83815002441406,1730.0
54,36,21.97426986694336,204.1551818847656,3731.0
54,37,353.77764892578125,178.58787536621094,3562.0
54,38,252.57223510742188,265.2196655273437,3032.0
54,39,68.12045288085938,272.36676025390625,2582.0
54,40,0.0,0.0,0.0
54,41,137.20587158203125,292.4844970703125,3614.0
54,42,208.56802368164065,306.4531555175781,3308.0
54,43,135.2265167236328,350.9112548828125,4653.0
54,44,86.9408187866211,388.2442321777344,1470.0
54,45,49.13396072387695,423.4066162109375,1060.0
54,46,76.81401824951172,422.8042907714844,1027.0
54,47,253.5129547119141,82.5068588256836,3279.0
54,48,148.98890686035156,167.7891845703125,721.0
54,49,304.6011657714844,171.49432373046875,3435.0
54,50,244.30519104003903,189.7740478515625,4430.0
54,51,80.9864730834961,207.44737243652344,5472.0
54,52,160.92388916015625,213.81358337402344,3889.0
54,53,120.74880981445312,246.01937866210932,2528.0
54,54,387.9583129882813,286.8851318359375,2063.0
54,55,298.1428527832031,306.6521301269531,3395.0
54,56,174.88888549804688,301.4274597167969,648.0
54,57,354.9147033691406,317.8806457519531,3904.0
54,58,214.4430694580078,363.3865661621094,3381.0
54,59,332.0662841796875,420.6224670410156,347.0
54,60,117.02099609375,416.57568359375,2048.0
54,61,0.0,0.0,0.0
54,62,255.3856201171875,322.8592834472656,1613.0
54,63,430.7037353515625,337.2290344238281,4209.0
54,64,0.0,0.0,0.0
54,65,230.5584716796875,438.337158203125,5567.0
54,66,0.0,0.0,0.0
54,67,148.70263671875,475.0016174316406,4967.0
54,68,299.55206298828125,449.7219543457031,4485.0
54,69,0.0,0.0,0.0
54,70,487.5154418945313,395.1819763183594,2654.0
54,71,0.0,0.0,0.0
54,72,21.193384170532227,470.2249755859375,3356.0
54,73,395.0052185058594,372.3576354980469,2687.0
54,74,337.7967529296875,381.2620239257813,3557.0
54,75,450.1055908203125,420.456298828125,4063.0
54,76,374.57122802734375,436.1207885742188,5033.0
54,77,0.0,0.0,0.0
54,78,0.0,0.0,0.0
54,79,0.0,0.0,0.0
54,80,0.0,0.0,0.0
54,81,424.7545166015625,474.2265319824219,3752.0
54,82,0.0,0.0,0.0
54,83,332.5259094238281,493.3744201660156,1987.0
54,84,0.0,0.0,0.0
54,85,365.4451599121094,125.16419982910156,1687.0
54,86,0.0,0.0,0.0
54,87,486.548583984375,227.63442993164065,2295.0
54,88,0.0,0.0,0.0
54,89,476.9273681640625,492.2834777832031,2120.0
54,90,0.0,0.0,0.0
54,91,502.2070007324219,69.28025817871094,942.0
54,92,0.0,0.0,0.0
54,93,489.2400817871094,280.4461975097656,1766.0
54,94,91.70500946044922,11.986084938049316,1078.0
54,95,0.0,0.0,0.0
54,96,0.0,0.0,0.0
54,97,485.7697143554688,345.0598449707031,2423.0
54,98,168.70919799804688,406.6783142089844,4405.0
54,99,279.2360534667969,375.01904296875,4571.0
54,100,266.9442443847656,495.3397521972656,2134.0
54,101,0.0,0.0,0.0
54,102,0.0,0.0,0.0
54,103,381.8582458496094,496.29046630859375,1439.0
54,104,0.0,0.0,0.0
54,105,0.0,0.0,0.0
54,106,0.0,0.0,0.0
54,107,0.0,0.0,0.0
54,108,0.0,0.0,0.0
54,109,0.0,0.0,0.0
54,110,483.6306762695313,22.944101333618164,2594.0
54,111,500.7154235839844,309.3214416503906,868.0
54,112,0.0,0.0,0.0
54,113,0.0,0.0,0.0
54,114,496.7910461425781,178.48866271972656,1809.0
54,115,0.0,0.0,0.0
54,116,0.0,0.0,0.0
54,117,425.3742065429688,93.91365051269533,4829.0
54,118,496.8315734863281,459.3398132324219,1698.0
54,119,493.0652770996094,121.35822296142578,1915.0
54,120,0.0,0.0,0.0
54,121,0.0,0.0,0.0
54,122,0.0,0.0,0.0
54,123,0.0,0.0,0.0
54,124,0.0,0.0,0.0
54,125,196.4480133056641,160.46961975097656,3982.0
54,126,0.0,0.0,0.0
54,127,0.0,0.0,0.0
54,128,0.0,0.0,0.0
54,129,0.0,0.0,0.0
54,130,78.23851013183594,477.7803955078125,5027.0
54,131,391.6295776367188,19.936426162719727,3083.0
54,132,0.0,0.0,0.0
54,133,0.0,0.0,0.0
54,134,0.0,0.0,0.0
54,135,0.0,0.0,0.0
54,136,14.661765098571776,275.83416748046875,1972.0
54,137,110.98748779296876,80.27912139892578,3597.0
54,138,185.0326995849609,14.043596267700195,1468.0
54,139,232.8568572998047,12.178431510925291,1020.0
54,140,286.3165588378906,5.828402519226074,338.0
54,141,342.8044128417969,5.022140026092529,271.0
54,142,0.0,0.0,0.0
54,143,194.42465209960932,506.24853515625,511.0
54,144,0.0,0.0,0.0
54,145,0.0,0.0,0.0
54,146,0.0,0.0,0.0
54,147,0.0,0.0,0.0
54,148,0.0,0.0,0.0
54,149,0.0,0.0,0.0
54,150,0.0,0.0,0.0
54,151,0.0,0.0,0.0
54,152,0.0,0.0,0.0
54,153,0.0,0.0,0.0
54,154,0.0,0.0,0.0
54,155,0.0,0.0,0.0
54,156,0.0,0.0,0.0
54,157,0.0,0.0,0.0
54,158,0.0,0.0,0.0
54,159,0.0,0.0,0.0
54,160,0.0,0.0,0.0
54,161,0.0,0.0,0.0
54,162,0.0,0.0,0.0
54,163,0.0,0.0,0.0
54,164,0.0,0.0,0.0
54,165,0.0,0.0,0.0
54,166,0.0,0.0,0.0
54,167,0.0,0.0,0.0
54,168,0.0,0.0,0.0
54,169,0.0,0.0,0.0
54,170,0.0,0.0,0.0
54,171,0.0,0.0,0.0
54,172,0.0,0.0,0.0
54,173,0.0,0.0,0.0
54,174,0.0,0.0,0.0
54,175,0.0,0.0,0.0
54,176,0.0,0.0,0.0
54,177,0.0,0.0,0.0
54,178,0.0,0.0,0.0
54,179,0.0,0.0,0.0
54,180,0.0,0.0,0.0
54,181,0.0,0.0,0.0
54,182,0.0,0.0,0.0
54,183,0.0,0.0,0.0
54,184,0.0,0.0,0.0
54,185,0.0,0.0,0.0
54,186,0.0,0.0,0.0
54,187,0.0,0.0,0.0
54,188,0.0,0.0,0.0
54,189,0.0,0.0,0.0
54,190,0.0,0.0,0.0
54,191,0.0,0.0,0.0
54,192,0.0,0.0,0.0
54,193,0.0,0.0,0.0
54,194,0.0,0.0,0.0
54,195,0.0,0.0,0.0
54,196,0.0,0.0,0.0
54,197,0.0,0.0,0.0
54,198,0.0,0.0,0.0
54,199,0.0,0.0,0.0
54,200,0.0,0.0,0.0
55,0,33.91000747680664,24.1820011138916,3467.0
55,1,86.0971908569336,46.65381622314453,2490.0
55,2,136.8024444580078,15.96264362335205,1392.0
55,3,0.0,0.0,0.0
55,4,445.848388671875,6.93586015701294,343.0
55,5,171.26731872558594,59.20040512084961,2974.0
55,6,0.0,0.0,0.0
55,7,376.1485900878906,59.60023498535156,1696.0
55,8,0.0,0.0,0.0
55,9,438.8655395507813,37.6230697631836,1361.0
55,10,31.47674369812012,85.85565948486328,3956.0
55,11,471.1238098144531,70.35472106933594,1979.0
55,12,14.306068420410156,135.9960479736328,1516.0
55,13,402.14556884765625,200.4282989501953,3215.0
55,14,451.6103515625,167.32325744628906,4563.0
55,15,282.0083312988281,221.9657745361328,1081.0
55,16,201.6988067626953,248.5154571533203,2945.0
55,17,373.4346008300781,241.6079559326172,2515.0
55,18,319.1476745605469,247.39682006835932,4158.0
55,19,440.3215942382813,261.3704833984375,5401.0
55,20,36.08707427978516,301.3868103027344,1091.0
55,21,88.31290435791016,314.7770080566406,1713.0
55,22,0.0,0.0,0.0
55,23,43.48633193969727,349.4555358886719,5194.0
55,24,18.949119567871094,400.3431396484375,2614.0
55,25,0.0,0.0,0.0
55,26,212.7367248535156,44.14295959472656,1413.0
55,27,257.37115478515625,31.563596725463867,1824.0
55,28,314.8334045410156,40.68169021606445,4904.0
55,29,197.75991821289065,102.33888244628906,2824.0
55,30,332.76318359375,98.95480346679688,3695.0
55,31,269.6615295410156,125.60169982910156,3643.0
55,32,128.23382568359375,132.49722290039062,4867.0
55,33,0.0,0.0,0.0
55,34,61.08726501464844,144.41598510742188,3541.0
55,35,405.8686828613281,143.57373046875,1485.0
55,36,21.27129364013672,204.99169921875,3616.0
55,37,353.4516906738281,181.21844482421875,3177.0
55,38,252.73194885253903,264.7764587402344,3145.0
55,39,67.80754852294922,273.6686096191406,2411.0
55,40,0.0,0.0,0.0
55,41,136.422607421875,292.707763671875,3521.0
55,42,208.1544189453125,306.5561828613281,3400.0
55,43,134.41336059570312,351.3331298828125,4761.0
55,44,85.67781066894531,388.2546691894531,1496.0
55,45,48.5102424621582,425.5873107910156,1025.0
55,46,76.52611541748047,422.77777099609375,1053.0
55,47,253.59259033203125,82.1676254272461,3132.0
55,48,149.1521759033203,167.87826538085938,690.0
55,49,305.4634094238281,171.47650146484375,3362.0
55,50,244.92935180664065,190.5874481201172,4317.0
55,51,79.38911437988281,208.0714111328125,5587.0
55,52,160.7852325439453,214.1604461669922,3995.0
55,53,119.80355072021484,245.9259490966797,2647.0
55,54,388.5751037597656,286.8796081542969,1977.0
55,55,297.6888122558594,307.39019775390625,3342.0
55,56,173.62986755371094,303.7387390136719,643.0
55,57,354.74053955078125,317.19903564453125,3939.0
55,58,213.9908905029297,363.48345947265625,3293.0
55,59,332.6111145019531,418.5777893066406,360.0
55,60,115.56819152832033,417.2411804199219,1899.0
55,61,0.0,0.0,0.0
55,62,254.9581756591797,322.7750244140625,1578.0
55,63,431.5841979980469,336.5945129394531,4264.0
55,64,0.0,0.0,0.0
55,65,229.9916839599609,437.7849426269531,5529.0
55,66,0.0,0.0,0.0
55,67,147.97479248046875,474.6185302734375,4918.0
55,68,299.33697509765625,450.3236083984375,4561.0
55,69,0.0,0.0,0.0
55,70,487.4720764160156,394.2654724121094,2667.0
55,71,0.0,0.0,0.0
55,72,20.8552303314209,470.9679260253906,3212.0
55,73,394.8817138671875,371.8530578613281,2790.0
55,74,337.1905212402344,380.8083801269531,3585.0
55,75,449.9431457519531,419.7535705566406,4046.0
55,76,374.0504455566406,436.3980712890625,5014.0
55,77,0.0,0.0,0.0
55,78,0.0,0.0,0.0
55,79,0.0,0.0,0.0
55,80,0.0,0.0,0.0
55,81,424.4693908691406,473.75091552734375,3790.0
55,82,0.0,0.0,0.0
55,83,333.0519104003906,493.867919921875,1946.0
55,84,0.0,0.0,0.0
55,85,366.3132934570313,128.27853393554688,2330.0
55,86,0.0,0.0,0.0
55,87,487.2308654785156,227.5467071533203,2248.0
55,88,0.0,0.0,0.0
55,89,476.0795593261719,492.0946350097656,2124.0
55,90,0.0,0.0,0.0
55,91,502.3013000488281,68.97489166259766,916.0
55,92,0.0,0.0,0.0
55,93,488.4048767089844,281.26715087890625,1808.0
55,94,92.8434066772461,12.887660026550291,1175.0
55,95,0.0,0.0,0.0
55,96,0.0,0.0,0.0
55,97,486.5912170410156,345.6862487792969,2231.0
55,98,167.413330078125,406.950439453125,4500.0
55,99,278.6510009765625,375.2024536132813,4579.0
55,100,266.3686828613281,495.3723449707031,2178.0
55,101,0.0,0.0,0.0
55,102,0.0,0.0,0.0
55,103,381.9367370605469,496.2253112792969,1407.0
55,104,0.0,0.0,0.0
55,105,0.0,0.0,0.0
55,106,0.0,0.0,0.0
55,107,0.0,0.0,0.0
55,108,0.0,0.0,0.0
55,109,0.0,0.0,0.0
55,110,483.9371643066406,22.92048072814941,2578.0
55,111,500.7181701660156,309.57672119140625,919.0
55,112,0.0,0.0,0.0
55,113,0.0,0.0,0.0
55,114,497.2574768066406,179.3173065185547,1705.0
55,115,0.0,0.0,0.0
55,116,0.0,0.0,0.0
55,117,427.1061401367188,94.12076568603516,5134.0
55,118,496.5809326171875,459.6328125,1773.0
55,119,493.9171142578125,121.72175598144533,1894.0
55,120,0.0,0.0,0.0
55,121,0.0,0.0,0.0
55,122,0.0,0.0,0.0
55,123,0.0,0.0,0.0
55,124,0.0,0.0,0.0
55,125,197.0511016845703,160.27378845214844,4109.0
55,126,0.0,0.0,0.0
55,127,0.0,0.0,0.0
55,128,0.0,0.0,0.0
55,129,0.0,0.0,0.0
55,130,77.78673553466797,478.1278381347656,5022.0
55,131,393.6467590332031,20.819963455200195,3216.0
55,132,0.0,0.0,0.0
55,133,0.0,0.0,0.0
55,134,0.0,0.0,0.0
55,135,0.0,0.0,0.0
55,136,15.00204086303711,276.81787109375,1960.0
55,137,111.30235290527344,79.13855743408203,4121.0
55,138,184.0770721435547,14.496706008911133,1518.0
55,139,233.1641845703125,13.048908233642578,1145.0
55,140,285.33624267578125,5.888888835906982,342.0
55,141,343.6271667480469,6.330864429473877,405.0
55,142,0.0,0.0,0.0
55,143,191.9633636474609,505.8608093261719,546.0
55,144,0.0,0.0,0.0
55,145,0.0,0.0,0.0
55,146,0.0,0.0,0.0
55,147,0.0,0.0,0.0
55,148,0.0,0.0,0.0
55,149,0.0,0.0,0.0
55,150,0.0,0.0,0.0
55,151,0.0,0.0,0.0
55,152,0.0,0.0,0.0
55,153,0.0,0.0,0.0
55,154,0.0,0.0,0.0
55,155,0.0,0.0,0.0
55,156,0.0,0.0,0.0
55,157,0.0,0.0,0.0
55,158,0.0,0.0,0.0
55,159,0.0,0.0,0.0
55,160,0.0,0.0,0.0
55,161,0.0,0.0,0.0
55,162,0.0,0.0,0.0
55,163,0.0,0.0,0.0
55,164,0.0,0.0,0.0
55,165,0.0,0.0,0.0
55,166,0.0,0.0,0.0
55,167,0.0,0.0,0.0
55,168,0.0,0.0,0.0
55,169,0.0,0.0,0.0
55,170,0.0,0.0,0.0
55,171,0.0,0.0,0.0
55,172,0.0,0.0,0.0
55,173,0.0,0.0,0.0
55,174,0.0,0.0,0.0
55,175,0.0,0.0,0.0
55,176,0.0,0.0,0.0
55,177,0.0,0.0,0.0
55,178,0.0,0.0,0.0
55,179,0.0,0.0,0.0
55,180,0.0,0.0,0.0
55,181,0.0,0.0,0.0
55,182,0.0,0.0,0.0
55,183,0.0,0.0,0.0
55,184,0.0,0.0,0.0
55,185,0.0,0.0,0.0
55,186,0.0,0.0,0.0
55,187,0.0,0.0,0.0
55,188,0.0,0.0,0.0
55,189,0.0,0.0,0.0
55,190,0.0,0.0,0.0
55,191,0.0,0.0,0.0
55,192,0.0,0.0,0.0
55,193,0.0,0.0,0.0
55,194,0.0,0.0,0.0
55,195,0.0,0.0,0.0
55,196,0.0,0.0,0.0
55,197,0.0,0.0,0.0
55,198,0.0,0.0,0.0
55,199,0.0,0.0,0.0
55,200,0.0,0.0,0.0
56,0,34.17061996459961,24.224349975585938,3499.0
56,1,85.6781005859375,47.0859489440918,2420.0
56,2,137.37948608398438,15.898900985717772,1365.0
56,3,0.0,0.0,0.0
56,4,446.7357482910156,6.78978967666626,333.0
56,5,171.67613220214844,59.95281982421875,2819.0
56,6,0.0,0.0,0.0
56,7,376.8280944824219,60.72459411621094,1594.0
56,8,0.0,0.0,0.0
56,9,440.7664489746094,37.41471862792969,1413.0
56,10,31.7672119140625,86.77241516113281,4038.0
56,11,472.65966796875,70.212158203125,1810.0
56,12,14.501593589782717,137.29063415527344,1569.0
56,13,401.7082824707031,199.92857360839844,3164.0
56,14,452.6158142089844,167.74191284179688,4576.0
56,15,282.5775451660156,220.6186065673828,1096.0
56,16,201.14781188964844,249.29527282714844,2855.0
56,17,373.0913696289063,242.02200317382807,2681.0
56,18,318.3829345703125,247.5596618652344,4199.0
56,19,440.2288208007813,260.5833740234375,5511.0
56,20,36.35346984863281,301.6239929199219,1109.0
56,21,88.20292663574219,315.0841979980469,1710.0
56,22,0.0,0.0,0.0
56,23,42.73422622680664,349.7138366699219,5151.0
56,24,19.009334564208984,400.5974426269531,2571.0
56,25,0.0,0.0,0.0
56,26,211.69876098632807,44.56877517700195,1454.0
56,27,255.36578369140625,35.49745559692383,1572.0
56,28,315.35943603515625,41.54739761352539,4916.0
56,29,198.2045135498047,101.87991333007812,2748.0
56,30,332.7063293457031,98.31350708007812,3531.0
56,31,269.3879089355469,125.55187225341795,3952.0
56,32,128.1121368408203,134.39732360839844,4860.0
56,33,0.0,0.0,0.0
56,34,60.93179702758789,144.93389892578125,3343.0
56,35,406.7864074707031,145.09756469726562,1517.0
56,36,20.97578811645508,205.7494354248047,3552.0
56,37,353.15020751953125,181.9218139648437,2929.0
56,38,252.5912628173828,265.3888854980469,3271.0
56,39,67.58039855957031,274.307373046875,2388.0
56,40,0.0,0.0,0.0
56,41,136.3794403076172,293.9501037597656,3326.0
56,42,206.4262237548828,307.274658203125,3721.0
56,43,134.20016479492188,351.467041015625,4796.0
56,44,85.0873031616211,387.9649353027344,1512.0
56,45,47.47657775878906,426.0325927734375,982.0
56,46,76.205078125,422.5816650390625,1102.0
56,47,253.8358764648437,81.65312957763672,2955.0
56,48,149.53219604492188,167.9169464111328,590.0
56,49,306.3987121582031,171.84750366210938,3233.0
56,50,245.28091430664065,191.6148834228516,4261.0
56,51,78.35408020019531,208.16883850097656,5544.0
56,52,160.76193237304688,214.0009765625,4066.0
56,53,119.75489807128906,247.0752868652344,2909.0
56,54,389.117431640625,287.69049072265625,1848.0
56,55,296.9008483886719,308.4691467285156,3338.0
56,56,171.29861450195312,302.0115661621094,432.0
56,57,354.2080383300781,316.9415588378906,4004.0
56,58,213.998779296875,364.5406494140625,3283.0
56,59,330.7234191894531,419.1371154785156,423.0
56,60,114.23609161376952,417.7400817871094,1762.0
56,61,0.0,0.0,0.0
56,62,254.719482421875,324.084228515625,1401.0
56,63,432.269287109375,335.7826843261719,4252.0
56,64,0.0,0.0,0.0
56,65,229.4264373779297,438.11175537109375,5431.0
56,66,0.0,0.0,0.0
56,67,147.1741485595703,474.6465759277344,4858.0
56,68,299.0742492675781,451.3623046875,4579.0
56,69,0.0,0.0,0.0
56,70,487.3250732421875,392.4601440429688,2747.0
56,71,0.0,0.0,0.0
56,72,20.40697288513184,471.0234680175781,3155.0
56,73,394.6166687011719,371.3180236816406,2893.0
56,74,336.6103515625,381.1576232910156,3629.0
56,75,450.0489196777344,419.1244812011719,4089.0
56,76,374.0545043945313,436.5019226074219,4973.0
56,77,0.0,0.0,0.0
56,78,0.0,0.0,0.0
56,79,0.0,0.0,0.0
56,80,0.0,0.0,0.0
56,81,423.9833679199219,473.6289978027344,3787.0
56,82,0.0,0.0,0.0
56,83,333.1413269042969,494.3245544433594,1861.0
56,84,0.0,0.0,0.0
56,85,366.1161804199219,128.66416931152344,2668.0
56,86,0.0,0.0,0.0
56,87,488.1573486328125,227.5669403076172,2129.0
56,88,0.0,0.0,0.0
56,89,475.3523864746094,491.9049377441406,2188.0
56,90,0.0,0.0,0.0
56,91,502.5368041992188,68.48584747314453,883.0
56,92,0.0,0.0,0.0
56,93,488.314208984375,281.213623046875,1849.0
56,94,93.79983520507812,13.49594783782959,1234.0
56,95,0.0,0.0,0.0
56,96,0.0,0.0,0.0
56,97,487.1283874511719,345.1165771484375,2033.0
56,98,166.05923461914062,407.4584655761719,4609.0
56,99,277.6817932128906,375.8105163574219,4560.0
56,100,265.3058166503906,495.3403625488281,2230.0
56,101,0.0,0.0,0.0
56,102,0.0,0.0,0.0
56,103,381.22607421875,496.18994140625,1411.0
56,104,0.0,0.0,0.0
56,105,0.0,0.0,0.0
56,106,0.0,0.0,0.0
56,107,0.0,0.0,0.0
56,108,0.0,0.0,0.0
56,109,0.0,0.0,0.0
56,110,484.5869445800781,22.973121643066406,2530.0
56,111,500.4891662597656,310.2272644042969,924.0
56,112,0.0,0.0,0.0
56,113,0.0,0.0,0.0
56,114,497.715576171875,180.02618408203125,1642.0
56,115,0.0,0.0,0.0
56,116,0.0,0.0,0.0
56,117,428.7945556640625,94.133056640625,5276.0
56,118,496.5399169921875,459.494140625,1791.0
56,119,494.6404418945313,121.91439056396484,1869.0
56,120,0.0,0.0,0.0
56,121,0.0,0.0,0.0
56,122,0.0,0.0,0.0
56,123,0.0,0.0,0.0
56,124,0.0,0.0,0.0
56,125,197.0790252685547,160.42391967773438,4239.0
56,126,0.0,0.0,0.0
56,127,0.0,0.0,0.0
56,128,0.0,0.0,0.0
56,129,0.0,0.0,0.0
56,130,77.04811096191406,477.9518737792969,5030.0
56,131,394.4268798828125,21.560121536254883,3310.0
56,132,0.0,0.0,0.0
56,133,0.0,0.0,0.0
56,134,0.0,0.0,0.0
56,135,0.0,0.0,0.0
56,136,14.985286712646484,277.31304931640625,1971.0
56,137,112.44993591308594,79.57623291015625,4434.0
56,138,183.4725646972656,14.800396919250488,1513.0
56,139,233.2822723388672,13.799518585205078,1247.0
56,140,282.16925048828125,7.309006214141846,644.0
56,141,343.85162353515625,6.956989288330078,465.0
56,142,0.0,0.0,0.0
56,143,191.190185546875,506.3047180175781,489.0
56,144,0.0,0.0,0.0
56,145,0.0,0.0,0.0
56,146,0.0,0.0,0.0
56,147,0.0,0.0,0.0
56,148,0.0,0.0,0.0
56,149,0.0,0.0,0.0
56,150,0.0,0.0,0.0
56,151,0.0,0.0,0.0
56,152,0.0,0.0,0.0
56,153,0.0,0.0,0.0
56,154,0.0,0.0,0.0
56,155,0.0,0.0,0.0
56,156,0.0,0.0,0.0
56,157,0.0,0.0,0.0
56,158,0.0,0.0,0.0
56,159,0.0,0.0,0.0
56,160,0.0,0.0,0.0
56,161,0.0,0.0,0.0
56,162,0.0,0.0,0.0
56,163,0.0,0.0,0.0
56,164,0.0,0.0,0.0
56,165,0.0,0.0,0.0
56,166,0.0,0.0,0.0
56,167,0.0,0.0,0.0
56,168,0.0,0.0,0.0
56,169,0.0,0.0,0.0
56,170,0.0,0.0,0.0
56,171,0.0,0.0,0.0
56,172,0.0,0.0,0.0
56,173,0.0,0.0,0.0
56,174,0.0,0.0,0.0
56,175,0.0,0.0,0.0
56,176,0.0,0.0,0.0
56,177,0.0,0.0,0.0
56,178,0.0,0.0,0.0
56,179,0.0,0.0,0.0
56,180,0.0,0.0,0.0
56,181,0.0,0.0,0.0
56,182,0.0,0.0,0.0
56,183,0.0,0.0,0.0
56,184,0.0,0.0,0.0
56,185,0.0,0.0,0.0
56,186,0.0,0.0,0.0
56,187,0.0,0.0,0.0
56,188,0.0,0.0,0.0
56,189,0.0,0.0,0.0
56,190,0.0,0.0,0.0
56,191,0.0,0.0,0.0
56,192,0.0,0.0,0.0
56,193,0.0,0.0,0.0
56,194,0.0,0.0,0.0
56,195,0.0,0.0,0.0
56,196,0.0,0.0,0.0
56,197,0.0,0.0,0.0
56,198,0.0,0.0,0.0
56,199,0.0,0.0,0.0
56,200,0.0,0.0,0.0
57,0,34.751121520996094,24.515117645263672,3572.0
57,1,84.91852569580078,46.98389434814453,2111.0
57,2,137.36888122558594,15.947406768798828,1388.0
57,3,0.0,0.0,0.0
57,4,447.14984130859375,6.480122089385986,327.0
57,5,172.5005645751953,60.30305480957031,2653.0
57,6,0.0,0.0,0.0
57,7,378.3872375488281,61.35502243041992,1583.0
57,8,0.0,0.0,0.0
57,9,441.88226318359375,37.46028518676758,1410.0
57,10,31.76896476745605,87.53595733642578,4060.0
57,11,473.68853759765625,68.99464416503906,1493.0
57,12,14.399999618530272,138.2783660888672,1595.0
57,13,400.9483947753906,198.91500854492188,2965.0
57,14,452.938720703125,168.8913116455078,4619.0
57,15,282.69189453125,218.21401977539065,1084.0
57,16,200.90512084960932,249.3550720214844,2698.0
57,17,373.6882629394531,242.04493713378903,2871.0
57,18,317.69384765625,247.36557006835932,4292.0
57,19,439.9645690917969,260.4333190917969,5587.0
57,20,36.82096099853516,302.51177978515625,1145.0
57,21,87.78482055664062,315.1889343261719,1752.0
57,22,0.0,0.0,0.0
57,23,42.57737731933594,350.99725341796875,5092.0
57,24,18.67472267150879,401.74603271484375,2524.0
57,25,0.0,0.0,0.0
57,26,210.6985321044922,44.93315505981445,1496.0
57,27,255.9308319091797,38.40447998046875,1518.0
57,28,315.7689514160156,42.47038650512695,4964.0
57,29,198.8513336181641,101.55547332763672,2704.0
57,30,332.2123107910156,97.71501922607422,3316.0
57,31,269.4174194335937,125.17146301269533,4135.0
57,32,128.3710174560547,134.35939025878906,4811.0
57,33,0.0,0.0,0.0
57,34,61.193695068359375,145.39224243164062,3299.0
57,35,407.718505859375,145.9521942138672,1485.0
57,36,20.69817352294922,206.1557006835937,3449.0
57,37,352.660888671875,182.3238525390625,2881.0
57,38,252.1874084472656,265.035888671875,3399.0
57,39,67.01337432861328,275.1413269042969,2243.0
57,40,0.0,0.0,0.0
57,41,135.42701721191406,294.55474853515625,3124.0
57,42,206.7279357910156,307.2723388671875,3705.0
57,43,133.67373657226562,351.7157287597656,4809.0
57,44,85.013916015625,388.3777465820313,1509.0
57,45,46.9109992980957,427.2770080566406,1000.0
57,46,75.98355865478516,422.0684814453125,1095.0
57,47,253.5007476806641,81.9656753540039,2680.0
57,48,149.3938446044922,167.4676971435547,650.0
57,49,307.0666198730469,171.14219665527344,3017.0
57,50,245.865234375,192.0557098388672,4200.0
57,51,77.16606140136719,208.3744964599609,5522.0
57,52,161.21353149414062,214.2007751464844,4154.0
57,53,118.9599151611328,247.43536376953125,3218.0
57,54,390.73974609375,288.06219482421875,1656.0
57,55,296.2442626953125,309.2579650878906,3353.0
57,56,170.80862426757812,302.443115234375,580.0
57,57,354.7040100097656,315.3170471191406,4034.0
57,58,213.57662963867188,364.4221496582031,3269.0
57,59,333.69287109375,421.30712890625,407.0
57,60,113.8278350830078,419.2088012695313,1638.0
57,61,0.0,0.0,0.0
57,62,254.27633666992188,324.5877990722656,1310.0
57,63,433.2540893554688,335.0811767578125,4274.0
57,64,0.0,0.0,0.0
57,65,228.7237701416016,438.3150329589844,5358.0
57,66,0.0,0.0,0.0
57,67,146.83790588378906,474.8639221191406,4843.0
57,68,298.6884460449219,451.6634521484375,4686.0
57,69,0.0,0.0,0.0
57,70,486.6969604492188,388.9888916015625,2970.0
57,71,0.0,0.0,0.0
57,72,19.960590362548828,471.7848815917969,3045.0
57,73,394.2429809570313,370.5086364746094,2955.0
57,74,335.7904968261719,380.99224853515625,3871.0
57,75,449.6058654785156,418.2729187011719,4166.0
57,76,374.212646484375,436.5972290039063,4834.0
57,77,0.0,0.0,0.0
57,78,0.0,0.0,0.0
57,79,0.0,0.0,0.0
57,80,0.0,0.0,0.0
57,81,423.4655151367188,473.08343505859375,3727.0
57,82,0.0,0.0,0.0
57,83,333.1428527832031,494.3722839355469,1848.0
57,84,0.0,0.0,0.0
57,85,365.51312255859375,128.62583923339844,2972.0
57,86,0.0,0.0,0.0
57,87,488.7312622070313,227.9859771728516,2069.0
57,88,0.0,0.0,0.0
57,89,477.2310180664063,489.9877624511719,1961.0
57,90,0.0,0.0,0.0
57,91,501.98291015625,68.52507781982422,937.0
57,92,0.0,0.0,0.0
57,93,489.0733642578125,277.5769348144531,1690.0
57,94,93.75643157958984,13.942926406860352,1244.0
57,95,0.0,0.0,0.0
57,96,0.0,0.0,0.0
57,97,488.5809020996094,342.4416198730469,1687.0
57,98,165.18801879882812,407.2496337890625,4707.0
57,99,276.5252685546875,376.1724548339844,4529.0
57,100,264.9722595214844,495.17376708984375,2164.0
57,101,0.0,0.0,0.0
57,102,0.0,0.0,0.0
57,103,381.0853576660156,495.9771118164063,1441.0
57,104,0.0,0.0,0.0
57,105,0.0,0.0,0.0
57,106,0.0,0.0,0.0
57,107,0.0,0.0,0.0
57,108,0.0,0.0,0.0
57,109,0.0,0.0,0.0
57,110,484.59619140625,23.08131599426269,2521.0
57,111,499.35150146484375,309.893798828125,1064.0
57,112,0.0,0.0,0.0
57,113,0.0,0.0,0.0
57,114,497.9713439941406,180.62380981445312,1571.0
57,115,0.0,0.0,0.0
57,116,0.0,0.0,0.0
57,117,430.77093505859375,94.11589050292967,5531.0
57,118,496.2515869140625,459.3558654785156,1880.0
57,119,494.89013671875,122.3745346069336,1893.0
57,120,0.0,0.0,0.0
57,121,0.0,0.0,0.0
57,122,0.0,0.0,0.0
57,123,0.0,0.0,0.0
57,124,0.0,0.0,0.0
57,125,197.802978515625,160.363525390625,4294.0
57,126,0.0,0.0,0.0
57,127,0.0,0.0,0.0
57,128,0.0,0.0,0.0
57,129,0.0,0.0,0.0
57,130,76.85784149169922,477.6991882324219,5093.0
57,131,395.3514099121094,21.88581085205078,3284.0
57,132,0.0,0.0,0.0
57,133,0.0,0.0,0.0
57,134,0.0,0.0,0.0
57,135,0.0,0.0,0.0
57,136,15.011857986450195,277.9916076660156,2024.0
57,137,112.46995544433594,78.39871978759766,4843.0
57,138,183.08773803710932,15.002009391784668,1493.0
57,139,233.985107421875,14.79858112335205,1410.0
57,140,281.9819641113281,7.743412017822266,721.0
57,141,345.697509765625,7.854092597961426,562.0
57,142,452.483642578125,505.898193359375,275.0
57,143,193.0018310546875,506.3656311035156,547.0
57,144,0.0,0.0,0.0
57,145,0.0,0.0,0.0
57,146,0.0,0.0,0.0
57,147,0.0,0.0,0.0
57,148,0.0,0.0,0.0
57,149,0.0,0.0,0.0
57,150,0.0,0.0,0.0
57,151,0.0,0.0,0.0
57,152,0.0,0.0,0.0
57,153,0.0,0.0,0.0
57,154,0.0,0.0,0.0
57,155,0.0,0.0,0.0
57,156,0.0,0.0,0.0
57,157,0.0,0.0,0.0
57,158,0.0,0.0,0.0
57,159,0.0,0.0,0.0
57,160,0.0,0.0,0.0
57,161,0.0,0.0,0.0
57,162,0.0,0.0,0.0
57,163,0.0,0.0,0.0
57,164,0.0,0.0,0.0
57,165,0.0,0.0,0.0
57,166,0.0,0.0,0.0
57,167,0.0,0.0,0.0
57,168,0.0,0.0,0.0
57,169,0.0,0.0,0.0
57,170,0.0,0.0,0.0
57,171,0.0,0.0,0.0
57,172,0.0,0.0,0.0
57,173,0.0,0.0,0.0
57,174,0.0,0.0,0.0
57,175,0.0,0.0,0.0
57,176,0.0,0.0,0.0
57,177,0.0,0.0,0.0
57,178,0.0,0.0,0.0
57,179,0.0,0.0,0.0
57,180,0.0,0.0,0.0
57,181,0.0,0.0,0.0
57,182,0.0,0.0,0.0
57,183,0.0,0.0,0.0
57,184,0.0,0.0,0.0
57,185,0.0,0.0,0.0
57,186,0.0,0.0,0.0
57,187,0.0,0.0,0.0
57,188,0.0,0.0,0.0
57,189,0.0,0.0,0.0
57,190,0.0,0.0,0.0
57,191,0.0,0.0,0.0
57,192,0.0,0.0,0.0
57,193,0.0,0.0,0.0
57,194,0.0,0.0,0.0
57,195,0.0,0.0,0.0
57,196,0.0,0.0,0.0
57,197,0.0,0.0,0.0
57,198,0.0,0.0,0.0
57,199,0.0,0.0,0.0
57,200,0.0,0.0,0.0
58,0,34.979373931884766,24.221248626708984,3539.0
58,1,68.68601989746094,50.88961410522461,1223.0
58,2,137.42355346679688,17.629798889160156,1537.0
58,3,0.0,0.0,0.0
58,4,0.0,0.0,0.0
58,5,173.50442504882812,61.874759674072266,2595.0
58,6,0.0,0.0,0.0
58,7,379.24365234375,61.56870269775391,1572.0
58,8,0.0,0.0,0.0
58,9,443.2404174804688,36.92811584472656,1252.0
58,10,32.01765823364258,87.32075500488281,4134.0
58,11,475.2423706054688,67.67509460449219,1345.0
58,12,14.279576301574709,138.70921325683594,1606.0
58,13,400.089111328125,196.24346923828125,2682.0
58,14,453.7219543457031,168.99435424804688,4611.0
58,15,284.78955078125,214.712890625,1226.0
58,16,200.30181884765625,249.02670288085932,2697.0
58,17,375.4837341308594,240.5552215576172,3260.0
58,18,317.1784362792969,247.3571319580078,4343.0
58,19,440.2566833496094,259.2756042480469,5602.0
58,20,36.90017318725586,303.765625,1152.0
58,21,87.21876525878906,315.1854248046875,1769.0
58,22,0.0,0.0,0.0
58,23,41.44658279418945,351.2311096191406,4933.0
58,24,18.463314056396484,401.5923461914063,2426.0
58,25,0.0,0.0,0.0
58,26,210.377182006836,45.686973571777344,1543.0
58,27,257.1653137207031,40.75614929199219,1464.0
58,28,316.3582763671875,43.46646118164063,4890.0
58,29,198.23228454589844,102.29715728759766,2497.0
58,30,332.6667785644531,97.0534210205078,3145.0
58,31,269.5285339355469,124.72057342529295,4452.0
58,32,128.4653778076172,135.04417419433594,4708.0
58,33,0.0,0.0,0.0
58,34,61.08861541748047,145.43016052246094,3329.0
58,35,408.1144409179688,147.75582885742188,1503.0
58,36,20.300207138061523,206.68170166015625,3371.0
58,37,351.9035949707031,182.50390625,2687.0
58,38,251.9675750732422,265.1139221191406,3546.0
58,39,65.91255187988281,275.63934326171875,2207.0
58,40,0.0,0.0,0.0
58,41,134.92491149902344,295.8908996582031,2970.0
58,42,205.9603271484375,307.5211181640625,3882.0
58,43,132.5335693359375,351.7289123535156,4766.0
58,44,83.35633087158203,387.4993591308594,1580.0
58,45,45.55355072021485,427.5298767089844,887.0
58,46,75.05128479003906,421.26068115234375,1170.0
58,47,252.9207000732422,81.64036560058594,2497.0
58,48,149.5380859375,167.35264587402344,604.0
58,49,308.9416198730469,169.39703369140625,2758.0
58,50,246.7720184326172,191.86447143554688,4110.0
58,51,76.54875183105469,208.1310272216797,5518.0
58,52,161.13238525390625,214.03713989257807,4147.0
58,53,118.44473266601562,248.16537475585932,3483.0
58,54,392.3139953613281,288.4261779785156,1551.0
58,55,295.61834716796875,309.8132019042969,3346.0
58,56,169.67938232421875,301.41412353515625,524.0
58,57,354.7331848144531,314.6502990722656,4115.0
58,58,212.9476623535156,364.91314697265625,3305.0
58,59,331.70330810546875,421.6044006347656,364.0
58,60,112.93295288085938,419.0466003417969,1566.0
58,61,0.0,0.0,0.0
58,62,254.0025634765625,325.4735412597656,1172.0
58,63,434.6263122558594,333.808837890625,4279.0
58,64,0.0,0.0,0.0
58,65,228.0822296142578,438.2963562011719,5254.0
58,66,0.0,0.0,0.0
58,67,145.5297088623047,474.3860168457031,4865.0
58,68,297.87701416015625,452.0006408691406,4757.0
58,69,0.0,0.0,0.0
58,70,486.0775451660156,387.3001403808594,3172.0
58,71,0.0,0.0,0.0
58,72,19.71423721313477,471.01318359375,2957.0
58,73,394.607666015625,369.9749450683594,3074.0
58,74,335.2106628417969,381.0976867675781,3992.0
58,75,448.9651184082031,417.2608947753906,4013.0
58,76,373.4735412597656,436.7208862304688,4876.0
58,77,0.0,0.0,0.0
58,78,0.0,0.0,0.0
58,79,0.0,0.0,0.0
58,80,0.0,0.0,0.0
58,81,423.2136535644531,472.3922424316406,3763.0
58,82,0.0,0.0,0.0
58,83,333.2616577148437,494.7855224609375,1781.0
58,84,0.0,0.0,0.0
58,85,365.6868591308594,128.5940704345703,3136.0
58,86,0.0,0.0,0.0
58,87,489.0816955566406,227.44932556152344,1983.0
58,88,0.0,0.0,0.0
58,89,477.56689453125,489.0359191894531,1921.0
58,90,0.0,0.0,0.0
58,91,502.3195495605469,67.81229400634766,895.0
58,92,0.0,0.0,0.0
58,93,489.2882690429688,276.8752136230469,1731.0
58,94,97.47200775146484,18.06743049621582,1572.0
58,95,0.0,0.0,0.0
58,96,0.0,0.0,0.0
58,97,490.317626953125,343.40899658203125,1357.0
58,98,164.6588592529297,407.3305969238281,4743.0
58,99,275.7059631347656,376.16455078125,4479.0
58,100,264.0873718261719,495.6138610839844,2266.0
58,101,0.0,0.0,0.0
58,102,0.0,0.0,0.0
58,103,381.00482177734375,495.9419860839844,1448.0
58,104,0.0,0.0,0.0
58,105,0.0,0.0,0.0
58,106,0.0,0.0,0.0
58,107,0.0,0.0,0.0
58,108,0.0,0.0,0.0
58,109,0.0,0.0,0.0
58,110,483.7641296386719,22.807126998901367,2582.0
58,111,498.0685729980469,311.2525939941406,1152.0
58,112,0.0,0.0,0.0
58,113,0.0,0.0,0.0
58,114,498.3875427246094,180.79934692382807,1525.0
58,115,0.0,0.0,0.0
58,116,0.0,0.0,0.0
58,117,432.2015686035156,93.73986053466795,5770.0
58,118,495.6026611328125,458.6575927734375,1948.0
58,119,495.1872863769531,121.92698669433594,1890.0
58,120,0.0,0.0,0.0
58,121,0.0,0.0,0.0
58,122,0.0,0.0,0.0
58,123,0.0,0.0,0.0
58,124,0.0,0.0,0.0
58,125,197.8983459472656,160.40953063964844,4427.0
58,126,0.0,0.0,0.0
58,127,0.0,0.0,0.0
58,128,0.0,0.0,0.0
58,129,0.0,0.0,0.0
58,130,75.53366088867188,477.2325744628906,5125.0
58,131,401.6758728027344,21.409326553344727,3474.0
58,132,0.0,0.0,0.0
58,133,0.0,0.0,0.0
58,134,0.0,0.0,0.0
58,135,0.0,0.0,0.0
58,136,15.083539009094238,278.38458251953125,2023.0
58,137,112.10490417480467,76.3260269165039,5386.0
58,138,182.48226928710932,15.324414253234863,1495.0
58,139,234.7757873535156,15.829524040222168,1619.0
58,140,284.0890197753906,8.107096672058105,775.0
58,141,347.5470886230469,9.32824420928955,786.0
58,142,453.8605346679688,504.9973754882813,380.0
58,143,190.033920288086,505.468505859375,619.0
58,144,0.0,0.0,0.0
58,145,0.0,0.0,0.0
58,146,0.0,0.0,0.0
58,147,0.0,0.0,0.0
58,148,0.0,0.0,0.0
58,149,0.0,0.0,0.0
58,150,0.0,0.0,0.0
58,151,0.0,0.0,0.0
58,152,0.0,0.0,0.0
58,153,0.0,0.0,0.0
58,154,0.0,0.0,0.0
58,155,0.0,0.0,0.0
58,156,0.0,0.0,0.0
58,157,0.0,0.0,0.0
58,158,0.0,0.0,0.0
58,159,0.0,0.0,0.0
58,160,0.0,0.0,0.0
58,161,0.0,0.0,0.0
58,162,0.0,0.0,0.0
58,163,0.0,0.0,0.0
58,164,0.0,0.0,0.0
58,165,0.0,0.0,0.0
58,166,0.0,0.0,0.0
58,167,0.0,0.0,0.0
58,168,0.0,0.0,0.0
58,169,0.0,0.0,0.0
58,170,0.0,0.0,0.0
58,171,0.0,0.0,0.0
58,172,0.0,0.0,0.0
58,173,0.0,0.0,0.0
58,174,0.0,0.0,0.0
58,175,0.0,0.0,0.0
58,176,0.0,0.0,0.0
58,177,0.0,0.0,0.0
58,178,0.0,0.0,0.0
58,179,0.0,0.0,0.0
58,180,0.0,0.0,0.0
58,181,0.0,0.0,0.0
58,182,0.0,0.0,0.0
58,183,0.0,0.0,0.0
58,184,0.0,0.0,0.0
58,185,0.0,0.0,0.0
58,186,0.0,0.0,0.0
58,187,0.0,0.0,0.0
58,188,0.0,0.0,0.0
58,189,0.0,0.0,0.0
58,190,0.0,0.0,0.0
58,191,0.0,0.0,0.0
58,192,0.0,0.0,0.0
58,193,0.0,0.0,0.0
58,194,0.0,0.0,0.0
58,195,0.0,0.0,0.0
58,196,0.0,0.0,0.0
58,197,0.0,0.0,0.0
58,198,0.0,0.0,0.0
58,199,0.0,0.0,0.0
58,200,0.0,0.0,0.0
59,0,35.96845626831055,24.01022148132324,3424.0
59,1,66.05986785888672,52.23945999145508,1186.0
59,2,138.52645874023438,17.70258140563965,1550.0
59,3,0.0,0.0,0.0
59,4,0.0,0.0,0.0
59,5,174.8004608154297,62.415809631347656,2631.0
59,6,0.0,0.0,0.0
59,7,379.2105407714844,61.8810920715332,1539.0
59,8,0.0,0.0,0.0
59,9,445.7083129882813,36.20487594604492,1313.0
59,10,32.012184143066406,87.94840240478516,4186.0
59,11,476.2594299316406,67.89060974121094,1353.0
59,12,14.174261093139648,139.44642639160156,1624.0
59,13,398.5101318359375,193.8276214599609,2419.0
59,14,454.2680358886719,169.18951416015625,4675.0
59,15,284.324951171875,213.33387756347656,1231.0
59,16,199.9105224609375,249.16635131835932,2615.0
59,17,377.93463134765625,238.8490600585937,3657.0
59,18,316.92236328125,246.46408081054688,4469.0
59,19,440.7328186035156,258.8031311035156,5532.0
59,20,36.28274154663086,304.3529968261719,1153.0
59,21,87.02942657470703,315.64520263671875,1801.0
59,22,0.0,0.0,0.0
59,23,41.19000625610352,351.2087097167969,4863.0
59,24,18.66666603088379,401.1377258300781,2418.0
59,25,0.0,0.0,0.0
59,26,210.77487182617188,46.24553680419922,1568.0
59,27,258.1824951171875,41.6921501159668,1452.0
59,28,317.0198669433594,45.11803817749024,4829.0
59,29,197.21029663085932,103.65947723388672,2273.0
59,30,332.836181640625,95.88556671142578,2875.0
59,31,270.688720703125,125.26000213623048,4700.0
59,32,128.0417022705078,136.1263885498047,4700.0
59,33,0.0,0.0,0.0
59,34,60.71794891357422,145.67105102539062,3198.0
59,35,408.4914855957031,148.18128967285156,1528.0
59,36,20.04872131347656,207.08160400390625,3284.0
59,37,351.9753112792969,182.22299194335932,2471.0
59,38,251.6582489013672,265.5427551269531,3602.0
59,39,65.35836791992188,276.4316711425781,2210.0
59,40,0.0,0.0,0.0
59,41,134.62530517578125,296.65850830078125,2861.0
59,42,205.63360595703125,307.6997375488281,3963.0
59,43,132.9894256591797,352.0684509277344,4822.0
59,44,83.07952117919922,387.0192260742188,1509.0
59,45,43.90591812133789,428.4270629882813,946.0
59,46,74.02806091308594,420.8477783203125,1176.0
59,47,251.1853179931641,82.22628021240234,2466.0
59,48,148.90411376953125,168.0839080810547,584.0
59,49,310.2069091796875,169.49810791015625,2634.0
59,50,246.79513549804688,192.5555877685547,4066.0
59,51,75.2153091430664,208.3384246826172,5499.0
59,52,161.18711853027344,214.12173461914065,4206.0
59,53,117.9025421142578,248.2592315673828,3653.0
59,54,392.7154235839844,288.3597412109375,1490.0
59,55,295.53680419921875,309.70343017578125,3301.0
59,56,169.13345336914062,301.8610534667969,547.0
59,57,354.68267822265625,314.5337829589844,4144.0
59,58,213.05145263671875,365.7524108886719,3207.0
59,59,330.14892578125,422.4376831054688,329.0
59,60,111.1558837890625,418.9676513671875,1546.0
59,61,0.0,0.0,0.0
59,62,254.21908569335932,326.32281494140625,1205.0
59,63,435.483642578125,331.96826171875,4158.0
59,64,0.0,0.0,0.0
59,65,227.4859161376953,438.40045166015625,5149.0
59,66,0.0,0.0,0.0
59,67,144.36892700195312,474.345703125,4822.0
59,68,297.44000244140625,452.1161804199219,4768.0
59,69,0.0,0.0,0.0
59,70,485.3768615722656,383.08050537109375,3614.0
59,71,0.0,0.0,0.0
59,72,18.328723907470703,471.1826171875,2820.0
59,73,395.4839782714844,369.2555236816406,3217.0
59,74,334.8036499023437,381.2879638671875,4115.0
59,75,448.30560302734375,416.3938293457031,3956.0
59,76,373.173828125,436.6339111328125,4832.0
59,77,0.0,0.0,0.0
59,78,0.0,0.0,0.0
59,79,0.0,0.0,0.0
59,80,0.0,0.0,0.0
59,81,422.4804992675781,471.6263732910156,3715.0
59,82,0.0,0.0,0.0
59,83,333.4486083984375,494.7195434570313,1790.0
59,84,0.0,0.0,0.0
59,85,365.3219909667969,128.02444458007812,3354.0
59,86,0.0,0.0,0.0
59,87,489.3541259765625,226.8475799560547,1988.0
59,88,0.0,0.0,0.0
59,89,477.4245300292969,488.0708312988281,1948.0
59,90,0.0,0.0,0.0
59,91,502.8130187988281,67.85765838623047,829.0
59,92,0.0,0.0,0.0
59,93,489.0773010253906,277.3233642578125,1772.0
59,94,97.13379669189452,17.862396240234375,1577.0
59,95,0.0,0.0,0.0
59,96,0.0,0.0,0.0
59,97,493.4575805664063,341.787841796875,872.0
59,98,163.9707794189453,408.0957336425781,4826.0
59,99,275.04296875,376.5845642089844,4446.0
59,100,263.6068420410156,495.1858520507813,2335.0
59,101,0.0,0.0,0.0
59,102,0.0,0.0,0.0
59,103,380.9495849609375,495.7803955078125,1448.0
59,104,0.0,0.0,0.0
59,105,0.0,0.0,0.0
59,106,0.0,0.0,0.0
59,107,0.0,0.0,0.0
59,108,0.0,0.0,0.0
59,109,0.0,0.0,0.0
59,110,484.7172546386719,22.6074275970459,2504.0
59,111,498.2239074707031,312.0941467285156,1179.0
59,112,0.0,0.0,0.0
59,113,0.0,0.0,0.0
59,114,499.0021362304688,180.7126617431641,1406.0
59,115,0.0,0.0,0.0
59,116,0.0,0.0,0.0
59,117,432.637939453125,93.47892761230467,5742.0
59,118,495.25830078125,457.7729187011719,1986.0
59,119,495.3751220703125,122.1776351928711,1914.0
59,120,0.0,0.0,0.0
59,121,0.0,0.0,0.0
59,122,0.0,0.0,0.0
59,123,0.0,0.0,0.0
59,124,0.0,0.0,0.0
59,125,197.9248046875,160.1824188232422,4495.0
59,126,0.0,0.0,0.0
59,127,0.0,0.0,0.0
59,128,0.0,0.0,0.0
59,129,0.0,0.0,0.0
59,130,74.13389587402344,477.2843322753906,5198.0
59,131,402.72900390625,21.99389266967773,3439.0
59,132,0.0,0.0,0.0
59,133,0.0,0.0,0.0
59,134,0.0,0.0,0.0
59,135,0.0,0.0,0.0
59,136,14.687721252441406,278.4451599121094,1979.0
59,137,112.61282348632812,76.13248443603516,5646.0
59,138,182.7880706787109,15.53824520111084,1425.0
59,139,234.50645446777344,16.47476577758789,1704.0
59,140,285.2738342285156,8.638581275939941,902.0
59,141,347.6630554199219,10.26956558227539,920.0
59,142,453.7183532714844,504.3326416015625,490.0
59,143,184.956298828125,505.2010498046875,572.0
59,144,0.0,0.0,0.0
59,145,0.0,0.0,0.0
59,146,0.0,0.0,0.0
59,147,0.0,0.0,0.0
59,148,0.0,0.0,0.0
59,149,0.0,0.0,0.0
59,150,0.0,0.0,0.0
59,151,0.0,0.0,0.0
59,152,0.0,0.0,0.0
59,153,0.0,0.0,0.0
59,154,0.0,0.0,0.0
59,155,0.0,0.0,0.0
59,156,0.0,0.0,0.0
59,157,0.0,0.0,0.0
59,158,0.0,0.0,0.0
59,159,0.0,0.0,0.0
59,160,0.0,0.0,0.0
59,161,0.0,0.0,0.0
59,162,0.0,0.0,0.0
59,163,0.0,0.0,0.0
59,164,0.0,0.0,0.0
59,165,0.0,0.0,0.0
59,166,0.0,0.0,0.0
59,167,0.0,0.0,0.0
59,168,0.0,0.0,0.0
59,169,0.0,0.0,0.0
59,170,0.0,0.0,0.0
59,171,0.0,0.0,0.0
59,172,0.0,0.0,0.0
59,173,0.0,0.0,0.0
59,174,0.0,0.0,0.0
59,175,0.0,0.0,0.0
59,176,0.0,0.0,0.0
59,177,0.0,0.0,0.0
59,178,0.0,0.0,0.0
59,179,0.0,0.0,0.0
59,180,0.0,0.0,0.0
59,181,0.0,0.0,0.0
59,182,0.0,0.0,0.0
59,183,0.0,0.0,0.0
59,184,0.0,0.0,0.0
59,185,0.0,0.0,0.0
59,186,0.0,0.0,0.0
59,187,0.0,0.0,0.0
59,188,0.0,0.0,0.0
59,189,0.0,0.0,0.0
59,190,0.0,0.0,0.0
59,191,0.0,0.0,0.0
59,192,0.0,0.0,0.0
59,193,0.0,0.0,0.0
59,194,0.0,0.0,0.0
59,195,0.0,0.0,0.0
59,196,0.0,0.0,0.0
59,197,0.0,0.0,0.0
59,198,0.0,0.0,0.0
59,199,0.0,0.0,0.0
59,200,0.0,0.0,0.0
60,0,38.630313873291016,25.48566246032715,3906.0
60,1,62.69622421264648,57.67159271240234,609.0
60,2,139.14927673339844,19.30036354064941,1648.0
60,3,0.0,0.0,0.0
60,4,0.0,0.0,0.0
60,5,177.46630859375,65.17955780029297,2612.0
60,6,0.0,0.0,0.0
60,7,380.7767639160156,62.06035232543945,1541.0
60,8,0.0,0.0,0.0
60,9,447.36962890625,36.14095687866211,1277.0
60,10,32.492759704589844,88.15547180175781,4213.0
60,11,477.1552734375,66.59935760498047,1243.0
60,12,14.740917205810549,139.81893920898438,1679.0
60,13,396.9725341796875,192.83987426757807,2548.0
60,14,455.3123779296875,169.67869567871094,4821.0
60,15,285.7549743652344,212.32481384277344,1253.0
60,16,199.2499084472656,249.9509429931641,2589.0
60,17,378.0399169921875,239.35110473632807,3734.0
60,18,316.71160888671875,247.3747711181641,4480.0
60,19,440.2158203125,258.2503356933594,5393.0
60,20,36.40358352661133,306.082763671875,1172.0
60,21,86.65505981445312,316.3728942871094,1896.0
60,22,0.0,0.0,0.0
60,23,40.07380294799805,352.76513671875,4756.0
60,24,18.031774520874023,401.534423828125,2266.0
60,25,0.0,0.0,0.0
60,26,209.3780212402344,46.55523681640625,1738.0
60,27,259.02569580078125,42.74498748779297,1596.0
60,28,318.2833557128906,46.2549934387207,4655.0
60,29,194.95211791992188,107.4766082763672,1817.0
60,30,332.3879089355469,95.74646759033205,2761.0
60,31,270.8985290527344,125.9742202758789,4849.0
60,32,127.98242950439452,137.1221466064453,4781.0
60,33,0.0,0.0,0.0
60,34,60.60683059692383,145.79600524902344,3103.0
60,35,409.38665771484375,148.1546630859375,1513.0
60,36,20.047441482543945,206.8192901611328,3204.0
60,37,349.9252319335937,184.7939300537109,2140.0
60,38,251.49522399902344,265.4500732421875,3766.0
60,39,64.60509490966797,277.008056640625,2236.0
60,40,0.0,0.0,0.0
60,41,134.46803283691406,297.3614807128906,2675.0
60,42,204.8942413330078,308.230224609375,4009.0
60,43,132.65835571289062,352.2203674316406,4815.0
60,44,82.63005065917969,385.7702026367188,1484.0
60,45,41.9506721496582,430.310302734375,1115.0
60,46,74.06905364990234,419.9234619140625,1202.0
60,47,249.47833251953125,83.20187377929688,2561.0
60,48,149.3459930419922,168.68800354003906,500.0
60,49,311.2327575683594,169.57513427734375,2582.0
60,50,247.24166870117188,193.531005859375,3902.0
60,51,74.88388061523438,208.2509155273437,5460.0
60,52,161.60279846191406,214.3806304931641,4222.0
60,53,117.49573516845705,248.77577209472656,3871.0
60,54,393.9252014160156,289.3232727050781,1457.0
60,55,295.3686828613281,310.6881408691406,3290.0
60,56,168.18836975097656,303.5531005859375,499.0
60,57,354.8922424316406,314.3935852050781,4139.0
60,58,212.592025756836,366.09967041015625,3211.0
60,59,330.2611999511719,424.35882568359375,379.0
60,60,110.31963348388672,419.0985107421875,1533.0
60,61,0.0,0.0,0.0
60,62,254.00509643554688,327.4188537597656,1177.0
60,63,436.46142578125,331.8841552734375,4083.0
60,64,0.0,0.0,0.0
60,65,227.1016845703125,438.3545837402344,4927.0
60,66,0.0,0.0,0.0
60,67,143.80677795410156,474.2314147949219,4896.0
60,68,296.90972900390625,452.3105163574219,4808.0
60,69,0.0,0.0,0.0
60,70,486.7583618164063,375.3674926757813,4370.0
60,71,0.0,0.0,0.0
60,72,17.32451820373535,472.2266845703125,2647.0
60,73,395.1723327636719,368.8258666992188,3302.0
60,74,334.0409851074219,381.654052734375,4197.0
60,75,448.1531066894531,415.967529296875,3971.0
60,76,373.3810119628906,436.4424743652344,4719.0
60,77,0.0,0.0,0.0
60,78,0.0,0.0,0.0
60,79,0.0,0.0,0.0
60,80,0.0,0.0,0.0
60,81,421.8305969238281,471.1492309570313,3672.0
60,82,0.0,0.0,0.0
60,83,333.5243225097656,494.8059997558594,1768.0
60,84,0.0,0.0,0.0
60,85,365.6271057128906,128.78823852539062,3674.0
60,86,0.0,0.0,0.0
60,87,489.82171630859375,227.3983764648437,1963.0
60,88,0.0,0.0,0.0
60,89,476.4241333007813,487.1174926757813,1898.0
60,90,0.0,0.0,0.0
60,91,502.6305847167969,69.04352569580078,850.0
60,92,0.0,0.0,0.0
60,93,487.4837036132813,279.0682983398437,1962.0
60,94,97.6144561767578,18.40646743774414,1577.0
60,95,0.0,0.0,0.0
60,96,0.0,0.0,0.0
60,97,0.0,0.0,0.0
60,98,164.08468627929688,408.4367065429688,4889.0
60,99,274.3203125,377.1849365234375,4380.0
60,100,262.5748291015625,494.8097534179688,2439.0
60,101,0.0,0.0,0.0
60,102,0.0,0.0,0.0
60,103,380.7525634765625,495.6097106933594,1463.0
60,104,0.0,0.0,0.0
60,105,0.0,0.0,0.0
60,106,0.0,0.0,0.0
60,107,0.0,0.0,0.0
60,108,0.0,0.0,0.0
60,109,0.0,0.0,0.0
60,110,485.6515502929688,22.42744255065918,2405.0
60,111,499.5324096679688,312.99737548828125,1142.0
60,112,0.0,0.0,0.0
60,113,0.0,0.0,0.0
60,114,499.9968566894531,181.6498413085937,1268.0
60,115,0.0,0.0,0.0
60,116,0.0,0.0,0.0
60,117,433.6861572265625,92.73258972167967,5815.0
60,118,495.3064270019531,457.8268432617188,2056.0
60,119,495.3834533691406,123.27344512939452,1909.0
60,120,0.0,0.0,0.0
60,121,0.0,0.0,0.0
60,122,0.0,0.0,0.0
60,123,0.0,0.0,0.0
60,124,0.0,0.0,0.0
60,125,198.2610626220703,160.27459716796875,4654.0
60,126,0.0,0.0,0.0
60,127,0.0,0.0,0.0
60,128,0.0,0.0,0.0
60,129,0.0,0.0,0.0
60,130,73.27290344238281,477.4263610839844,5174.0
60,131,404.4892578125,21.68575668334961,3440.0
60,132,0.0,0.0,0.0
60,133,0.0,0.0,0.0
60,134,0.0,0.0,0.0
60,135,0.0,0.0,0.0
60,136,14.589452743530272,278.185302734375,2029.0
60,137,112.1677474975586,76.05057525634766,5872.0
60,138,182.58013916015625,14.978723526000977,1410.0
60,139,234.5618438720703,16.4603271484375,1714.0
60,140,287.621826171875,8.92113208770752,989.0
60,141,348.1815490722656,10.902091026306152,1052.0
60,142,453.5778503417969,503.7093505859375,578.0
60,143,184.23358154296875,505.1824951171875,548.0
60,144,0.0,0.0,0.0
60,145,0.0,0.0,0.0
60,146,0.0,0.0,0.0
60,147,0.0,0.0,0.0
60,148,0.0,0.0,0.0
60,149,0.0,0.0,0.0
60,150,0.0,0.0,0.0
60,151,0.0,0.0,0.0
60,152,0.0,0.0,0.0
60,153,0.0,0.0,0.0
60,154,0.0,0.0,0.0
60,155,0.0,0.0,0.0
60,156,0.0,0.0,0.0
60,157,0.0,0.0,0.0
60,158,0.0,0.0,0.0
60,159,0.0,0.0,0.0
60,160,0.0,0.0,0.0
60,161,0.0,0.0,0.0
60,162,0.0,0.0,0.0
60,163,0.0,0.0,0.0
60,164,0.0,0.0,0.0
60,165,0.0,0.0,0.0
60,166,0.0,0.0,0.0
60,167,0.0,0.0,0.0
60,168,0.0,0.0,0.0
60,169,0.0,0.0,0.0
60,170,0.0,0.0,0.0
60,171,0.0,0.0,0.0
60,172,0.0,0.0,0.0
60,173,0.0,0.0,0.0
60,174,0.0,0.0,0.0
60,175,0.0,0.0,0.0
60,176,0.0,0.0,0.0
60,177,0.0,0.0,0.0
60,178,0.0,0.0,0.0
60,179,0.0,0.0,0.0
60,180,0.0,0.0,0.0
60,181,0.0,0.0,0.0
60,182,0.0,0.0,0.0
60,183,0.0,0.0,0.0
60,184,0.0,0.0,0.0
60,185,0.0,0.0,0.0
60,186,0.0,0.0,0.0
60,187,0.0,0.0,0.0
60,188,0.0,0.0,0.0
60,189,0.0,0.0,0.0
60,190,0.0,0.0,0.0
60,191,0.0,0.0,0.0
60,192,0.0,0.0,0.0
60,193,0.0,0.0,0.0
60,194,0.0,0.0,0.0
60,195,0.0,0.0,0.0
60,196,0.0,0.0,0.0
60,197,0.0,0.0,0.0
60,198,0.0,0.0,0.0
60,199,0.0,0.0,0.0
60,200,0.0,0.0,0.0
61,0,38.98640823364258,25.888999938964844,3973.0
61,1,61.79928207397461,58.91039276123047,558.0
61,2,139.8765869140625,19.42873764038086,1726.0
61,3,0.0,0.0,0.0
61,4,0.0,0.0,0.0
61,5,179.9372100830078,68.51378631591797,2612.0
61,6,0.0,0.0,0.0
61,7,381.1632080078125,62.6573486328125,1538.0
61,8,0.0,0.0,0.0
61,9,450.5543518066406,35.79336166381836,1205.0
61,10,32.62838363647461,88.84516143798828,4101.0
61,11,478.9184265136719,66.08747100830078,1189.0
61,12,15.152325630187988,139.32733154296875,1720.0
61,13,397.08306884765625,191.7857208251953,2492.0
61,14,456.2760925292969,170.32437133789062,4723.0
61,15,286.83306884765625,211.3119354248047,1324.0
61,16,199.3851318359375,249.69119262695312,2555.0
61,17,379.2102966308594,238.2369384765625,3904.0
61,18,316.7804260253906,247.4273223876953,4554.0
61,19,441.3077392578125,257.97540283203125,5368.0
61,20,36.34434509277344,308.287353515625,1211.0
61,21,86.49484252929688,317.1429443359375,1938.0
61,22,0.0,0.0,0.0
61,23,40.3064079284668,354.3832702636719,4618.0
61,24,18.05719375610352,401.0633544921875,2273.0
61,25,0.0,0.0,0.0
61,26,206.4324493408203,46.19913101196289,1843.0
61,27,260.0089111328125,44.11783599853516,1570.0
61,28,319.2230529785156,47.38003540039063,4618.0
61,29,194.57440185546875,108.71001434326172,1438.0
61,30,331.1472473144531,95.6606674194336,2499.0
61,31,271.55487060546875,126.60576629638672,4893.0
61,32,128.36212158203125,137.45318603515625,4667.0
61,33,0.0,0.0,0.0
61,34,60.73664855957031,146.1578826904297,2996.0
61,35,410.90325927734375,148.25314331054688,1592.0
61,36,20.458616256713867,206.8156280517578,3238.0
61,37,350.1697998046875,185.10726928710932,1967.0
61,38,251.48280334472656,266.36474609375,3896.0
61,39,64.03457641601562,277.2601928710937,2256.0
61,40,0.0,0.0,0.0
61,41,133.2286376953125,297.32635498046875,2528.0
61,42,204.7779235839844,308.6035461425781,4003.0
61,43,132.53977966308594,352.2547912597656,4839.0
61,44,83.06561279296875,384.31146240234375,1387.0
61,45,41.21428680419922,430.3305969238281,1092.0
61,46,73.05834197998047,420.1741943359375,1217.0
61,47,248.38580322265625,84.88787841796875,2649.0
61,48,149.31509399414062,169.11834716796875,676.0
61,49,311.7711486816406,169.57479858398438,2587.0
61,50,246.9590606689453,194.29080200195312,3786.0
61,51,75.24220275878906,207.8696746826172,5417.0
61,52,162.3213653564453,215.31842041015625,4092.0
61,53,117.38497924804688,248.7015686035156,4021.0
61,54,393.9044799804688,289.26055908203125,1539.0
61,55,295.9020690917969,311.5795593261719,3268.0
61,56,167.5851593017578,303.2394714355469,593.0
61,57,354.7859191894531,314.519775390625,4073.0
61,58,212.0383453369141,366.6296691894531,3208.0
61,59,0.0,0.0,0.0
61,60,109.7173080444336,418.8609008789063,1560.0
61,61,0.0,0.0,0.0
61,62,254.19528198242188,328.4444580078125,1188.0
61,63,436.9040832519531,331.0278625488281,3982.0
61,64,0.0,0.0,0.0
61,65,226.5246734619141,438.1519165039063,4700.0
61,66,0.0,0.0,0.0
61,67,143.39297485351562,473.6907653808594,4896.0
61,68,296.936767578125,451.8045349121094,4998.0
61,69,0.0,0.0,0.0
61,70,486.3865966796875,374.91107177734375,4374.0
61,71,0.0,0.0,0.0
61,72,17.19937515258789,471.81158447265625,2558.0
61,73,395.0890502929688,368.4584045410156,3425.0
61,74,333.25152587890625,384.03900146484375,4461.0
61,75,448.0094299316406,415.2488403320313,3922.0
61,76,372.7830200195313,436.3714599609375,4738.0
61,77,0.0,0.0,0.0
61,78,0.0,0.0,0.0
61,79,0.0,0.0,0.0
61,80,0.0,0.0,0.0
61,81,421.6170349121094,470.41510009765625,3640.0
61,82,0.0,0.0,0.0
61,83,334.2144470214844,494.76605224609375,1744.0
61,84,0.0,0.0,0.0
61,85,365.4971923828125,127.91376495361328,3908.0
61,86,0.0,0.0,0.0
61,87,490.80126953125,226.3060913085937,1872.0
61,88,0.0,0.0,0.0
61,89,476.8919982910156,486.8840942382813,1898.0
61,90,0.0,0.0,0.0
61,91,503.37451171875,68.49932861328125,745.0
61,92,0.0,0.0,0.0
61,93,487.99951171875,278.3343505859375,1992.0
61,94,98.3021011352539,18.69598388671875,1569.0
61,95,0.0,0.0,0.0
61,96,0.0,0.0,0.0
61,97,0.0,0.0,0.0
61,98,164.17555236816406,408.4279174804688,4842.0
61,99,273.4846496582031,377.58740234375,4302.0
61,100,262.39654541015625,494.919189453125,2537.0
61,101,0.0,0.0,0.0
61,102,0.0,0.0,0.0
61,103,381.1299133300781,495.5392456054688,1478.0
61,104,0.0,0.0,0.0
61,105,0.0,0.0,0.0
61,106,0.0,0.0,0.0
61,107,0.0,0.0,0.0
61,108,0.0,0.0,0.0
61,109,0.0,0.0,0.0
61,110,486.5055541992188,22.335617065429688,2336.0
61,111,499.2398986816406,313.7637023925781,1113.0
61,112,0.0,0.0,0.0
61,113,0.0,0.0,0.0
61,114,500.3652648925781,181.2959747314453,1169.0
61,115,0.0,0.0,0.0
61,116,0.0,0.0,0.0
61,117,434.814208984375,92.38343048095705,5915.0
61,118,494.8200378417969,456.828125,2106.0
61,119,495.5344543457031,123.27259063720705,1959.0
61,120,0.0,0.0,0.0
61,121,0.0,0.0,0.0
61,122,0.0,0.0,0.0
61,123,0.0,0.0,0.0
61,124,0.0,0.0,0.0
61,125,198.9161834716797,159.9692840576172,4689.0
61,126,0.0,0.0,0.0
61,127,0.0,0.0,0.0
61,128,0.0,0.0,0.0
61,129,0.0,0.0,0.0
61,130,72.82403564453125,477.4927978515625,5217.0
61,131,406.16455078125,22.25161933898925,3549.0
61,132,0.0,0.0,0.0
61,133,0.0,0.0,0.0
61,134,0.0,0.0,0.0
61,135,0.0,0.0,0.0
61,136,14.440442085266112,278.7276611328125,2082.0
61,137,112.13207244873048,76.83002471923828,6148.0
61,138,183.3397521972656,14.849740982055664,1351.0
61,139,235.10528564453125,17.54664421081543,1833.0
61,140,288.13787841796875,9.377715110778809,1059.0
61,141,348.15234375,11.481842041015623,1129.0
61,142,453.369140625,503.4841003417969,661.0
61,143,181.0948638916016,505.4920959472656,506.0
61,144,0.0,0.0,0.0
61,145,0.0,0.0,0.0
61,146,0.0,0.0,0.0
61,147,0.0,0.0,0.0
61,148,0.0,0.0,0.0
61,149,0.0,0.0,0.0
61,150,0.0,0.0,0.0
61,151,0.0,0.0,0.0
61,152,0.0,0.0,0.0
61,153,0.0,0.0,0.0
61,154,0.0,0.0,0.0
61,155,0.0,0.0,0.0
61,156,0.0,0.0,0.0
61,157,0.0,0.0,0.0
61,158,0.0,0.0,0.0
61,159,0.0,0.0,0.0
61,160,0.0,0.0,0.0
61,161,0.0,0.0,0.0
61,162,0.0,0.0,0.0
61,163,0.0,0.0,0.0
61,164,0.0,0.0,0.0
61,165,0.0,0.0,0.0
61,166,0.0,0.0,0.0
61,167,0.0,0.0,0.0
61,168,0.0,0.0,0.0
61,169,0.0,0.0,0.0
61,170,0.0,0.0,0.0
61,171,0.0,0.0,0.0
61,172,0.0,0.0,0.0
61,173,0.0,0.0,0.0
61,174,0.0,0.0,0.0
61,175,0.0,0.0,0.0
61,176,0.0,0.0,0.0
61,177,0.0,0.0,0.0
61,178,0.0,0.0,0.0
61,179,0.0,0.0,0.0
61,180,0.0,0.0,0.0
61,181,0.0,0.0,0.0
61,182,0.0,0.0,0.0
61,183,0.0,0.0,0.0
61,184,0.0,0.0,0.0
61,185,0.0,0.0,0.0
61,186,0.0,0.0,0.0
61,187,0.0,0.0,0.0
61,188,0.0,0.0,0.0
61,189,0.0,0.0,0.0
61,190,0.0,0.0,0.0
61,191,0.0,0.0,0.0
61,192,0.0,0.0,0.0
61,193,0.0,0.0,0.0
61,194,0.0,0.0,0.0
61,195,0.0,0.0,0.0
61,196,0.0,0.0,0.0
61,197,0.0,0.0,0.0
61,198,0.0,0.0,0.0
61,199,0.0,0.0,0.0
61,200,0.0,0.0,0.0
62,0,40.28306198120117,26.4963607788086,3985.0
62,1,61.0247917175293,60.07437896728516,363.0
62,2,140.7189178466797,19.93989372253418,1697.0
62,3,0.0,0.0,0.0
62,4,0.0,0.0,0.0
62,5,180.47933959960932,70.35867309570312,2710.0
62,6,0.0,0.0,0.0
62,7,383.3937377929688,62.49668884277344,1661.0
62,8,0.0,0.0,0.0
62,9,450.9393005371094,37.11551284790039,1186.0
62,10,33.36970901489258,88.69876861572266,4133.0
62,11,480.2308349609375,65.16451263427734,1161.0
62,12,15.1839017868042,139.14813232421875,1789.0
62,13,395.98291015625,190.9984436035156,2574.0
62,14,457.4194641113281,170.25965881347656,4737.0
62,15,286.6327819824219,212.32569885253903,1397.0
62,16,199.6002349853516,249.6417388916016,2554.0
62,17,380.2110900878906,237.7374267578125,4117.0
62,18,317.23992919921875,247.30160522460932,4539.0
62,19,442.7178649902344,258.1217956542969,5345.0
62,20,35.84210586547852,308.25732421875,1197.0
62,21,85.9274673461914,318.052978515625,1944.0
62,22,0.0,0.0,0.0
62,23,38.97370147705078,351.8687438964844,4259.0
62,24,17.89150047302246,400.8946533203125,2212.0
62,25,0.0,0.0,0.0
62,26,206.45704650878903,46.65528106689453,1932.0
62,27,261.3242492675781,44.53704833984375,1687.0
62,28,320.4559020996094,47.95869445800781,4479.0
62,29,196.2102813720703,109.90592956542967,1265.0
62,30,330.7761535644531,94.6163330078125,2265.0
62,31,272.014892578125,127.0317611694336,5037.0
62,32,127.91887664794922,138.040771484375,4709.0
62,33,0.0,0.0,0.0
62,34,60.02501678466797,145.80831909179688,2838.0
62,35,411.0910949707031,149.73623657226562,1581.0
62,36,20.573734283447266,207.04656982421875,3221.0
62,37,349.1748046875,186.0975952148437,1619.0
62,38,251.3704376220703,266.8212585449219,3944.0
62,39,63.54452896118164,277.72442626953125,2257.0
62,40,0.0,0.0,0.0
62,41,132.5821075439453,298.741943359375,2515.0
62,42,204.2933807373047,308.8039855957031,4005.0
62,43,132.11837768554688,352.70123291015625,4773.0
62,44,83.53662872314453,381.5545043945313,1174.0
62,45,38.49384689331055,432.0584716796875,1300.0
62,46,67.41487884521484,424.5524291992188,887.0
62,47,249.4926300048828,84.90775299072266,2580.0
62,48,149.72486877441406,169.63693237304688,796.0
62,49,312.7807922363281,169.97666931152344,2614.0
62,50,247.7484130859375,194.9787139892578,3617.0
62,51,75.24554443359375,207.47586059570312,5384.0
62,52,162.4596710205078,215.9722900390625,4079.0
62,53,117.2238998413086,249.1891021728516,4167.0
62,54,394.732666015625,289.2006530761719,1515.0
62,55,295.8284606933594,311.50518798828125,3177.0
62,56,167.44253540039062,303.1783752441406,583.0
62,57,355.154052734375,314.2225036621094,4135.0
62,58,211.68704223632807,366.73822021484375,3224.0
62,59,0.0,0.0,0.0
62,60,109.22195434570312,418.3244934082031,1658.0
62,61,0.0,0.0,0.0
62,62,254.4786529541016,328.8357849121094,1218.0
62,63,437.6123962402344,330.4180908203125,3870.0
62,64,0.0,0.0,0.0
62,65,225.83091735839844,437.9173278808594,4560.0
62,66,0.0,0.0,0.0
62,67,142.5144805908203,473.7230529785156,4871.0
62,68,296.8270874023437,451.6018371582031,5008.0
62,69,0.0,0.0,0.0
62,70,486.0636901855469,374.4432067871094,4350.0
62,71,0.0,0.0,0.0
62,72,16.18524932861328,473.5340576171875,2305.0
62,73,395.5374145507813,368.037109375,3476.0
62,74,333.3697204589844,383.50042724609375,4552.0
62,75,447.5425415039063,414.5813903808594,3889.0
62,76,372.63372802734375,436.36474609375,4625.0
62,77,0.0,0.0,0.0
62,78,0.0,0.0,0.0
62,79,0.0,0.0,0.0
62,80,0.0,0.0,0.0
62,81,421.0640563964844,469.7498474121094,3622.0
62,82,0.0,0.0,0.0
62,83,333.8485107421875,494.8122253417969,1736.0
62,84,0.0,0.0,0.0
62,85,365.0086669921875,127.7724838256836,4158.0
62,86,0.0,0.0,0.0
62,87,491.4525146484375,225.6053466796875,1832.0
62,88,0.0,0.0,0.0
62,89,475.7652587890625,486.1973571777344,1900.0
62,90,0.0,0.0,0.0
62,91,504.0433654785156,66.71676635742188,692.0
62,92,0.0,0.0,0.0
62,93,488.47601318359375,278.52294921875,1939.0
62,94,99.24705505371094,19.08854484558105,1615.0
62,95,0.0,0.0,0.0
62,96,0.0,0.0,0.0
62,97,0.0,0.0,0.0
62,98,164.4490509033203,408.7299499511719,4799.0
62,99,273.2425231933594,378.4415588378906,4346.0
62,100,262.2605895996094,494.2469787597656,2575.0
62,101,0.0,0.0,0.0
62,102,0.0,0.0,0.0
62,103,380.9913940429688,495.3642272949219,1510.0
62,104,0.0,0.0,0.0
62,105,0.0,0.0,0.0
62,106,0.0,0.0,0.0
62,107,0.0,0.0,0.0
62,108,0.0,0.0,0.0
62,109,0.0,0.0,0.0
62,110,486.4840393066406,21.69627952575684,2285.0
62,111,499.4759826660156,313.6227722167969,1124.0
62,112,0.0,0.0,0.0
62,113,0.0,0.0,0.0
62,114,501.00189208984375,180.9361572265625,1065.0
62,115,0.0,0.0,0.0
62,116,0.0,0.0,0.0
62,117,436.1954345703125,93.15874481201172,5997.0
62,118,494.4880065917969,456.3661193847656,2207.0
62,119,496.22998046875,123.06659698486328,1922.0
62,120,0.0,0.0,0.0
62,121,0.0,0.0,0.0
62,122,0.0,0.0,0.0
62,123,0.0,0.0,0.0
62,124,0.0,0.0,0.0
62,125,200.0347137451172,160.5843505859375,4754.0
62,126,0.0,0.0,0.0
62,127,0.0,0.0,0.0
62,128,0.0,0.0,0.0
62,129,0.0,0.0,0.0
62,130,72.18389129638672,477.995361328125,5177.0
62,131,407.6333923339844,21.9809627532959,3467.0
62,132,0.0,0.0,0.0
62,133,0.0,0.0,0.0
62,134,0.0,0.0,0.0
62,135,0.0,0.0,0.0
62,136,14.106855392456056,278.82647705078125,2115.0
62,137,111.99967956542967,77.15259552001953,6278.0
62,138,183.01922607421875,14.576153755187988,1300.0
62,139,234.941146850586,17.500530242919922,1886.0
62,140,289.44189453125,9.641353607177734,1093.0
62,141,349.6460876464844,12.07736587524414,1215.0
62,142,452.8426208496094,503.4062805175781,699.0
62,143,181.58778381347656,505.7423706054688,524.0
62,144,58.12550735473633,396.7368469238281,247.0
62,145,81.15045928955078,407.4311828613281,545.0
62,146,0.0,0.0,0.0
62,147,0.0,0.0,0.0
62,148,0.0,0.0,0.0
62,149,0.0,0.0,0.0
62,150,0.0,0.0,0.0
62,151,0.0,0.0,0.0
62,152,0.0,0.0,0.0
62,153,0.0,0.0,0.0
62,154,0.0,0.0,0.0
62,155,0.0,0.0,0.0
62,156,0.0,0.0,0.0
62,157,0.0,0.0,0.0
62,158,0.0,0.0,0.0
62,159,0.0,0.0,0.0
62,160,0.0,0.0,0.0
62,161,0.0,0.0,0.0
62,162,0.0,0.0,0.0
62,163,0.0,0.0,0.0
62,164,0.0,0.0,0.0
62,165,0.0,0.0,0.0
62,166,0.0,0.0,0.0
62,167,0.0,0.0,0.0
62,168,0.0,0.0,0.0
62,169,0.0,0.0,0.0
62,170,0.0,0.0,0.0
62,171,0.0,0.0,0.0
62,172,0.0,0.0,0.0
62,173,0.0,0.0,0.0
62,174,0.0,0.0,0.0
62,175,0.0,0.0,0.0
62,176,0.0,0.0,0.0
62,177,0.0,0.0,0.0
62,178,0.0,0.0,0.0
62,179,0.0,0.0,0.0
62,180,0.0,0.0,0.0
62,181,0.0,0.0,0.0
62,182,0.0,0.0,0.0
62,183,0.0,0.0,0.0
62,184,0.0,0.0,0.0
62,185,0.0,0.0,0.0
62,186,0.0,0.0,0.0
62,187,0.0,0.0,0.0
62,188,0.0,0.0,0.0
62,189,0.0,0.0,0.0
62,190,0.0,0.0,0.0
62,191,0.0,0.0,0.0
62,192,0.0,0.0,0.0
62,193,0.0,0.0,0.0
62,194,0.0,0.0,0.0
62,195,0.0,0.0,0.0
62,196,0.0,0.0,0.0
62,197,0.0,0.0,0.0
62,198,0.0,0.0,0.0
62,199,0.0,0.0,0.0
62,200,0.0,0.0,0.0
63,0,39.33977508544922,26.569398880004883,4294.0
63,1,0.0,0.0,0.0
63,2,141.1259765625,20.31159400939941,1794.0
63,3,0.0,0.0,0.0
63,4,0.0,0.0,0.0
63,5,180.1291961669922,70.9202880859375,2647.0
63,6,0.0,0.0,0.0
63,7,384.7209167480469,62.58250427246094,1806.0
63,8,0.0,0.0,0.0
63,9,452.3865051269531,37.176639556884766,1053.0
63,10,33.69178009033203,89.22846984863281,4088.0
63,11,482.6991882324219,65.2416000366211,1250.0
63,12,15.612156867980955,139.552978515625,1859.0
63,13,393.7898254394531,190.48399353027344,2498.0
63,14,457.7622680664063,171.1021270751953,4896.0
63,15,286.7811584472656,211.190658569336,1348.0
63,16,199.22303771972656,250.7127227783203,2475.0
63,17,380.9286193847656,237.455307006836,4217.0
63,18,316.8492736816406,247.19662475585932,4618.0
63,19,441.22564697265625,258.26220703125,4981.0
63,20,35.98988342285156,309.8365783691406,1285.0
63,21,85.75421142578125,319.6957397460937,2018.0
63,22,0.0,0.0,0.0
63,23,37.824485778808594,353.1915283203125,4125.0
63,24,17.84355354309082,400.3587646484375,2071.0
63,25,0.0,0.0,0.0
63,26,206.3293609619141,46.83609771728516,1928.0
63,27,262.9869079589844,44.61809921264648,1757.0
63,28,321.3170166015625,48.56942367553711,4350.0
63,29,196.24151611328125,110.2075653076172,1296.0
63,30,329.9855651855469,93.66683197021484,2008.0
63,31,273.1353759765625,127.63327026367188,5230.0
63,32,127.39482879638672,138.94741821289062,4564.0
63,33,0.0,0.0,0.0
63,34,59.85201644897461,145.76644897460938,2676.0
63,35,411.4392700195313,150.450439453125,1614.0
63,36,21.045318603515625,208.3475341796875,3332.0
63,37,348.2089538574219,187.09146118164065,1498.0
63,38,251.27281188964844,267.2368469238281,4032.0
63,39,63.71237564086914,278.2945251464844,2319.0
63,40,0.0,0.0,0.0
63,41,133.64947509765625,299.98162841796875,2502.0
63,42,204.48019409179688,309.71661376953125,3963.0
63,43,131.98855590820312,353.3075561523437,4718.0
63,44,83.28585815429688,379.030517578125,983.0
63,45,34.218711853027344,434.6074523925781,1582.0
63,46,68.22467803955078,424.8121643066406,1086.0
63,47,249.028564453125,85.03428649902344,2625.0
63,48,149.58810424804688,169.87774658203125,908.0
63,49,313.15704345703125,170.46519470214844,2528.0
63,50,247.58688354492188,195.9785919189453,3551.0
63,51,75.64115905761719,206.73133850097656,5267.0
63,52,163.51197814941406,216.3949584960937,4051.0
63,53,117.22003936767578,249.2191162109375,4372.0
63,54,394.8345031738281,289.4754943847656,1571.0
63,55,295.6649780273437,312.09539794921875,3155.0
63,56,168.03196716308594,301.1314392089844,563.0
63,57,354.6965026855469,314.12896728515625,4079.0
63,58,210.97596740722656,366.9456787109375,3203.0
63,59,0.0,0.0,0.0
63,60,108.7119140625,417.0638732910156,1628.0
63,61,0.0,0.0,0.0
63,62,254.4299774169922,329.7191162109375,1214.0
63,63,438.5152282714844,329.735107421875,3775.0
63,64,0.0,0.0,0.0
63,65,225.03076171875,437.8740539550781,4518.0
63,66,0.0,0.0,0.0
63,67,141.45864868164062,473.3658447265625,4849.0
63,68,296.2879943847656,451.7677001953125,5045.0
63,69,0.0,0.0,0.0
63,70,486.232421875,374.1944580078125,4320.0
63,71,0.0,0.0,0.0
63,72,14.519290924072266,475.9921875,1918.0
63,73,395.669189453125,367.2404479980469,3585.0
63,74,333.1712951660156,383.5764465332031,4618.0
63,75,447.22271728515625,413.7019653320313,3929.0
63,76,372.3093872070313,436.79693603515625,4619.0
63,77,0.0,0.0,0.0
63,78,0.0,0.0,0.0
63,79,0.0,0.0,0.0
63,80,0.0,0.0,0.0
63,81,420.9152526855469,469.3133544921875,3622.0
63,82,0.0,0.0,0.0
63,83,333.8808288574219,494.7804870605469,1754.0
63,84,0.0,0.0,0.0
63,85,365.19329833984375,126.90996551513672,4454.0
63,86,0.0,0.0,0.0
63,87,492.0386962890625,224.92886352539065,1757.0
63,88,0.0,0.0,0.0
63,89,475.8232727050781,486.4126892089844,1890.0
63,90,0.0,0.0,0.0
63,91,505.6846008300781,65.67115020751953,520.0
63,92,0.0,0.0,0.0
63,93,486.4832153320313,275.09979248046875,2295.0
63,94,100.12689971923828,19.29279518127441,1513.0
63,95,0.0,0.0,0.0
63,96,0.0,0.0,0.0
63,97,0.0,0.0,0.0
63,98,164.1533966064453,409.2313537597656,4746.0
63,99,272.69659423828125,378.9744873046875,4311.0
63,100,261.3576354980469,494.1338806152344,2592.0
63,101,0.0,0.0,0.0
63,102,0.0,0.0,0.0
63,103,381.1190490722656,495.6632690429688,1470.0
63,104,0.0,0.0,0.0
63,105,0.0,0.0,0.0
63,106,0.0,0.0,0.0
63,107,0.0,0.0,0.0
63,108,0.0,0.0,0.0
63,109,0.0,0.0,0.0
63,110,487.0453186035156,22.10750770568848,2251.0
63,111,500.0018310546875,313.1520690917969,1085.0
63,112,0.0,0.0,0.0
63,113,0.0,0.0,0.0
63,114,501.8237609863281,180.6788330078125,959.0
63,115,0.0,0.0,0.0
63,116,0.0,0.0,0.0
63,117,437.7043151855469,92.9385223388672,5888.0
63,118,494.0097961425781,455.8980102539063,2245.0
63,119,496.3621520996094,122.87621307373048,1955.0
63,120,0.0,0.0,0.0
63,121,0.0,0.0,0.0
63,122,0.0,0.0,0.0
63,123,0.0,0.0,0.0
63,124,0.0,0.0,0.0
63,125,200.6028289794922,160.7935028076172,4746.0
63,126,0.0,0.0,0.0
63,127,0.0,0.0,0.0
63,128,0.0,0.0,0.0
63,129,0.0,0.0,0.0
63,130,70.90044403076172,478.6138916015625,5193.0
63,131,408.6591796875,21.74896049499512,3609.0
63,132,0.0,0.0,0.0
63,133,0.0,0.0,0.0
63,134,0.0,0.0,0.0
63,135,0.0,0.0,0.0
63,136,14.077740669250488,279.40655517578125,2071.0
63,137,109.42491149902344,77.23548889160156,6752.0
63,138,183.18630981445312,14.683917045593262,1256.0
63,139,234.82876586914065,17.912094116210938,1968.0
63,140,289.9889221191406,9.735674858093262,1082.0
63,141,348.2783203125,12.002463340759276,1218.0
63,142,452.15435791015625,503.0519104003906,732.0
63,143,177.8235321044922,505.9215698242188,459.0
63,144,0.0,0.0,0.0
63,145,77.31436157226562,401.57568359375,773.0
63,146,54.30356979370117,397.4107055664063,112.0
63,147,0.0,0.0,0.0
63,148,0.0,0.0,0.0
63,149,0.0,0.0,0.0
63,150,0.0,0.0,0.0
63,151,0.0,0.0,0.0
63,152,0.0,0.0,0.0
63,153,0.0,0.0,0.0
63,154,0.0,0.0,0.0
63,155,0.0,0.0,0.0
63,156,0.0,0.0,0.0
63,157,0.0,0.0,0.0
63,158,0.0,0.0,0.0
63,159,0.0,0.0,0.0
63,160,0.0,0.0,0.0
63,161,0.0,0.0,0.0
63,162,0.0,0.0,0.0
63,163,0.0,0.0,0.0
63,164,0.0,0.0,0.0
63,165,0.0,0.0,0.0
63,166,0.0,0.0,0.0
63,167,0.0,0.0,0.0
63,168,0.0,0.0,0.0
63,169,0.0,0.0,0.0
63,170,0.0,0.0,0.0
63,171,0.0,0.0,0.0
63,172,0.0,0.0,0.0
63,173,0.0,0.0,0.0
63,174,0.0,0.0,0.0
63,175,0.0,0.0,0.0
63,176,0.0,0.0,0.0
63,177,0.0,0.0,0.0
63,178,0.0,0.0,0.0
63,179,0.0,0.0,0.0
63,180,0.0,0.0,0.0
63,181,0.0,0.0,0.0
63,182,0.0,0.0,0.0
63,183,0.0,0.0,0.0
63,184,0.0,0.0,0.0
63,185,0.0,0.0,0.0
63,186,0.0,0.0,0.0
63,187,0.0,0.0,0.0
63,188,0.0,0.0,0.0
63,189,0.0,0.0,0.0
63,190,0.0,0.0,0.0
63,191,0.0,0.0,0.0
63,192,0.0,0.0,0.0
63,193,0.0,0.0,0.0
63,194,0.0,0.0,0.0
63,195,0.0,0.0,0.0
63,196,0.0,0.0,0.0
63,197,0.0,0.0,0.0
63,198,0.0,0.0,0.0
63,199,0.0,0.0,0.0
63,200,0.0,0.0,0.0
64,0,38.98894119262695,26.461057662963867,4160.0
64,1,0.0,0.0,0.0
64,2,140.91017150878906,19.9209041595459,1770.0
64,3,0.0,0.0,0.0
64,4,0.0,0.0,0.0
64,5,181.46597290039065,71.93931579589844,2719.0
64,6,0.0,0.0,0.0
64,7,386.5852661132813,62.34957504272461,1888.0
64,8,0.0,0.0,0.0
64,9,453.4618225097656,38.78520202636719,838.0
64,10,41.37561798095703,97.61524963378906,5258.0
64,11,490.0447082519531,65.8043441772461,1610.0
64,12,16.39057159423828,140.0635223388672,2015.0
64,13,393.745849609375,190.5074462890625,2416.0
64,14,459.2266540527344,171.5842742919922,4924.0
64,15,286.9279479980469,210.7713165283203,1360.0
64,16,199.4807281494141,251.0114898681641,2438.0
64,17,381.9228210449219,237.62942504882807,4288.0
64,18,316.07696533203125,248.28042602539065,4586.0
64,19,437.3132019042969,253.66574096679688,3940.0
64,20,36.114349365234375,310.8404846191406,1373.0
64,21,84.58059692382812,321.75653076171875,2103.0
64,22,0.0,0.0,0.0
64,23,35.57168960571289,353.01251220703125,3836.0
64,24,18.272825241088867,399.9017639160156,1873.0
64,25,0.0,0.0,0.0
64,26,205.00540161132807,46.615535736083984,2034.0
64,27,264.9424743652344,45.87150573730469,1860.0
64,28,323.2220458984375,49.93862533569336,4220.0
64,29,198.0491180419922,110.47895050048828,1140.0
64,30,328.5941162109375,93.61529541015624,1700.0
64,31,273.419677734375,128.0993194580078,5397.0
64,32,127.52757263183594,140.2276153564453,4534.0
64,33,0.0,0.0,0.0
64,34,51.24251174926758,158.98573303222656,1402.0
64,35,412.0995788574219,151.21839904785156,1717.0
64,36,21.375303268432617,209.1037139892578,3288.0
64,37,347.0621032714844,189.90509033203125,1707.0
64,38,251.0649261474609,268.0318298339844,4051.0
64,39,63.81771469116211,277.7777404785156,2326.0
64,40,0.0,0.0,0.0
64,41,132.20591735839844,300.4331359863281,2535.0
64,42,204.2173309326172,310.2476806640625,3888.0
64,43,131.53311157226562,353.7602233886719,4650.0
64,44,75.9137191772461,389.4585571289063,2063.0
64,45,29.4489803314209,436.3532104492188,1911.0
64,46,67.31830596923828,425.4848327636719,1087.0
64,47,249.92086791992188,85.68265533447266,2502.0
64,48,149.9517364501953,169.56243896484375,953.0
64,49,313.5552673339844,169.8233642578125,2406.0
64,50,247.60269165039065,197.1676177978516,3496.0
64,51,75.45771789550781,206.3065948486328,5049.0
64,52,163.85365295410156,216.4102020263672,4059.0
64,53,117.1695327758789,248.5799102783203,4530.0
64,54,395.3912353515625,289.2220153808594,1572.0
64,55,295.3706359863281,312.5581970214844,3119.0
64,56,168.0677490234375,299.72418212890625,620.0
64,57,354.8252868652344,313.8045959472656,4058.0
64,58,210.3114471435547,366.8840026855469,3259.0
64,59,0.0,0.0,0.0
64,60,107.61148071289062,416.9749450683594,1637.0
64,61,0.0,0.0,0.0
64,62,253.9601593017578,330.45477294921875,1205.0
64,63,439.4919128417969,328.7875366210937,3775.0
64,64,0.0,0.0,0.0
64,65,224.13870239257807,437.9348754882813,4499.0
64,66,0.0,0.0,0.0
64,67,140.73800659179688,473.1523132324219,4878.0
64,68,295.5160522460937,451.8589477539063,5019.0
64,69,0.0,0.0,0.0
64,70,485.865478515625,374.11077880859375,4252.0
64,71,0.0,0.0,0.0
64,72,14.707552909851074,480.5687561035156,1549.0
64,73,395.7330017089844,366.9570617675781,3749.0
64,74,332.636962890625,383.6150817871094,4658.0
64,75,446.5516357421875,413.2984619140625,3863.0
64,76,371.8624572753906,436.9393615722656,4602.0
64,77,0.0,0.0,0.0
64,78,0.0,0.0,0.0
64,79,0.0,0.0,0.0
64,80,0.0,0.0,0.0
64,81,420.3559875488281,468.8948059082031,3517.0
64,82,0.0,0.0,0.0
64,83,333.6116027832031,494.66064453125,1774.0
64,84,0.0,0.0,0.0
64,85,364.9914855957031,125.62186431884766,4702.0
64,86,0.0,0.0,0.0
64,87,492.7097473144531,224.2685089111328,1702.0
64,88,0.0,0.0,0.0
64,89,474.4288635253906,486.0015563964844,1933.0
64,90,0.0,0.0,0.0
64,91,0.0,0.0,0.0
64,92,0.0,0.0,0.0
64,93,479.4251098632813,274.65087890625,3251.0
64,94,100.1297836303711,20.168651580810547,1595.0
64,95,0.0,0.0,0.0
64,96,0.0,0.0,0.0
64,97,0.0,0.0,0.0
64,98,163.6202392578125,409.1773376464844,4703.0
64,99,272.3904724121094,379.3660583496094,4300.0
64,100,260.9752197265625,494.1455078125,2584.0
64,101,0.0,0.0,0.0
64,102,0.0,0.0,0.0
64,103,381.1422729492188,495.5263977050781,1497.0
64,104,0.0,0.0,0.0
64,105,0.0,0.0,0.0
64,106,0.0,0.0,0.0
64,107,0.0,0.0,0.0
64,108,0.0,0.0,0.0
64,109,0.0,0.0,0.0
64,110,485.6556701660156,22.1519775390625,2428.0
64,111,500.41790771484375,313.77398681640625,1084.0
64,112,0.0,0.0,0.0
64,113,0.0,0.0,0.0
64,114,502.90826416015625,181.6950836181641,774.0
64,115,0.0,0.0,0.0
64,116,0.0,0.0,0.0
64,117,438.7576904296875,92.5747299194336,5881.0
64,118,493.7697448730469,455.5775146484375,2393.0
64,119,496.5702209472656,123.38312530517578,2015.0
64,120,0.0,0.0,0.0
64,121,0.0,0.0,0.0
64,122,0.0,0.0,0.0
64,123,0.0,0.0,0.0
64,124,0.0,0.0,0.0
64,125,201.04751586914065,160.8549346923828,4736.0
64,126,0.0,0.0,0.0
64,127,0.0,0.0,0.0
64,128,0.0,0.0,0.0
64,129,0.0,0.0,0.0
64,130,70.23338317871094,478.8804016113281,5176.0
64,131,410.8133850097656,21.95116233825684,3440.0
64,132,0.0,0.0,0.0
64,133,0.0,0.0,0.0
64,134,0.0,0.0,0.0
64,135,0.0,0.0,0.0
64,136,14.308320999145508,278.9764404296875,2079.0
64,137,109.84608459472656,78.68873596191406,6978.0
64,138,182.9302520751953,14.256302833557127,1190.0
64,139,234.8964385986328,18.378612518310547,2076.0
64,140,290.6681213378906,10.638575553894045,1151.0
64,141,350.44158935546875,13.199430465698242,1404.0
64,142,450.2774658203125,502.8485107421875,746.0
64,143,183.9263153076172,506.27545166015625,570.0
64,144,0.0,0.0,0.0
64,145,0.0,0.0,0.0
64,146,0.0,0.0,0.0
64,147,0.0,0.0,0.0
64,148,0.0,0.0,0.0
64,149,0.0,0.0,0.0
64,150,0.0,0.0,0.0
64,151,0.0,0.0,0.0
64,152,0.0,0.0,0.0
64,153,0.0,0.0,0.0
64,154,0.0,0.0,0.0
64,155,0.0,0.0,0.0
64,156,0.0,0.0,0.0
64,157,0.0,0.0,0.0
64,158,0.0,0.0,0.0
64,159,0.0,0.0,0.0
64,160,0.0,0.0,0.0
64,161,0.0,0.0,0.0
64,162,0.0,0.0,0.0
64,163,0.0,0.0,0.0
64,164,0.0,0.0,0.0
64,165,0.0,0.0,0.0
64,166,0.0,0.0,0.0
64,167,0.0,0.0,0.0
64,168,0.0,0.0,0.0
64,169,0.0,0.0,0.0
64,170,0.0,0.0,0.0
64,171,0.0,0.0,0.0
64,172,0.0,0.0,0.0
64,173,0.0,0.0,0.0
64,174,0.0,0.0,0.0
64,175,0.0,0.0,0.0
64,176,0.0,0.0,0.0
64,177,0.0,0.0,0.0
64,178,0.0,0.0,0.0
64,179,0.0,0.0,0.0
64,180,0.0,0.0,0.0
64,181,0.0,0.0,0.0
64,182,0.0,0.0,0.0
64,183,0.0,0.0,0.0
64,184,0.0,0.0,0.0
64,185,0.0,0.0,0.0
64,186,0.0,0.0,0.0
64,187,0.0,0.0,0.0
64,188,0.0,0.0,0.0
64,189,0.0,0.0,0.0
64,190,0.0,0.0,0.0
64,191,0.0,0.0,0.0
64,192,0.0,0.0,0.0
64,193,0.0,0.0,0.0
64,194,0.0,0.0,0.0
64,195,0.0,0.0,0.0
64,196,0.0,0.0,0.0
64,197,0.0,0.0,0.0
64,198,0.0,0.0,0.0
64,199,0.0,0.0,0.0
64,200,0.0,0.0,0.0
65,0,39.70952987670898,26.417236328125,4386.0
65,1,0.0,0.0,0.0
65,2,141.13059997558594,20.22622871398925,1830.0
65,3,0.0,0.0,0.0
65,4,0.0,0.0,0.0
65,5,181.09915161132807,72.62818908691406,2703.0
65,6,0.0,0.0,0.0
65,7,387.8665161132813,62.049922943115234,1963.0
65,8,0.0,0.0,0.0
65,9,454.5505981445313,39.53034973144531,939.0
65,10,41.96547317504883,99.16695404052734,5271.0
65,11,490.0179748535156,65.86448669433594,1557.0
65,12,15.545501708984377,140.6004180908203,1912.0
65,13,394.3717346191406,190.47982788085932,2405.0
65,14,460.7930603027344,171.85546875,5016.0
65,15,286.0348205566406,212.1847076416016,1321.0
65,16,199.5558624267578,251.30577087402344,2515.0
65,17,382.4107971191406,237.71812438964844,4321.0
65,18,315.6015014648437,249.70664978027344,4527.0
65,19,432.1985168457031,248.4415740966797,2670.0
65,20,36.27680969238281,311.6855163574219,1380.0
65,21,84.03556823730469,323.158935546875,2221.0
65,22,0.0,0.0,0.0
65,23,32.30834197998047,353.8991394042969,3668.0
65,24,16.714284896850586,400.598388671875,1372.0
65,25,0.0,0.0,0.0
65,26,204.3649139404297,46.7268180847168,1995.0
65,27,265.8517150878906,46.70442581176758,2057.0
65,28,324.6553955078125,51.07886505126953,4083.0
65,29,200.12210083007807,110.73440551757812,1122.0
65,30,326.5371398925781,94.73314666748048,1454.0
65,31,274.281494140625,129.2438201904297,5336.0
65,32,127.36671447753906,140.74566650390625,4494.0
65,33,0.0,0.0,0.0
65,34,50.58787536621094,159.96865844726562,1468.0
65,35,412.7222290039063,152.21478271484375,1746.0
65,36,21.28245735168457,209.51779174804688,3289.0
65,37,345.2475280761719,193.1426239013672,1830.0
65,38,250.5258636474609,268.7460021972656,4079.0
65,39,63.10435485839844,277.873046875,2434.0
65,40,0.0,0.0,0.0
65,41,131.73504638671875,301.11920166015625,2525.0
65,42,203.2219696044922,310.43927001953125,3870.0
65,43,131.58338928222656,354.9637145996094,4575.0
65,44,73.58980560302734,388.944091796875,2433.0
65,45,28.9846305847168,434.677734375,2017.0
65,46,68.03776550292969,426.6412048339844,1165.0
65,47,251.2336578369141,86.4194564819336,2632.0
65,48,149.29531860351562,169.58656311035156,982.0
65,49,313.86474609375,169.9910125732422,2447.0
65,50,248.4818878173828,197.5088348388672,3341.0
65,51,75.29187774658203,206.24208068847656,4800.0
65,52,163.7349395751953,216.68411254882807,4052.0
65,53,116.60093688964844,248.2300720214844,4681.0
65,54,396.8199157714844,290.0121459960937,1566.0
65,55,295.7182006835937,313.5163879394531,3201.0
65,56,166.1277313232422,305.2773132324219,595.0
65,57,355.8312683105469,313.4771728515625,4030.0
65,58,210.4271697998047,366.7142028808594,3261.0
65,59,0.0,0.0,0.0
65,60,108.35879516601562,417.59423828125,1597.0
65,61,0.0,0.0,0.0
65,62,253.62315368652344,330.7060852050781,1218.0
65,63,440.6869201660156,327.81982421875,3574.0
65,64,0.0,0.0,0.0
65,65,223.6148834228516,437.6289367675781,4557.0
65,66,0.0,0.0,0.0
65,67,139.8247833251953,473.5816955566406,4817.0
65,68,295.5118408203125,451.9392700195313,4941.0
65,69,0.0,0.0,0.0
65,70,485.4912414550781,373.6812438964844,4279.0
65,71,0.0,0.0,0.0
65,72,13.233333587646484,480.7265319824219,1620.0
65,73,396.7855224609375,366.252197265625,3870.0
65,74,332.60552978515625,383.5848388671875,4738.0
65,75,446.0639343261719,413.0808410644531,3785.0
65,76,371.7469177246094,436.6311645507813,4536.0
65,77,0.0,0.0,0.0
65,78,0.0,0.0,0.0
65,79,0.0,0.0,0.0
65,80,0.0,0.0,0.0
65,81,419.7671203613281,468.22943115234375,3487.0
65,82,0.0,0.0,0.0
65,83,333.6509704589844,494.4360046386719,1805.0
65,84,0.0,0.0,0.0
65,85,365.2419128417969,125.16387939453124,4845.0
65,86,0.0,0.0,0.0
65,87,492.5798645019531,223.77120971679688,1709.0
65,88,0.0,0.0,0.0
65,89,474.5755920410156,486.5520935058594,1958.0
65,90,0.0,0.0,0.0
65,91,0.0,0.0,0.0
65,92,0.0,0.0,0.0
65,93,471.8285217285156,272.5030212402344,4467.0
65,94,101.66886138916016,21.39368057250977,1519.0
65,95,0.0,0.0,0.0
65,96,0.0,0.0,0.0
65,97,0.0,0.0,0.0
65,98,163.70867919921875,409.7123718261719,4617.0
65,99,272.443359375,380.2021179199219,4220.0
65,100,260.873291015625,493.85693359375,2628.0
65,101,0.0,0.0,0.0
65,102,0.0,0.0,0.0
65,103,381.0804138183594,495.3364562988281,1492.0
65,104,0.0,0.0,0.0
65,105,0.0,0.0,0.0
65,106,0.0,0.0,0.0
65,107,0.0,0.0,0.0
65,108,0.0,0.0,0.0
65,109,0.0,0.0,0.0
65,110,487.012939453125,22.328590393066406,2319.0
65,111,500.6548767089844,313.6520080566406,1046.0
65,112,0.0,0.0,0.0
65,113,0.0,0.0,0.0
65,114,504.042236328125,182.2128448486328,592.0
65,115,0.0,0.0,0.0
65,116,0.0,0.0,0.0
65,117,438.5953063964844,93.24095916748048,5777.0
65,118,492.8683166503906,454.49456787109375,2491.0
65,119,496.7879333496094,122.55252838134766,2056.0
65,120,0.0,0.0,0.0
65,121,0.0,0.0,0.0
65,122,0.0,0.0,0.0
65,123,0.0,0.0,0.0
65,124,0.0,0.0,0.0
65,125,201.46194458007807,161.6739959716797,4862.0
65,126,0.0,0.0,0.0
65,127,0.0,0.0,0.0
65,128,0.0,0.0,0.0
65,129,0.0,0.0,0.0
65,130,69.0978775024414,479.1633911132813,5129.0
65,131,412.6565246582031,21.596254348754883,3418.0
65,132,0.0,0.0,0.0
65,133,0.0,0.0,0.0
65,134,0.0,0.0,0.0
65,135,0.0,0.0,0.0
65,136,14.006853103637695,279.3519287109375,2043.0
65,137,109.81295013427734,79.24049377441406,6998.0
65,138,183.189208984375,14.083817481994627,1205.0
65,139,234.7631378173828,18.351781845092773,2132.0
65,140,291.35546875,10.7923583984375,1204.0
65,141,351.84625244140625,14.24224853515625,1548.0
65,142,448.62896728515625,502.6747131347656,787.0
65,143,183.21170043945312,506.5576477050781,581.0
65,144,0.0,0.0,0.0
65,145,0.0,0.0,0.0
65,146,0.0,0.0,0.0
65,147,0.0,0.0,0.0
65,148,0.0,0.0,0.0
65,149,0.0,0.0,0.0
65,150,0.0,0.0,0.0
65,151,0.0,0.0,0.0
65,152,0.0,0.0,0.0
65,153,0.0,0.0,0.0
65,154,0.0,0.0,0.0
65,155,0.0,0.0,0.0
65,156,0.0,0.0,0.0
65,157,0.0,0.0,0.0
65,158,0.0,0.0,0.0
65,159,0.0,0.0,0.0
65,160,0.0,0.0,0.0
65,161,0.0,0.0,0.0
65,162,0.0,0.0,0.0
65,163,0.0,0.0,0.0
65,164,0.0,0.0,0.0
65,165,0.0,0.0,0.0
65,166,0.0,0.0,0.0
65,167,0.0,0.0,0.0
65,168,0.0,0.0,0.0
65,169,0.0,0.0,0.0
65,170,0.0,0.0,0.0
65,171,0.0,0.0,0.0
65,172,0.0,0.0,0.0
65,173,0.0,0.0,0.0
65,174,0.0,0.0,0.0
65,175,0.0,0.0,0.0
65,176,0.0,0.0,0.0
65,177,0.0,0.0,0.0
65,178,0.0,0.0,0.0
65,179,0.0,0.0,0.0
65,180,0.0,0.0,0.0
65,181,0.0,0.0,0.0
65,182,0.0,0.0,0.0
65,183,0.0,0.0,0.0
65,184,0.0,0.0,0.0
65,185,0.0,0.0,0.0
65,186,0.0,0.0,0.0
65,187,0.0,0.0,0.0
65,188,0.0,0.0,0.0
65,189,0.0,0.0,0.0
65,190,0.0,0.0,0.0
65,191,0.0,0.0,0.0
65,192,0.0,0.0,0.0
65,193,0.0,0.0,0.0
65,194,0.0,0.0,0.0
65,195,0.0,0.0,0.0
65,196,0.0,0.0,0.0
65,197,0.0,0.0,0.0
65,198,0.0,0.0,0.0
65,199,0.0,0.0,0.0
65,200,0.0,0.0,0.0
66,0,39.8851432800293,26.87138938903809,4362.0
66,1,0.0,0.0,0.0
66,2,142.54591369628906,19.84236717224121,1808.0
66,3,0.0,0.0,0.0
66,4,0.0,0.0,0.0
66,5,183.62335205078125,72.60879516601562,2955.0
66,6,0.0,0.0,0.0
66,7,392.0477294921875,61.87443542480469,1991.0
66,8,0.0,0.0,0.0
66,9,455.7674560546875,40.462982177734375,959.0
66,10,42.29698944091797,99.7262954711914,5283.0
66,11,491.0574645996094,65.676025390625,1531.0
66,12,16.06751823425293,140.9800567626953,1955.0
66,13,393.6688232421875,189.9781646728516,2473.0
66,14,465.8689270019531,173.14247131347656,5524.0
66,15,286.2298278808594,212.2242889404297,1449.0
66,16,199.5014038085937,251.6508636474609,2489.0
66,17,383.2762756347656,237.5410614013672,4517.0
66,18,315.9148864746094,250.7504425048828,4464.0
66,19,433.5368957519531,246.0678558349609,2196.0
66,20,36.17496490478516,312.7617492675781,1406.0
66,21,84.10334014892578,323.1336364746094,2245.0
66,22,0.0,0.0,0.0
66,23,27.56390380859375,366.3934326171875,4898.0
66,24,0.0,0.0,0.0
66,25,0.0,0.0,0.0
66,26,204.82769775390625,46.90095901489258,1979.0
66,27,267.88775634765625,47.38752746582031,2165.0
66,28,327.6249084472656,51.34476089477539,4055.0
66,29,200.81472778320312,110.76917266845705,1317.0
66,30,323.7218322753906,95.21902465820312,1251.0
66,31,274.3913269042969,129.623779296875,5356.0
66,32,127.48458099365234,141.11546325683594,4443.0
66,33,0.0,0.0,0.0
66,34,50.85577392578125,161.07859802246094,1463.0
66,35,413.2436218261719,153.06797790527344,1839.0
66,36,21.503877639770508,210.4346618652344,3352.0
66,37,343.0261535644531,195.0557403564453,1758.0
66,38,250.4998779296875,269.2461242675781,4075.0
66,39,62.56376266479492,278.03466796875,2423.0
66,40,0.0,0.0,0.0
66,41,131.10598754882812,302.2632141113281,2519.0
66,42,202.75906372070312,310.7878723144531,3889.0
66,43,131.75189208984375,355.7034912109375,4506.0
66,44,73.67208099365234,387.9772644042969,2464.0
66,45,27.43406105041504,435.05218505859375,2108.0
66,46,67.41802978515625,427.0318603515625,1287.0
66,47,256.1952514648437,86.6548080444336,2361.0
66,48,149.37783813476562,169.9545440673828,1056.0
66,49,314.59698486328125,169.2405548095703,2382.0
66,50,248.41720581054688,198.3670654296875,3291.0
66,51,75.22737121582031,206.0010986328125,4552.0
66,52,163.6900634765625,217.0877990722656,3975.0
66,53,116.12366485595705,247.8121337890625,4876.0
66,54,397.9047546386719,290.3339538574219,1596.0
66,55,295.10968017578125,314.2938232421875,3264.0
66,56,165.53541564941406,302.8731384277344,607.0
66,57,355.7170715332031,313.78643798828125,4008.0
66,58,209.8941345214844,366.95892333984375,3287.0
66,59,0.0,0.0,0.0
66,60,107.87299346923828,418.2379760742188,1559.0
66,61,0.0,0.0,0.0
66,62,252.14425659179688,330.5921630859375,1123.0
66,63,440.7728576660156,327.125244140625,3465.0
66,64,0.0,0.0,0.0
66,65,223.10580444335932,437.2498474121094,4527.0
66,66,0.0,0.0,0.0
66,67,139.05703735351562,473.9349365234375,4734.0
66,68,295.619873046875,452.2085266113281,4901.0
66,69,0.0,0.0,0.0
66,70,485.0037231445313,373.3443908691406,4315.0
66,71,0.0,0.0,0.0
66,72,12.360750198364258,481.6392517089844,1386.0
66,73,396.7871398925781,365.83587646484375,3918.0
66,74,332.2478942871094,383.7497863769531,4740.0
66,75,445.71044921875,412.441162109375,3747.0
66,76,371.4002990722656,436.5649108886719,4514.0
66,77,0.0,0.0,0.0
66,78,0.0,0.0,0.0
66,79,0.0,0.0,0.0
66,80,0.0,0.0,0.0
66,81,419.18988037109375,467.1423950195313,3455.0
66,82,0.0,0.0,0.0
66,83,333.0364685058594,494.502197265625,1810.0
66,84,0.0,0.0,0.0
66,85,365.0023498535156,124.0551528930664,5077.0
66,86,0.0,0.0,0.0
66,87,493.6452941894531,223.26773071289065,1621.0
66,88,0.0,0.0,0.0
66,89,474.0223693847656,486.2866516113281,2013.0
66,90,0.0,0.0,0.0
66,91,0.0,0.0,0.0
66,92,0.0,0.0,0.0
66,93,469.7365112304688,271.7156982421875,4896.0
66,94,102.65110778808594,22.926990509033203,1671.0
66,95,0.0,0.0,0.0
66,96,0.0,0.0,0.0
66,97,0.0,0.0,0.0
66,98,162.80828857421875,410.3707885742188,4585.0
66,99,271.939697265625,380.5611267089844,4261.0
66,100,259.92498779296875,493.72210693359375,2706.0
66,101,0.0,0.0,0.0
66,102,0.0,0.0,0.0
66,103,381.0578918457031,495.5555419921875,1503.0
66,104,0.0,0.0,0.0
66,105,0.0,0.0,0.0
66,106,0.0,0.0,0.0
66,107,0.0,0.0,0.0
66,108,0.0,0.0,0.0
66,109,0.0,0.0,0.0
66,110,487.3605041503906,22.02524375915528,2258.0
66,111,500.6051330566406,315.64263916015625,1013.0
66,112,0.0,0.0,0.0
66,113,0.0,0.0,0.0
66,114,0.0,0.0,0.0
66,115,0.0,0.0,0.0
66,116,0.0,0.0,0.0
66,117,439.82427978515625,93.81022644042967,5691.0
66,118,492.7131042480469,453.9762573242188,2527.0
66,119,497.1791687011719,122.89141082763672,2026.0
66,120,0.0,0.0,0.0
66,121,0.0,0.0,0.0
66,122,0.0,0.0,0.0
66,123,0.0,0.0,0.0
66,124,0.0,0.0,0.0
66,125,202.02066040039065,162.889892578125,4841.0
66,126,0.0,0.0,0.0
66,127,0.0,0.0,0.0
66,128,0.0,0.0,0.0
66,129,0.0,0.0,0.0
66,130,67.80835723876953,479.5113220214844,5171.0
66,131,412.1555480957031,21.19306755065918,3491.0
66,132,0.0,0.0,0.0
66,133,0.0,0.0,0.0
66,134,0.0,0.0,0.0
66,135,0.0,0.0,0.0
66,136,14.145401000976562,279.7012939453125,2022.0
66,137,109.89537811279295,80.14157104492188,6901.0
66,138,183.21961975097656,14.0927095413208,1111.0
66,139,234.97189331054688,18.87505531311035,2241.0
66,140,291.6256408691406,10.885541915893556,1162.0
66,141,350.2843322753906,14.493064880371094,1442.0
66,142,446.7532958984375,502.626953125,831.0
66,143,183.1317138671875,506.5349731445313,615.0
66,144,0.0,0.0,0.0
66,145,0.0,0.0,0.0
66,146,0.0,0.0,0.0
66,147,0.0,0.0,0.0
66,148,0.0,0.0,0.0
66,149,0.0,0.0,0.0
66,150,0.0,0.0,0.0
66,151,0.0,0.0,0.0
66,152,0.0,0.0,0.0
66,153,0.0,0.0,0.0
66,154,0.0,0.0,0.0
66,155,0.0,0.0,0.0
66,156,0.0,0.0,0.0
66,157,0.0,0.0,0.0
66,158,0.0,0.0,0.0
66,159,0.0,0.0,0.0
66,160,0.0,0.0,0.0
66,161,0.0,0.0,0.0
66,162,0.0,0.0,0.0
66,163,0.0,0.0,0.0
66,164,0.0,0.0,0.0
66,165,0.0,0.0,0.0
66,166,0.0,0.0,0.0
66,167,0.0,0.0,0.0
66,168,0.0,0.0,0.0
66,169,0.0,0.0,0.0
66,170,0.0,0.0,0.0
66,171,0.0,0.0,0.0
66,172,0.0,0.0,0.0
66,173,0.0,0.0,0.0
66,174,0.0,0.0,0.0
66,175,0.0,0.0,0.0
66,176,0.0,0.0,0.0
66,177,0.0,0.0,0.0
66,178,0.0,0.0,0.0
66,179,0.0,0.0,0.0
66,180,0.0,0.0,0.0
66,181,0.0,0.0,0.0
66,182,0.0,0.0,0.0
66,183,0.0,0.0,0.0
66,184,0.0,0.0,0.0
66,185,0.0,0.0,0.0
66,186,0.0,0.0,0.0
66,187,0.0,0.0,0.0
66,188,0.0,0.0,0.0
66,189,0.0,0.0,0.0
66,190,0.0,0.0,0.0
66,191,0.0,0.0,0.0
66,192,0.0,0.0,0.0
66,193,0.0,0.0,0.0
66,194,0.0,0.0,0.0
66,195,0.0,0.0,0.0
66,196,0.0,0.0,0.0
66,197,0.0,0.0,0.0
66,198,0.0,0.0,0.0
66,199,0.0,0.0,0.0
66,200,0.0,0.0,0.0
67,0,39.96370697021485,28.60659408569336,4822.0
67,1,0.0,0.0,0.0
67,2,142.49127197265625,19.883188247680664,1832.0
67,3,0.0,0.0,0.0
67,4,0.0,0.0,0.0
67,5,184.9285430908203,74.31047058105469,2799.0
67,6,0.0,0.0,0.0
67,7,395.1654968261719,61.502098083496094,2145.0
67,8,0.0,0.0,0.0
67,9,456.5468444824219,41.74303817749024,790.0
67,10,43.34949493408203,101.3333969116211,5156.0
67,11,491.2808837890625,65.42829132080078,1513.0
67,12,16.40148162841797,141.41481018066406,2025.0
67,13,395.73046875,191.17727661132807,2482.0
67,14,467.2614135742188,173.53746032714844,5459.0
67,15,286.1376342773437,213.61251831054688,1453.0
67,16,200.15869140625,251.5379180908203,2571.0
67,17,383.2032775878906,237.4875030517578,4521.0
67,18,316.2560119628906,251.5482177734375,4449.0
67,19,432.835205078125,245.0426025390625,1948.0
67,20,36.51405334472656,313.7640380859375,1352.0
67,21,83.17464447021484,324.4228820800781,2256.0
67,22,0.0,0.0,0.0
67,23,29.678037643432617,358.0642395019531,3752.0
67,24,0.0,0.0,0.0
67,25,0.0,0.0,0.0
67,26,203.7120056152344,46.9710578918457,2073.0
67,27,268.4586181640625,47.73736190795898,2235.0
67,28,328.2821655273437,52.782169342041016,3948.0
67,29,201.6701812744141,111.23095703125,1234.0
67,30,323.90093994140625,95.98291778564452,1171.0
67,31,274.7953186035156,130.4019317626953,5374.0
67,32,129.3190155029297,140.686767578125,4329.0
67,33,0.0,0.0,0.0
67,34,53.05705261230469,161.76666259765625,1560.0
67,35,414.0826416015625,154.9115753173828,1900.0
67,36,22.114585876464844,211.15025329589844,3421.0
67,37,343.657470703125,194.6089324951172,1813.0
67,38,250.7816619873047,270.4114990234375,4090.0
67,39,62.48442459106445,278.35382080078125,2504.0
67,40,0.0,0.0,0.0
67,41,129.02664184570312,302.802001953125,2515.0
67,42,201.9444274902344,311.0441589355469,3941.0
67,43,131.97109985351562,356.1578674316406,4428.0
67,44,72.85856628417969,386.8892517089844,2510.0
67,45,27.366607666015625,434.1141357421875,2234.0
67,46,67.16275787353516,427.42669677734375,1364.0
67,47,257.0857238769531,87.46200561523438,2461.0
67,48,149.85983276367188,169.73135375976562,1113.0
67,49,314.20245361328125,170.20791625976562,2376.0
67,50,249.32481384277344,198.7281188964844,3211.0
67,51,76.1082534790039,205.6752319335937,4360.0
67,52,163.90179443359375,217.29898071289065,3910.0
67,53,115.80992889404295,247.1485137939453,4956.0
67,54,398.2687377929688,290.6800842285156,1641.0
67,55,295.3435363769531,314.7334289550781,3301.0
67,56,163.6442413330078,303.4977722167969,669.0
67,57,356.0785217285156,314.3833923339844,3923.0
67,58,210.0113067626953,367.4378051757813,3360.0
67,59,0.0,0.0,0.0
67,60,107.38533782958984,417.81640625,1596.0
67,61,0.0,0.0,0.0
67,62,251.62843322753903,331.52227783203125,1055.0
67,63,441.9365234375,326.3857727050781,3261.0
67,64,0.0,0.0,0.0
67,65,221.93495178222656,437.13677978515625,4489.0
67,66,0.0,0.0,0.0
67,67,138.70791625976562,473.2989501953125,4663.0
67,68,294.6854858398437,451.9071960449219,4871.0
67,69,0.0,0.0,0.0
67,70,484.7810668945313,373.2168273925781,4280.0
67,71,0.0,0.0,0.0
67,72,11.632637977600098,481.5670776367188,1342.0
67,73,397.9167785644531,365.2072143554688,4073.0
67,74,332.9470520019531,384.2842102050781,4796.0
67,75,445.2852783203125,412.0291442871094,3705.0
67,76,370.9384765625,437.1856994628906,4437.0
67,77,0.0,0.0,0.0
67,78,0.0,0.0,0.0
67,79,0.0,0.0,0.0
67,80,0.0,0.0,0.0
67,81,418.8746337890625,467.1684875488281,3454.0
67,82,0.0,0.0,0.0
67,83,333.0889892578125,494.14849853515625,1798.0
67,84,0.0,0.0,0.0
67,85,365.7780456542969,124.20799255371094,5154.0
67,86,0.0,0.0,0.0
67,87,495.0662536621094,223.2535552978516,1479.0
67,88,0.0,0.0,0.0
67,89,474.5142517089844,486.0517578125,2106.0
67,90,0.0,0.0,0.0
67,91,0.0,0.0,0.0
67,92,0.0,0.0,0.0
67,93,469.4448547363281,271.62860107421875,5323.0
67,94,103.87930297851562,25.44347381591797,1831.0
67,95,0.0,0.0,0.0
67,96,0.0,0.0,0.0
67,97,0.0,0.0,0.0
67,98,162.20436096191406,410.81341552734375,4502.0
67,99,272.3321533203125,380.6976623535156,4260.0
67,100,259.9176940917969,493.2300720214844,2734.0
67,101,0.0,0.0,0.0
67,102,0.0,0.0,0.0
67,103,380.7652587890625,495.4662170410156,1525.0
67,104,0.0,0.0,0.0
67,105,0.0,0.0,0.0
67,106,0.0,0.0,0.0
67,107,0.0,0.0,0.0
67,108,0.0,0.0,0.0
67,109,0.0,0.0,0.0
67,110,487.1832275390625,22.41212654113769,2276.0
67,111,500.84033203125,319.0629272460937,858.0
67,112,0.0,0.0,0.0
67,113,0.0,0.0,0.0
67,114,0.0,0.0,0.0
67,115,0.0,0.0,0.0
67,116,0.0,0.0,0.0
67,117,441.09368896484375,94.6877212524414,5668.0
67,118,492.3130798339844,452.5921936035156,2533.0
67,119,497.6357421875,122.41422271728516,1941.0
67,120,0.0,0.0,0.0
67,121,0.0,0.0,0.0
67,122,0.0,0.0,0.0
67,123,0.0,0.0,0.0
67,124,0.0,0.0,0.0
67,125,202.69973754882807,163.75479125976562,4849.0
67,126,0.0,0.0,0.0
67,127,0.0,0.0,0.0
67,128,0.0,0.0,0.0
67,129,0.0,0.0,0.0
67,130,66.672119140625,480.1774597167969,5072.0
67,131,414.25634765625,21.048025131225582,3394.0
67,132,0.0,0.0,0.0
67,133,0.0,0.0,0.0
67,134,0.0,0.0,0.0
67,135,0.0,0.0,0.0
67,136,14.067646980285645,280.25048828125,2040.0
67,137,111.86686706542967,81.62674713134766,6655.0
67,138,183.22933959960932,13.93244457244873,1125.0
67,139,235.5242919921875,18.971553802490234,2285.0
67,140,292.6204833984375,11.077245712280272,1191.0
67,141,352.0185546875,15.949700355529783,1670.0
67,142,446.6678771972656,502.2900085449219,831.0
67,143,183.59190368652344,505.91400146484375,593.0
67,144,0.0,0.0,0.0
67,145,0.0,0.0,0.0
67,146,0.0,0.0,0.0
67,147,426.0,262.0,2.0
67,148,13.126703262329102,405.0790100097656,734.0
67,149,109.07339477539062,507.0183410644531,109.0
67,150,0.0,0.0,0.0
67,151,0.0,0.0,0.0
67,152,0.0,0.0,0.0
67,153,0.0,0.0,0.0
67,154,0.0,0.0,0.0
67,155,0.0,0.0,0.0
67,156,0.0,0.0,0.0
67,157,0.0,0.0,0.0
67,158,0.0,0.0,0.0
67,159,0.0,0.0,0.0
67,160,0.0,0.0,0.0
67,161,0.0,0.0,0.0
67,162,0.0,0.0,0.0
67,163,0.0,0.0,0.0
67,164,0.0,0.0,0.0
67,165,0.0,0.0,0.0
67,166,0.0,0.0,0.0
67,167,0.0,0.0,0.0
67,168,0.0,0.0,0.0
67,169,0.0,0.0,0.0
67,170,0.0,0.0,0.0
67,171,0.0,0.0,0.0
67,172,0.0,0.0,0.0
67,173,0.0,0.0,0.0
67,174,0.0,0.0,0.0
67,175,0.0,0.0,0.0
67,176,0.0,0.0,0.0
67,177,0.0,0.0,0.0
67,178,0.0,0.0,0.0
67,179,0.0,0.0,0.0
67,180,0.0,0.0,0.0
67,181,0.0,0.0,0.0
67,182,0.0,0.0,0.0
67,183,0.0,0.0,0.0
67,184,0.0,0.0,0.0
67,185,0.0,0.0,0.0
67,186,0.0,0.0,0.0
67,187,0.0,0.0,0.0
67,188,0.0,0.0,0.0
67,189,0.0,0.0,0.0
67,190,0.0,0.0,0.0
67,191,0.0,0.0,0.0
67,192,0.0,0.0,0.0
67,193,0.0,0.0,0.0
67,194,0.0,0.0,0.0
67,195,0.0,0.0,0.0
67,196,0.0,0.0,0.0
67,197,0.0,0.0,0.0
67,198,0.0,0.0,0.0
67,199,0.0,0.0,0.0
67,200,0.0,0.0,0.0
68,0,41.71339797973633,30.04861068725586,5143.0
68,1,0.0,0.0,0.0
68,2,143.03109741210938,18.928373336791992,1801.0
68,3,0.0,0.0,0.0
68,4,0.0,0.0,0.0
68,5,182.43524169921875,72.05555725097656,2826.0
68,6,0.0,0.0,0.0
68,7,397.4694213867188,61.31965255737305,2290.0
68,8,0.0,0.0,0.0
68,9,458.3620910644531,40.86152267456055,881.0
68,10,43.52853012084961,101.2245101928711,5345.0
68,11,492.10150146484375,65.45919036865234,1409.0
68,12,16.375062942504883,142.3499298095703,1989.0
68,13,398.1533508300781,192.40760803222656,2576.0
68,14,467.261962890625,172.27645874023438,5310.0
68,15,286.449462890625,214.66598510742188,1464.0
68,16,199.7842254638672,252.5510406494141,2586.0
68,17,382.722900390625,237.66555786132807,4500.0
68,18,315.8342590332031,252.00991821289065,4338.0
68,19,432.3581848144531,244.157455444336,1664.0
68,20,36.97248458862305,315.2215881347656,1381.0
68,21,82.59864807128906,324.9468688964844,2372.0
68,22,0.0,0.0,0.0
68,23,28.07927894592285,359.7984313964844,3721.0
68,24,0.0,0.0,0.0
68,25,0.0,0.0,0.0
68,26,202.99127197265625,47.12760925292969,2061.0
68,27,268.3899841308594,48.19797897338867,2177.0
68,28,328.89361572265625,53.20849990844727,3976.0
68,29,203.0379638671875,109.7586441040039,1475.0
68,30,322.6515197753906,96.82445526123048,1145.0
68,31,275.5892944335937,132.2843475341797,5247.0
68,32,129.70962524414062,141.22698974609375,4260.0
68,33,0.0,0.0,0.0
68,34,54.23118591308594,162.05418395996094,1661.0
68,35,414.1544189453125,155.35421752929688,1852.0
68,36,22.897993087768555,213.1619415283203,3637.0
68,37,343.7547607421875,194.71778869628903,1839.0
68,38,250.5702514648437,270.886962890625,4114.0
68,39,61.78749465942383,278.10174560546875,2447.0
68,40,0.0,0.0,0.0
68,41,129.746337890625,303.4256591796875,2657.0
68,42,202.15267944335932,312.00311279296875,3871.0
68,43,132.5450439453125,356.8352966308594,4396.0
68,44,72.72731018066406,386.4100341796875,2534.0
68,45,27.30647850036621,432.9015197753906,2346.0
68,46,66.7408218383789,428.1814880371094,1416.0
68,47,258.61474609375,88.59861755371094,2606.0
68,48,150.7363739013672,169.45518493652344,1138.0
68,49,315.0544128417969,170.43695068359375,2371.0
68,50,249.95904541015625,199.465072631836,3150.0
68,51,77.49658203125,204.992431640625,4094.0
68,52,164.41519165039062,217.482162475586,3897.0
68,53,115.31914520263672,246.8380584716797,5051.0
68,54,398.2342224121094,290.5893859863281,1678.0
68,55,295.6432800292969,314.88006591796875,3277.0
68,56,164.69866943359375,302.0264892578125,604.0
68,57,355.7925109863281,314.0467834472656,3933.0
68,58,209.8114013671875,367.5667114257813,3351.0
68,59,0.0,0.0,0.0
68,60,107.36605834960938,419.0384521484375,1691.0
68,61,0.0,0.0,0.0
68,62,252.6815490722656,333.04034423828125,1165.0
68,63,442.3244323730469,326.29986572265625,3298.0
68,64,0.0,0.0,0.0
68,65,221.40609741210932,436.6255187988281,4489.0
68,66,0.0,0.0,0.0
68,67,138.7278594970703,473.4381103515625,4483.0
68,68,294.41961669921875,451.8978576660156,4826.0
68,69,0.0,0.0,0.0
68,70,485.39111328125,372.1033935546875,4362.0
68,71,0.0,0.0,0.0
68,72,11.384969711303713,482.0191650390625,1304.0
68,73,397.7916259765625,365.3345336914063,4161.0
68,74,333.0273742675781,384.4826965332031,4823.0
68,75,445.0144348144531,411.9042053222656,3675.0
68,76,370.8540954589844,437.2994079589844,4325.0
68,77,0.0,0.0,0.0
68,78,0.0,0.0,0.0
68,79,0.0,0.0,0.0
68,80,0.0,0.0,0.0
68,81,418.5501098632813,466.534423828125,3312.0
68,82,0.0,0.0,0.0
68,83,332.8719177246094,493.8297729492188,1827.0
68,84,0.0,0.0,0.0
68,85,366.8166809082031,123.94776153564452,5264.0
68,86,0.0,0.0,0.0
68,87,494.3245239257813,222.20692443847656,1590.0
68,88,0.0,0.0,0.0
68,89,470.4884338378906,483.7560424804688,1947.0
68,90,0.0,0.0,0.0
68,91,0.0,0.0,0.0
68,92,0.0,0.0,0.0
68,93,468.17431640625,270.8590087890625,5553.0
68,94,104.6824188232422,26.406797409057617,1883.0
68,95,0.0,0.0,0.0
68,96,0.0,0.0,0.0
68,97,0.0,0.0,0.0
68,98,161.91038513183594,411.2620239257813,4408.0
68,99,272.6426086425781,382.0028991699219,4155.0
68,100,259.8259582519531,493.3991394042969,2821.0
68,101,0.0,0.0,0.0
68,102,0.0,0.0,0.0
68,103,380.9523620605469,495.1141052246094,1595.0
68,104,0.0,0.0,0.0
68,105,0.0,0.0,0.0
68,106,0.0,0.0,0.0
68,107,0.0,0.0,0.0
68,108,0.0,0.0,0.0
68,109,0.0,0.0,0.0
68,110,489.0229797363281,22.734867095947266,2131.0
68,111,500.6092834472656,315.9808654785156,732.0
68,112,0.0,0.0,0.0
68,113,0.0,0.0,0.0
68,114,0.0,0.0,0.0
68,115,0.0,0.0,0.0
68,116,0.0,0.0,0.0
68,117,442.644287109375,94.90213012695312,5538.0
68,118,491.7618408203125,451.6202697753906,2536.0
68,119,497.8465881347656,122.14868927001952,1910.0
68,120,0.0,0.0,0.0
68,121,0.0,0.0,0.0
68,122,0.0,0.0,0.0
68,123,0.0,0.0,0.0
68,124,0.0,0.0,0.0
68,125,203.47332763671875,164.81399536132812,4817.0
68,126,0.0,0.0,0.0
68,127,0.0,0.0,0.0
68,128,0.0,0.0,0.0
68,129,0.0,0.0,0.0
68,130,65.88066101074219,480.4053039550781,4969.0
68,131,413.57135009765625,20.33018112182617,3595.0
68,132,0.0,0.0,0.0
68,133,0.0,0.0,0.0
68,134,0.0,0.0,0.0
68,135,0.0,0.0,0.0
68,136,13.929570198059082,281.9974975585937,2002.0
68,137,114.7214126586914,83.98056030273438,6174.0
68,138,183.67274475097656,13.950775146484377,1097.0
68,139,235.6216583251953,19.311872482299805,2392.0
68,140,293.7928771972656,11.411765098571776,1207.0
68,141,349.58135986328125,15.94775104522705,1512.0
68,142,445.2640686035156,502.1331787109375,871.0
68,143,182.1017303466797,506.6293029785156,580.0
68,144,0.0,0.0,0.0
68,145,0.0,0.0,0.0
68,146,0.0,0.0,0.0
68,147,0.0,0.0,0.0
68,148,9.994219779968262,407.32562255859375,519.0
68,149,108.29857635498048,506.1800842285156,211.0
68,150,0.0,0.0,0.0
68,151,503.9744567871094,499.3832092285156,274.0
68,152,0.0,0.0,0.0
68,153,0.0,0.0,0.0
68,154,0.0,0.0,0.0
68,155,0.0,0.0,0.0
68,156,0.0,0.0,0.0
68,157,0.0,0.0,0.0
68,158,0.0,0.0,0.0
68,159,0.0,0.0,0.0
68,160,0.0,0.0,0.0
68,161,0.0,0.0,0.0
68,162,0.0,0.0,0.0
68,163,0.0,0.0,0.0
68,164,0.0,0.0,0.0
68,165,0.0,0.0,0.0
68,166,0.0,0.0,0.0
68,167,0.0,0.0,0.0
68,168,0.0,0.0,0.0
68,169,0.0,0.0,0.0
68,170,0.0,0.0,0.0
68,171,0.0,0.0,0.0
68,172,0.0,0.0,0.0
68,173,0.0,0.0,0.0
68,174,0.0,0.0,0.0
68,175,0.0,0.0,0.0
68,176,0.0,0.0,0.0
68,177,0.0,0.0,0.0
68,178,0.0,0.0,0.0
68,179,0.0,0.0,0.0
68,180,0.0,0.0,0.0
68,181,0.0,0.0,0.0
68,182,0.0,0.0,0.0
68,183,0.0,0.0,0.0
68,184,0.0,0.0,0.0
68,185,0.0,0.0,0.0
68,186,0.0,0.0,0.0
68,187,0.0,0.0,0.0
68,188,0.0,0.0,0.0
68,189,0.0,0.0,0.0
68,190,0.0,0.0,0.0
68,191,0.0,0.0,0.0
68,192,0.0,0.0,0.0
68,193,0.0,0.0,0.0
68,194,0.0,0.0,0.0
68,195,0.0,0.0,0.0
68,196,0.0,0.0,0.0
68,197,0.0,0.0,0.0
68,198,0.0,0.0,0.0
68,199,0.0,0.0,0.0
68,200,0.0,0.0,0.0
69,0,42.03462219238281,29.26590156555176,5141.0
69,1,0.0,0.0,0.0
69,2,142.7789306640625,19.03639411926269,1841.0
69,3,0.0,0.0,0.0
69,4,0.0,0.0,0.0
69,5,181.40484619140625,71.97947692871094,2680.0
69,6,0.0,0.0,0.0
69,7,400.9345703125,60.200172424316406,2338.0
69,8,0.0,0.0,0.0
69,9,459.4834899902344,41.784576416015625,817.0
69,10,43.67628479003906,101.32315826416016,5338.0
69,11,492.7154235839844,65.52693176269531,1374.0
69,12,16.468658447265625,142.8178253173828,2042.0
69,13,404.2405090332031,195.6734619140625,2499.0
69,14,468.1769104003906,172.3971405029297,5104.0
69,15,284.9193725585937,216.3974151611328,1389.0
69,16,200.1092071533203,252.5179443359375,2674.0
69,17,381.9493713378906,237.9487152099609,4504.0
69,18,315.3202514648437,252.1961212158203,4334.0
69,19,431.65228271484375,247.427001953125,1829.0
69,20,37.33894729614258,315.4154357910156,1425.0
69,21,81.75643157958984,325.81036376953125,2410.0
69,22,0.0,0.0,0.0
69,23,27.00090980529785,356.65869140625,3299.0
69,24,0.0,0.0,0.0
69,25,0.0,0.0,0.0
69,26,202.433349609375,46.79510116577149,2123.0
69,27,268.05841064453125,49.0350456237793,2140.0
69,28,330.4109191894531,54.00723648071289,4008.0
69,29,204.66036987304688,107.91258239746094,1693.0
69,30,322.0851135253906,96.9432601928711,1128.0
69,31,276.4385986328125,132.88800048828125,5098.0
69,32,129.79995727539062,141.59091186523438,4224.0
69,33,0.0,0.0,0.0
69,34,54.75786972045898,162.6525421142578,1747.0
69,35,414.7384033203125,155.71070861816406,1877.0
69,36,22.876283645629883,213.75506591796875,3605.0
69,37,346.9423217773437,191.558837890625,2133.0
69,38,250.9461212158203,272.0215148925781,4046.0
69,39,61.90431594848633,277.9942932128906,2456.0
69,40,0.0,0.0,0.0
69,41,128.68338012695312,303.5748596191406,2672.0
69,42,203.01251220703125,312.5882873535156,3755.0
69,43,132.6402130126953,357.2720947265625,4447.0
69,44,70.3525161743164,387.2899169921875,2763.0
69,45,26.047752380371094,434.3189697265625,2157.0
69,46,66.95469665527344,429.5943298339844,1479.0
69,47,259.59490966796875,89.73893737792969,2666.0
69,48,152.01980590820312,169.06436157226562,1212.0
69,49,313.8700866699219,171.81903076171875,2448.0
69,50,250.115463256836,199.427474975586,3144.0
69,51,77.74417877197266,205.286361694336,3995.0
69,52,164.3253173828125,217.74676513671875,3787.0
69,53,114.77700805664062,246.21627807617188,5072.0
69,54,397.7716979980469,291.34246826171875,1717.0
69,55,295.88592529296875,314.2956237792969,3068.0
69,56,165.14120483398438,299.4659729003906,779.0
69,57,357.2230224609375,311.6142272949219,3484.0
69,58,209.35772705078125,367.6785583496094,3335.0
69,59,0.0,0.0,0.0
69,60,108.2540512084961,419.8246765136719,1791.0
69,61,0.0,0.0,0.0
69,62,253.8392791748047,334.1660461425781,1319.0
69,63,442.7532043457031,325.2223205566406,3108.0
69,64,329.6025390625,339.2008361816406,473.0
69,65,220.4882659912109,435.9924621582031,4516.0
69,66,0.0,0.0,0.0
69,67,138.08804321289062,473.4045715332031,4407.0
69,68,294.6402282714844,451.3584899902344,4781.0
69,69,0.0,0.0,0.0
69,70,485.3583679199219,371.2034606933594,4409.0
69,71,0.0,0.0,0.0
69,72,11.279376983642578,482.13775634765625,1285.0
69,73,397.858642578125,364.458251953125,4358.0
69,74,332.6370544433594,384.7597961425781,4692.0
69,75,444.8787841796875,411.3804321289063,3688.0
69,76,370.7903442382813,436.57568359375,4221.0
69,77,0.0,0.0,0.0
69,78,0.0,0.0,0.0
69,79,0.0,0.0,0.0
69,80,0.0,0.0,0.0
69,81,418.3162231445313,465.0415344238281,3251.0
69,82,0.0,0.0,0.0
69,83,332.4097595214844,493.4568786621094,1867.0
69,84,0.0,0.0,0.0
69,85,367.2835083007813,123.80811309814452,5347.0
69,86,0.0,0.0,0.0
69,87,495.2666320800781,221.8907165527344,1519.0
69,88,0.0,0.0,0.0
69,89,475.3521728515625,486.477294921875,2246.0
69,90,0.0,0.0,0.0
69,91,0.0,0.0,0.0
69,92,0.0,0.0,0.0
69,93,472.9266052246094,275.6328430175781,6131.0
69,94,105.8504867553711,28.003250122070312,1846.0
69,95,0.0,0.0,0.0
69,96,0.0,0.0,0.0
69,97,0.0,0.0,0.0
69,98,161.95481872558594,411.1219177246094,4183.0
69,99,272.9225158691406,382.9198303222656,4104.0
69,100,259.4360656738281,492.6080627441406,2878.0
69,101,0.0,0.0,0.0
69,102,0.0,0.0,0.0
69,103,381.16705322265625,494.7267150878906,1676.0
69,104,0.0,0.0,0.0
69,105,0.0,0.0,0.0
69,106,0.0,0.0,0.0
69,107,0.0,0.0,0.0
69,108,0.0,0.0,0.0
69,109,0.0,0.0,0.0
69,110,489.5143432617188,22.884321212768555,2092.0
69,111,0.0,0.0,0.0
69,112,0.0,0.0,0.0
69,113,0.0,0.0,0.0
69,114,0.0,0.0,0.0
69,115,0.0,0.0,0.0
69,116,0.0,0.0,0.0
69,117,443.1433715820313,95.17740631103516,5524.0
69,118,490.8904724121094,450.9448547363281,2575.0
69,119,497.7347412109375,122.54188537597656,1934.0
69,120,0.0,0.0,0.0
69,121,0.0,0.0,0.0
69,122,0.0,0.0,0.0
69,123,0.0,0.0,0.0
69,124,0.0,0.0,0.0
69,125,203.9605712890625,165.8328857421875,4769.0
69,126,0.0,0.0,0.0
69,127,0.0,0.0,0.0
69,128,0.0,0.0,0.0
69,129,0.0,0.0,0.0
69,130,64.73146057128906,480.6562805175781,4841.0
69,131,420.9828796386719,19.653648376464844,3098.0
69,132,0.0,0.0,0.0
69,133,0.0,0.0,0.0
69,134,0.0,0.0,0.0
69,135,0.0,0.0,0.0
69,136,13.884259223937988,281.8822021484375,1944.0
69,137,114.20138549804688,84.12932586669922,6217.0
69,138,183.52452087402344,13.67067527770996,1081.0
69,139,236.6986083984375,19.37223625183105,2442.0
69,140,295.36590576171875,11.8206787109375,1238.0
69,141,356.109375,16.795333862304688,2057.0
69,142,442.7739562988281,501.8299255371094,929.0
69,143,182.228744506836,506.1481018066406,682.0
69,144,0.0,0.0,0.0
69,145,0.0,0.0,0.0
69,146,0.0,0.0,0.0
69,147,430.0,295.0,1.0
69,148,12.883371353149414,403.9491882324219,866.0
69,149,106.80669403076172,505.591064453125,269.0
69,150,0.0,0.0,0.0
69,151,0.0,0.0,0.0
69,152,0.0,0.0,0.0
69,153,0.0,0.0,0.0
69,154,0.0,0.0,0.0
69,155,0.0,0.0,0.0
69,156,0.0,0.0,0.0
69,157,0.0,0.0,0.0
69,158,0.0,0.0,0.0
69,159,0.0,0.0,0.0
69,160,0.0,0.0,0.0
69,161,0.0,0.0,0.0
69,162,0.0,0.0,0.0
69,163,0.0,0.0,0.0
69,164,0.0,0.0,0.0
69,165,0.0,0.0,0.0
69,166,0.0,0.0,0.0
69,167,0.0,0.0,0.0
69,168,0.0,0.0,0.0
69,169,0.0,0.0,0.0
69,170,0.0,0.0,0.0
69,171,0.0,0.0,0.0
69,172,0.0,0.0,0.0
69,173,0.0,0.0,0.0
69,174,0.0,0.0,0.0
69,175,0.0,0.0,0.0
69,176,0.0,0.0,0.0
69,177,0.0,0.0,0.0
69,178,0.0,0.0,0.0
69,179,0.0,0.0,0.0
69,180,0.0,0.0,0.0
69,181,0.0,0.0,0.0
69,182,0.0,0.0,0.0
69,183,0.0,0.0,0.0
69,184,0.0,0.0,0.0
69,185,0.0,0.0,0.0
69,186,0.0,0.0,0.0
69,187,0.0,0.0,0.0
69,188,0.0,0.0,0.0
69,189,0.0,0.0,0.0
69,190,0.0,0.0,0.0
69,191,0.0,0.0,0.0
69,192,0.0,0.0,0.0
69,193,0.0,0.0,0.0
69,194,0.0,0.0,0.0
69,195,0.0,0.0,0.0
69,196,0.0,0.0,0.0
69,197,0.0,0.0,0.0
69,198,0.0,0.0,0.0
69,199,0.0,0.0,0.0
69,200,0.0,0.0,0.0
70,0,42.01863098144531,30.03553581237793,5206.0
70,1,0.0,0.0,0.0
70,2,143.17001342773438,19.22813606262207,1841.0
70,3,0.0,0.0,0.0
70,4,0.0,0.0,0.0
70,5,188.27720642089844,74.9511489868164,2518.0
70,6,0.0,0.0,0.0
70,7,404.0064086914063,59.61091995239258,2344.0
70,8,0.0,0.0,0.0
70,9,461.04193115234375,40.97240447998047,906.0
70,10,43.13571166992188,101.62320709228516,5239.0
70,11,492.9751586914063,64.75675964355469,1369.0
70,12,17.34190559387207,144.2819061279297,2100.0
70,13,405.9681701660156,197.0576171875,2482.0
70,14,468.3952941894531,172.39840698242188,5148.0
70,15,285.3573303222656,217.0323638916016,1514.0
70,16,199.785873413086,252.9271697998047,2746.0
70,17,382.076171875,238.39637756347656,4463.0
70,18,315.8732604980469,252.9451904296875,4269.0
70,19,432.01507568359375,246.84689331054688,1659.0
70,20,37.40851974487305,316.0607604980469,1432.0
70,21,81.95390319824219,326.8641967773437,2408.0
70,22,0.0,0.0,0.0
70,23,26.78581047058105,354.1539611816406,2988.0
70,24,0.0,0.0,0.0
70,25,0.0,0.0,0.0
70,26,201.4849395751953,46.21001434326172,2157.0
70,27,268.3702087402344,50.04228591918945,2223.0
70,28,332.3587646484375,54.44029235839844,3986.0
70,29,203.40782165527344,110.32260131835938,1584.0
70,30,322.1261901855469,96.96024322509766,1157.0
70,31,276.4497375488281,133.3216094970703,5034.0
70,32,130.63531494140625,141.7501220703125,3998.0
70,33,0.0,0.0,0.0
70,34,56.07344818115234,162.33473205566406,1661.0
70,35,415.2276611328125,155.9414825439453,1880.0
70,36,23.13042259216309,214.1874542236328,3665.0
70,37,348.76141357421875,190.89198303222656,2259.0
70,38,250.9716796875,272.76287841796875,4061.0
70,39,62.43444442749024,278.4682312011719,2456.0
70,40,0.0,0.0,0.0
70,41,127.35836791992188,303.4397888183594,2690.0
70,42,204.1571655273437,313.089599609375,3493.0
70,43,133.14797973632812,357.61602783203125,4318.0
70,44,68.7383804321289,386.1820373535156,2840.0
70,45,25.798274993896484,433.1625061035156,2320.0
70,46,66.48092651367188,428.76361083984375,1599.0
70,47,260.0592346191406,90.28981018066406,2650.0
70,48,152.8721160888672,167.64833068847656,1345.0
70,49,314.47076416015625,171.78485107421875,2496.0
70,50,250.15928649902344,199.41000366210932,3139.0
70,51,78.0815658569336,204.85238647460932,4058.0
70,52,164.7272491455078,217.7264404296875,3714.0
70,53,114.71575164794922,245.56455993652344,5080.0
70,54,397.75787353515625,290.9774780273437,1776.0
70,55,296.2369384765625,314.848876953125,3064.0
70,56,165.95489501953125,301.9274597167969,1020.0
70,57,356.9775390625,311.4500427246094,3382.0
70,58,209.1174774169922,367.2886047363281,3354.0
70,59,0.0,0.0,0.0
70,60,108.54629516601562,420.97943115234375,1944.0
70,61,0.0,0.0,0.0
70,62,254.2250213623047,335.096435546875,1431.0
70,63,443.3821716308594,324.6470031738281,3051.0
70,64,330.17578125,341.1484680175781,586.0
70,65,219.7038116455078,435.2035827636719,4568.0
70,66,0.0,0.0,0.0
70,67,137.84722900390625,473.62347412109375,4353.0
70,68,294.0966491699219,451.0718688964844,4801.0
70,69,0.0,0.0,0.0
70,70,485.6994934082031,370.7091674804688,4346.0
70,71,0.0,0.0,0.0
70,72,10.032350540161133,480.8116149902344,1051.0
70,73,398.0481262207031,363.65179443359375,4509.0
70,74,332.4730529785156,385.7249145507813,4566.0
70,75,444.74029541015625,410.67333984375,3689.0
70,76,370.376708984375,436.3997497558594,4210.0
70,77,0.0,0.0,0.0
70,78,0.0,0.0,0.0
70,79,0.0,0.0,0.0
70,80,0.0,0.0,0.0
70,81,417.9231872558594,464.0619812011719,3163.0
70,82,0.0,0.0,0.0
70,83,331.7119140625,493.2129821777344,1864.0
70,84,0.0,0.0,0.0
70,85,368.0944213867188,122.92594146728516,5401.0
70,86,0.0,0.0,0.0
70,87,495.5906677246094,221.81524658203125,1456.0
70,88,0.0,0.0,0.0
70,89,470.2838745117188,484.4692077636719,1948.0
70,90,0.0,0.0,0.0
70,91,0.0,0.0,0.0
70,92,0.0,0.0,0.0
70,93,472.6228942871094,274.97235107421875,6184.0
70,94,105.92522430419922,27.66772079467773,1899.0
70,95,0.0,0.0,0.0
70,96,0.0,0.0,0.0
70,97,0.0,0.0,0.0
70,98,162.08807373046875,410.584716796875,4031.0
70,99,273.074462890625,383.4390563964844,3922.0
70,100,258.9559936523437,492.47662353515625,2908.0
70,101,0.0,0.0,0.0
70,102,0.0,0.0,0.0
70,103,380.9320373535156,494.6544799804688,1751.0
70,104,0.0,0.0,0.0
70,105,0.0,0.0,0.0
70,106,0.0,0.0,0.0
70,107,0.0,0.0,0.0
70,108,0.0,0.0,0.0
70,109,0.0,0.0,0.0
70,110,490.8414306640625,22.289899826049805,1911.0
70,111,0.0,0.0,0.0
70,112,0.0,0.0,0.0
70,113,0.0,0.0,0.0
70,114,0.0,0.0,0.0
70,115,0.0,0.0,0.0
70,116,0.0,0.0,0.0
70,117,444.1119079589844,95.28520965576172,5389.0
70,118,490.3786010742188,450.3664855957031,2644.0
70,119,497.9136352539063,121.80072784423828,1922.0
70,120,0.0,0.0,0.0
70,121,0.0,0.0,0.0
70,122,0.0,0.0,0.0
70,123,0.0,0.0,0.0
70,124,0.0,0.0,0.0
70,125,204.7022705078125,166.5410919189453,4672.0
70,126,0.0,0.0,0.0
70,127,0.0,0.0,0.0
70,128,0.0,0.0,0.0
70,129,0.0,0.0,0.0
70,130,62.60306930541992,481.3331298828125,4890.0
70,131,423.5105590820313,19.11137962341309,2891.0
70,132,0.0,0.0,0.0
70,133,0.0,0.0,0.0
70,134,0.0,0.0,0.0
70,135,0.0,0.0,0.0
70,136,14.140287399291992,282.6932067871094,1946.0
70,137,114.98271942138672,85.14570617675781,6424.0
70,138,183.53744506835932,13.341232299804688,1055.0
70,139,237.2868194580078,19.133495330810547,2472.0
70,140,296.6433410644531,12.566591262817385,1329.0
70,141,359.0194396972656,17.141952514648438,2212.0
70,142,441.5753479003906,501.2545776367188,982.0
70,143,179.32177734375,506.1699523925781,606.0
70,144,0.0,0.0,0.0
70,145,0.0,0.0,0.0
70,146,0.0,0.0,0.0
70,147,0.0,0.0,0.0
70,148,13.392638206481934,401.4736328125,815.0
70,149,106.40199279785156,505.1428527832031,301.0
70,150,0.0,0.0,0.0
70,151,0.0,0.0,0.0
70,152,144.87864685058594,48.13592147827149,206.0
70,153,0.0,0.0,0.0
70,154,310.0,347.0,1.0
70,155,504.2760620117188,498.0084533691406,355.0
70,156,0.0,0.0,0.0
70,157,0.0,0.0,0.0
70,158,0.0,0.0,0.0
70,159,0.0,0.0,0.0
70,160,0.0,0.0,0.0
70,161,0.0,0.0,0.0
70,162,0.0,0.0,0.0
70,163,0.0,0.0,0.0
70,164,0.0,0.0,0.0
70,165,0.0,0.0,0.0
70,166,0.0,0.0,0.0
70,167,0.0,0.0,0.0
70,168,0.0,0.0,0.0
70,169,0.0,0.0,0.0
70,170,0.0,0.0,0.0
70,171,0.0,0.0,0.0
70,172,0.0,0.0,0.0
70,173,0.0,0.0,0.0
70,174,0.0,0.0,0.0
70,175,0.0,0.0,0.0
70,176,0.0,0.0,0.0
70,177,0.0,0.0,0.0
70,178,0.0,0.0,0.0
70,179,0.0,0.0,0.0
70,180,0.0,0.0,0.0
70,181,0.0,0.0,0.0
70,182,0.0,0.0,0.0
70,183,0.0,0.0,0.0
70,184,0.0,0.0,0.0
70,185,0.0,0.0,0.0
70,186,0.0,0.0,0.0
70,187,0.0,0.0,0.0
70,188,0.0,0.0,0.0
70,189,0.0,0.0,0.0
70,190,0.0,0.0,0.0
70,191,0.0,0.0,0.0
70,192,0.0,0.0,0.0
70,193,0.0,0.0,0.0
70,194,0.0,0.0,0.0
70,195,0.0,0.0,0.0
70,196,0.0,0.0,0.0
70,197,0.0,0.0,0.0
70,198,0.0,0.0,0.0
70,199,0.0,0.0,0.0
70,200,0.0,0.0,0.0
71,0,42.904335021972656,30.144983291625977,5373.0
71,1,0.0,0.0,0.0
71,2,143.3581085205078,19.25447654724121,1843.0
71,3,0.0,0.0,0.0
71,4,0.0,0.0,0.0
71,5,192.75672912597656,76.23066711425781,2302.0
71,6,0.0,0.0,0.0
71,7,405.6536254882813,59.73752212524414,2324.0
71,8,0.0,0.0,0.0
71,9,461.8959655761719,42.09017181396485,865.0
71,10,42.77246856689453,100.8660659790039,5107.0
71,11,493.3211364746094,64.58668518066406,1367.0
71,12,17.927122116088867,144.26937866210938,2168.0
71,13,408.5788879394531,199.60093688964844,2992.0
71,14,468.8038940429688,171.90635681152344,5094.0
71,15,284.61279296875,218.71829223632807,1640.0
71,16,199.84620666503903,253.7714233398437,2848.0
71,17,378.96575927734375,241.10292053222656,4207.0
71,18,315.7744140625,253.80718994140625,4118.0
71,19,425.9600524902344,254.96006774902344,1227.0
71,20,37.00271987915039,316.2530517578125,1470.0
71,21,81.6748275756836,328.0697631835937,2451.0
71,22,0.0,0.0,0.0
71,23,43.25783157348633,351.80401611328125,1245.0
71,24,0.0,0.0,0.0
71,25,0.0,0.0,0.0
71,26,200.51596069335932,45.6704216003418,2130.0
71,27,268.300537109375,52.00767135620117,2216.0
71,28,333.963623046875,54.84783554077149,3930.0
71,29,203.5445556640625,111.14478302001952,1706.0
71,30,322.1960144042969,96.74006652832033,1158.0
71,31,277.1839599609375,133.81024169921875,4996.0
71,32,130.71990966796875,142.26416015625,3831.0
71,33,0.0,0.0,0.0
71,34,57.74266815185547,161.64305114746094,1807.0
71,35,415.5785217285156,156.3801727294922,1815.0
71,36,23.643705368041992,214.58023071289065,3702.0
71,37,348.7220458984375,191.4706115722656,2263.0
71,38,251.20675659179688,273.9384460449219,4029.0
71,39,62.05738067626953,279.5401306152344,2405.0
71,40,0.0,0.0,0.0
71,41,127.1255874633789,303.8809509277344,2755.0
71,42,205.3385772705078,314.03857421875,3370.0
71,43,133.48175048828125,358.4911499023437,4355.0
71,44,67.56398010253906,386.5816955566406,2876.0
71,45,19.422502517700195,440.0891723632813,3813.0
71,46,65.5423583984375,429.2374877929688,1558.0
71,47,261.0653381347656,91.31104278564452,2617.0
71,48,153.61041259765625,167.6771240234375,1499.0
71,49,315.18963623046875,172.10549926757812,2531.0
71,50,250.32791137695312,198.8682556152344,3135.0
71,51,78.45536041259766,205.5860595703125,4032.0
71,52,165.12548828125,218.16473388671875,3618.0
71,53,114.46673583984376,245.2855682373047,5095.0
71,54,398.7205200195313,291.26129150390625,1814.0
71,55,296.7972412109375,315.0219116210937,3058.0
71,56,166.55979919433594,302.8613586425781,1154.0
71,57,357.8260803222656,310.864013671875,3243.0
71,58,209.25282287597656,367.9029541015625,3370.0
71,59,0.0,0.0,0.0
71,60,108.13882446289062,421.99609375,2053.0
71,61,0.0,0.0,0.0
71,62,254.54904174804688,335.8263854980469,1417.0
71,63,443.9363403320313,324.7514038085937,3001.0
71,64,331.36895751953125,341.49542236328125,767.0
71,65,218.7735595703125,434.62445068359375,4681.0
71,66,0.0,0.0,0.0
71,67,137.78053283691406,473.6751098632813,4192.0
71,68,294.197021484375,450.6711730957031,4893.0
71,69,0.0,0.0,0.0
71,70,485.4781188964844,370.6676635742188,4321.0
71,71,0.0,0.0,0.0
71,72,0.0,0.0,0.0
71,73,398.3912048339844,363.3761291503906,4509.0
71,74,333.0044860839844,385.920654296875,4461.0
71,75,444.3824462890625,410.5556335449219,3603.0
71,76,370.5074768066406,436.2515563964844,4150.0
71,77,0.0,0.0,0.0
71,78,0.0,0.0,0.0
71,79,0.0,0.0,0.0
71,80,0.0,0.0,0.0
71,81,417.2939758300781,463.2290344238281,3065.0
71,82,0.0,0.0,0.0
71,83,331.1183776855469,493.1475524902344,1884.0
71,84,0.0,0.0,0.0
71,85,369.1875,122.92473602294922,5461.0
71,86,0.0,0.0,0.0
71,87,495.95556640625,221.53958129882807,1440.0
71,88,0.0,0.0,0.0
71,89,467.8677062988281,483.6919860839844,2094.0
71,90,0.0,0.0,0.0
71,91,0.0,0.0,0.0
71,92,0.0,0.0,0.0
71,93,472.0802917480469,272.26513671875,6525.0
71,94,106.62308502197266,27.966630935668945,1828.0
71,95,0.0,0.0,0.0
71,96,0.0,0.0,0.0
71,97,0.0,0.0,0.0
71,98,161.42652893066406,410.6883850097656,3838.0
71,99,273.81134033203125,383.3125305175781,3827.0
71,100,258.0199890136719,492.5943908691406,3003.0
71,101,0.0,0.0,0.0
71,102,0.0,0.0,0.0
71,103,381.072021484375,494.5119018554688,1805.0
71,104,0.0,0.0,0.0
71,105,0.0,0.0,0.0
71,106,0.0,0.0,0.0
71,107,0.0,0.0,0.0
71,108,0.0,0.0,0.0
71,109,0.0,0.0,0.0
71,110,490.7619934082031,21.96103286743164,1899.0
71,111,0.0,0.0,0.0
71,112,0.0,0.0,0.0
71,113,0.0,0.0,0.0
71,114,0.0,0.0,0.0
71,115,0.0,0.0,0.0
71,116,0.0,0.0,0.0
71,117,444.5396423339844,95.40113830566406,5285.0
71,118,490.2274169921875,449.23724365234375,2647.0
71,119,497.90179443359375,121.58455657958984,1904.0
71,120,0.0,0.0,0.0
71,121,0.0,0.0,0.0
71,122,0.0,0.0,0.0
71,123,0.0,0.0,0.0
71,124,0.0,0.0,0.0
71,125,205.3182678222656,167.6202850341797,4556.0
71,126,0.0,0.0,0.0
71,127,0.0,0.0,0.0
71,128,0.0,0.0,0.0
71,129,0.0,0.0,0.0
71,130,61.3608627319336,481.5079345703125,4916.0
71,131,423.501708984375,19.50067710876465,2952.0
71,132,0.0,0.0,0.0
71,133,0.0,0.0,0.0
71,134,0.0,0.0,0.0
71,135,0.0,0.0,0.0
71,136,13.612886428833008,282.53350830078125,1940.0
71,137,116.0276107788086,86.2188949584961,6446.0
71,138,183.59454345703125,12.877193450927734,1026.0
71,139,237.55625915527344,19.86182403564453,2533.0
71,140,297.04718017578125,13.859164237976074,1484.0
71,141,359.0244140625,17.445539474487305,2130.0
71,142,438.9520568847656,501.42919921875,897.0
71,143,178.14683532714844,506.02935791015625,647.0
71,144,0.0,0.0,0.0
71,145,0.0,0.0,0.0
71,146,0.0,0.0,0.0
71,147,0.0,0.0,0.0
71,148,0.0,0.0,0.0
71,149,105.52925872802734,504.3271179199219,376.0
71,150,171.0,335.0,1.0
71,151,0.0,0.0,0.0
71,152,149.22933959960938,51.67975234985352,484.0
71,153,0.0,0.0,0.0
71,154,0.0,0.0,0.0
71,155,502.9328918457031,497.19049072265625,462.0
71,156,9.778745651245115,334.4808349609375,574.0
71,157,14.625399589538574,370.5423278808594,1252.0
71,158,0.0,0.0,0.0
71,159,0.0,0.0,0.0
71,160,0.0,0.0,0.0
71,161,0.0,0.0,0.0
71,162,0.0,0.0,0.0
71,163,0.0,0.0,0.0
71,164,0.0,0.0,0.0
71,165,0.0,0.0,0.0
71,166,0.0,0.0,0.0
71,167,0.0,0.0,0.0
71,168,0.0,0.0,0.0
71,169,0.0,0.0,0.0
71,170,0.0,0.0,0.0
71,171,0.0,0.0,0.0
71,172,0.0,0.0,0.0
71,173,0.0,0.0,0.0
71,174,0.0,0.0,0.0
71,175,0.0,0.0,0.0
71,176,0.0,0.0,0.0
71,177,0.0,0.0,0.0
71,178,0.0,0.0,0.0
71,179,0.0,0.0,0.0
71,180,0.0,0.0,0.0
71,181,0.0,0.0,0.0
71,182,0.0,0.0,0.0
71,183,0.0,0.0,0.0
71,184,0.0,0.0,0.0
71,185,0.0,0.0,0.0
71,186,0.0,0.0,0.0
71,187,0.0,0.0,0.0
71,188,0.0,0.0,0.0
71,189,0.0,0.0,0.0
71,190,0.0,0.0,0.0
71,191,0.0,0.0,0.0
71,192,0.0,0.0,0.0
71,193,0.0,0.0,0.0
71,194,0.0,0.0,0.0
71,195,0.0,0.0,0.0
71,196,0.0,0.0,0.0
71,197,0.0,0.0,0.0
71,198,0.0,0.0,0.0
71,199,0.0,0.0,0.0
71,200,0.0,0.0,0.0
72,0,41.15974426269531,30.25690460205078,5177.0
72,1,0.0,0.0,0.0
72,2,142.61770629882812,19.11501121520996,1852.0
72,3,0.0,0.0,0.0
72,4,0.0,0.0,0.0
72,5,195.84548950195312,77.61072540283203,2181.0
72,6,0.0,0.0,0.0
72,7,408.4859924316406,59.77207946777344,2321.0
72,8,0.0,0.0,0.0
72,9,463.3228149414063,41.38801193237305,951.0
72,10,42.1748046875,100.30821990966795,4977.0
72,11,494.7452697753906,64.10581970214844,1323.0
72,12,19.59871292114257,144.9287567138672,2330.0
72,13,409.3009643554688,199.9865264892578,3193.0
72,14,469.0039367675781,171.70924377441406,5073.0
72,15,284.99517822265625,218.4942779541016,1659.0
72,16,199.93833923339844,253.9713287353516,3000.0
72,17,377.7472839355469,242.163818359375,4151.0
72,18,315.54620361328125,253.66436767578125,4070.0
72,19,418.9011840820313,261.23016357421875,769.0
72,20,38.16094970703125,317.98876953125,1603.0
72,21,81.72527313232422,330.1691589355469,2406.0
72,22,0.0,0.0,0.0
72,23,29.6101188659668,362.6539001464844,2352.0
72,24,0.0,0.0,0.0
72,25,0.0,0.0,0.0
72,26,200.45504760742188,46.09587097167969,2180.0
72,27,270.06201171875,52.14339828491211,2371.0
72,28,337.2860717773437,56.07010269165039,3880.0
72,29,203.6194000244141,111.83575439453124,1650.0
72,30,322.1963195800781,96.40702056884766,1253.0
72,31,278.6726989746094,134.17056274414062,4919.0
72,32,132.7176971435547,142.32369995117188,3769.0
72,33,0.0,0.0,0.0
72,34,61.71611404418945,160.4775848388672,1874.0
72,35,415.5609436035156,155.6219024658203,1772.0
72,36,24.175722122192383,215.1788482666016,3847.0
72,37,349.0469055175781,191.79782104492188,2196.0
72,38,251.54063415527344,274.5102233886719,4012.0
72,39,63.01506423950195,279.9657897949219,2456.0
72,40,0.0,0.0,0.0
72,41,126.10549926757812,304.2782897949219,2853.0
72,42,206.1188507080078,314.9299621582031,3256.0
72,43,134.26573181152344,359.2394714355469,4226.0
72,44,70.72325897216797,385.9856567382813,2580.0
72,45,19.49889373779297,437.96435546875,4069.0
72,46,66.17540740966797,428.2872924804688,1716.0
72,47,259.384765625,93.38668060302734,2612.0
72,48,154.39974975585938,168.125244140625,1581.0
72,49,316.19549560546875,171.9645233154297,2537.0
72,50,250.3153533935547,198.3472900390625,3225.0
72,51,79.03768920898438,205.66717529296875,3927.0
72,52,165.10220336914062,218.11410522460932,3444.0
72,53,114.91207122802734,244.7130584716797,5095.0
72,54,399.3658447265625,291.7011108398437,1897.0
72,55,296.6234741210937,314.7054443359375,3025.0
72,56,167.07728576660156,303.5043029785156,1281.0
72,57,358.0311279296875,310.1883850097656,3084.0
72,58,209.62179565429688,368.4504699707031,3432.0
72,59,0.0,0.0,0.0
72,60,108.57073974609376,422.68701171875,2064.0
72,61,0.0,0.0,0.0
72,62,254.8926696777344,336.947021484375,1472.0
72,63,444.657470703125,324.4262084960937,2975.0
72,64,331.4496459960937,341.5228881835937,983.0
72,65,217.1102600097656,434.3887023925781,4834.0
72,66,0.0,0.0,0.0
72,67,137.7667999267578,473.814208984375,4241.0
72,68,293.83758544921875,450.7551574707031,4901.0
72,69,0.0,0.0,0.0
72,70,485.3704833984375,370.388671875,4235.0
72,71,0.0,0.0,0.0
72,72,0.0,0.0,0.0
72,73,398.517333984375,363.1269226074219,4585.0
72,74,333.5398864746094,386.6463012695313,4275.0
72,75,444.1979064941406,410.1082458496094,3557.0
72,76,370.1946105957031,435.7747497558594,4080.0
72,77,0.0,0.0,0.0
72,78,0.0,0.0,0.0
72,79,0.0,0.0,0.0
72,80,0.0,0.0,0.0
72,81,416.4964599609375,461.72955322265625,2973.0
72,82,0.0,0.0,0.0
72,83,331.3670959472656,492.9920349121094,1885.0
72,84,0.0,0.0,0.0
72,85,370.1111450195313,122.92160034179688,5408.0
72,86,0.0,0.0,0.0
72,87,496.3326110839844,221.179428100586,1371.0
72,88,0.0,0.0,0.0
72,89,467.8034362792969,483.1337585449219,2213.0
72,90,0.0,0.0,0.0
72,91,0.0,0.0,0.0
72,92,0.0,0.0,0.0
72,93,466.8763732910156,264.16314697265625,6172.0
72,94,104.93830108642578,28.295116424560547,1945.0
72,95,0.0,0.0,0.0
72,96,0.0,0.0,0.0
72,97,0.0,0.0,0.0
72,98,160.6300506591797,409.4438171386719,3560.0
72,99,275.3662109375,383.7319030761719,3771.0
72,100,257.73614501953125,492.30804443359375,3032.0
72,101,0.0,0.0,0.0
72,102,0.0,0.0,0.0
72,103,381.2222900390625,494.2461853027344,1840.0
72,104,0.0,0.0,0.0
72,105,0.0,0.0,0.0
72,106,0.0,0.0,0.0
72,107,0.0,0.0,0.0
72,108,0.0,0.0,0.0
72,109,0.0,0.0,0.0
72,110,492.2747192382813,23.131065368652344,1587.0
72,111,0.0,0.0,0.0
72,112,0.0,0.0,0.0
72,113,0.0,0.0,0.0
72,114,0.0,0.0,0.0
72,115,0.0,0.0,0.0
72,116,0.0,0.0,0.0
72,117,446.0841064453125,95.6524887084961,5220.0
72,118,490.0685119628906,448.0344543457031,2671.0
72,119,498.0555114746094,122.20484924316406,1855.0
72,120,0.0,0.0,0.0
72,121,0.0,0.0,0.0
72,122,0.0,0.0,0.0
72,123,0.0,0.0,0.0
72,124,0.0,0.0,0.0
72,125,205.67269897460932,168.42117309570312,4421.0
72,126,0.0,0.0,0.0
72,127,0.0,0.0,0.0
72,128,0.0,0.0,0.0
72,129,0.0,0.0,0.0
72,130,60.07796096801758,481.7703247070313,4746.0
72,131,427.1451110839844,18.83035469055176,2853.0
72,132,0.0,0.0,0.0
72,133,0.0,0.0,0.0
72,134,0.0,0.0,0.0
72,135,0.0,0.0,0.0
72,136,13.99268913269043,283.1629333496094,1915.0
72,137,115.4331512451172,86.85742950439453,6425.0
72,138,183.6832275390625,12.876288414001465,1067.0
72,139,238.2718505859375,19.73941802978516,2575.0
72,140,299.32733154296875,14.299101829528809,1558.0
72,141,361.3941345214844,17.864532470703125,2281.0
72,142,437.2400817871094,500.6754760742188,983.0
72,143,178.38345336914062,506.4459533691406,592.0
72,144,0.0,0.0,0.0
72,145,0.0,0.0,0.0
72,146,0.0,0.0,0.0
72,147,432.0,294.0,1.0
72,148,0.0,0.0,0.0
72,149,102.95248413085938,503.9028015136719,463.0
72,150,172.0,337.0,1.0
72,151,0.0,0.0,0.0
72,152,149.73480224609375,53.66493988037109,773.0
72,153,0.0,0.0,0.0
72,154,0.0,0.0,0.0
72,155,503.2307739257813,496.75823974609375,455.0
72,156,9.215655326843262,335.1278076171875,626.0
72,157,0.0,0.0,0.0
72,158,497.373046875,315.03009033203125,831.0
72,159,0.0,0.0,0.0
72,160,0.0,0.0,0.0
72,161,0.0,0.0,0.0
72,162,0.0,0.0,0.0
72,163,0.0,0.0,0.0
72,164,0.0,0.0,0.0
72,165,0.0,0.0,0.0
72,166,0.0,0.0,0.0
72,167,0.0,0.0,0.0
72,168,0.0,0.0,0.0
72,169,0.0,0.0,0.0
72,170,0.0,0.0,0.0
72,171,0.0,0.0,0.0
72,172,0.0,0.0,0.0
72,173,0.0,0.0,0.0
72,174,0.0,0.0,0.0
72,175,0.0,0.0,0.0
72,176,0.0,0.0,0.0
72,177,0.0,0.0,0.0
72,178,0.0,0.0,0.0
72,179,0.0,0.0,0.0
72,180,0.0,0.0,0.0
72,181,0.0,0.0,0.0
72,182,0.0,0.0,0.0
72,183,0.0,0.0,0.0
72,184,0.0,0.0,0.0
72,185,0.0,0.0,0.0
72,186,0.0,0.0,0.0
72,187,0.0,0.0,0.0
72,188,0.0,0.0,0.0
72,189,0.0,0.0,0.0
72,190,0.0,0.0,0.0
72,191,0.0,0.0,0.0
72,192,0.0,0.0,0.0
72,193,0.0,0.0,0.0
72,194,0.0,0.0,0.0
72,195,0.0,0.0,0.0
72,196,0.0,0.0,0.0
72,197,0.0,0.0,0.0
72,198,0.0,0.0,0.0
72,199,0.0,0.0,0.0
72,200,0.0,0.0,0.0
73,0,36.3997802734375,33.29386138916016,4560.0
73,1,0.0,0.0,0.0
73,2,142.3562774658203,18.999473571777344,1903.0
73,3,0.0,0.0,0.0
73,4,0.0,0.0,0.0
73,5,198.00216674804688,78.93760681152344,2308.0
73,6,0.0,0.0,0.0
73,7,405.5080261230469,60.6227912902832,2492.0
73,8,0.0,0.0,0.0
73,9,0.0,0.0,0.0
73,10,42.22574234008789,100.5856704711914,4926.0
73,11,495.9519348144531,64.83678436279297,1207.0
73,12,19.19784545898437,145.14439392089844,2320.0
73,13,410.6521606445313,200.96739196777344,3312.0
73,14,469.314208984375,171.39529418945312,5019.0
73,15,285.1794738769531,219.47547912597656,1794.0
73,16,200.1999969482422,254.9296264648437,3055.0
73,17,376.96881103515625,242.644760131836,4138.0
73,18,315.43316650390625,254.3582305908203,3936.0
73,19,417.3800048828125,267.4140014648437,500.0
73,20,38.438724517822266,321.17626953125,1787.0
73,21,81.78746795654297,332.10565185546875,2489.0
73,22,0.0,0.0,0.0
73,23,30.22868728637696,366.6071166992188,2217.0
73,24,0.0,0.0,0.0
73,25,0.0,0.0,0.0
73,26,200.14471435546875,46.27865219116211,2225.0
73,27,271.8789978027344,53.50020217895508,2471.0
73,28,337.05279541015625,55.60344314575195,3485.0
73,29,204.6117553710937,113.64888763427734,1481.0
73,30,322.5511169433594,96.1079330444336,1399.0
73,31,279.5218505859375,135.10794067382812,4873.0
73,32,136.4141387939453,141.70314025878906,3692.0
73,33,0.0,0.0,0.0
73,34,62.45351028442383,160.36795043945312,2022.0
73,35,416.4250183105469,155.03196716308594,1814.0
73,36,27.366893768310547,214.96388244628903,3516.0
73,37,349.1558837890625,192.6328582763672,2149.0
73,38,251.70399475097656,275.22784423828125,3902.0
73,39,63.69040298461914,281.1064147949219,2584.0
73,40,0.0,0.0,0.0
73,41,126.53238677978516,304.4149780273437,2887.0
73,42,207.48727416992188,315.2148742675781,3025.0
73,43,135.1478729248047,359.9427795410156,4125.0
73,44,73.0748291015625,388.5785827636719,2539.0
73,45,20.77100944519043,446.7013549804688,3201.0
73,46,66.72766876220703,430.1723937988281,1601.0
73,47,259.5364990234375,94.65973663330078,2645.0
73,48,156.26904296875,168.36666870117188,1680.0
73,49,317.5995178222656,171.70977783203125,2567.0
73,50,250.3990173339844,198.6728363037109,3243.0
73,51,80.0461654663086,205.00343322753903,3791.0
73,52,165.73574829101562,218.10406494140625,3440.0
73,53,114.55538177490234,243.8816375732422,5128.0
73,54,400.6222534179688,291.58868408203125,1996.0
73,55,296.8091735839844,314.8661804199219,3071.0
73,56,167.9663848876953,304.0049133300781,1428.0
73,57,358.87371826171875,309.665771484375,3025.0
73,58,209.35275268554688,368.1520385742188,3552.0
73,59,0.0,0.0,0.0
73,60,108.54290008544922,424.2976379394531,2063.0
73,61,0.0,0.0,0.0
73,62,254.544189453125,337.5659484863281,1516.0
73,63,446.032958984375,324.1107788085937,2943.0
73,64,332.31414794921875,341.74957275390625,1130.0
73,65,215.95851135253903,433.6468811035156,4868.0
73,66,0.0,0.0,0.0
73,67,137.5481414794922,473.9854736328125,4196.0
73,68,293.6885070800781,450.82818603515625,4912.0
73,69,0.0,0.0,0.0
73,70,485.4130859375,369.7562561035156,4205.0
73,71,0.0,0.0,0.0
73,72,0.0,0.0,0.0
73,73,398.9578857421875,362.8271789550781,4583.0
73,74,333.9100952148437,386.722412109375,4215.0
73,75,443.8656005859375,409.4208679199219,3519.0
73,76,370.0330505371094,435.8721923828125,4053.0
73,77,0.0,0.0,0.0
73,78,0.0,0.0,0.0
73,79,0.0,0.0,0.0
73,80,0.0,0.0,0.0
73,81,416.33404541015625,460.4918212890625,2814.0
73,82,0.0,0.0,0.0
73,83,330.7515869140625,492.9863586425781,1908.0
73,84,0.0,0.0,0.0
73,85,371.7166442871094,123.3299789428711,5364.0
73,86,0.0,0.0,0.0
73,87,496.5473937988281,221.065185546875,1350.0
73,88,0.0,0.0,0.0
73,89,466.8341979980469,482.1921997070313,2310.0
73,90,0.0,0.0,0.0
73,91,0.0,0.0,0.0
73,92,0.0,0.0,0.0
73,93,465.9671936035156,263.2570495605469,6310.0
73,94,106.80081176757812,31.764123916625977,1717.0
73,95,0.0,0.0,0.0
73,96,0.0,0.0,0.0
73,97,0.0,0.0,0.0
73,98,160.0183868408203,408.9786376953125,3372.0
73,99,276.0354309082031,384.6192626953125,3698.0
73,100,256.4837341308594,491.8767700195313,3043.0
73,101,0.0,0.0,0.0
73,102,0.0,0.0,0.0
73,103,381.6333312988281,493.7406005859375,1939.0
73,104,0.0,0.0,0.0
73,105,0.0,0.0,0.0
73,106,0.0,0.0,0.0
73,107,0.0,0.0,0.0
73,108,0.0,0.0,0.0
73,109,0.0,0.0,0.0
73,110,482.1949462890625,30.176898956298828,2606.0
73,111,0.0,0.0,0.0
73,112,0.0,0.0,0.0
73,113,0.0,0.0,0.0
73,114,0.0,0.0,0.0
73,115,0.0,0.0,0.0
73,116,0.0,0.0,0.0
73,117,447.23046875,95.0669174194336,5111.0
73,118,490.1572570800781,447.4914245605469,2741.0
73,119,498.0442810058594,121.8518295288086,1829.0
73,120,0.0,0.0,0.0
73,121,0.0,0.0,0.0
73,122,0.0,0.0,0.0
73,123,0.0,0.0,0.0
73,124,0.0,0.0,0.0
73,125,206.9763336181641,168.99691772460938,4225.0
73,126,0.0,0.0,0.0
73,127,0.0,0.0,0.0
73,128,0.0,0.0,0.0
73,129,0.0,0.0,0.0
73,130,58.127742767333984,481.8694152832031,4556.0
73,131,430.1769104003906,19.845739364624023,2781.0
73,132,0.0,0.0,0.0
73,133,0.0,0.0,0.0
73,134,0.0,0.0,0.0
73,135,0.0,0.0,0.0
73,136,13.860526084899902,283.4200134277344,1900.0
73,137,115.28319549560548,87.58081817626953,6589.0
73,138,184.21401977539065,12.754612922668455,1084.0
73,139,239.02102661132807,19.84671211242676,2616.0
73,140,300.36676025390625,14.743806838989258,1655.0
73,141,365.3871765136719,17.53270721435547,2446.0
73,142,435.9752197265625,500.0584716796875,1009.0
73,143,180.78390502929688,506.23187255859375,634.0
73,144,0.0,0.0,0.0
73,145,0.0,0.0,0.0
73,146,0.0,0.0,0.0
73,147,0.0,0.0,0.0
73,148,0.0,0.0,0.0
73,149,99.41732025146484,502.7874145507813,635.0
73,150,0.0,0.0,0.0
73,151,0.0,0.0,0.0
73,152,149.3056640625,53.88105010986328,723.0
73,153,0.0,0.0,0.0
73,154,0.0,0.0,0.0
73,155,502.7527770996094,497.2605895996094,449.0
73,156,9.713881492614746,337.0,706.0
73,157,0.0,0.0,0.0
73,158,497.0129089355469,314.6387023925781,775.0
73,159,78.3011474609375,9.95057487487793,870.0
73,160,4.0071940422058105,224.717025756836,417.0
73,161,14.569832801818848,401.4871520996094,895.0
73,162,0.0,0.0,0.0
73,163,0.0,0.0,0.0
73,164,0.0,0.0,0.0
73,165,0.0,0.0,0.0
73,166,0.0,0.0,0.0
73,167,0.0,0.0,0.0
73,168,0.0,0.0,0.0
73,169,0.0,0.0,0.0
73,170,0.0,0.0,0.0
73,171,0.0,0.0,0.0
73,172,0.0,0.0,0.0
73,173,0.0,0.0,0.0
73,174,0.0,0.0,0.0
73,175,0.0,0.0,0.0
73,176,0.0,0.0,0.0
73,177,0.0,0.0,0.0
73,178,0.0,0.0,0.0
73,179,0.0,0.0,0.0
73,180,0.0,0.0,0.0
73,181,0.0,0.0,0.0
73,182,0.0,0.0,0.0
73,183,0.0,0.0,0.0
73,184,0.0,0.0,0.0
73,185,0.0,0.0,0.0
73,186,0.0,0.0,0.0
73,187,0.0,0.0,0.0
73,188,0.0,0.0,0.0
73,189,0.0,0.0,0.0
73,190,0.0,0.0,0.0
73,191,0.0,0.0,0.0
73,192,0.0,0.0,0.0
73,193,0.0,0.0,0.0
73,194,0.0,0.0,0.0
73,195,0.0,0.0,0.0
73,196,0.0,0.0,0.0
73,197,0.0,0.0,0.0
73,198,0.0,0.0,0.0
73,199,0.0,0.0,0.0
73,200,0.0,0.0,0.0
74,0,36.40132522583008,33.39918899536133,4677.0
74,1,0.0,0.0,0.0
74,2,142.83506774902344,19.28890037536621,1928.0
74,3,0.0,0.0,0.0
74,4,0.0,0.0,0.0
74,5,200.7514190673828,80.38992309570312,2462.0
74,6,0.0,0.0,0.0
74,7,406.9544677734375,62.25185012817383,2569.0
74,8,0.0,0.0,0.0
74,9,0.0,0.0,0.0
74,10,41.72059631347656,101.25403594970705,4889.0
74,11,496.6255187988281,64.78565216064453,1199.0
74,12,19.182790756225582,146.248779296875,2243.0
74,13,413.6494140625,201.8824462890625,3343.0
74,14,470.2351684570313,171.18138122558594,4835.0
74,15,285.8635559082031,219.86672973632807,1891.0
74,16,200.38961791992188,255.56988525390625,3062.0
74,17,377.3963623046875,242.50436401367188,4120.0
74,18,315.76495361328125,255.1484832763672,3859.0
74,19,417.8389892578125,266.1768798828125,441.0
74,20,38.579063415527344,321.3294677734375,1815.0
74,21,82.49495697021484,332.2460021972656,2378.0
74,22,0.0,0.0,0.0
74,23,30.356201171875,367.0079040527344,2274.0
74,24,0.0,0.0,0.0
74,25,0.0,0.0,0.0
74,26,200.55377197265625,45.85299301147461,2306.0
74,27,274.0858154296875,55.04365921020508,2634.0
74,28,339.5699462890625,55.55746841430664,3367.0
74,29,202.6796112060547,116.49400329589844,1417.0
74,30,322.7772216796875,94.93634796142578,1571.0
74,31,280.0571594238281,135.1726837158203,4934.0
74,32,136.16561889648438,141.8109130859375,3665.0
74,33,0.0,0.0,0.0
74,34,62.290504455566406,160.7914276123047,2148.0
74,35,417.4729919433594,156.19039916992188,1833.0
74,36,28.23565673828125,216.021484375,3399.0
74,37,350.797119140625,192.7544860839844,2228.0
74,38,252.2027282714844,275.7474060058594,3951.0
74,39,64.66951751708984,282.3164978027344,2572.0
74,40,0.0,0.0,0.0
74,41,126.28492736816406,304.5902099609375,2899.0
74,42,208.184310913086,315.9832458496094,2984.0
74,43,135.4405517578125,360.4420166015625,4079.0
74,44,72.59546661376953,389.7504577636719,2781.0
74,45,20.891530990600582,447.71868896484375,3153.0
74,46,67.16000366210938,432.1027526855469,1450.0
74,47,257.9631042480469,96.48052215576172,2439.0
74,48,157.98228454589844,167.32627868652344,1750.0
74,49,319.2426452636719,171.3956756591797,2588.0
74,50,250.52479553222656,198.62545776367188,3308.0
74,51,80.27494049072266,206.05943298339844,3819.0
74,52,165.98019409179688,218.0474853515625,3433.0
74,53,114.88855743408205,243.760498046875,5052.0
74,54,401.8541259765625,290.9947509765625,2091.0
74,55,296.81671142578125,315.2373352050781,2979.0
74,56,168.0242156982422,303.8619079589844,1528.0
74,57,359.14727783203125,309.1343994140625,3028.0
74,58,209.1319122314453,368.7675476074219,3631.0
74,59,0.0,0.0,0.0
74,60,108.74462127685548,424.6384582519531,2091.0
74,61,0.0,0.0,0.0
74,62,254.97520446777344,338.2765808105469,1533.0
74,63,446.2782287597656,324.0847473144531,2915.0
74,64,331.2200012207031,342.2644958496094,1259.0
74,65,214.4712829589844,434.0090637207031,4859.0
74,66,0.0,0.0,0.0
74,67,137.97628784179688,473.8216857910156,4133.0
74,68,293.2362365722656,451.0169372558594,4902.0
74,69,0.0,0.0,0.0
74,70,485.7824096679688,369.3606567382813,4026.0
74,71,0.0,0.0,0.0
74,72,0.0,0.0,0.0
74,73,399.40826416015625,362.67327880859375,4698.0
74,74,334.112060546875,388.072509765625,4221.0
74,75,444.40277099609375,409.0721130371094,3481.0
74,76,370.3222351074219,436.0815734863281,3997.0
74,77,0.0,0.0,0.0
74,78,0.0,0.0,0.0
74,79,0.0,0.0,0.0
74,80,0.0,0.0,0.0
74,81,416.3689575195313,458.7699890136719,2713.0
74,82,0.0,0.0,0.0
74,83,331.1275329589844,492.9653015136719,1874.0
74,84,0.0,0.0,0.0
74,85,373.3787841796875,123.69100189208984,5301.0
74,86,0.0,0.0,0.0
74,87,496.3899536132813,221.32791137695312,1354.0
74,88,0.0,0.0,0.0
74,89,467.5494079589844,482.5631408691406,2399.0
74,90,0.0,0.0,0.0
74,91,0.0,0.0,0.0
74,92,0.0,0.0,0.0
74,93,466.0553283691406,263.0617370605469,6073.0
74,94,107.22809600830078,31.69329833984375,1552.0
74,95,0.0,0.0,0.0
74,96,0.0,0.0,0.0
74,97,0.0,0.0,0.0
74,98,159.5576171875,408.6114501953125,3176.0
74,99,275.9027404785156,385.3238830566406,3671.0
74,100,256.9027404785156,492.2356567382813,3085.0
74,101,0.0,0.0,0.0
74,102,0.0,0.0,0.0
74,103,381.8100280761719,493.25531005859375,1974.0
74,104,0.0,0.0,0.0
74,105,0.0,0.0,0.0
74,106,0.0,0.0,0.0
74,107,0.0,0.0,0.0
74,108,0.0,0.0,0.0
74,109,0.0,0.0,0.0
74,110,481.1522216796875,32.49747848510742,2378.0
74,111,0.0,0.0,0.0
74,112,0.0,0.0,0.0
74,113,0.0,0.0,0.0
74,114,0.0,0.0,0.0
74,115,0.0,0.0,0.0
74,116,0.0,0.0,0.0
74,117,449.1043395996094,95.94650268554688,4916.0
74,118,490.095947265625,446.3057861328125,2783.0
74,119,498.2316284179688,122.5345230102539,1796.0
74,120,0.0,0.0,0.0
74,121,0.0,0.0,0.0
74,122,0.0,0.0,0.0
74,123,0.0,0.0,0.0
74,124,0.0,0.0,0.0
74,125,207.6338348388672,169.72793579101562,4091.0
74,126,0.0,0.0,0.0
74,127,0.0,0.0,0.0
74,128,0.0,0.0,0.0
74,129,0.0,0.0,0.0
74,130,57.28798675537109,481.4754333496094,4337.0
74,131,431.0061950683594,20.35810089111328,2907.0
74,132,0.0,0.0,0.0
74,133,0.0,0.0,0.0
74,134,0.0,0.0,0.0
74,135,0.0,0.0,0.0
74,136,14.374539375305176,284.6659545898437,1901.0
74,137,113.95604705810548,87.79387664794922,6530.0
74,138,184.5785369873047,11.795122146606444,1025.0
74,139,240.2588806152344,20.11597442626953,2673.0
74,140,301.54345703125,14.80416202545166,1634.0
74,141,365.7380676269531,17.8404598236084,2432.0
74,142,434.19873046875,499.2413940429688,1102.0
74,143,176.06556701660156,506.6921691894531,549.0
74,144,0.0,0.0,0.0
74,145,0.0,0.0,0.0
74,146,0.0,0.0,0.0
74,147,0.0,0.0,0.0
74,148,0.0,0.0,0.0
74,149,95.99522399902344,502.0870971679688,838.0
74,150,0.0,0.0,0.0
74,151,0.0,0.0,0.0
74,152,148.81224060058594,55.111812591552734,948.0
74,153,0.0,0.0,0.0
74,154,0.0,0.0,0.0
74,155,503.287109375,497.5669250488281,411.0
74,156,9.255847930908203,337.3289489746094,684.0
74,157,0.0,0.0,0.0
74,158,496.61822509765625,313.8611755371094,922.0
74,159,81.26176452636719,10.580941200256348,871.0
74,160,4.5209059715271,224.35714721679688,574.0
74,161,14.13708782196045,401.7970275878906,941.0
74,162,0.0,0.0,0.0
74,163,0.0,0.0,0.0
74,164,0.0,0.0,0.0
74,165,0.0,0.0,0.0
74,166,0.0,0.0,0.0
74,167,0.0,0.0,0.0
74,168,0.0,0.0,0.0
74,169,0.0,0.0,0.0
74,170,0.0,0.0,0.0
74,171,0.0,0.0,0.0
74,172,0.0,0.0,0.0
74,173,0.0,0.0,0.0
74,174,0.0,0.0,0.0
74,175,0.0,0.0,0.0
74,176,0.0,0.0,0.0
74,177,0.0,0.0,0.0
74,178,0.0,0.0,0.0
74,179,0.0,0.0,0.0
74,180,0.0,0.0,0.0
74,181,0.0,0.0,0.0
74,182,0.0,0.0,0.0
74,183,0.0,0.0,0.0
74,184,0.0,0.0,0.0
74,185,0.0,0.0,0.0
74,186,0.0,0.0,0.0
74,187,0.0,0.0,0.0
74,188,0.0,0.0,0.0
74,189,0.0,0.0,0.0
74,190,0.0,0.0,0.0
74,191,0.0,0.0,0.0
74,192,0.0,0.0,0.0
74,193,0.0,0.0,0.0
74,194,0.0,0.0,0.0
74,195,0.0,0.0,0.0
74,196,0.0,0.0,0.0
74,197,0.0,0.0,0.0
74,198,0.0,0.0,0.0
74,199,0.0,0.0,0.0
74,200,0.0,0.0,0.0
75,0,37.83720779418945,33.19903564453125,4773.0
75,1,0.0,0.0,0.0
75,2,142.8095703125,20.09328269958496,2069.0
75,3,0.0,0.0,0.0
75,4,0.0,0.0,0.0
75,5,201.9770050048828,81.18021392822266,2436.0
75,6,0.0,0.0,0.0
75,7,408.31396484375,62.2036361694336,2529.0
75,8,0.0,0.0,0.0
75,9,0.0,0.0,0.0
75,10,41.50358581542969,101.87773895263672,5022.0
75,11,497.6488952636719,64.5137710571289,1162.0
75,12,18.8134708404541,147.0433349609375,2123.0
75,13,414.04498291015625,202.0040435791016,3467.0
75,14,470.8154296875,171.42539978027344,4692.0
75,15,285.7279968261719,220.4369964599609,2103.0
75,16,201.3402709960937,255.58090209960932,3121.0
75,17,377.5881042480469,242.6556854248047,4069.0
75,18,317.0398254394531,256.1283874511719,3817.0
75,19,419.1098937988281,265.6208801269531,364.0
75,20,38.1425666809082,322.5574951171875,1957.0
75,21,82.10106658935547,333.6520080566406,2523.0
75,22,0.0,0.0,0.0
75,23,28.16132164001465,370.0094299316406,2120.0
75,24,0.0,0.0,0.0
75,25,0.0,0.0,0.0
75,26,199.8289031982422,46.55594253540039,2297.0
75,27,275.4678955078125,56.72100830078125,2742.0
75,28,342.1864624023437,55.194461822509766,3250.0
75,29,203.4469451904297,116.36643981933594,1329.0
75,30,322.7037353515625,94.32498168945312,1637.0
75,31,282.3657531738281,136.1976776123047,4659.0
75,32,137.52064514160156,141.8827667236328,3753.0
75,33,0.0,0.0,0.0
75,34,61.8110237121582,161.36822509765625,2159.0
75,35,418.3769836425781,156.83578491210938,1833.0
75,36,27.70713806152344,216.83018493652344,3698.0
75,37,350.3309326171875,193.36289978027344,2221.0
75,38,252.5807647705078,276.7730712890625,3869.0
75,39,65.2283935546875,282.8294982910156,2557.0
75,40,0.0,0.0,0.0
75,41,126.2779312133789,304.8828430175781,2936.0
75,42,208.9160919189453,315.97076416015625,2908.0
75,43,136.36441040039062,361.47650146484375,4023.0
75,44,71.8134994506836,390.8370971679688,3008.0
75,45,19.0603084564209,437.9805908203125,3764.0
75,46,66.52799987792969,434.2843627929688,1375.0
75,47,255.84829711914065,100.50540161132812,2683.0
75,48,159.3220672607422,167.6653289794922,1745.0
75,49,320.9945983886719,170.27374267578125,2590.0
75,50,250.35934448242188,198.2677764892578,3320.0
75,51,81.45108795166016,205.75851440429688,3731.0
75,52,165.81710815429688,218.77359008789065,3401.0
75,53,114.64907836914062,243.9642333984375,5004.0
75,54,401.9237060546875,290.288818359375,2202.0
75,55,297.3902893066406,314.8301696777344,2962.0
75,56,168.52638244628906,304.57666015625,1611.0
75,57,360.185546875,309.4040832519531,2851.0
75,58,209.1660003662109,369.4747009277344,3777.0
75,59,0.0,0.0,0.0
75,60,108.349853515625,425.56591796875,2078.0
75,61,0.0,0.0,0.0
75,62,255.26443481445312,339.248291015625,1611.0
75,63,448.1544189453125,323.6685485839844,3005.0
75,64,330.93621826171875,341.8306579589844,1364.0
75,65,213.55758666992188,432.9840698242188,4645.0
75,66,0.0,0.0,0.0
75,67,138.34396362304688,473.8155212402344,4044.0
75,68,292.5869445800781,450.92474365234375,4876.0
75,69,0.0,0.0,0.0
75,70,485.9459533691406,369.0018005371094,3868.0
75,71,0.0,0.0,0.0
75,72,0.0,0.0,0.0
75,73,400.14404296875,362.2026977539063,4721.0
75,74,334.7887878417969,387.62213134765625,4176.0
75,75,444.1001892089844,408.5889892578125,3433.0
75,76,369.9873962402344,436.2496948242188,4045.0
75,77,0.0,0.0,0.0
75,78,0.0,0.0,0.0
75,79,0.0,0.0,0.0
75,80,0.0,0.0,0.0
75,81,416.3800048828125,457.95111083984375,2679.0
75,82,0.0,0.0,0.0
75,83,330.759765625,492.7743225097656,1923.0
75,84,0.0,0.0,0.0
75,85,374.8866271972656,123.0009307861328,5363.0
75,86,0.0,0.0,0.0
75,87,496.4846496582031,221.3587951660156,1335.0
75,88,0.0,0.0,0.0
75,89,467.60552978515625,482.2440490722656,2393.0
75,90,0.0,0.0,0.0
75,91,0.0,0.0,0.0
75,92,0.0,0.0,0.0
75,93,466.1803588867188,262.87744140625,6005.0
75,94,109.24324035644533,32.460208892822266,1332.0
75,95,0.0,0.0,0.0
75,96,0.0,0.0,0.0
75,97,0.0,0.0,0.0
75,98,158.37832641601562,409.2752075195313,3045.0
75,99,276.837646484375,386.5953369140625,3640.0
75,100,255.8429412841797,491.5298156738281,3120.0
75,101,0.0,0.0,0.0
75,102,0.0,0.0,0.0
75,103,381.7474365234375,493.1561279296875,1960.0
75,104,0.0,0.0,0.0
75,105,0.0,0.0,0.0
75,106,0.0,0.0,0.0
75,107,0.0,0.0,0.0
75,108,0.0,0.0,0.0
75,109,0.0,0.0,0.0
75,110,474.6327819824219,40.164512634277344,1702.0
75,111,0.0,0.0,0.0
75,112,0.0,0.0,0.0
75,113,0.0,0.0,0.0
75,114,0.0,0.0,0.0
75,115,0.0,0.0,0.0
75,116,0.0,0.0,0.0
75,117,450.2088317871094,96.02009582519533,4827.0
75,118,489.8850402832031,444.7994384765625,2862.0
75,119,497.7134094238281,122.95361328125,1811.0
75,120,0.0,0.0,0.0
75,121,0.0,0.0,0.0
75,122,0.0,0.0,0.0
75,123,0.0,0.0,0.0
75,124,0.0,0.0,0.0
75,125,207.69903564453125,170.32481384277344,4027.0
75,126,0.0,0.0,0.0
75,127,0.0,0.0,0.0
75,128,0.0,0.0,0.0
75,129,0.0,0.0,0.0
75,130,55.8011589050293,481.2702941894531,4310.0
75,131,433.6602783203125,19.887359619140625,2761.0
75,132,0.0,0.0,0.0
75,133,0.0,0.0,0.0
75,134,0.0,0.0,0.0
75,135,0.0,0.0,0.0
75,136,14.33759307861328,285.1070251464844,1878.0
75,137,99.00255584716795,89.10663604736328,4689.0
75,138,186.3809967041016,12.182805061340332,1105.0
75,139,241.5044403076172,20.72683525085449,2698.0
75,140,302.58404541015625,15.536357879638672,1719.0
75,141,367.9793090820313,18.269184112548828,2515.0
75,142,433.5810852050781,498.4189147949219,1184.0
75,143,177.94781494140625,506.5286254882813,594.0
75,144,0.0,0.0,0.0
75,145,0.0,0.0,0.0
75,146,0.0,0.0,0.0
75,147,0.0,0.0,0.0
75,148,0.0,0.0,0.0
75,149,94.35585021972656,501.7026062011719,992.0
75,150,0.0,0.0,0.0
75,151,0.0,0.0,0.0
75,152,148.31837463378906,56.287391662597656,936.0
75,153,0.0,0.0,0.0
75,154,0.0,0.0,0.0
75,155,502.941162109375,497.0859680175781,442.0
75,156,8.752148628234863,338.227783203125,698.0
75,157,0.0,0.0,0.0
75,158,497.5742492675781,312.9686889648437,862.0
75,159,82.02650451660156,10.914458274841309,830.0
75,160,3.803921461105346,229.22303771972656,408.0
75,161,0.0,0.0,0.0
75,162,495.7237854003906,15.305949211120604,706.0
75,163,148.662109375,85.895263671875,1900.0
75,164,0.0,0.0,0.0
75,165,0.0,0.0,0.0
75,166,0.0,0.0,0.0
75,167,0.0,0.0,0.0
75,168,0.0,0.0,0.0
75,169,0.0,0.0,0.0
75,170,0.0,0.0,0.0
75,171,0.0,0.0,0.0
75,172,0.0,0.0,0.0
75,173,0.0,0.0,0.0
75,174,0.0,0.0,0.0
75,175,0.0,0.0,0.0
75,176,0.0,0.0,0.0
75,177,0.0,0.0,0.0
75,178,0.0,0.0,0.0
75,179,0.0,0.0,0.0
75,180,0.0,0.0,0.0
75,181,0.0,0.0,0.0
75,182,0.0,0.0,0.0
75,183,0.0,0.0,0.0
75,184,0.0,0.0,0.0
75,185,0.0,0.0,0.0
75,186,0.0,0.0,0.0
75,187,0.0,0.0,0.0
75,188,0.0,0.0,0.0
75,189,0.0,0.0,0.0
75,190,0.0,0.0,0.0
75,191,0.0,0.0,0.0
75,192,0.0,0.0,0.0
75,193,0.0,0.0,0.0
75,194,0.0,0.0,0.0
75,195,0.0,0.0,0.0
75,196,0.0,0.0,0.0
75,197,0.0,0.0,0.0
75,198,0.0,0.0,0.0
75,199,0.0,0.0,0.0
75,200,0.0,0.0,0.0
76,0,34.64052200317383,32.99955749511719,4526.0
76,1,0.0,0.0,0.0
76,2,141.502197265625,20.91652107238769,2276.0
76,3,0.0,0.0,0.0
76,4,0.0,0.0,0.0
76,5,202.2364959716797,82.38371276855469,2554.0
76,6,0.0,0.0,0.0
76,7,404.2918701171875,63.87656784057617,2155.0
76,8,0.0,0.0,0.0
76,9,0.0,0.0,0.0
76,10,43.13683319091797,102.7440948486328,4955.0
76,11,498.76019287109375,65.39147186279297,1055.0
76,12,17.656593322753906,144.85348510742188,2184.0
76,13,415.0855712890625,202.2935485839844,3611.0
76,14,471.585205078125,171.31224060058594,4583.0
76,15,285.9412841796875,221.40365600585932,2299.0
76,16,202.04351806640625,255.8006896972656,3171.0
76,17,376.8381652832031,243.0167388916016,4004.0
76,18,316.7593994140625,256.3574523925781,3620.0
76,19,420.2639770507813,265.6512451171875,519.0
76,20,37.72390365600586,324.6158752441406,1916.0
76,21,83.69758605957031,333.5569763183594,2404.0
76,22,0.0,0.0,0.0
76,23,16.399423599243164,384.31353759765625,1735.0
76,24,0.0,0.0,0.0
76,25,0.0,0.0,0.0
76,26,188.8018493652344,43.411865234375,1736.0
76,27,267.51776123046875,56.95106506347656,3658.0
76,28,343.9519958496094,55.43092346191406,2917.0
76,29,201.3421936035156,119.81312561035156,1204.0
76,30,323.7524108886719,94.45516204833984,1773.0
76,31,284.50067138671875,137.53860473632812,4404.0
76,32,136.6512451171875,141.79989624023438,3633.0
76,33,0.0,0.0,0.0
76,34,60.18424606323242,162.9090118408203,2209.0
76,35,419.8229064941406,158.0763702392578,1807.0
76,36,25.647655487060547,218.73731994628903,4138.0
76,37,350.95416259765625,194.0349578857422,2203.0
76,38,252.68673706054688,277.3966369628906,3802.0
76,39,64.99058532714844,284.9116516113281,2762.0
76,40,0.0,0.0,0.0
76,41,126.77644348144533,304.60028076171875,2997.0
76,42,209.19515991210932,316.543701171875,2849.0
76,43,136.3145294189453,361.8008117675781,3936.0
76,44,64.8812026977539,387.1544799804688,4091.0
76,45,19.965051651000977,448.058349609375,3033.0
76,46,66.66618347167969,435.5498046875,1375.0
76,47,254.45626831054688,103.58576202392578,2950.0
76,48,160.84750366210938,166.05844116210938,1882.0
76,49,322.8749389648437,170.1332244873047,2567.0
76,50,250.55404663085932,198.04293823242188,3377.0
76,51,83.04676818847656,205.829818725586,3849.0
76,52,165.69993591308594,219.04537963867188,3416.0
76,53,115.75141143798828,244.57891845703125,4771.0
76,54,401.2026977539063,290.39373779296875,2141.0
76,55,297.41558837890625,314.6454162597656,2902.0
76,56,169.0910186767578,304.7801818847656,1615.0
76,57,360.404541015625,308.2952575683594,2855.0
76,58,208.9651641845703,369.6323547363281,3789.0
76,59,0.0,0.0,0.0
76,60,108.39372253417967,425.703857421875,2070.0
76,61,0.0,0.0,0.0
76,62,255.6805877685547,339.5226745605469,1653.0
76,63,450.0553894042969,322.8282165527344,3033.0
76,64,331.9880065917969,341.5693359375,1500.0
76,65,212.376953125,433.0669250488281,4661.0
76,66,0.0,0.0,0.0
76,67,137.58517456054688,473.8629150390625,3968.0
76,68,292.4832458496094,451.8093566894531,4836.0
76,69,0.0,0.0,0.0
76,70,486.5026550292969,368.3781127929688,3782.0
76,71,0.0,0.0,0.0
76,72,0.0,0.0,0.0
76,73,401.2626647949219,361.6438598632813,4782.0
76,74,335.38824462890625,388.3519592285156,4134.0
76,75,444.3601379394531,407.7706298828125,3418.0
76,76,370.4719848632813,436.016845703125,3979.0
76,77,0.0,0.0,0.0
76,78,0.0,0.0,0.0
76,79,0.0,0.0,0.0
76,80,0.0,0.0,0.0
76,81,415.8131103515625,456.9443054199219,2622.0
76,82,0.0,0.0,0.0
76,83,330.9429931640625,492.815673828125,1877.0
76,84,0.0,0.0,0.0
76,85,376.8715515136719,126.87590789794922,4819.0
76,86,0.0,0.0,0.0
76,87,496.83489990234375,220.8387908935547,1284.0
76,88,0.0,0.0,0.0
76,89,467.22662353515625,480.9828796386719,2568.0
76,90,0.0,0.0,0.0
76,91,0.0,0.0,0.0
76,92,0.0,0.0,0.0
76,93,467.0439147949219,263.0491638183594,5919.0
76,94,111.14533996582033,34.556522369384766,805.0
76,95,0.0,0.0,0.0
76,96,0.0,0.0,0.0
76,97,0.0,0.0,0.0
76,98,158.46246337890625,408.87298583984375,2984.0
76,99,277.7983703613281,387.7620849609375,3829.0
76,100,255.7520751953125,491.7328796386719,3126.0
76,101,0.0,0.0,0.0
76,102,0.0,0.0,0.0
76,103,382.0313415527344,493.08502197265625,2011.0
76,104,0.0,0.0,0.0
76,105,0.0,0.0,0.0
76,106,0.0,0.0,0.0
76,107,0.0,0.0,0.0
76,108,0.0,0.0,0.0
76,109,0.0,0.0,0.0
76,110,470.99658203125,42.27549362182617,2334.0
76,111,0.0,0.0,0.0
76,112,0.0,0.0,0.0
76,113,0.0,0.0,0.0
76,114,0.0,0.0,0.0
76,115,0.0,0.0,0.0
76,116,0.0,0.0,0.0
76,117,450.3932495117188,96.65078735351562,4745.0
76,118,489.9267272949219,443.3584899902344,2784.0
76,119,501.0114440917969,119.3557586669922,1397.0
76,120,0.0,0.0,0.0
76,121,0.0,0.0,0.0
76,122,0.0,0.0,0.0
76,123,0.0,0.0,0.0
76,124,0.0,0.0,0.0
76,125,208.4160919189453,170.89060974121094,3867.0
76,126,0.0,0.0,0.0
76,127,0.0,0.0,0.0
76,128,0.0,0.0,0.0
76,129,0.0,0.0,0.0
76,130,55.476600646972656,481.5216979980469,4081.0
76,131,434.8232116699219,19.561071395874023,2800.0
76,132,0.0,0.0,0.0
76,133,0.0,0.0,0.0
76,134,0.0,0.0,0.0
76,135,0.0,0.0,0.0
76,136,14.475117683410645,285.3305358886719,1909.0
76,137,100.5036849975586,89.49968719482422,4751.0
76,138,186.2678680419922,11.4823637008667,1049.0
76,139,242.3213653564453,20.591222763061523,2757.0
76,140,304.3382568359375,15.987390518188477,1824.0
76,141,369.5227355957031,18.51734733581543,2594.0
76,142,433.3322143554688,498.1149291992188,1192.0
76,143,179.04977416992188,506.5489807128906,643.0
76,144,0.0,0.0,0.0
76,145,0.0,0.0,0.0
76,146,0.0,0.0,0.0
76,147,0.0,0.0,0.0
76,148,0.0,0.0,0.0
76,149,93.19686126708984,501.168212890625,1082.0
76,150,0.0,0.0,0.0
76,151,0.0,0.0,0.0
76,152,144.42662048339844,57.5228385925293,1029.0
76,153,0.0,0.0,0.0
76,154,0.0,0.0,0.0
76,155,503.0985107421875,495.8586730957031,467.0
76,156,9.652325630187988,341.8558044433594,860.0
76,157,0.0,0.0,0.0
76,158,498.8155822753906,312.763671875,732.0
76,159,85.71056365966797,8.334705352783203,729.0
76,160,0.0,0.0,0.0
76,161,0.0,0.0,0.0
76,162,496.2361145019531,13.13734531402588,648.0
76,163,153.01605224609375,89.84852600097656,1558.0
76,164,86.19731140136719,34.72309494018555,892.0
76,165,372.3776550292969,86.53546142578125,564.0
76,166,484.1576232910156,135.37208557128906,387.0
76,167,0.0,0.0,0.0
76,168,0.0,0.0,0.0
76,169,0.0,0.0,0.0
76,170,0.0,0.0,0.0
76,171,0.0,0.0,0.0
76,172,0.0,0.0,0.0
76,173,0.0,0.0,0.0
76,174,0.0,0.0,0.0
76,175,0.0,0.0,0.0
76,176,0.0,0.0,0.0
76,177,0.0,0.0,0.0
76,178,0.0,0.0,0.0
76,179,0.0,0.0,0.0
76,180,0.0,0.0,0.0
76,181,0.0,0.0,0.0
76,182,0.0,0.0,0.0
76,183,0.0,0.0,0.0
76,184,0.0,0.0,0.0
76,185,0.0,0.0,0.0
76,186,0.0,0.0,0.0
76,187,0.0,0.0,0.0
76,188,0.0,0.0,0.0
76,189,0.0,0.0,0.0
76,190,0.0,0.0,0.0
76,191,0.0,0.0,0.0
76,192,0.0,0.0,0.0
76,193,0.0,0.0,0.0
76,194,0.0,0.0,0.0
76,195,0.0,0.0,0.0
76,196,0.0,0.0,0.0
76,197,0.0,0.0,0.0
76,198,0.0,0.0,0.0
76,199,0.0,0.0,0.0
76,200,0.0,0.0,0.0
77,0,34.06868362426758,34.320072174072266,4499.0
77,1,0.0,0.0,0.0
77,2,141.0863037109375,21.727691650390625,2387.0
77,3,0.0,0.0,0.0
77,4,0.0,0.0,0.0
77,5,202.771224975586,82.6811294555664,2697.0
77,6,0.0,0.0,0.0
77,7,405.6156921386719,65.00198364257812,2014.0
77,8,0.0,0.0,0.0
77,9,0.0,0.0,0.0
77,10,42.72043991088867,104.21874237060548,5015.0
77,11,499.3561401367188,65.25991821289062,1008.0
77,12,18.797706604003903,146.79266357421875,2180.0
77,13,427.32366943359375,207.42990112304688,2589.0
77,14,472.5120544433594,172.1542205810547,4435.0
77,15,286.12506103515625,223.1366424560547,2503.0
77,16,202.8015899658203,256.1005859375,3271.0
77,17,377.4779968261719,243.22506713867188,3910.0
77,18,318.31072998046875,257.9159240722656,3556.0
77,19,418.5960998535156,264.4560241699219,307.0
77,20,37.77674102783203,323.7366943359375,1823.0
77,21,83.92613220214844,335.3935546875,2518.0
77,22,0.0,0.0,0.0
77,23,22.0251407623291,380.3896789550781,2307.0
77,24,0.0,0.0,0.0
77,25,0.0,0.0,0.0
77,26,188.9570770263672,44.055850982666016,1701.0
77,27,272.7421875,57.08154678344727,3875.0
77,28,350.6431579589844,54.9539794921875,2651.0
77,29,200.90933227539065,122.30844116210938,1125.0
77,30,323.1103210449219,93.49097442626952,1994.0
77,31,285.8455505371094,137.7141876220703,4286.0
77,32,137.4852294921875,141.720458984375,3588.0
77,33,0.0,0.0,0.0
77,34,60.383575439453125,164.48342895507812,2143.0
77,35,421.7393493652344,158.89520263671875,1899.0
77,36,28.40553474426269,218.3092041015625,3758.0
77,37,361.6516723632813,193.70834350585932,3247.0
77,38,252.9613342285156,278.7720642089844,3672.0
77,39,65.73297882080078,286.450439453125,2835.0
77,40,0.0,0.0,0.0
77,41,127.16610717773438,304.7170715332031,2962.0
77,42,209.45816040039065,316.5941467285156,2772.0
77,43,137.2138671875,362.0422058105469,3909.0
77,44,68.55064392089844,391.0602111816406,3554.0
77,45,19.337570190429688,448.5787963867188,2989.0
77,46,66.10244750976562,436.9576721191406,1347.0
77,47,251.59408569335932,106.16513061523438,3040.0
77,48,161.26072692871094,166.64706420898438,1887.0
77,49,323.9264221191406,169.99337768554688,2569.0
77,50,250.3766326904297,197.95196533203125,3518.0
77,51,83.75025939941406,206.162353515625,3868.0
77,52,166.06781005859375,219.41905212402344,3274.0
77,53,116.50863647460938,244.5556030273437,4748.0
77,54,402.46331787109375,290.42138671875,2290.0
77,55,297.8542175292969,314.7132263183594,2929.0
77,56,169.3684844970703,304.89276123046875,1688.0
77,57,361.2332153320313,308.51824951171875,2740.0
77,58,209.4799194335937,369.6603393554688,3736.0
77,59,0.0,0.0,0.0
77,60,108.09004974365234,426.09857177734375,2110.0
77,61,0.0,0.0,0.0
77,62,256.0137939453125,339.9100646972656,1668.0
77,63,458.9511413574219,321.8260192871094,3684.0
77,64,332.03253173828125,341.9118347167969,1599.0
77,65,212.30767822265625,430.9899291992188,4170.0
77,66,0.0,0.0,0.0
77,67,137.8250732421875,474.5242614746094,3956.0
77,68,292.2758178710937,451.6878051757813,4949.0
77,69,0.0,0.0,0.0
77,70,486.7838439941406,368.1756591796875,3655.0
77,71,0.0,0.0,0.0
77,72,0.0,0.0,0.0
77,73,401.6138000488281,361.7289733886719,4723.0
77,74,335.7435302734375,387.9072265625,4063.0
77,75,444.252685546875,407.0191650390625,3340.0
77,76,369.6423645019531,435.8184509277344,4032.0
77,77,0.0,0.0,0.0
77,78,0.0,0.0,0.0
77,79,0.0,0.0,0.0
77,80,0.0,0.0,0.0
77,81,415.6639404296875,455.501953125,2568.0
77,82,0.0,0.0,0.0
77,83,330.7762145996094,493.0962829589844,1859.0
77,84,0.0,0.0,0.0
77,85,377.7249145507813,123.08894348144533,5464.0
77,86,0.0,0.0,0.0
77,87,497.2060852050781,221.0264587402344,1247.0
77,88,0.0,0.0,0.0
77,89,466.2740783691406,479.98541259765625,2605.0
77,90,0.0,0.0,0.0
77,91,0.0,0.0,0.0
77,92,0.0,0.0,0.0
77,93,466.6618957519531,263.4000244140625,6087.0
77,94,0.0,0.0,0.0
77,95,0.0,0.0,0.0
77,96,0.0,0.0,0.0
77,97,0.0,0.0,0.0
77,98,158.43154907226562,409.2953186035156,3024.0
77,99,276.6365966796875,388.16259765625,3770.0
77,100,255.5716552734375,492.16021728515625,3077.0
77,101,0.0,0.0,0.0
77,102,0.0,0.0,0.0
77,103,381.6514892578125,492.6564025878906,2043.0
77,104,0.0,0.0,0.0
77,105,0.0,0.0,0.0
77,106,0.0,0.0,0.0
77,107,0.0,0.0,0.0
77,108,0.0,0.0,0.0
77,109,0.0,0.0,0.0
77,110,471.2448120117188,43.72452926635742,2120.0
77,111,0.0,0.0,0.0
77,112,0.0,0.0,0.0
77,113,0.0,0.0,0.0
77,114,0.0,0.0,0.0
77,115,0.0,0.0,0.0
77,116,0.0,0.0,0.0
77,117,451.4522705078125,96.31493377685548,4747.0
77,118,490.0753784179688,441.9432067871094,2799.0
77,119,500.9617309570313,112.0784683227539,1045.0
77,120,0.0,0.0,0.0
77,121,0.0,0.0,0.0
77,122,0.0,0.0,0.0
77,123,0.0,0.0,0.0
77,124,0.0,0.0,0.0
77,125,207.80886840820312,171.45538330078125,3720.0
77,126,0.0,0.0,0.0
77,127,0.0,0.0,0.0
77,128,0.0,0.0,0.0
77,129,0.0,0.0,0.0
77,130,55.21244430541992,481.2189025878906,4034.0
77,131,434.3714294433594,20.89285659790039,2800.0
77,132,0.0,0.0,0.0
77,133,0.0,0.0,0.0
77,134,0.0,0.0,0.0
77,135,0.0,0.0,0.0
77,136,14.399491310119627,284.578125,1965.0
77,137,99.0461654663086,90.46208190917967,4549.0
77,138,187.4056701660156,11.821966171264648,1129.0
77,139,243.3052215576172,21.21665573120117,2834.0
77,140,305.1003723144531,16.107515335083008,1823.0
77,141,370.2630920410156,18.27326011657715,2558.0
77,142,432.0489807128906,497.1255798339844,1266.0
77,143,183.7543334960937,506.1184997558594,692.0
77,144,0.0,0.0,0.0
77,145,0.0,0.0,0.0
77,146,0.0,0.0,0.0
77,147,0.0,0.0,0.0
77,148,0.0,0.0,0.0
77,149,92.84088897705078,500.9333190917969,1125.0
77,150,0.0,0.0,0.0
77,151,0.0,0.0,0.0
77,152,143.10464477539062,57.43238067626953,1013.0
77,153,0.0,0.0,0.0
77,154,0.0,0.0,0.0
77,155,502.0474548339844,495.09124755859375,548.0
77,156,9.680272102355955,341.2550964355469,882.0
77,157,0.0,0.0,0.0
77,158,0.0,0.0,0.0
77,159,0.0,0.0,0.0
77,160,0.0,0.0,0.0
77,161,0.0,0.0,0.0
77,162,493.8210144042969,12.708637237548828,961.0
77,163,150.4707489013672,89.12137603759766,1829.0
77,164,0.0,0.0,0.0
77,165,0.0,0.0,0.0
77,166,491.1068420410156,139.18081665039062,730.0
77,167,0.0,0.0,0.0
77,168,91.32568359375,25.425926208496094,2484.0
77,169,95.0,144.0,1.0
77,170,3.518105745315552,227.11978149414065,359.0
77,171,0.0,0.0,0.0
77,172,0.0,0.0,0.0
77,173,0.0,0.0,0.0
77,174,0.0,0.0,0.0
77,175,0.0,0.0,0.0
77,176,0.0,0.0,0.0
77,177,0.0,0.0,0.0
77,178,0.0,0.0,0.0
77,179,0.0,0.0,0.0
77,180,0.0,0.0,0.0
77,181,0.0,0.0,0.0
77,182,0.0,0.0,0.0
77,183,0.0,0.0,0.0
77,184,0.0,0.0,0.0
77,185,0.0,0.0,0.0
77,186,0.0,0.0,0.0
77,187,0.0,0.0,0.0
77,188,0.0,0.0,0.0
77,189,0.0,0.0,0.0
77,190,0.0,0.0,0.0
77,191,0.0,0.0,0.0
77,192,0.0,0.0,0.0
77,193,0.0,0.0,0.0
77,194,0.0,0.0,0.0
77,195,0.0,0.0,0.0
77,196,0.0,0.0,0.0
77,197,0.0,0.0,0.0
77,198,0.0,0.0,0.0
77,199,0.0,0.0,0.0
77,200,0.0,0.0,0.0
78,0,31.1567611694336,32.86573791503906,4089.0
78,1,0.0,0.0,0.0
78,2,141.98365783691406,22.507980346679688,2569.0
78,3,0.0,0.0,0.0
78,4,0.0,0.0,0.0
78,5,206.06494140625,83.94978332519531,2310.0
78,6,0.0,0.0,0.0
78,7,403.8635559082031,65.66354370117188,2030.0
78,8,0.0,0.0,0.0
78,9,0.0,0.0,0.0
78,10,42.42317581176758,105.31592559814452,4979.0
78,11,499.6844787597656,66.789306640625,935.0
78,12,18.57731056213379,147.2642364501953,2089.0
78,13,431.00482177734375,208.3199615478516,2494.0
78,14,474.971923828125,174.73651123046875,4061.0
78,15,286.8485107421875,223.5781097412109,2759.0
78,16,203.6346740722656,256.103515625,3323.0
78,17,378.4964904785156,243.04005432128903,3845.0
78,18,319.43182373046875,258.7103576660156,3418.0
78,19,419.7486267089844,264.3397827148437,362.0
78,20,37.085182189941406,323.9172058105469,1667.0
78,21,85.88156127929688,337.6520080566406,2457.0
78,22,0.0,0.0,0.0
78,23,22.79275703430176,382.2621154785156,2789.0
78,24,0.0,0.0,0.0
78,25,0.0,0.0,0.0
78,26,187.7591857910156,44.408836364746094,1607.0
78,27,269.2166748046875,57.90777206420898,4066.0
78,28,350.13946533203125,55.08784866333008,2732.0
78,29,198.0642547607422,124.30108642578124,1385.0
78,30,323.97235107421875,94.1235580444336,2169.0
78,31,286.72705078125,138.9725799560547,4195.0
78,32,135.75328063964844,142.83319091796875,3429.0
78,33,0.0,0.0,0.0
78,34,59.30804061889648,165.33558654785156,2214.0
78,35,440.8606262207031,152.78665161132812,2906.0
78,36,29.516366958618164,218.7798309326172,3788.0
78,37,363.3470153808594,193.9428253173828,3533.0
78,38,253.14361572265625,279.6273803710937,3607.0
78,39,65.32342529296875,289.726806640625,3027.0
78,40,0.0,0.0,0.0
78,41,126.5290985107422,306.0555419921875,3007.0
78,42,209.6914978027344,317.3946228027344,2752.0
78,43,138.7396697998047,363.7178039550781,3749.0
78,44,70.38758087158203,391.2677612304688,3447.0
78,45,19.032676696777344,451.1461791992188,2846.0
78,46,65.07843017578125,437.4298706054688,1326.0
78,47,251.41403198242188,108.1513214111328,3106.0
78,48,161.35330200195312,165.86123657226562,1953.0
78,49,325.8418884277344,168.6483612060547,2568.0
78,50,250.44674682617188,197.81690979003903,3512.0
78,51,84.73497772216797,206.97299194335932,3777.0
78,52,166.38894653320312,219.8285522460937,3237.0
78,53,116.76849365234376,245.0350952148437,4786.0
78,54,403.0484924316406,290.6963195800781,2371.0
78,55,298.32745361328125,314.2914428710937,2944.0
78,56,169.1291046142578,304.1268310546875,1766.0
78,57,361.8485412597656,308.5194091796875,2707.0
78,58,208.93099975585932,370.31884765625,3754.0
78,59,0.0,0.0,0.0
78,60,107.465576171875,427.1376953125,2135.0
78,61,0.0,0.0,0.0
78,62,256.0684509277344,341.0313720703125,1753.0
78,63,460.4528198242188,321.8973999023437,3752.0
78,64,331.3210754394531,342.60308837890625,1741.0
78,65,211.69161987304688,431.1131286621094,4128.0
78,66,0.0,0.0,0.0
78,67,137.3963623046875,474.6079406738281,3956.0
78,68,292.2679748535156,452.636474609375,5023.0
78,69,0.0,0.0,0.0
78,70,486.847412109375,370.08441162109375,3211.0
78,71,0.0,0.0,0.0
78,72,0.0,0.0,0.0
78,73,401.9823303222656,361.6202087402344,4758.0
78,74,336.8299865722656,388.5323486328125,3847.0
78,75,445.0020446777344,406.3403625488281,3414.0
78,76,369.6935729980469,436.2339782714844,4086.0
78,77,0.0,0.0,0.0
78,78,0.0,0.0,0.0
78,79,0.0,0.0,0.0
78,80,0.0,0.0,0.0
78,81,415.7909240722656,454.9285888671875,2535.0
78,82,0.0,0.0,0.0
78,83,330.2206115722656,493.90338134765625,1718.0
78,84,0.0,0.0,0.0
78,85,379.3893127441406,123.21134185791016,5096.0
78,86,0.0,0.0,0.0
78,87,497.4599914550781,221.85256958007807,1187.0
78,88,0.0,0.0,0.0
78,89,465.6827392578125,479.74359130859375,2613.0
78,90,0.0,0.0,0.0
78,91,0.0,0.0,0.0
78,92,0.0,0.0,0.0
78,93,467.1065979003906,263.2039794921875,5873.0
78,94,0.0,0.0,0.0
78,95,0.0,0.0,0.0
78,96,0.0,0.0,0.0
78,97,0.0,0.0,0.0
78,98,157.84080505371094,409.7340698242188,2858.0
78,99,277.89654541015625,389.7098388671875,3915.0
78,100,255.1931610107422,491.7412109375,2956.0
78,101,0.0,0.0,0.0
78,102,0.0,0.0,0.0
78,103,380.8640441894531,492.7155151367188,2067.0
78,104,0.0,0.0,0.0
78,105,0.0,0.0,0.0
78,106,0.0,0.0,0.0
78,107,0.0,0.0,0.0
78,108,0.0,0.0,0.0
78,109,0.0,0.0,0.0
78,110,471.9620666503906,44.27866744995117,2372.0
78,111,0.0,0.0,0.0
78,112,0.0,0.0,0.0
78,113,0.0,0.0,0.0
78,114,0.0,0.0,0.0
78,115,0.0,0.0,0.0
78,116,0.0,0.0,0.0
78,117,452.0361633300781,96.93065643310548,4730.0
78,118,490.0722351074219,441.1680603027344,2755.0
78,119,501.3891906738281,113.90223693847656,1074.0
78,120,0.0,0.0,0.0
78,121,0.0,0.0,0.0
78,122,0.0,0.0,0.0
78,123,0.0,0.0,0.0
78,124,0.0,0.0,0.0
78,125,207.9732360839844,173.0634765625,3513.0
78,126,0.0,0.0,0.0
78,127,0.0,0.0,0.0
78,128,0.0,0.0,0.0
78,129,0.0,0.0,0.0
78,130,55.01924133300781,481.276123046875,3846.0
78,131,436.5369567871094,20.48946189880371,2989.0
78,132,0.0,0.0,0.0
78,133,0.0,0.0,0.0
78,134,0.0,0.0,0.0
78,135,0.0,0.0,0.0
78,136,14.526690483093262,285.3055419921875,1967.0
78,137,105.3648452758789,102.18973541259766,3078.0
78,138,191.32557678222656,12.076658248901367,1161.0
78,139,245.7844390869141,21.245695114135746,2788.0
78,140,307.0864562988281,16.327068328857422,1862.0
78,141,371.1214904785156,18.23311424255371,2428.0
78,142,431.1675720214844,496.6353759765625,1289.0
78,143,182.2580718994141,506.5652770996094,651.0
78,144,0.0,0.0,0.0
78,145,0.0,0.0,0.0
78,146,0.0,0.0,0.0
78,147,0.0,0.0,0.0
78,148,0.0,0.0,0.0
78,149,91.02051544189452,500.69830322265625,1170.0
78,150,0.0,0.0,0.0
78,151,0.0,0.0,0.0
78,152,142.7710418701172,58.424503326416016,1616.0
78,153,0.0,0.0,0.0
78,154,0.0,0.0,0.0
78,155,501.4542541503906,494.0220947265625,634.0
78,156,9.52357292175293,340.1426696777344,806.0
78,157,0.0,0.0,0.0
78,158,0.0,0.0,0.0
78,159,0.0,0.0,0.0
78,160,0.0,0.0,0.0
78,161,0.0,0.0,0.0
78,162,495.1111145019531,12.12808609008789,648.0
78,163,150.25851440429688,90.19686126708984,1849.0
78,164,0.0,0.0,0.0
78,165,0.0,0.0,0.0
78,166,0.0,0.0,0.0
78,167,0.0,0.0,0.0
78,168,85.71379852294922,36.10587310791016,1464.0
78,169,0.0,0.0,0.0
78,170,4.077830314636231,229.0165100097656,424.0
78,171,88.03270721435547,10.185047149658203,1070.0
78,172,77.95069885253906,68.6744613647461,1582.0
78,173,504.5243835449219,333.093505859375,246.0
78,174,0.0,0.0,0.0
78,175,0.0,0.0,0.0
78,176,0.0,0.0,0.0
78,177,0.0,0.0,0.0
78,178,0.0,0.0,0.0
78,179,0.0,0.0,0.0
78,180,0.0,0.0,0.0
78,181,0.0,0.0,0.0
78,182,0.0,0.0,0.0
78,183,0.0,0.0,0.0
78,184,0.0,0.0,0.0
78,185,0.0,0.0,0.0
78,186,0.0,0.0,0.0
78,187,0.0,0.0,0.0
78,188,0.0,0.0,0.0
78,189,0.0,0.0,0.0
78,190,0.0,0.0,0.0
78,191,0.0,0.0,0.0
78,192,0.0,0.0,0.0
78,193,0.0,0.0,0.0
78,194,0.0,0.0,0.0
78,195,0.0,0.0,0.0
78,196,0.0,0.0,0.0
78,197,0.0,0.0,0.0
78,198,0.0,0.0,0.0
78,199,0.0,0.0,0.0
78,200,0.0,0.0,0.0
79,0,35.157066345214844,36.472900390625,4705.0
79,1,0.0,0.0,0.0
79,2,142.83546447753906,22.361719131469727,2419.0
79,3,0.0,0.0,0.0
79,4,0.0,0.0,0.0
79,5,207.3180389404297,83.97795867919922,2223.0
79,6,0.0,0.0,0.0
79,7,404.1337585449219,66.83675384521484,1899.0
79,8,0.0,0.0,0.0
79,9,0.0,0.0,0.0
79,10,42.5240364074707,106.3804168701172,5034.0
79,11,500.33447265625,65.6395492553711,885.0
79,12,17.323223114013672,147.86624145507812,2011.0
79,13,430.7243957519531,208.296630859375,2616.0
79,14,477.4107055664063,175.4602813720703,3752.0
79,15,286.9300537109375,223.8141326904297,2959.0
79,16,204.6875,256.3240661621094,3376.0
79,17,378.4306640625,243.42398071289065,3887.0
79,18,318.56353759765625,259.03546142578125,3187.0
79,19,0.0,0.0,0.0
79,20,36.83760070800781,324.26416015625,1484.0
79,21,88.89884185791016,338.8418884277344,2669.0
79,22,0.0,0.0,0.0
79,23,24.725811004638672,383.0851745605469,3111.0
79,24,0.0,0.0,0.0
79,25,0.0,0.0,0.0
79,26,187.45953369140625,44.73398971557617,1421.0
79,27,270.6448669433594,57.10943222045898,4432.0
79,28,353.9184265136719,54.75960922241211,2550.0
79,29,198.6266326904297,125.38854217529295,1449.0
79,30,324.4262390136719,93.9278335571289,2217.0
79,31,290.1678161621094,140.49868774414062,3814.0
79,32,134.19337463378906,145.22265625,3108.0
79,33,0.0,0.0,0.0
79,34,58.815799713134766,165.42709350585938,2215.0
79,35,443.3058776855469,153.02467346191406,3243.0
79,36,27.36771583557129,220.9583740234375,4324.0
79,37,362.9851684570313,193.76223754882807,3575.0
79,38,253.6699676513672,280.9617614746094,3530.0
79,39,65.55305480957031,291.7864990234375,3063.0
79,40,0.0,0.0,0.0
79,41,126.75579833984376,306.1958923339844,3063.0
79,42,209.96470642089844,317.5672912597656,2720.0
79,43,140.79171752929688,364.9165649414063,3356.0
79,44,72.71381378173828,391.8203430175781,3323.0
79,45,24.816591262817383,437.73193359375,1772.0
79,46,65.04376220703125,438.8379211425781,1234.0
79,47,252.5147247314453,110.70591735839844,3567.0
79,48,164.68899536132812,162.30307006835938,2016.0
79,49,327.37628173828125,168.09397888183594,2522.0
79,50,250.13951110839844,197.662338256836,3548.0
79,51,85.25222778320312,207.6534118652344,3921.0
79,52,166.1881561279297,218.6122589111328,3327.0
79,53,117.85586547851562,244.7463836669922,4704.0
79,54,404.40374755859375,290.4244384765625,2462.0
79,55,299.24346923828125,314.2744140625,2908.0
79,56,169.30726623535156,304.471923828125,1816.0
79,57,362.9362487792969,307.4926147460937,2777.0
79,58,208.4630279541016,370.2307434082031,3827.0
79,59,0.0,0.0,0.0
79,60,106.85794067382812,427.8780517578125,2140.0
79,61,0.0,0.0,0.0
79,62,257.22088623046875,341.7083740234375,1838.0
79,63,462.4043273925781,321.6019287109375,3831.0
79,64,332.9092712402344,342.4707336425781,1863.0
79,65,210.6635589599609,429.7531127929688,4176.0
79,66,0.0,0.0,0.0
79,67,136.71299743652344,474.920166015625,3871.0
79,68,292.4325561523437,452.1945495605469,4996.0
79,69,0.0,0.0,0.0
79,70,488.8984375,366.7164916992188,3259.0
79,71,0.0,0.0,0.0
79,72,0.0,0.0,0.0
79,73,402.86962890625,361.26806640625,4633.0
79,74,337.9283142089844,388.5138854980469,3781.0
79,75,445.779052734375,405.2394714355469,3512.0
79,76,370.3901672363281,436.1484375,4029.0
79,77,0.0,0.0,0.0
79,78,0.0,0.0,0.0
79,79,0.0,0.0,0.0
79,80,0.0,0.0,0.0
79,81,416.0631408691406,454.42626953125,2550.0
79,82,0.0,0.0,0.0
79,83,329.6905517578125,493.3890686035156,1758.0
79,84,0.0,0.0,0.0
79,85,380.3430786132813,122.41724395751952,5069.0
79,86,0.0,0.0,0.0
79,87,497.6810302734375,221.7847137451172,1138.0
79,88,0.0,0.0,0.0
79,89,465.366455078125,479.7970886230469,2617.0
79,90,0.0,0.0,0.0
79,91,0.0,0.0,0.0
79,92,0.0,0.0,0.0
79,93,465.00677490234375,262.48699951171875,6045.0
79,94,0.0,0.0,0.0
79,95,0.0,0.0,0.0
79,96,0.0,0.0,0.0
79,97,0.0,0.0,0.0
79,98,155.9996337890625,409.6573181152344,2714.0
79,99,279.0769348144531,390.79107666015625,3925.0
79,100,255.13589477539065,491.69036865234375,3039.0
79,101,0.0,0.0,0.0
79,102,0.0,0.0,0.0
79,103,380.7697143554688,492.7510681152344,2093.0
79,104,0.0,0.0,0.0
79,105,0.0,0.0,0.0
79,106,0.0,0.0,0.0
79,107,0.0,0.0,0.0
79,108,0.0,0.0,0.0
79,109,0.0,0.0,0.0
79,110,485.9878845214844,40.06267929077149,1404.0
79,111,0.0,0.0,0.0
79,112,0.0,0.0,0.0
79,113,0.0,0.0,0.0
79,114,0.0,0.0,0.0
79,115,0.0,0.0,0.0
79,116,0.0,0.0,0.0
79,117,453.8768310546875,97.81458282470705,4498.0
79,118,489.7825317382813,439.90325927734375,2750.0
79,119,501.4444580078125,111.64965057373048,999.0
79,120,0.0,0.0,0.0
79,121,0.0,0.0,0.0
79,122,0.0,0.0,0.0
79,123,0.0,0.0,0.0
79,124,0.0,0.0,0.0
79,125,209.2292938232422,174.32485961914062,3223.0
79,126,0.0,0.0,0.0
79,127,0.0,0.0,0.0
79,128,0.0,0.0,0.0
79,129,0.0,0.0,0.0
79,130,55.31072998046875,480.94622802734375,3775.0
79,131,439.439208984375,20.47305679321289,3192.0
79,132,0.0,0.0,0.0
79,133,0.0,0.0,0.0
79,134,0.0,0.0,0.0
79,135,0.0,0.0,0.0
79,136,14.767292022705078,286.7198486328125,2024.0
79,137,105.4505615234375,103.9283218383789,3125.0
79,138,192.6092987060547,13.150664329528809,1354.0
79,139,248.2359161376953,21.159387588500977,2679.0
79,140,308.4669494628906,15.891258239746094,1876.0
79,141,372.7034606933594,17.98146629333496,2374.0
79,142,430.6232299804688,496.3791198730469,1274.0
79,143,181.2650756835937,506.1837158203125,713.0
79,144,0.0,0.0,0.0
79,145,0.0,0.0,0.0
79,146,0.0,0.0,0.0
79,147,0.0,0.0,0.0
79,148,0.0,0.0,0.0
79,149,89.08199310302734,500.5950927734375,1183.0
79,150,0.0,0.0,0.0
79,151,0.0,0.0,0.0
79,152,144.88180541992188,59.3926010131836,1946.0
79,153,0.0,0.0,0.0
79,154,0.0,0.0,0.0
79,155,500.8028869628906,492.295654296875,690.0
79,156,9.651219367980955,341.73779296875,820.0
79,157,0.0,0.0,0.0
79,158,0.0,0.0,0.0
79,159,0.0,0.0,0.0
79,160,0.0,0.0,0.0
79,161,0.0,0.0,0.0
79,162,499.3266906738281,11.996015548706056,502.0
79,163,152.33050537109375,93.2837371826172,1882.0
79,164,0.0,0.0,0.0
79,165,0.0,0.0,0.0
79,166,0.0,0.0,0.0
79,167,0.0,0.0,0.0
79,168,88.29389190673828,22.98526382446289,2375.0
79,169,0.0,0.0,0.0
79,170,0.0,0.0,0.0
79,171,0.0,0.0,0.0
79,172,86.1502685546875,68.12128448486328,1311.0
79,173,0.0,0.0,0.0
79,174,447.8770446777344,54.380950927734375,1155.0
79,175,10.366098403930664,477.5506591796875,997.0
79,176,0.0,0.0,0.0
79,177,0.0,0.0,0.0
79,178,0.0,0.0,0.0
79,179,0.0,0.0,0.0
79,180,0.0,0.0,0.0
79,181,0.0,0.0,0.0
79,182,0.0,0.0,0.0
79,183,0.0,0.0,0.0
79,184,0.0,0.0,0.0
79,185,0.0,0.0,0.0
79,186,0.0,0.0,0.0
79,187,0.0,0.0,0.0
79,188,0.0,0.0,0.0
79,189,0.0,0.0,0.0
79,190,0.0,0.0,0.0
79,191,0.0,0.0,0.0
79,192,0.0,0.0,0.0
79,193,0.0,0.0,0.0
79,194,0.0,0.0,0.0
79,195,0.0,0.0,0.0
79,196,0.0,0.0,0.0
79,197,0.0,0.0,0.0
79,198,0.0,0.0,0.0
79,199,0.0,0.0,0.0
79,200,0.0,0.0,0.0
80,0,28.65345001220703,31.19851875305176,3783.0
80,1,0.0,0.0,0.0
80,2,143.96226501464844,22.9111557006836,2465.0
80,3,0.0,0.0,0.0
80,4,0.0,0.0,0.0
80,5,208.24288940429688,84.73970031738281,2355.0
80,6,0.0,0.0,0.0
80,7,404.0754089355469,69.77737426757812,1936.0
80,8,0.0,0.0,0.0
80,9,0.0,0.0,0.0
80,10,43.16870880126953,108.34681701660156,4896.0
80,11,500.97796630859375,68.08290100097656,772.0
80,12,17.669513702392578,147.34002685546875,1991.0
80,13,430.8561401367188,208.52378845214844,2711.0
80,14,478.7282409667969,174.75111389160156,3801.0
80,15,286.8280944824219,224.38156127929688,3048.0
80,16,205.3974456787109,256.1109313964844,3525.0
80,17,378.93206787109375,243.0594482421875,3886.0
80,18,320.37744140625,260.6617736816406,3341.0
80,19,0.0,0.0,0.0
80,20,36.58111190795898,323.67706298828125,1313.0
80,21,91.7232437133789,339.6566162109375,2551.0
80,22,0.0,0.0,0.0
80,23,24.498777389526367,384.0770568847656,3270.0
80,24,0.0,0.0,0.0
80,25,0.0,0.0,0.0
80,26,186.4750213623047,44.1021614074707,1341.0
80,27,271.5663146972656,57.58366394042969,4554.0
80,28,356.66925048828125,54.93284225463867,2576.0
80,29,199.4268035888672,129.48069763183594,1373.0
80,30,324.6388244628906,94.5198974609375,2262.0
80,31,292.3404541015625,139.5038604736328,3751.0
80,32,136.5493927001953,146.45687866210938,3189.0
80,33,0.0,0.0,0.0
80,34,58.33186340332031,166.00782775878906,2043.0
80,35,442.6640625,153.8002471923828,3209.0
80,36,32.0155029296875,222.1702880859375,3870.0
80,37,362.6126708984375,193.56838989257807,3568.0
80,38,253.9198760986328,282.3882751464844,3482.0
80,39,65.5627670288086,295.1077880859375,3266.0
80,40,0.0,0.0,0.0
80,41,127.33258819580078,306.3895568847656,3142.0
80,42,210.32276916503903,318.5912475585937,2745.0
80,43,142.1534881591797,366.1541137695313,3277.0
80,44,72.746337890625,390.7557067871094,3410.0
80,45,19.127910614013672,453.3561401367188,2791.0
80,46,63.40507125854492,440.7317504882813,1301.0
80,47,250.7407989501953,112.8520050048828,3561.0
80,48,167.5343017578125,160.98239135742188,1647.0
80,49,328.1479187011719,167.87017822265625,2542.0
80,50,250.3583526611328,196.79507446289065,3611.0
80,51,85.99361419677734,208.06776428222656,4073.0
80,52,164.99884033203125,216.8425750732422,3443.0
80,53,119.14273071289062,245.26104736328125,4547.0
80,54,406.266357421875,289.9706420898437,2658.0
80,55,299.257568359375,314.57647705078125,2838.0
80,56,169.98736572265625,304.9275207519531,1821.0
80,57,363.0226745605469,308.1060791015625,2602.0
80,58,208.1081085205078,371.3176879882813,3774.0
80,59,0.0,0.0,0.0
80,60,106.59547424316406,428.2655334472656,2252.0
80,61,0.0,0.0,0.0
80,62,257.65155029296875,343.0048522949219,1851.0
80,63,461.5461730957031,322.0618896484375,3845.0
80,64,332.08056640625,343.1065673828125,1961.0
80,65,210.9639129638672,428.2140808105469,4101.0
80,66,0.0,0.0,0.0
80,67,137.2595977783203,475.7550964355469,3883.0
80,68,292.1862487792969,452.5809020996094,4956.0
80,69,0.0,0.0,0.0
80,70,489.3726806640625,366.57525634765625,3169.0
80,71,0.0,0.0,0.0
80,72,0.0,0.0,0.0
80,73,401.8669738769531,361.1564636230469,4691.0
80,74,338.6375732421875,389.6647338867188,3609.0
80,75,446.3561096191406,404.14691162109375,3485.0
80,76,370.50775146484375,436.4659118652344,4063.0
80,77,0.0,0.0,0.0
80,78,0.0,0.0,0.0
80,79,0.0,0.0,0.0
80,80,0.0,0.0,0.0
80,81,416.0668029785156,453.7724914550781,2545.0
80,82,0.0,0.0,0.0
80,83,329.20782470703125,493.7092895507813,1689.0
80,84,0.0,0.0,0.0
80,85,381.5111083984375,122.64485168457033,4905.0
80,86,0.0,0.0,0.0
80,87,497.77777099609375,222.8292694091797,1107.0
80,88,0.0,0.0,0.0
80,89,465.0364990234375,478.7818298339844,2631.0
80,90,0.0,0.0,0.0
80,91,0.0,0.0,0.0
80,92,0.0,0.0,0.0
80,93,466.9344482421875,262.2872619628906,5782.0
80,94,0.0,0.0,0.0
80,95,0.0,0.0,0.0
80,96,0.0,0.0,0.0
80,97,0.0,0.0,0.0
80,98,153.0106964111328,411.8439636230469,2525.0
80,99,279.712158203125,391.63623046875,4030.0
80,100,254.661361694336,492.0521545410156,3145.0
80,101,0.0,0.0,0.0
80,102,0.0,0.0,0.0
80,103,380.2438049316406,493.0295715332031,2096.0
80,104,0.0,0.0,0.0
80,105,0.0,0.0,0.0
80,106,0.0,0.0,0.0
80,107,0.0,0.0,0.0
80,108,0.0,0.0,0.0
80,109,0.0,0.0,0.0
80,110,487.60443115234375,39.89434814453125,1628.0
80,111,0.0,0.0,0.0
80,112,0.0,0.0,0.0
80,113,0.0,0.0,0.0
80,114,0.0,0.0,0.0
80,115,0.0,0.0,0.0
80,116,0.0,0.0,0.0
80,117,456.9552001953125,99.6213150024414,4241.0
80,118,489.6808776855469,439.0166931152344,2695.0
80,119,502.5411987304688,112.7257080078125,813.0
80,120,0.0,0.0,0.0
80,121,0.0,0.0,0.0
80,122,0.0,0.0,0.0
80,123,0.0,0.0,0.0
80,124,0.0,0.0,0.0
80,125,209.4544219970703,176.1270751953125,3006.0
80,126,0.0,0.0,0.0
80,127,0.0,0.0,0.0
80,128,0.0,0.0,0.0
80,129,0.0,0.0,0.0
80,130,55.41915512084961,482.5881042480469,3581.0
80,131,447.5016479492188,18.902359008789062,3646.0
80,132,0.0,0.0,0.0
80,133,0.0,0.0,0.0
80,134,0.0,0.0,0.0
80,135,0.0,0.0,0.0
80,136,14.781551361083984,286.9700927734375,1973.0
80,137,102.42115783691406,104.58177947998048,3063.0
80,138,193.2869415283203,13.31804084777832,1286.0
80,139,249.03546142578125,21.28333282470703,2820.0
80,140,310.82781982421875,16.64085578918457,1963.0
80,141,374.5520935058594,17.622173309326172,2255.0
80,142,430.2653198242188,495.572509765625,1338.0
80,143,182.05746459960932,504.4597778320313,870.0
80,144,0.0,0.0,0.0
80,145,0.0,0.0,0.0
80,146,0.0,0.0,0.0
80,147,0.0,0.0,0.0
80,148,0.0,0.0,0.0
80,149,88.69609832763672,500.5543212890625,1178.0
80,150,0.0,0.0,0.0
80,151,0.0,0.0,0.0
80,152,146.96224975585938,60.1186637878418,1854.0
80,153,0.0,0.0,0.0
80,154,0.0,0.0,0.0
80,155,500.437255859375,491.8796081542969,789.0
80,156,10.115801811218262,339.7008361816406,829.0
80,157,0.0,0.0,0.0
80,158,0.0,0.0,0.0
80,159,0.0,0.0,0.0
80,160,0.0,0.0,0.0
80,161,0.0,0.0,0.0
80,162,0.0,0.0,0.0
80,163,149.8262176513672,94.1893081665039,2319.0
80,164,0.0,0.0,0.0
80,165,0.0,0.0,0.0
80,166,0.0,0.0,0.0
80,167,0.0,0.0,0.0
80,168,88.46424865722656,16.681913375854492,1902.0
80,169,0.0,0.0,0.0
80,170,0.0,0.0,0.0
80,171,0.0,0.0,0.0
80,172,92.3910675048828,57.417457580566406,1478.0
80,173,0.0,0.0,0.0
80,174,446.2271728515625,57.29375457763672,1457.0
80,175,0.0,0.0,0.0
80,176,61.83772659301758,63.42718505859375,1442.0
80,177,4.429394721984863,214.40777587890625,694.0
80,178,0.0,0.0,0.0
80,179,0.0,0.0,0.0
80,180,0.0,0.0,0.0
80,181,0.0,0.0,0.0
80,182,0.0,0.0,0.0
80,183,0.0,0.0,0.0
80,184,0.0,0.0,0.0
80,185,0.0,0.0,0.0
80,186,0.0,0.0,0.0
80,187,0.0,0.0,0.0
80,188,0.0,0.0,0.0
80,189,0.0,0.0,0.0
80,190,0.0,0.0,0.0
80,191,0.0,0.0,0.0
80,192,0.0,0.0,0.0
80,193,0.0,0.0,0.0
80,194,0.0,0.0,0.0
80,195,0.0,0.0,0.0
80,196,0.0,0.0,0.0
80,197,0.0,0.0,0.0
80,198,0.0,0.0,0.0
80,199,0.0,0.0,0.0
80,200,0.0,0.0,0.0
81,0,30.135725021362305,28.628400802612305,3345.0
81,1,0.0,0.0,0.0
81,2,144.43930053710938,23.684064865112305,2529.0
81,3,0.0,0.0,0.0
81,4,0.0,0.0,0.0
81,5,208.06588745117188,85.35093688964844,2140.0
81,6,0.0,0.0,0.0
81,7,403.1851196289063,70.31845092773438,1680.0
81,8,0.0,0.0,0.0
81,9,0.0,0.0,0.0
81,10,40.780609130859375,105.89752960205078,5260.0
81,11,501.5441284179688,67.97105407714844,691.0
81,12,15.717963218688965,147.660888671875,1787.0
81,13,431.7110595703125,209.12631225585932,2755.0
81,14,478.8146362304688,176.48561096191406,3474.0
81,15,287.3701171875,223.8715057373047,3253.0
81,16,205.8712921142578,256.4969177246094,3574.0
81,17,379.7203063964844,243.4075927734375,3847.0
81,18,321.1531066894531,260.8244934082031,3305.0
81,19,0.0,0.0,0.0
81,20,36.69328689575195,327.2095031738281,864.0
81,21,94.34545135498048,339.8433837890625,2420.0
81,22,0.0,0.0,0.0
81,23,26.49022483825684,385.6334838867188,3427.0
81,24,0.0,0.0,0.0
81,25,0.0,0.0,0.0
81,26,186.0375213623047,44.93804550170898,1146.0
81,27,284.8872985839844,59.94217300415039,3718.0
81,28,358.2914428710937,54.96683883666992,2714.0
81,29,200.7360382080078,129.49920654296875,1254.0
81,30,324.7479553222656,95.43634033203124,2317.0
81,31,296.5722351074219,141.10459899902344,3413.0
81,32,136.45559692382812,149.09539794921875,3040.0
81,33,0.0,0.0,0.0
81,34,56.70348739624024,166.01947021484375,2209.0
81,35,446.8628234863281,153.61422729492188,3375.0
81,36,32.77498245239258,222.26101684570312,3973.0
81,37,362.7887573242188,193.690170288086,3631.0
81,38,254.6761932373047,283.1705627441406,3465.0
81,39,64.28543853759766,299.3063049316406,3640.0
81,40,0.0,0.0,0.0
81,41,127.16436004638672,306.6681213378906,3176.0
81,42,210.7353363037109,319.2961730957031,2762.0
81,43,142.73196411132812,367.5225524902344,3257.0
81,44,74.79754638671875,391.6391906738281,3265.0
81,45,19.71381950378418,453.8371276855469,2757.0
81,46,60.66731262207031,446.6111145019531,1548.0
81,47,251.18292236328125,115.11658477783205,4040.0
81,48,168.9354248046875,159.373779296875,1533.0
81,49,330.5536499023437,166.34024047851562,2460.0
81,50,250.1239471435547,196.7394561767578,3558.0
81,51,87.21139526367188,208.8188018798828,4073.0
81,52,165.47300720214844,216.17556762695312,3520.0
81,53,120.11131286621094,245.57589721679688,4447.0
81,54,407.7713317871094,289.5430603027344,2799.0
81,55,301.1141662597656,314.3878173828125,2777.0
81,56,170.0679168701172,305.0924987792969,1870.0
81,57,364.1644592285156,308.147216796875,2554.0
81,58,207.96725463867188,371.826904296875,3726.0
81,59,0.0,0.0,0.0
81,60,106.38754272460938,429.2469787597656,2312.0
81,61,0.0,0.0,0.0
81,62,258.4783630371094,342.62860107421875,1917.0
81,63,462.6032104492188,322.5941162109375,3851.0
81,64,332.5122375488281,343.9091186523437,2124.0
81,65,223.83981323242188,427.3218078613281,2803.0
81,66,0.0,0.0,0.0
81,67,137.47825622558594,476.5232849121094,3910.0
81,68,292.28338623046875,452.8176574707031,4919.0
81,69,0.0,0.0,0.0
81,70,489.802734375,366.4479370117188,2996.0
81,71,0.0,0.0,0.0
81,72,0.0,0.0,0.0
81,73,402.4711608886719,361.1138610839844,4593.0
81,74,339.6805725097656,390.5850524902344,3569.0
81,75,446.7059631347656,403.1216125488281,3462.0
81,76,371.4232177734375,436.5900573730469,3986.0
81,77,0.0,0.0,0.0
81,78,0.0,0.0,0.0
81,79,0.0,0.0,0.0
81,80,0.0,0.0,0.0
81,81,415.9125061035156,452.9747619628906,2537.0
81,82,0.0,0.0,0.0
81,83,329.1814270019531,493.5347900390625,1681.0
81,84,0.0,0.0,0.0
81,85,383.88079833984375,122.89905548095705,4874.0
81,86,0.0,0.0,0.0
81,87,496.5563354492188,222.82061767578125,1154.0
81,88,0.0,0.0,0.0
81,89,464.6136474609375,478.4693603515625,2710.0
81,90,0.0,0.0,0.0
81,91,0.0,0.0,0.0
81,92,0.0,0.0,0.0
81,93,468.0930480957031,262.79620361328125,5535.0
81,94,0.0,0.0,0.0
81,95,0.0,0.0,0.0
81,96,0.0,0.0,0.0
81,97,0.0,0.0,0.0
81,98,161.9543914794922,418.739013671875,3640.0
81,99,279.6206359863281,392.8868408203125,4215.0
81,100,254.82943725585932,492.2026672363281,3207.0
81,101,0.0,0.0,0.0
81,102,0.0,0.0,0.0
81,103,379.8520812988281,493.0632629394531,2055.0
81,104,0.0,0.0,0.0
81,105,0.0,0.0,0.0
81,106,0.0,0.0,0.0
81,107,0.0,0.0,0.0
81,108,0.0,0.0,0.0
81,109,0.0,0.0,0.0
81,110,487.4800109863281,41.12302017211914,1577.0
81,111,0.0,0.0,0.0
81,112,0.0,0.0,0.0
81,113,0.0,0.0,0.0
81,114,0.0,0.0,0.0
81,115,0.0,0.0,0.0
81,116,0.0,0.0,0.0
81,117,458.7947692871094,99.9117431640625,4351.0
81,118,489.5888366699219,437.9716796875,2685.0
81,119,503.4879760742188,114.0210189819336,666.0
81,120,0.0,0.0,0.0
81,121,0.0,0.0,0.0
81,122,0.0,0.0,0.0
81,123,0.0,0.0,0.0
81,124,0.0,0.0,0.0
81,125,209.3304443359375,176.31143188476562,2999.0
81,126,0.0,0.0,0.0
81,127,0.0,0.0,0.0
81,128,0.0,0.0,0.0
81,129,0.0,0.0,0.0
81,130,56.38351058959961,484.8354187011719,3129.0
81,131,449.1539001464844,19.20321655273437,3730.0
81,132,0.0,0.0,0.0
81,133,0.0,0.0,0.0
81,134,0.0,0.0,0.0
81,135,0.0,0.0,0.0
81,136,15.504162788391112,289.2613220214844,2162.0
81,137,101.12477111816406,96.64582824707033,3823.0
81,138,192.8803253173828,14.233358383178713,1337.0
81,139,249.8939971923828,21.0031795501709,2830.0
81,140,310.7442626953125,16.359895706176758,1920.0
81,141,374.9173889160156,17.082155227661133,2264.0
81,142,428.98828125,495.206298828125,1367.0
81,143,184.66537475585932,505.1296997070313,771.0
81,144,0.0,0.0,0.0
81,145,0.0,0.0,0.0
81,146,0.0,0.0,0.0
81,147,0.0,0.0,0.0
81,148,0.0,0.0,0.0
81,149,88.91917419433594,500.7093811035156,1163.0
81,150,0.0,0.0,0.0
81,151,0.0,0.0,0.0
81,152,167.33026123046875,69.08555603027344,1087.0
81,153,0.0,0.0,0.0
81,154,0.0,0.0,0.0
81,155,500.2959289550781,491.4462890625,838.0
81,156,11.185566902160645,342.92681884765625,970.0
81,157,0.0,0.0,0.0
81,158,0.0,0.0,0.0
81,159,0.0,0.0,0.0
81,160,0.0,0.0,0.0
81,161,0.0,0.0,0.0
81,162,0.0,0.0,0.0
81,163,148.9345703125,97.00875091552734,2629.0
81,164,0.0,0.0,0.0
81,165,0.0,0.0,0.0
81,166,0.0,0.0,0.0
81,167,0.0,0.0,0.0
81,168,89.43492889404297,24.23878288269043,2697.0
81,169,0.0,0.0,0.0
81,170,0.0,0.0,0.0
81,171,0.0,0.0,0.0
81,172,0.0,0.0,0.0
81,173,0.0,0.0,0.0
81,174,444.6783447265625,59.05793762207031,1657.0
81,175,0.0,0.0,0.0
81,176,61.35955810546875,64.51874542236328,1627.0
81,177,4.5714287757873535,219.3711395263672,679.0
81,178,220.1307373046875,49.630741119384766,1132.0
81,179,125.45694732666016,51.06111145019531,720.0
81,180,62.5,481.5,2.0
81,181,0.0,0.0,0.0
81,182,0.0,0.0,0.0
81,183,0.0,0.0,0.0
81,184,0.0,0.0,0.0
81,185,0.0,0.0,0.0
81,186,0.0,0.0,0.0
81,187,0.0,0.0,0.0
81,188,0.0,0.0,0.0
81,189,0.0,0.0,0.0
81,190,0.0,0.0,0.0
81,191,0.0,0.0,0.0
81,192,0.0,0.0,0.0
81,193,0.0,0.0,0.0
81,194,0.0,0.0,0.0
81,195,0.0,0.0,0.0
81,196,0.0,0.0,0.0
81,197,0.0,0.0,0.0
81,198,0.0,0.0,0.0
81,199,0.0,0.0,0.0
81,200,0.0,0.0,0.0
82,0,35.55804443359375,30.28479385375977,2946.0
82,1,0.0,0.0,0.0
82,2,145.49961853027344,23.71088409423828,2646.0
82,3,0.0,0.0,0.0
82,4,0.0,0.0,0.0
82,5,208.85269165039065,86.08653259277344,2057.0
82,6,0.0,0.0,0.0
82,7,403.1062927246094,78.36321258544922,1082.0
82,8,0.0,0.0,0.0
82,9,0.0,0.0,0.0
82,10,44.89564895629883,112.48834991455078,4849.0
82,11,503.1907653808594,68.68273162841797,498.0
82,12,14.047532081604004,147.91529846191406,1641.0
82,13,431.2900695800781,209.8314971923828,2813.0
82,14,481.783203125,176.7509765625,3321.0
82,15,287.9062194824219,224.22409057617188,3338.0
82,16,205.97911071777344,256.7332763671875,3543.0
82,17,379.4066162109375,243.33963012695312,3866.0
82,18,321.3293762207031,261.5685729980469,3106.0
82,19,476.0,216.0,1.0
82,20,0.0,0.0,0.0
82,21,93.76994323730467,342.0827331542969,2369.0
82,22,0.0,0.0,0.0
82,23,24.810880661010746,388.5020751953125,3125.0
82,24,0.0,0.0,0.0
82,25,0.0,0.0,0.0
82,26,185.275634765625,44.809478759765625,1034.0
82,27,285.1440124511719,60.00443649291992,3833.0
82,28,361.6095275878906,55.9301986694336,2894.0
82,29,202.24180603027344,132.14056396484375,1373.0
82,30,324.3648986816406,95.2882308959961,2217.0
82,31,298.2432861328125,142.2746124267578,3321.0
82,32,147.25152587890625,150.50645446777344,4107.0
82,33,0.0,0.0,0.0
82,34,55.47612762451172,166.0771942138672,2241.0
82,35,447.2572937011719,154.7210693359375,3560.0
82,36,34.28507232666016,222.49012756347656,3999.0
82,37,362.6188049316406,194.187240600586,3573.0
82,38,255.19711303710932,284.0488586425781,3541.0
82,39,60.88062286376953,303.7292175292969,4247.0
82,40,0.0,0.0,0.0
82,41,127.24282836914062,308.11474609375,3521.0
82,42,210.8817443847656,319.6646423339844,2782.0
82,43,144.5805206298828,371.8747253417969,3297.0
82,44,72.52123260498047,388.7214050292969,3532.0
82,45,19.073373794555664,454.6331176757813,2644.0
82,46,59.95687484741211,447.7674865722656,1716.0
82,47,253.0057373046875,116.3224105834961,4181.0
82,48,160.7716827392578,185.73080444335932,1003.0
82,49,333.0509338378906,166.60858154296875,2376.0
82,50,251.00027465820312,197.27069091796875,3624.0
82,51,87.25074005126953,209.7566680908203,4052.0
82,52,166.39328002929688,221.4507598876953,2975.0
82,53,121.06193542480467,245.8360290527344,4214.0
82,54,409.0272521972656,289.2731018066406,2900.0
82,55,302.2977600097656,313.9582214355469,2680.0
82,56,170.09274291992188,306.76715087890625,1984.0
82,57,365.5244140625,308.37384033203125,2683.0
82,58,207.78355407714844,373.120361328125,3747.0
82,59,0.0,0.0,0.0
82,60,106.67161560058594,430.3201293945313,2424.0
82,61,0.0,0.0,0.0
82,62,259.76690673828125,343.430419921875,2012.0
82,63,462.6871032714844,323.486328125,3800.0
82,64,332.1531066894531,344.5809631347656,2260.0
82,65,224.4720916748047,428.7865905761719,2849.0
82,66,0.0,0.0,0.0
82,67,136.85633850097656,476.7383728027344,3696.0
82,68,291.9310302734375,453.6500244140625,4829.0
82,69,0.0,0.0,0.0
82,70,489.8957824707031,366.2613830566406,2984.0
82,71,0.0,0.0,0.0
82,72,0.0,0.0,0.0
82,73,402.3901977539063,361.7457885742188,4449.0
82,74,340.3751525878906,391.7150573730469,3492.0
82,75,446.1720886230469,402.7967834472656,3405.0
82,76,371.672607421875,436.8455810546875,3989.0
82,77,0.0,0.0,0.0
82,78,0.0,0.0,0.0
82,79,0.0,0.0,0.0
82,80,0.0,0.0,0.0
82,81,416.1515808105469,452.6014404296875,2474.0
82,82,0.0,0.0,0.0
82,83,329.033447265625,493.4540100097656,1674.0
82,84,0.0,0.0,0.0
82,85,384.346435546875,122.96837615966795,5060.0
82,86,0.0,0.0,0.0
82,87,497.660888671875,223.19195556640625,1094.0
82,88,0.0,0.0,0.0
82,89,464.7073364257813,477.3206787109375,2819.0
82,90,0.0,0.0,0.0
82,91,0.0,0.0,0.0
82,92,0.0,0.0,0.0
82,93,469.0034484863281,262.7214660644531,5518.0
82,94,0.0,0.0,0.0
82,95,0.0,0.0,0.0
82,96,0.0,0.0,0.0
82,97,0.0,0.0,0.0
82,98,161.62368774414062,421.4358215332031,3327.0
82,99,280.04888916015625,394.347900390625,4254.0
82,100,254.2472381591797,491.99652099609375,3171.0
82,101,0.0,0.0,0.0
82,102,0.0,0.0,0.0
82,103,379.5295715332031,493.0126037597656,2062.0
82,104,0.0,0.0,0.0
82,105,0.0,0.0,0.0
82,106,0.0,0.0,0.0
82,107,0.0,0.0,0.0
82,108,0.0,0.0,0.0
82,109,0.0,0.0,0.0
82,110,488.9011535644531,42.58747863769531,1629.0
82,111,0.0,0.0,0.0
82,112,0.0,0.0,0.0
82,113,0.0,0.0,0.0
82,114,0.0,0.0,0.0
82,115,0.0,0.0,0.0
82,116,0.0,0.0,0.0
82,117,465.8384094238281,101.1139907836914,4895.0
82,118,490.0672607421875,436.33294677734375,2646.0
82,119,0.0,0.0,0.0
82,120,0.0,0.0,0.0
82,121,0.0,0.0,0.0
82,122,0.0,0.0,0.0
82,123,0.0,0.0,0.0
82,124,0.0,0.0,0.0
82,125,209.6279754638672,177.92881774902344,2852.0
82,126,0.0,0.0,0.0
82,127,0.0,0.0,0.0
82,128,0.0,0.0,0.0
82,129,0.0,0.0,0.0
82,130,57.470359802246094,485.5824279785156,3087.0
82,131,442.5343322753906,21.14693260192871,3015.0
82,132,0.0,0.0,0.0
82,133,0.0,0.0,0.0
82,134,0.0,0.0,0.0
82,135,0.0,0.0,0.0
82,136,16.35816192626953,291.44781494140625,2242.0
82,137,94.33577728271484,95.55934143066406,2317.0
82,138,195.7855529785156,14.778923988342283,1357.0
82,139,251.85487365722656,21.45931625366211,2839.0
82,140,313.90985107421875,15.795938491821287,2019.0
82,141,379.5085144042969,17.721939086914062,2352.0
82,142,428.5390625,494.6597900390625,1408.0
82,143,179.53121948242188,504.36663818359375,881.0
82,144,0.0,0.0,0.0
82,145,0.0,0.0,0.0
82,146,0.0,0.0,0.0
82,147,0.0,0.0,0.0
82,148,0.0,0.0,0.0
82,149,86.60397338867188,501.4811096191406,1058.0
82,150,0.0,0.0,0.0
82,151,0.0,0.0,0.0
82,152,166.16958618164062,69.63056945800781,1256.0
82,153,0.0,0.0,0.0
82,154,0.0,0.0,0.0
82,155,500.0,491.120361328125,864.0
82,156,11.792043685913086,343.7387084960937,1106.0
82,157,0.0,0.0,0.0
82,158,0.0,0.0,0.0
82,159,0.0,0.0,0.0
82,160,0.0,0.0,0.0
82,161,0.0,0.0,0.0
82,162,0.0,0.0,0.0
82,163,139.6598358154297,102.15406799316406,3810.0
82,164,0.0,0.0,0.0
82,165,0.0,0.0,0.0
82,166,0.0,0.0,0.0
82,167,28.0,337.0,1.0
82,168,96.51936340332033,31.482322692871094,3564.0
82,169,0.0,0.0,0.0
82,170,0.0,0.0,0.0
82,171,0.0,0.0,0.0
82,172,0.0,0.0,0.0
82,173,0.0,0.0,0.0
82,174,438.8865051269531,58.983924865722656,2053.0
82,175,0.0,0.0,0.0
82,176,62.27172088623047,67.47482299804688,1807.0
82,177,5.4330902099609375,219.6654510498047,822.0
82,178,218.1937561035156,50.30131530761719,1218.0
82,179,0.0,0.0,0.0
82,180,0.0,0.0,0.0
82,181,6.732673168182373,13.153465270996094,404.0
82,182,498.3932189941406,10.652542114257812,590.0
82,183,7.134775161743164,57.1031608581543,601.0
82,184,0.0,0.0,0.0
82,185,0.0,0.0,0.0
82,186,0.0,0.0,0.0
82,187,0.0,0.0,0.0
82,188,0.0,0.0,0.0
82,189,0.0,0.0,0.0
82,190,0.0,0.0,0.0
82,191,0.0,0.0,0.0
82,192,0.0,0.0,0.0
82,193,0.0,0.0,0.0
82,194,0.0,0.0,0.0
82,195,0.0,0.0,0.0
82,196,0.0,0.0,0.0
82,197,0.0,0.0,0.0
82,198,0.0,0.0,0.0
82,199,0.0,0.0,0.0
82,200,0.0,0.0,0.0
83,0,40.5432243347168,33.063323974609375,2811.0
83,1,0.0,0.0,0.0
83,2,145.92083740234375,24.629573822021484,2678.0
83,3,0.0,0.0,0.0
83,4,0.0,0.0,0.0
83,5,210.2247772216797,85.82539367675781,1953.0
83,6,0.0,0.0,0.0
83,7,407.8566284179688,81.28673553466797,1116.0
83,8,0.0,0.0,0.0
83,9,0.0,0.0,0.0
83,10,42.96971130371094,111.58264923095705,4622.0
83,11,503.3990478515625,68.60563659667969,426.0
83,12,13.568394660949709,147.9287872314453,1601.0
83,13,432.6333923339844,210.1167755126953,2886.0
83,14,486.3569641113281,178.19558715820312,2807.0
83,15,287.9210205078125,224.14019775390625,3381.0
83,16,206.4957275390625,256.73193359375,3514.0
83,17,381.3996276855469,243.2836151123047,3681.0
83,18,322.5732727050781,260.82501220703125,3309.0
83,19,0.0,0.0,0.0
83,20,0.0,0.0,0.0
83,21,92.86803436279295,343.2999572753906,2387.0
83,22,0.0,0.0,0.0
83,23,28.3375301361084,390.0152282714844,3416.0
83,24,0.0,0.0,0.0
83,25,0.0,0.0,0.0
83,26,185.5020904541016,44.566036224365234,954.0
83,27,293.5107727050781,59.949493408203125,3346.0
83,28,366.1622314453125,56.549747467041016,3156.0
83,29,202.4649353027344,133.4106903076172,1198.0
83,30,323.5069885253906,95.56990051269533,2146.0
83,31,299.6368408203125,142.41812133789062,3365.0
83,32,148.19248962402344,149.03309631347656,4260.0
83,33,0.0,0.0,0.0
83,34,57.367305755615234,165.69345092773438,2502.0
83,35,449.4037170410156,156.77163696289062,3998.0
83,36,33.49271011352539,222.2519378662109,4116.0
83,37,362.9465637207031,194.2269897460937,3630.0
83,38,255.57359313964844,284.8011474609375,3621.0
83,39,61.791202545166016,302.2214050292969,4047.0
83,40,0.0,0.0,0.0
83,41,126.92803192138672,308.5315246582031,3599.0
83,42,210.30401611328125,320.49627685546875,2809.0
83,43,145.2261199951172,372.22760009765625,3392.0
83,44,77.65345764160156,394.2907104492188,2776.0
83,45,18.64306831359864,457.65380859375,2698.0
83,46,58.68396759033203,448.4031066894531,1734.0
83,47,252.2459716796875,116.51390838623048,4277.0
83,48,160.4550018310547,187.3820037841797,1411.0
83,49,334.3788452148437,166.61685180664062,2315.0
83,50,251.4477996826172,196.9813690185547,3649.0
83,51,86.88642883300781,210.97311401367188,3980.0
83,52,167.5261993408203,224.7282867431641,2672.0
83,53,122.11735534667967,246.0076141357422,4201.0
83,54,409.7900695800781,289.1186828613281,3025.0
83,55,303.51226806640625,314.45819091796875,2608.0
83,56,170.38064575195312,307.31170654296875,1973.0
83,57,365.2069091796875,308.2915344238281,2600.0
83,58,208.9422607421875,374.355224609375,3654.0
83,59,0.0,0.0,0.0
83,60,105.45733642578124,431.2862854003906,2543.0
83,61,0.0,0.0,0.0
83,62,260.19970703125,343.3717346191406,2058.0
83,63,462.462646484375,324.356201171875,3908.0
83,64,332.97003173828125,345.4235534667969,2368.0
83,65,218.5870513916016,434.5144653320313,3458.0
83,66,0.0,0.0,0.0
83,67,136.5517120361328,477.31982421875,3674.0
83,68,291.99371337890625,453.5851135253906,4770.0
83,69,0.0,0.0,0.0
83,70,491.3091430664063,366.1526184082031,2811.0
83,71,0.0,0.0,0.0
83,72,0.0,0.0,0.0
83,73,402.3225402832031,361.9877014160156,4390.0
83,74,340.5200500488281,392.3924560546875,3417.0
83,75,446.7516174316406,401.5448303222656,3414.0
83,76,371.379638671875,437.5809326171875,4059.0
83,77,0.0,0.0,0.0
83,78,0.0,0.0,0.0
83,79,0.0,0.0,0.0
83,80,0.0,0.0,0.0
83,81,415.9364013671875,452.0096130371094,2500.0
83,82,0.0,0.0,0.0
83,83,329.2958679199219,493.8523559570313,1646.0
83,84,0.0,0.0,0.0
83,85,385.2940368652344,122.73548126220705,5115.0
83,86,0.0,0.0,0.0
83,87,499.5784606933594,223.2040405273437,892.0
83,88,0.0,0.0,0.0
83,89,464.0658874511719,476.4768676757813,2854.0
83,90,0.0,0.0,0.0
83,91,0.0,0.0,0.0
83,92,0.0,0.0,0.0
83,93,470.017333984375,261.6405029296875,5477.0
83,94,0.0,0.0,0.0
83,95,0.0,0.0,0.0
83,96,0.0,0.0,0.0
83,97,0.0,0.0,0.0
83,98,161.3813018798828,421.5637512207031,3294.0
83,99,279.8005065917969,395.0427856445313,4301.0
83,100,255.21221923828125,492.1377258300781,3209.0
83,101,0.0,0.0,0.0
83,102,0.0,0.0,0.0
83,103,380.1897277832031,493.6351318359375,1987.0
83,104,0.0,0.0,0.0
83,105,0.0,0.0,0.0
83,106,0.0,0.0,0.0
83,107,0.0,0.0,0.0
83,108,0.0,0.0,0.0
83,109,0.0,0.0,0.0
83,110,491.11126708984375,43.36787033081055,1438.0
83,111,0.0,0.0,0.0
83,112,0.0,0.0,0.0
83,113,0.0,0.0,0.0
83,114,0.0,0.0,0.0
83,115,0.0,0.0,0.0
83,116,0.0,0.0,0.0
83,117,467.8024597167969,100.99300384521484,4718.0
83,118,490.2642822265625,435.9611206054688,2573.0
83,119,0.0,0.0,0.0
83,120,0.0,0.0,0.0
83,121,0.0,0.0,0.0
83,122,0.0,0.0,0.0
83,123,0.0,0.0,0.0
83,124,0.0,0.0,0.0
83,125,209.5809783935547,178.5204620361328,2859.0
83,126,0.0,0.0,0.0
83,127,0.0,0.0,0.0
83,128,0.0,0.0,0.0
83,129,0.0,0.0,0.0
83,130,60.32006454467773,486.647705078125,3040.0
83,131,453.5059814453125,19.95491600036621,3682.0
83,132,0.0,0.0,0.0
83,133,0.0,0.0,0.0
83,134,0.0,0.0,0.0
83,135,0.0,0.0,0.0
83,136,15.926642417907717,291.3577880859375,2222.0
83,137,94.44422912597656,97.88845825195312,2582.0
83,138,196.2375030517578,14.86805534362793,1440.0
83,139,251.6647186279297,21.72339630126953,2744.0
83,140,313.9707946777344,16.171611785888672,2191.0
83,141,381.3426208496094,16.974782943725586,2300.0
83,142,428.2086791992188,494.0740661621094,1404.0
83,143,180.8174743652344,503.6202087402344,1019.0
83,144,0.0,0.0,0.0
83,145,0.0,0.0,0.0
83,146,0.0,0.0,0.0
83,147,0.0,0.0,0.0
83,148,0.0,0.0,0.0
83,149,88.92193603515625,502.5811767578125,807.0
83,150,0.0,0.0,0.0
83,151,0.0,0.0,0.0
83,152,151.81300354003906,73.21829986572266,2492.0
83,153,90.0,268.0,1.0
83,154,0.0,0.0,0.0
83,155,499.1778564453125,490.9446105957031,939.0
83,156,11.350411415100098,344.89019775390625,1093.0
83,157,0.0,0.0,0.0
83,158,0.0,0.0,0.0
83,159,0.0,0.0,0.0
83,160,0.0,0.0,0.0
83,161,0.0,0.0,0.0
83,162,0.0,0.0,0.0
83,163,143.49063110351562,110.54882049560548,2509.0
83,164,0.0,0.0,0.0
83,165,0.0,0.0,0.0
83,166,0.0,0.0,0.0
83,167,0.0,0.0,0.0
83,168,95.19010925292967,30.53034210205078,3477.0
83,169,0.0,0.0,0.0
83,170,0.0,0.0,0.0
83,171,0.0,0.0,0.0
83,172,0.0,0.0,0.0
83,173,0.0,0.0,0.0
83,174,442.2242431640625,59.171993255615234,1971.0
83,175,0.0,0.0,0.0
83,176,61.82685089111328,70.90589904785156,1594.0
83,177,5.0451979637146,222.8121490478516,708.0
83,178,214.4887542724609,49.56339645385742,978.0
83,179,0.0,0.0,0.0
83,180,0.0,0.0,0.0
83,181,9.789536476135254,18.81926345825196,841.0
83,182,0.0,0.0,0.0
83,183,7.553359508514404,58.49011993408203,506.0
83,184,241.8335418701172,60.48854064941406,829.0
83,185,0.0,0.0,0.0
83,186,37.48448944091797,344.08270263671875,677.0
83,187,0.0,0.0,0.0
83,188,0.0,0.0,0.0
83,189,0.0,0.0,0.0
83,190,0.0,0.0,0.0
83,191,0.0,0.0,0.0
83,192,0.0,0.0,0.0
83,193,0.0,0.0,0.0
83,194,0.0,0.0,0.0
83,195,0.0,0.0,0.0
83,196,0.0,0.0,0.0
83,197,0.0,0.0,0.0
83,198,0.0,0.0,0.0
83,199,0.0,0.0,0.0
83,200,0.0,0.0,0.0
84,0,40.17576599121094,33.02146911621094,2748.0
84,1,0.0,0.0,0.0
84,2,147.40509033203125,23.783979415893555,2634.0
84,3,0.0,0.0,0.0
84,4,0.0,0.0,0.0
84,5,212.791732788086,86.88043975830078,1815.0
84,6,0.0,0.0,0.0
84,7,407.0659790039063,80.47099304199219,879.0
84,8,0.0,0.0,0.0
84,9,0.0,0.0,0.0
84,10,47.07952499389648,117.36402130126952,4464.0
84,11,0.0,0.0,0.0
84,12,13.202134132385254,149.3521728515625,1593.0
84,13,434.1403198242188,210.68975830078125,2872.0
84,14,492.6242370605469,183.3824157714844,1956.0
84,15,288.2962951660156,223.690658569336,3446.0
84,16,207.0513458251953,256.76190185546875,3486.0
84,17,385.2089538574219,241.4330902099609,3355.0
84,18,326.1479797363281,260.80242919921875,3710.0
84,19,0.0,0.0,0.0
84,20,0.0,0.0,0.0
84,21,93.05821990966795,344.9637145996094,2233.0
84,22,0.0,0.0,0.0
84,23,29.59407615661621,391.8477783203125,3646.0
84,24,0.0,0.0,0.0
84,25,0.0,0.0,0.0
84,26,0.0,0.0,0.0
84,27,294.94287109375,60.09452819824219,3290.0
84,28,366.6814270019531,56.59627532958984,3277.0
84,29,202.8066253662109,135.57301330566406,1267.0
84,30,321.73150634765625,95.05927276611328,1974.0
84,31,302.0084228515625,142.35275268554688,3090.0
84,32,150.2755584716797,149.05360412597656,3992.0
84,33,0.0,0.0,0.0
84,34,55.68275451660156,166.71954345703125,2528.0
84,35,453.3528747558594,159.26760864257812,4843.0
84,36,34.434024810791016,223.52029418945312,3721.0
84,37,363.4478759765625,194.0873870849609,3673.0
84,38,256.38067626953125,285.023681640625,3675.0
84,39,61.804595947265625,302.9064025878906,4135.0
84,40,0.0,0.0,0.0
84,41,126.42950439453124,308.9891357421875,3681.0
84,42,211.4039001464844,321.00347900390625,2872.0
84,43,144.76199340820312,374.2763366699219,3626.0
84,44,79.44660949707031,395.023193359375,2416.0
84,45,18.52197265625,461.3603210449219,2617.0
84,46,57.5131721496582,448.4378356933594,1898.0
84,47,253.07980346679688,118.18303680419922,4398.0
84,48,159.6536865234375,188.43739318847656,1669.0
84,49,336.8765869140625,164.60739135742188,2463.0
84,50,252.615234375,196.5203094482422,3571.0
84,51,85.53520965576172,213.4117889404297,4019.0
84,52,166.7896728515625,226.1468505859375,2615.0
84,53,123.1032485961914,246.5030975341797,4029.0
84,54,410.8372802734375,288.1212463378906,3159.0
84,55,304.7995910644531,314.1265869140625,2520.0
84,56,170.64407348632812,307.9583435058594,2065.0
84,57,366.9337158203125,308.3051147460937,2504.0
84,58,208.7223358154297,375.07525634765625,3641.0
84,59,0.0,0.0,0.0
84,60,104.73548126220705,433.1554870605469,2669.0
84,61,0.0,0.0,0.0
84,62,262.0722351074219,344.1505126953125,2146.0
84,63,464.888671875,323.321044921875,3800.0
84,64,332.6364440917969,345.9342041015625,2492.0
84,65,219.53712463378903,434.405517578125,3435.0
84,66,0.0,0.0,0.0
84,67,136.21630859375,477.310302734375,3606.0
84,68,293.1500244140625,453.85980224609375,4586.0
84,69,0.0,0.0,0.0
84,70,490.7829895019531,366.5813293457031,2797.0
84,71,0.0,0.0,0.0
84,72,0.0,0.0,0.0
84,73,403.6491394042969,361.0721130371094,4603.0
84,74,341.2230529785156,392.62493896484375,3322.0
84,75,446.2882690429688,401.7319946289063,3261.0
84,76,371.5276184082031,437.8723449707031,4073.0
84,77,0.0,0.0,0.0
84,78,0.0,0.0,0.0
84,79,0.0,0.0,0.0
84,80,0.0,0.0,0.0
84,81,416.4907531738281,450.7270812988281,2433.0
84,82,0.0,0.0,0.0
84,83,328.4919128417969,493.8001098632813,1606.0
84,84,0.0,0.0,0.0
84,85,385.0723571777344,121.31200408935548,5141.0
84,86,0.0,0.0,0.0
84,87,502.1094665527344,221.7009735107422,612.0
84,88,0.0,0.0,0.0
84,89,464.20904541015625,475.6421508789063,2789.0
84,90,0.0,0.0,0.0
84,91,0.0,0.0,0.0
84,92,0.0,0.0,0.0
84,93,472.3451843261719,260.32427978515625,5458.0
84,94,0.0,0.0,0.0
84,95,0.0,0.0,0.0
84,96,0.0,0.0,0.0
84,97,0.0,0.0,0.0
84,98,161.8863983154297,423.436767578125,3116.0
84,99,280.0384521484375,396.7088928222656,4318.0
84,100,255.64077758789065,491.59222412109375,3193.0
84,101,0.0,0.0,0.0
84,102,0.0,0.0,0.0
84,103,380.2466125488281,493.5299682617188,2068.0
84,104,0.0,0.0,0.0
84,105,0.0,0.0,0.0
84,106,0.0,0.0,0.0
84,107,0.0,0.0,0.0
84,108,0.0,0.0,0.0
84,109,0.0,0.0,0.0
84,110,494.9255676269531,48.43681335449219,1733.0
84,111,0.0,0.0,0.0
84,112,0.0,0.0,0.0
84,113,0.0,0.0,0.0
84,114,0.0,0.0,0.0
84,115,0.0,0.0,0.0
84,116,0.0,0.0,0.0
84,117,468.0435180664063,101.20108795166016,4779.0
84,118,490.2384033203125,434.5810546875,2609.0
84,119,0.0,0.0,0.0
84,120,0.0,0.0,0.0
84,121,0.0,0.0,0.0
84,122,0.0,0.0,0.0
84,123,0.0,0.0,0.0
84,124,0.0,0.0,0.0
84,125,209.8648223876953,180.4165496826172,2900.0
84,126,0.0,0.0,0.0
84,127,0.0,0.0,0.0
84,128,0.0,0.0,0.0
84,129,0.0,0.0,0.0
84,130,68.4776840209961,490.6192626953125,3383.0
84,131,454.8463134765625,20.91210556030273,3709.0
84,132,0.0,0.0,0.0
84,133,0.0,0.0,0.0
84,134,0.0,0.0,0.0
84,135,0.0,0.0,0.0
84,136,16.215044021606445,291.0473327636719,2260.0
84,137,94.5164031982422,97.8644790649414,2804.0
84,138,200.66542053222656,15.032837867736816,1614.0
84,139,256.2275390625,22.09830665588379,2716.0
84,140,318.0882263183594,15.965274810791016,2131.0
84,141,384.603515625,16.87120819091797,2275.0
84,142,428.6351318359375,493.1535949707031,1491.0
84,143,177.9392852783203,502.8575134277344,1186.0
84,144,0.0,0.0,0.0
84,145,0.0,0.0,0.0
84,146,0.0,0.0,0.0
84,147,0.0,0.0,0.0
84,148,0.0,0.0,0.0
84,149,0.0,0.0,0.0
84,150,0.0,0.0,0.0
84,151,0.0,0.0,0.0
84,152,153.90179443359375,73.50788116455078,2729.0
84,153,0.0,0.0,0.0
84,154,0.0,0.0,0.0
84,155,498.9405517578125,491.2147521972656,1043.0
84,156,11.007434844970703,343.8280639648437,1076.0
84,157,0.0,0.0,0.0
84,158,0.0,0.0,0.0
84,159,0.0,0.0,0.0
84,160,0.0,0.0,0.0
84,161,0.0,0.0,0.0
84,162,0.0,0.0,0.0
84,163,143.98065185546875,112.1391143798828,2480.0
84,164,0.0,0.0,0.0
84,165,0.0,0.0,0.0
84,166,0.0,0.0,0.0
84,167,0.0,0.0,0.0
84,168,95.64115142822266,29.92034912109375,3553.0
84,169,0.0,0.0,0.0
84,170,0.0,0.0,0.0
84,171,0.0,0.0,0.0
84,172,0.0,0.0,0.0
84,173,0.0,0.0,0.0
84,174,441.9603271484375,61.302154541015625,2042.0
84,175,0.0,0.0,0.0
84,176,57.67124557495117,71.65644836425781,1892.0
84,177,6.076233386993408,219.5919342041016,892.0
84,178,201.71414184570312,48.19228744506836,1945.0
84,179,0.0,0.0,0.0
84,180,0.0,0.0,0.0
84,181,9.474912643432615,19.841306686401367,857.0
84,182,0.0,0.0,0.0
84,183,8.705784797668457,61.97355270385742,605.0
84,184,243.03868103027344,60.94475173950195,905.0
84,185,0.0,0.0,0.0
84,186,38.39606475830078,347.7945861816406,813.0
84,187,0.0,0.0,0.0
84,188,0.0,0.0,0.0
84,189,0.0,0.0,0.0
84,190,0.0,0.0,0.0
84,191,0.0,0.0,0.0
84,192,0.0,0.0,0.0
84,193,0.0,0.0,0.0
84,194,0.0,0.0,0.0
84,195,0.0,0.0,0.0
84,196,0.0,0.0,0.0
84,197,0.0,0.0,0.0
84,198,0.0,0.0,0.0
84,199,0.0,0.0,0.0
84,200,0.0,0.0,0.0
85,0,44.08729553222656,38.99610137939453,2566.0
85,1,0.0,0.0,0.0
85,2,148.39524841308594,23.67683219909668,2525.0
85,3,0.0,0.0,0.0
85,4,0.0,0.0,0.0
85,5,216.69305419921875,86.59598541259766,1844.0
85,6,0.0,0.0,0.0
85,7,0.0,0.0,0.0
85,8,0.0,0.0,0.0
85,9,0.0,0.0,0.0
85,10,48.73671340942383,120.7780532836914,4064.0
85,11,0.0,0.0,0.0
85,12,13.448774337768556,150.86863708496094,1591.0
85,13,434.7281799316406,210.55758666992188,2796.0
85,14,493.5305786132813,185.1724548339844,1815.0
85,15,289.40740966796875,223.56629943847656,3424.0
85,16,207.4747314453125,256.6800537109375,3463.0
85,17,388.2890319824219,240.59176635742188,3062.0
85,18,328.83416748046875,260.03240966796875,3980.0
85,19,0.0,0.0,0.0
85,20,0.0,0.0,0.0
85,21,92.21292114257812,345.74432373046875,2245.0
85,22,0.0,0.0,0.0
85,23,32.02201843261719,384.0132141113281,4769.0
85,24,0.0,0.0,0.0
85,25,0.0,0.0,0.0
85,26,0.0,0.0,0.0
85,27,295.27618408203125,60.73922348022461,3248.0
85,28,367.9607849121094,57.89739608764648,3265.0
85,29,208.26663208007807,132.19700622558594,1939.0
85,30,342.51025390625,99.80349731445312,3949.0
85,31,303.74517822265625,143.25765991210938,2806.0
85,32,148.3730926513672,151.01707458496094,3806.0
85,33,0.0,0.0,0.0
85,34,58.16497802734375,167.38619995117188,2667.0
85,35,455.4723205566406,159.08132934570312,5041.0
85,36,35.553348541259766,222.43817138671875,3777.0
85,37,363.6988220214844,194.2431488037109,3722.0
85,38,257.0943908691406,284.6727905273437,3655.0
85,39,61.23952865600586,302.1322631835937,4083.0
85,40,0.0,0.0,0.0
85,41,126.10283660888672,308.4242248535156,3734.0
85,42,212.08328247070312,321.0103759765625,2894.0
85,43,146.21351623535156,373.4853515625,3789.0
85,44,81.3926773071289,394.4328918457031,2213.0
85,45,17.71792221069336,463.9494323730469,2868.0
85,46,56.80941009521485,447.9011840820313,1700.0
85,47,259.0112609863281,119.5518035888672,3909.0
85,48,159.49046325683594,188.6363677978516,1782.0
85,49,340.1962890625,162.7481231689453,2537.0
85,50,255.09991455078125,195.83724975585932,3613.0
85,51,86.25352478027344,217.95594787597656,3905.0
85,52,165.95831298828125,227.0202789306641,2663.0
85,53,124.96224975585938,247.90875244140625,3682.0
85,54,412.0185852050781,287.6539611816406,3176.0
85,55,305.5248107910156,313.4707336425781,2460.0
85,56,171.3180694580078,307.7508544921875,2031.0
85,57,368.5331115722656,308.8721618652344,2566.0
85,58,209.6031494140625,374.8551025390625,3437.0
85,59,0.0,0.0,0.0
85,60,104.06375885009766,433.7667846679688,2933.0
85,61,0.0,0.0,0.0
85,62,262.61376953125,344.30126953125,2224.0
85,63,465.2911376953125,322.7562561035156,3799.0
85,64,332.5592346191406,345.8490295410156,2557.0
85,65,222.2617645263672,435.3140258789063,3675.0
85,66,0.0,0.0,0.0
85,67,137.57614135742188,477.6441650390625,3513.0
85,68,297.5730285644531,454.254150390625,4218.0
85,69,0.0,0.0,0.0
85,70,490.8466491699219,366.7016296386719,2765.0
85,71,0.0,0.0,0.0
85,72,0.0,0.0,0.0
85,73,403.6325378417969,360.9586791992188,4406.0
85,74,342.12127685546875,392.7948913574219,3364.0
85,75,445.4803771972656,399.4352416992188,3235.0
85,76,371.8210144042969,438.3552551269531,4028.0
85,77,0.0,0.0,0.0
85,78,0.0,0.0,0.0
85,79,0.0,0.0,0.0
85,80,0.0,0.0,0.0
85,81,417.2977600097656,449.85784912109375,2455.0
85,82,0.0,0.0,0.0
85,83,328.0333251953125,494.0882263183594,1530.0
85,84,0.0,0.0,0.0
85,85,399.5135192871094,130.71432495117188,3147.0
85,86,0.0,0.0,0.0
85,87,0.0,0.0,0.0
85,88,0.0,0.0,0.0
85,89,463.8699645996094,475.0007019042969,2899.0
85,90,0.0,0.0,0.0
85,91,0.0,0.0,0.0
85,92,0.0,0.0,0.0
85,93,475.1554260253906,256.1277770996094,5932.0
85,94,0.0,0.0,0.0
85,95,0.0,0.0,0.0
85,96,0.0,0.0,0.0
85,97,0.0,0.0,0.0
85,98,162.541259765625,423.1716613769531,3163.0
85,99,280.0728454589844,397.3516845703125,4393.0
85,100,255.34298706054688,491.3583984375,3245.0
85,101,0.0,0.0,0.0
85,102,0.0,0.0,0.0
85,103,379.698486328125,493.2905578613281,2096.0
85,104,0.0,0.0,0.0
85,105,0.0,0.0,0.0
85,106,0.0,0.0,0.0
85,107,0.0,0.0,0.0
85,108,0.0,0.0,0.0
85,109,0.0,0.0,0.0
85,110,496.3395385742188,49.09767532348633,1505.0
85,111,0.0,0.0,0.0
85,112,0.0,0.0,0.0
85,113,0.0,0.0,0.0
85,114,0.0,0.0,0.0
85,115,0.0,0.0,0.0
85,116,0.0,0.0,0.0
85,117,468.552490234375,100.85646057128906,4619.0
85,118,490.2299499511719,433.4925231933594,2605.0
85,119,0.0,0.0,0.0
85,120,0.0,0.0,0.0
85,121,0.0,0.0,0.0
85,122,0.0,0.0,0.0
85,123,0.0,0.0,0.0
85,124,0.0,0.0,0.0
85,125,210.5250244140625,182.9228973388672,2918.0
85,126,0.0,0.0,0.0
85,127,0.0,0.0,0.0
85,128,0.0,0.0,0.0
85,129,0.0,0.0,0.0
85,130,83.5,486.355712890625,2176.0
85,131,456.4737243652344,21.509885787963867,3844.0
85,132,0.0,0.0,0.0
85,133,0.0,0.0,0.0
85,134,0.0,0.0,0.0
85,135,0.0,0.0,0.0
85,136,16.156646728515625,290.1057434082031,2279.0
85,137,94.29566192626952,95.46792602539062,3274.0
85,138,200.71920776367188,15.998905181884766,1827.0
85,139,258.2239685058594,22.39320182800293,2795.0
85,140,321.32666015625,16.823930740356445,2198.0
85,141,386.6153564453125,16.808116912841797,2267.0
85,142,427.5967712402344,492.9770812988281,1483.0
85,143,176.9531707763672,502.7411804199219,1217.0
85,144,0.0,0.0,0.0
85,145,0.0,0.0,0.0
85,146,0.0,0.0,0.0
85,147,0.0,0.0,0.0
85,148,0.0,0.0,0.0
85,149,0.0,0.0,0.0
85,150,0.0,0.0,0.0
85,151,0.0,0.0,0.0
85,152,156.84933471679688,71.43458557128906,2469.0
85,153,0.0,0.0,0.0
85,154,0.0,0.0,0.0
85,155,498.7843933105469,490.8699035644531,1076.0
85,156,10.144698143005373,342.9851379394531,1009.0
85,157,0.0,0.0,0.0
85,158,0.0,0.0,0.0
85,159,0.0,0.0,0.0
85,160,0.0,0.0,0.0
85,161,0.0,0.0,0.0
85,162,0.0,0.0,0.0
85,163,146.10220336914062,110.1843032836914,3033.0
85,164,0.0,0.0,0.0
85,165,0.0,0.0,0.0
85,166,0.0,0.0,0.0
85,167,0.0,0.0,0.0
85,168,96.30386352539062,28.038055419921875,3416.0
85,169,0.0,0.0,0.0
85,170,0.0,0.0,0.0
85,171,0.0,0.0,0.0
85,172,0.0,0.0,0.0
85,173,0.0,0.0,0.0
85,174,434.0879821777344,66.79664611816406,2921.0
85,175,0.0,0.0,0.0
85,176,50.57206344604492,74.38636016845703,1804.0
85,177,6.222348690032959,221.5872344970703,877.0
85,178,202.738021850586,49.6997184753418,1775.0
85,179,0.0,0.0,0.0
85,180,0.0,0.0,0.0
85,181,8.52414608001709,22.84805679321289,849.0
85,182,0.0,0.0,0.0
85,183,8.630276679992676,68.56623077392578,687.0
85,184,243.77603149414065,60.21388626098633,893.0
85,185,0.0,0.0,0.0
85,186,0.0,0.0,0.0
85,187,44.0,475.0,1.0
85,188,32.32796859741211,7.11267614364624,497.0
85,189,44.46055603027344,497.0685119628906,1255.0
85,190,0.0,0.0,0.0
85,191,0.0,0.0,0.0
85,192,0.0,0.0,0.0
85,193,0.0,0.0,0.0
85,194,0.0,0.0,0.0
85,195,0.0,0.0,0.0
85,196,0.0,0.0,0.0
85,197,0.0,0.0,0.0
85,198,0.0,0.0,0.0
85,199,0.0,0.0,0.0
85,200,0.0,0.0,0.0
86,0,47.093109130859375,41.126930236816406,2395.0
86,1,0.0,0.0,0.0
86,2,150.85499572753906,23.27044105529785,2862.0
86,3,0.0,0.0,0.0
86,4,0.0,0.0,0.0
86,5,223.634033203125,86.22199249267578,1910.0
86,6,0.0,0.0,0.0
86,7,0.0,0.0,0.0
86,8,0.0,0.0,0.0
86,9,0.0,0.0,0.0
86,10,49.76828384399414,120.89934539794922,3815.0
86,11,0.0,0.0,0.0
86,12,13.157054901123049,148.82945251464844,1630.0
86,13,436.5038146972656,210.86045837402344,2759.0
86,14,495.0153503417969,185.47039794921875,1824.0
86,15,289.37322998046875,223.717025756836,3435.0
86,16,208.5069732666016,256.715087890625,3373.0
86,17,389.2575988769531,239.3334503173828,2795.0
86,18,329.9658203125,259.559814453125,4271.0
86,19,0.0,0.0,0.0
86,20,0.0,0.0,0.0
86,21,94.5879364013672,347.4093017578125,2172.0
86,22,0.0,0.0,0.0
86,23,35.9332389831543,387.6001281738281,5587.0
86,24,0.0,0.0,0.0
86,25,0.0,0.0,0.0
86,26,0.0,0.0,0.0
86,27,296.9736022949219,61.16613006591797,3106.0
86,28,368.5189208984375,58.13430404663086,3224.0
86,29,205.6576232910156,135.09237670898438,2176.0
86,30,347.6086730957031,102.88265228271484,4559.0
86,31,308.3958435058594,144.8793487548828,2213.0
86,32,146.95721435546875,152.73318481445312,3553.0
86,33,0.0,0.0,0.0
86,34,63.65442657470703,168.31369018554688,3105.0
86,35,451.186767578125,161.8265380859375,4514.0
86,36,35.142303466796875,221.88072204589844,3865.0
86,37,364.73248291015625,194.35194396972656,3708.0
86,38,257.0491027832031,285.2318420410156,3563.0
86,39,61.00474166870117,303.737548828125,4218.0
86,40,0.0,0.0,0.0
86,41,126.15377044677734,309.38134765625,3902.0
86,42,212.6602783203125,321.080810546875,2920.0
86,43,146.7642364501953,374.8378601074219,3707.0
86,44,89.78622436523438,389.3508605957031,1408.0
86,45,17.24350929260254,467.7122497558594,2735.0
86,46,55.02330780029297,449.042724609375,1802.0
86,47,261.780029296875,123.2167510986328,4369.0
86,48,160.2471923828125,189.48150634765625,1865.0
86,49,342.2600402832031,162.22763061523438,2592.0
86,50,257.1336669921875,195.4869384765625,3561.0
86,51,88.9234619140625,221.36170959472656,4194.0
86,52,165.74610900878906,228.65628051757807,2694.0
86,53,126.77183532714844,254.66456604003903,3011.0
86,54,413.2447204589844,286.8014831542969,3269.0
86,55,306.12567138671875,313.4193420410156,2411.0
86,56,171.7112274169922,307.5634460449219,2057.0
86,57,369.8338317871094,308.7486572265625,2630.0
86,58,209.41085815429688,375.5234069824219,3483.0
86,59,0.0,0.0,0.0
86,60,102.17579650878906,434.90380859375,3140.0
86,61,0.0,0.0,0.0
86,62,263.35845947265625,344.6014099121094,2268.0
86,63,466.914794921875,321.3801574707031,3509.0
86,64,332.7456970214844,346.1063537597656,2623.0
86,65,223.25833129882807,435.4229736328125,3693.0
86,66,0.0,0.0,0.0
86,67,138.59603881835938,476.8966979980469,3233.0
86,68,298.1484069824219,454.3445434570313,4043.0
86,69,0.0,0.0,0.0
86,70,491.0294799804688,366.61767578125,2749.0
86,71,0.0,0.0,0.0
86,72,0.0,0.0,0.0
86,73,406.3357849121094,360.0830383300781,4601.0
86,74,342.7409973144531,392.7214660644531,3328.0
86,75,445.39788818359375,399.1984558105469,3119.0
86,76,371.8724060058594,438.5964660644531,4146.0
86,77,0.0,0.0,0.0
86,78,0.0,0.0,0.0
86,79,0.0,0.0,0.0
86,80,0.0,0.0,0.0
86,81,417.7092590332031,449.40234375,2473.0
86,82,0.0,0.0,0.0
86,83,328.503662109375,493.5169982910156,1499.0
86,84,0.0,0.0,0.0
86,85,406.0278625488281,134.82681274414062,2477.0
86,86,0.0,0.0,0.0
86,87,0.0,0.0,0.0
86,88,0.0,0.0,0.0
86,89,464.08929443359375,474.1270751953125,2833.0
86,90,0.0,0.0,0.0
86,91,0.0,0.0,0.0
86,92,0.0,0.0,0.0
86,93,475.0288391113281,256.2962341308594,5793.0
86,94,0.0,0.0,0.0
86,95,0.0,0.0,0.0
86,96,0.0,0.0,0.0
86,97,0.0,0.0,0.0
86,98,162.51907348632812,424.1535339355469,3146.0
86,99,280.4482116699219,398.2537231445313,4422.0
86,100,256.3978881835937,491.5238952636719,3325.0
86,101,0.0,0.0,0.0
86,102,0.0,0.0,0.0
86,103,380.1925354003906,493.6741638183594,2093.0
86,104,0.0,0.0,0.0
86,105,0.0,0.0,0.0
86,106,0.0,0.0,0.0
86,107,0.0,0.0,0.0
86,108,0.0,0.0,0.0
86,109,0.0,0.0,0.0
86,110,496.29736328125,47.107948303222656,1510.0
86,111,0.0,0.0,0.0
86,112,0.0,0.0,0.0
86,113,0.0,0.0,0.0
86,114,0.0,0.0,0.0
86,115,0.0,0.0,0.0
86,116,0.0,0.0,0.0
86,117,471.4212646484375,100.80370330810548,4432.0
86,118,490.2409362792969,432.24560546875,2561.0
86,119,0.0,0.0,0.0
86,120,0.0,0.0,0.0
86,121,0.0,0.0,0.0
86,122,0.0,0.0,0.0
86,123,0.0,0.0,0.0
86,124,0.0,0.0,0.0
86,125,211.90896606445312,185.64566040039065,2856.0
86,126,0.0,0.0,0.0
86,127,0.0,0.0,0.0
86,128,0.0,0.0,0.0
86,129,0.0,0.0,0.0
86,130,66.69100189208984,489.255126953125,2822.0
86,131,457.2509460449219,21.714284896850582,3710.0
86,132,0.0,0.0,0.0
86,133,0.0,0.0,0.0
86,134,0.0,0.0,0.0
86,135,0.0,0.0,0.0
86,136,15.923626899719238,289.9178161621094,2239.0
86,137,93.73331451416016,98.78390502929688,3281.0
86,138,204.802490234375,16.98817253112793,1691.0
86,139,260.4577941894531,23.227537155151367,2927.0
86,140,323.150634765625,16.96520233154297,2184.0
86,141,388.2105407714844,16.85750961303711,2337.0
86,142,428.0239562988281,492.40185546875,1503.0
86,143,176.5604705810547,502.0376586914063,1381.0
86,144,0.0,0.0,0.0
86,145,0.0,0.0,0.0
86,146,0.0,0.0,0.0
86,147,0.0,0.0,0.0
86,148,0.0,0.0,0.0
86,149,0.0,0.0,0.0
86,150,0.0,0.0,0.0
86,151,0.0,0.0,0.0
86,152,158.49253845214844,70.71405792236328,2546.0
86,153,0.0,0.0,0.0
86,154,0.0,0.0,0.0
86,155,498.0110168457031,490.4754333496094,1180.0
86,156,9.79450798034668,344.3238525390625,1056.0
86,157,0.0,0.0,0.0
86,158,0.0,0.0,0.0
86,159,0.0,0.0,0.0
86,160,0.0,0.0,0.0
86,161,0.0,0.0,0.0
86,162,0.0,0.0,0.0
86,163,147.7190399169922,108.51329803466795,3271.0
86,164,0.0,0.0,0.0
86,165,0.0,0.0,0.0
86,166,0.0,0.0,0.0
86,167,0.0,0.0,0.0
86,168,95.11104583740234,28.33254814147949,3395.0
86,169,0.0,0.0,0.0
86,170,0.0,0.0,0.0
86,171,0.0,0.0,0.0
86,172,0.0,0.0,0.0
86,173,0.0,0.0,0.0
86,174,431.4864501953125,69.9177474975586,3246.0
86,175,0.0,0.0,0.0
86,176,49.76852035522461,74.75740814208984,1620.0
86,177,5.819530487060547,220.88504028320312,809.0
86,178,206.11489868164065,50.88563537597656,1845.0
86,179,0.0,0.0,0.0
86,180,0.0,0.0,0.0
86,181,9.512896537780762,25.415674209594727,1008.0
86,182,0.0,0.0,0.0
86,183,9.225686073303224,71.97381591796875,802.0
86,184,246.71316528320312,60.67499923706055,760.0
86,185,186.0,207.0,1.0
86,186,0.0,0.0,0.0
86,187,0.0,0.0,0.0
86,188,34.543914794921875,8.25269603729248,649.0
86,189,0.0,0.0,0.0
86,190,502.6461486816406,140.1802215576172,455.0
86,191,99.80555725097656,504.1031799316406,504.0
86,192,0.0,0.0,0.0
86,193,0.0,0.0,0.0
86,194,0.0,0.0,0.0
86,195,0.0,0.0,0.0
86,196,0.0,0.0,0.0
86,197,0.0,0.0,0.0
86,198,0.0,0.0,0.0
86,199,0.0,0.0,0.0
86,200,0.0,0.0,0.0
87,0,46.75977325439453,41.82102584838867,2302.0
87,1,0.0,0.0,0.0
87,2,153.7738037109375,22.59331703186035,2604.0
87,3,0.0,0.0,0.0
87,4,0.0,0.0,0.0
87,5,229.1967315673828,87.18042755126953,1962.0
87,6,0.0,0.0,0.0
87,7,0.0,0.0,0.0
87,8,0.0,0.0,0.0
87,9,0.0,0.0,0.0
87,10,50.74736404418945,121.52391815185548,4077.0
87,11,0.0,0.0,0.0
87,12,14.16047477722168,144.46719360351562,1265.0
87,13,439.6924133300781,211.9866180419922,2913.0
87,14,497.0786743164063,183.5663604736328,1665.0
87,15,289.7242736816406,223.4435272216797,3409.0
87,16,208.7420196533203,256.39312744140625,3322.0
87,17,390.2946472167969,239.00564575195312,2834.0
87,18,329.647216796875,259.47906494140625,4300.0
87,19,0.0,0.0,0.0
87,20,0.0,0.0,0.0
87,21,94.3302764892578,348.8688049316406,2180.0
87,22,0.0,0.0,0.0
87,23,0.0,0.0,0.0
87,24,0.0,0.0,0.0
87,25,0.0,0.0,0.0
87,26,0.0,0.0,0.0
87,27,304.2493896484375,59.43854904174805,3637.0
87,28,374.4845581054688,61.48811721801758,2819.0
87,29,207.5240936279297,132.4569549560547,2532.0
87,30,347.9552917480469,102.63318634033205,4430.0
87,31,312.730712890625,144.25827026367188,2176.0
87,32,147.1692352294922,152.94717407226562,3445.0
87,33,0.0,0.0,0.0
87,34,63.059608459472656,169.32598876953125,3221.0
87,35,451.9009704589844,163.75357055664062,4484.0
87,36,29.92765617370605,220.9169769287109,4216.0
87,37,364.9312133789063,194.1433868408203,3794.0
87,38,257.5542297363281,285.1047058105469,3495.0
87,39,60.58683013916016,302.6587219238281,4146.0
87,40,0.0,0.0,0.0
87,41,124.7016372680664,308.84326171875,4032.0
87,42,213.5074462890625,320.967529296875,2956.0
87,43,146.32797241210938,374.0597229003906,3482.0
87,44,89.75875091552734,389.3305969238281,1343.0
87,45,17.575124740600586,469.364990234375,2822.0
87,46,55.17680740356445,448.8886413574219,1742.0
87,47,264.6830139160156,126.212646484375,4016.0
87,48,161.7283477783203,189.9176483154297,1870.0
87,49,344.3880920410156,161.6725311279297,2556.0
87,50,258.36944580078125,195.3940277099609,3619.0
87,51,88.31380462646484,220.96466064453125,4216.0
87,52,165.92481994628906,229.6683959960937,2687.0
87,53,126.03399658203124,253.8241271972656,3059.0
87,54,413.5597839355469,285.8268737792969,3362.0
87,55,307.24957275390625,313.612548828125,2372.0
87,56,171.6744384765625,308.2930908203125,2187.0
87,57,371.6954650878906,308.7833251953125,2663.0
87,58,209.3296356201172,375.3486022949219,3428.0
87,59,0.0,0.0,0.0
87,60,102.48458862304688,435.4739074707031,3277.0
87,61,0.0,0.0,0.0
87,62,264.59228515625,344.3767395019531,2357.0
87,63,467.9567260742188,321.3271484375,3442.0
87,64,335.0792541503906,346.0212097167969,2688.0
87,65,223.7595977783203,436.45501708984375,3723.0
87,66,0.0,0.0,0.0
87,67,139.34893798828125,476.2460632324219,3247.0
87,68,298.891845703125,454.867919921875,3967.0
87,69,0.0,0.0,0.0
87,70,491.6488342285156,367.3076477050781,2711.0
87,71,0.0,0.0,0.0
87,72,0.0,0.0,0.0
87,73,408.1226196289063,359.892578125,4534.0
87,74,343.6419982910156,392.9536743164063,3282.0
87,75,444.71527099609375,398.3255004882813,3017.0
87,76,370.9944458007813,439.2240295410156,4147.0
87,77,0.0,0.0,0.0
87,78,0.0,0.0,0.0
87,79,0.0,0.0,0.0
87,80,0.0,0.0,0.0
87,81,417.1378173828125,448.9295349121094,2583.0
87,82,0.0,0.0,0.0
87,83,327.7048645019531,493.93597412109375,1484.0
87,84,0.0,0.0,0.0
87,85,407.886474609375,134.47061157226562,2484.0
87,86,0.0,0.0,0.0
87,87,0.0,0.0,0.0
87,88,0.0,0.0,0.0
87,89,463.4326171875,473.1771545410156,2975.0
87,90,0.0,0.0,0.0
87,91,0.0,0.0,0.0
87,92,0.0,0.0,0.0
87,93,476.6299743652344,257.3825378417969,5513.0
87,94,0.0,0.0,0.0
87,95,0.0,0.0,0.0
87,96,0.0,0.0,0.0
87,97,0.0,0.0,0.0
87,98,162.91317749023438,421.4664001464844,3317.0
87,99,280.3797912597656,398.349609375,4571.0
87,100,255.22491455078125,491.96380615234375,3259.0
87,101,0.0,0.0,0.0
87,102,0.0,0.0,0.0
87,103,380.6059265136719,494.0908508300781,2091.0
87,104,0.0,0.0,0.0
87,105,0.0,0.0,0.0
87,106,0.0,0.0,0.0
87,107,0.0,0.0,0.0
87,108,0.0,0.0,0.0
87,109,0.0,0.0,0.0
87,110,496.94525146484375,49.144229888916016,1352.0
87,111,0.0,0.0,0.0
87,112,0.0,0.0,0.0
87,113,0.0,0.0,0.0
87,114,0.0,0.0,0.0
87,115,0.0,0.0,0.0
87,116,0.0,0.0,0.0
87,117,473.0138244628906,102.3410415649414,4410.0
87,118,490.316162109375,430.9556274414063,2502.0
87,119,0.0,0.0,0.0
87,120,0.0,0.0,0.0
87,121,0.0,0.0,0.0
87,122,0.0,0.0,0.0
87,123,0.0,0.0,0.0
87,124,0.0,0.0,0.0
87,125,212.61349487304688,185.9584808349609,2890.0
87,126,0.0,0.0,0.0
87,127,0.0,0.0,0.0
87,128,0.0,0.0,0.0
87,129,0.0,0.0,0.0
87,130,68.37268829345703,490.0911560058594,2863.0
87,131,458.6645812988281,21.910295486450195,3846.0
87,132,0.0,0.0,0.0
87,133,0.0,0.0,0.0
87,134,0.0,0.0,0.0
87,135,0.0,0.0,0.0
87,136,16.032495498657227,289.27685546875,2308.0
87,137,93.9342803955078,98.12889862060548,3530.0
87,138,206.6695556640625,17.04555892944336,1734.0
87,139,262.50396728515625,22.774316787719727,2889.0
87,140,325.708984375,17.238313674926758,2182.0
87,141,388.4317626953125,16.886266708374023,2330.0
87,142,427.7764587402344,491.8577575683594,1427.0
87,143,172.24755859375,501.5426635742188,1430.0
87,144,0.0,0.0,0.0
87,145,0.0,0.0,0.0
87,146,0.0,0.0,0.0
87,147,0.0,0.0,0.0
87,148,0.0,0.0,0.0
87,149,0.0,0.0,0.0
87,150,0.0,0.0,0.0
87,151,0.0,0.0,0.0
87,152,159.96881103515625,70.9106216430664,2853.0
87,153,0.0,0.0,0.0
87,154,0.0,0.0,0.0
87,155,497.6589660644531,489.5442199707031,1255.0
87,156,9.3865385055542,345.9730834960937,1040.0
87,157,0.0,0.0,0.0
87,158,0.0,0.0,0.0
87,159,0.0,0.0,0.0
87,160,0.0,0.0,0.0
87,161,0.0,0.0,0.0
87,162,0.0,0.0,0.0
87,163,146.6969451904297,107.1025390625,3072.0
87,164,0.0,0.0,0.0
87,165,0.0,0.0,0.0
87,166,0.0,0.0,0.0
87,167,33.041255950927734,402.3989868164063,3757.0
87,168,95.83758544921876,26.95493125915528,3528.0
87,169,0.0,0.0,0.0
87,170,0.0,0.0,0.0
87,171,0.0,0.0,0.0
87,172,0.0,0.0,0.0
87,173,0.0,0.0,0.0
87,174,433.9754638671875,70.61925506591797,3262.0
87,175,0.0,0.0,0.0
87,176,45.0815544128418,74.53889465332031,1594.0
87,177,0.0,0.0,0.0
87,178,218.9175262451172,54.05644989013672,2728.0
87,179,0.0,0.0,0.0
87,180,0.0,0.0,0.0
87,181,9.490856170654297,26.2666015625,1039.0
87,182,0.0,0.0,0.0
87,183,7.511886119842529,72.55150604248047,631.0
87,184,0.0,0.0,0.0
87,185,0.0,0.0,0.0
87,186,0.0,0.0,0.0
87,187,0.0,0.0,0.0
87,188,33.935142517089844,8.986425399780273,663.0
87,189,0.0,0.0,0.0
87,190,502.6155700683594,139.5200958251953,398.0
87,191,105.12345886230467,504.70062255859375,324.0
87,192,7.554545402526855,169.9545440673828,110.0
87,193,3.633898258209229,200.9322052001953,295.0
87,194,41.54170989990234,356.9989624023437,1942.0
87,195,0.0,0.0,0.0
87,196,0.0,0.0,0.0
87,197,0.0,0.0,0.0
87,198,0.0,0.0,0.0
87,199,0.0,0.0,0.0
87,200,0.0,0.0,0.0
88,0,47.03389739990234,42.07438659667969,2124.0
88,1,0.0,0.0,0.0
88,2,154.02740478515625,23.00973320007324,2774.0
88,3,0.0,0.0,0.0
88,4,0.0,0.0,0.0
88,5,233.27281188964844,88.45199584960938,2104.0
88,6,0.0,0.0,0.0
88,7,0.0,0.0,0.0
88,8,0.0,0.0,0.0
88,9,0.0,0.0,0.0
88,10,48.45075225830078,119.80067443847656,3858.0
88,11,0.0,0.0,0.0
88,12,13.067397117614746,144.6781768798828,1187.0
88,13,440.4521789550781,212.59136962890625,2802.0
88,14,496.3910217285156,183.25161743164065,1693.0
88,15,290.0360412597656,223.2319793701172,3440.0
88,16,208.8483428955078,256.86358642578125,3277.0
88,17,392.4200439453125,238.74020385742188,2883.0
88,18,329.5040588378906,259.3072204589844,4430.0
88,19,0.0,0.0,0.0
88,20,0.0,0.0,0.0
88,21,94.81461334228516,349.4187316894531,2190.0
88,22,0.0,0.0,0.0
88,23,0.0,0.0,0.0
88,24,0.0,0.0,0.0
88,25,0.0,0.0,0.0
88,26,0.0,0.0,0.0
88,27,304.0741882324219,60.61389923095703,3626.0
88,28,375.9993286132813,61.1899642944336,2969.0
88,29,206.3707733154297,135.29345703125,2600.0
88,30,350.7808837890625,103.26126861572266,4459.0
88,31,314.49267578125,144.8681182861328,1979.0
88,32,147.81422424316406,152.15663146972656,3122.0
88,33,0.0,0.0,0.0
88,34,59.48088073730469,166.24562072753906,3086.0
88,35,450.9389953613281,164.9443817138672,4279.0
88,36,28.418590545654297,217.712890625,4723.0
88,37,365.671630859375,194.2749786376953,3764.0
88,38,257.70660400390625,285.4654541015625,3371.0
88,39,60.55228805541992,302.4571228027344,4150.0
88,40,0.0,0.0,0.0
88,41,124.53150177001952,308.3861389160156,4079.0
88,42,214.4550018310547,321.480224609375,3011.0
88,43,148.11595153808594,372.4162292480469,3217.0
88,44,89.11013793945312,388.4566040039063,1371.0
88,45,17.927396774291992,469.3175964355469,2796.0
88,46,54.33633804321289,449.1729431152344,1775.0
88,47,266.2781677246094,127.01866149902344,4073.0
88,48,161.1624298095703,189.33316040039065,1927.0
88,49,346.5128479003906,160.766357421875,2568.0
88,50,260.23748779296875,194.9258575439453,3655.0
88,51,93.4389877319336,221.21902465820312,5433.0
88,52,165.51422119140625,229.58181762695312,2707.0
88,53,133.3233184814453,257.945556640625,2131.0
88,54,415.4248046875,284.83135986328125,3404.0
88,55,308.2233581542969,313.45098876953125,2346.0
88,56,172.26431274414062,308.55615234375,2289.0
88,57,372.3669128417969,308.1957397460937,2769.0
88,58,209.0878753662109,375.6769714355469,3300.0
88,59,0.0,0.0,0.0
88,60,101.85440826416016,435.7527770996094,3345.0
88,61,0.0,0.0,0.0
88,62,265.7633361816406,345.3257751464844,2514.0
88,63,468.213623046875,320.30126953125,3286.0
88,64,335.6011657714844,346.50311279296875,2723.0
88,65,223.31153869628903,435.5945129394531,3746.0
88,66,0.0,0.0,0.0
88,67,138.9774169921875,476.0059509277344,3366.0
88,68,299.1402587890625,454.391845703125,3971.0
88,69,0.0,0.0,0.0
88,70,493.6899108886719,365.906494140625,2438.0
88,71,0.0,0.0,0.0
88,72,0.0,0.0,0.0
88,73,410.7054138183594,358.6323547363281,4518.0
88,74,345.49737548828125,392.9093933105469,3245.0
88,75,445.4806518554688,396.0882568359375,3206.0
88,76,371.0671081542969,439.3423156738281,4113.0
88,77,0.0,0.0,0.0
88,78,0.0,0.0,0.0
88,79,0.0,0.0,0.0
88,80,0.0,0.0,0.0
88,81,417.8718566894531,447.8803405761719,2591.0
88,82,0.0,0.0,0.0
88,83,327.624755859375,494.0642700195313,1447.0
88,84,0.0,0.0,0.0
88,85,410.3938293457031,135.53240966796875,2468.0
88,86,0.0,0.0,0.0
88,87,0.0,0.0,0.0
88,88,0.0,0.0,0.0
88,89,463.5118713378906,472.3635864257813,3075.0
88,90,0.0,0.0,0.0
88,91,0.0,0.0,0.0
88,92,0.0,0.0,0.0
88,93,478.330322265625,256.71368408203125,5225.0
88,94,0.0,0.0,0.0
88,95,0.0,0.0,0.0
88,96,0.0,0.0,0.0
88,97,0.0,0.0,0.0
88,98,159.33680725097656,419.270263671875,3456.0
88,99,280.86669921875,399.0821228027344,4554.0
88,100,256.4774169921875,491.9526977539063,3297.0
88,101,0.0,0.0,0.0
88,102,0.0,0.0,0.0
88,103,380.8219299316406,493.4754333496094,2179.0
88,104,0.0,0.0,0.0
88,105,0.0,0.0,0.0
88,106,0.0,0.0,0.0
88,107,0.0,0.0,0.0
88,108,0.0,0.0,0.0
88,109,0.0,0.0,0.0
88,110,498.8149719238281,48.88812255859375,1162.0
88,111,0.0,0.0,0.0
88,112,0.0,0.0,0.0
88,113,0.0,0.0,0.0
88,114,0.0,0.0,0.0
88,115,0.0,0.0,0.0
88,116,0.0,0.0,0.0
88,117,477.33251953125,103.091064453125,4030.0
88,118,490.6917114257813,429.6725158691406,2501.0
88,119,0.0,0.0,0.0
88,120,0.0,0.0,0.0
88,121,0.0,0.0,0.0
88,122,0.0,0.0,0.0
88,123,0.0,0.0,0.0
88,124,0.0,0.0,0.0
88,125,213.4308013916016,187.892807006836,2948.0
88,126,0.0,0.0,0.0
88,127,0.0,0.0,0.0
88,128,0.0,0.0,0.0
88,129,0.0,0.0,0.0
88,130,71.82657623291016,491.9805603027344,3033.0
88,131,460.7443542480469,22.665616989135746,3810.0
88,132,0.0,0.0,0.0
88,133,0.0,0.0,0.0
88,134,0.0,0.0,0.0
88,135,0.0,0.0,0.0
88,136,16.564481735229492,289.98687744140625,2365.0
88,137,93.92887878417967,109.05812072753906,2770.0
88,138,207.89503479003903,17.02825927734375,1734.0
88,139,264.0013122558594,23.43197631835937,3021.0
88,140,327.4661560058594,17.6873836517334,2156.0
88,141,390.9082336425781,16.838775634765625,2419.0
88,142,427.730712890625,491.8957214355469,1400.0
88,143,174.2860870361328,501.4947509765625,1524.0
88,144,0.0,0.0,0.0
88,145,0.0,0.0,0.0
88,146,0.0,0.0,0.0
88,147,0.0,0.0,0.0
88,148,0.0,0.0,0.0
88,149,0.0,0.0,0.0
88,150,0.0,0.0,0.0
88,151,0.0,0.0,0.0
88,152,160.07080078125,72.82315826416016,2867.0
88,153,0.0,0.0,0.0
88,154,0.0,0.0,0.0
88,155,497.5391845703125,489.4797973632813,1263.0
88,156,8.552083015441895,346.7802124023437,960.0
88,157,0.0,0.0,0.0
88,158,0.0,0.0,0.0
88,159,0.0,0.0,0.0
88,160,0.0,0.0,0.0
88,161,0.0,0.0,0.0
88,162,0.0,0.0,0.0
88,163,148.6746063232422,108.8877410888672,2895.0
88,164,0.0,0.0,0.0
88,165,0.0,0.0,0.0
88,166,0.0,0.0,0.0
88,167,32.852394104003906,401.8385620117188,3760.0
88,168,95.49332427978516,25.360740661621094,3296.0
88,169,0.0,0.0,0.0
88,170,0.0,0.0,0.0
88,171,0.0,0.0,0.0
88,172,0.0,0.0,0.0
88,173,0.0,0.0,0.0
88,174,436.8413391113281,72.91572570800781,3536.0
88,175,0.0,0.0,0.0
88,176,45.18801498413086,74.36663055419922,1702.0
88,177,0.0,0.0,0.0
88,178,217.9244079589844,54.78613662719727,2712.0
88,179,0.0,0.0,0.0
88,180,0.0,0.0,0.0
88,181,10.305160522460938,26.69661903381348,1124.0
88,182,0.0,0.0,0.0
88,183,7.266666889190674,72.32649230957031,585.0
88,184,0.0,0.0,0.0
88,185,0.0,0.0,0.0
88,186,0.0,0.0,0.0
88,187,0.0,0.0,0.0
88,188,35.920406341552734,8.918957710266113,691.0
88,189,0.0,0.0,0.0
88,190,501.4677734375,141.51351928710938,481.0
88,191,0.0,0.0,0.0
88,192,0.0,0.0,0.0
88,193,0.0,0.0,0.0
88,194,40.21739196777344,355.7757263183594,1886.0
88,195,100.19415283203124,66.22339630126953,1231.0
88,196,0.0,0.0,0.0
88,197,0.0,0.0,0.0
88,198,0.0,0.0,0.0
88,199,0.0,0.0,0.0
88,200,0.0,0.0,0.0
89,0,45.42878723144531,43.41268157958984,1987.0
89,1,0.0,0.0,0.0
89,2,155.124755859375,35.99199295043945,1499.0
89,3,0.0,0.0,0.0
89,4,0.0,0.0,0.0
89,5,235.3494110107422,88.99317932128906,2052.0
89,6,0.0,0.0,0.0
89,7,0.0,0.0,0.0
89,8,0.0,0.0,0.0
89,9,0.0,0.0,0.0
89,10,35.313018798828125,115.24080657958984,3019.0
89,11,0.0,0.0,0.0
89,12,11.318750381469728,143.08749389648438,640.0
89,13,440.4954223632813,212.39114379882807,2733.0
89,14,496.1807556152344,182.472885131836,1715.0
89,15,290.1889343261719,222.53330993652344,3377.0
89,16,208.6326904296875,257.138916015625,3218.0
89,17,394.4407043457031,238.5181884765625,2968.0
89,18,329.36883544921875,259.4421691894531,4582.0
89,19,0.0,0.0,0.0
89,20,0.0,0.0,0.0
89,21,96.93788146972656,350.1427001953125,1948.0
89,22,0.0,0.0,0.0
89,23,0.0,0.0,0.0
89,24,0.0,0.0,0.0
89,25,0.0,0.0,0.0
89,26,0.0,0.0,0.0
89,27,303.5420837402344,61.8641471862793,3732.0
89,28,377.44677734375,60.68916320800781,3082.0
89,29,206.8252868652344,135.34500122070312,2713.0
89,30,350.120849609375,103.6763153076172,4353.0
89,31,318.53863525390625,144.06869506835938,1747.0
89,32,148.7613067626953,152.65463256835938,3075.0
89,33,0.0,0.0,0.0
89,34,60.75118637084961,163.09523010253906,4421.0
89,35,456.63470458984375,163.93258666992188,4257.0
89,36,29.87363243103028,218.3389129638672,4479.0
89,37,366.6044616699219,194.29872131347656,3853.0
89,38,258.1722106933594,285.4007568359375,3426.0
89,39,60.20574951171875,302.7449951171875,4486.0
89,40,0.0,0.0,0.0
89,41,124.72764587402344,308.4746398925781,4182.0
89,42,215.8432159423828,321.6854553222656,3087.0
89,43,149.68031311035156,373.4719848632813,3053.0
89,44,88.1492919921875,386.78802490234375,1420.0
89,45,17.2579345703125,472.05072021484375,2741.0
89,46,51.653202056884766,444.3782653808594,1906.0
89,47,267.4280090332031,128.57949829101562,4000.0
89,48,162.17552185058594,190.1796875,1920.0
89,49,347.68145751953125,160.78610229492188,2590.0
89,50,261.7274169921875,193.89862060546875,3709.0
89,51,94.84226989746094,223.1261138916016,5408.0
89,52,166.1254119873047,230.41879272460932,2703.0
89,53,134.43536376953125,257.2192077636719,1957.0
89,54,415.8889770507813,284.4534606933594,3396.0
89,55,309.2440185546875,314.0492248535156,2295.0
89,56,172.42312622070312,309.4963684082031,2335.0
89,57,373.2397766113281,307.9400634765625,2736.0
89,58,207.15057373046875,374.2537841796875,3168.0
89,59,0.0,0.0,0.0
89,60,102.9057388305664,435.6545715332031,3416.0
89,61,0.0,0.0,0.0
89,62,265.7786560058594,346.2213439941406,2521.0
89,63,468.576416015625,318.953857421875,3121.0
89,64,337.11572265625,346.2645874023437,2774.0
89,65,223.1427764892578,434.88720703125,3768.0
89,66,0.0,0.0,0.0
89,67,138.89404296875,476.585693359375,3454.0
89,68,299.1775207519531,453.6769104003906,4163.0
89,69,0.0,0.0,0.0
89,70,493.8934631347656,363.9397888183594,2375.0
89,71,0.0,0.0,0.0
89,72,0.0,0.0,0.0
89,73,413.0475769042969,357.3222961425781,4415.0
89,74,347.4776916503906,392.3381042480469,3274.0
89,75,446.4923400878906,394.0035095214844,3134.0
89,76,371.6761779785156,438.8229675292969,3999.0
89,77,0.0,0.0,0.0
89,78,0.0,0.0,0.0
89,79,0.0,0.0,0.0
89,80,0.0,0.0,0.0
89,81,418.4449462890625,446.2593078613281,2715.0
89,82,0.0,0.0,0.0
89,83,326.77935791015625,493.8558044433594,1609.0
89,84,0.0,0.0,0.0
89,85,412.2059631347656,136.81143188476562,2588.0
89,86,0.0,0.0,0.0
89,87,0.0,0.0,0.0
89,88,0.0,0.0,0.0
89,89,463.4923095703125,471.7815856933594,3118.0
89,90,0.0,0.0,0.0
89,91,0.0,0.0,0.0
89,92,0.0,0.0,0.0
89,93,479.5939636230469,256.73699951171875,5194.0
89,94,0.0,0.0,0.0
89,95,0.0,0.0,0.0
89,96,0.0,0.0,0.0
89,97,0.0,0.0,0.0
89,98,158.0785369873047,418.4878234863281,3489.0
89,99,281.07037353515625,398.57080078125,4604.0
89,100,254.5340881347656,492.0938720703125,3153.0
89,101,0.0,0.0,0.0
89,102,0.0,0.0,0.0
89,103,381.3513488769531,492.8598327636719,2183.0
89,104,0.0,0.0,0.0
89,105,0.0,0.0,0.0
89,106,0.0,0.0,0.0
89,107,0.0,0.0,0.0
89,108,0.0,0.0,0.0
89,109,0.0,0.0,0.0
89,110,498.6096801757813,50.45478820800781,1117.0
89,111,0.0,0.0,0.0
89,112,0.0,0.0,0.0
89,113,0.0,0.0,0.0
89,114,0.0,0.0,0.0
89,115,0.0,0.0,0.0
89,116,0.0,0.0,0.0
89,117,480.1842346191406,105.72683715820312,3745.0
89,118,490.4798278808594,428.2907409667969,2528.0
89,119,0.0,0.0,0.0
89,120,0.0,0.0,0.0
89,121,0.0,0.0,0.0
89,122,0.0,0.0,0.0
89,123,0.0,0.0,0.0
89,124,0.0,0.0,0.0
89,125,214.586166381836,188.4257049560547,2948.0
89,126,0.0,0.0,0.0
89,127,0.0,0.0,0.0
89,128,0.0,0.0,0.0
89,129,0.0,0.0,0.0
89,130,63.61212921142578,486.616943359375,2292.0
89,131,462.4576110839844,23.07404518127441,3822.0
89,132,0.0,0.0,0.0
89,133,0.0,0.0,0.0
89,134,0.0,0.0,0.0
89,135,0.0,0.0,0.0
89,136,15.68776512145996,290.449462890625,2354.0
89,137,94.07941436767578,111.05238342285156,2997.0
89,138,208.6666717529297,17.2113094329834,1680.0
89,139,264.72955322265625,23.355194091796875,3080.0
89,140,331.013427734375,17.134199142456055,2310.0
89,141,394.7276306152344,17.174999237060547,2280.0
89,142,427.6914978027344,492.0134887695313,1410.0
89,143,173.84957885742188,501.0209045410156,1436.0
89,144,0.0,0.0,0.0
89,145,0.0,0.0,0.0
89,146,0.0,0.0,0.0
89,147,0.0,0.0,0.0
89,148,0.0,0.0,0.0
89,149,0.0,0.0,0.0
89,150,0.0,0.0,0.0
89,151,0.0,0.0,0.0
89,152,157.26524353027344,76.17051696777344,3378.0
89,153,0.0,0.0,0.0
89,154,0.0,0.0,0.0
89,155,497.4765625,488.9592590332031,1301.0
89,156,8.603750228881836,344.697509765625,800.0
89,157,0.0,0.0,0.0
89,158,0.0,0.0,0.0
89,159,0.0,0.0,0.0
89,160,0.0,0.0,0.0
89,161,0.0,0.0,0.0
89,162,0.0,0.0,0.0
89,163,151.97781372070312,113.19752502441406,2344.0
89,164,0.0,0.0,0.0
89,165,0.0,0.0,0.0
89,166,0.0,0.0,0.0
89,167,15.13408374786377,400.0834045410156,1954.0
89,168,93.48812103271484,24.25315284729004,3409.0
89,169,0.0,0.0,0.0
89,170,0.0,0.0,0.0
89,171,0.0,0.0,0.0
89,172,0.0,0.0,0.0
89,173,0.0,0.0,0.0
89,174,437.9136962890625,76.05458068847656,3939.0
89,175,0.0,0.0,0.0
89,176,47.36034393310547,76.40711212158203,1518.0
89,177,0.0,0.0,0.0
89,178,217.28114318847656,54.60466766357422,2785.0
89,179,0.0,0.0,0.0
89,180,0.0,0.0,0.0
89,181,10.082953453063965,27.04831314086914,1097.0
89,182,0.0,0.0,0.0
89,183,9.42976188659668,73.16666412353516,840.0
89,184,0.0,0.0,0.0
89,185,0.0,0.0,0.0
89,186,0.0,0.0,0.0
89,187,0.0,0.0,0.0
89,188,33.578548431396484,9.234139442443848,662.0
89,189,0.0,0.0,0.0
89,190,0.0,0.0,0.0
89,191,0.0,0.0,0.0
89,192,0.0,0.0,0.0
89,193,0.0,0.0,0.0
89,194,38.29994583129883,354.71954345703125,1797.0
89,195,99.42288970947266,65.69705200195312,1459.0
89,196,153.912109375,9.948342323303224,1297.0
89,197,52.23462677001953,398.9347229003906,1854.0
89,198,93.4975128173828,502.65423583984375,804.0
89,199,0.0,0.0,0.0
89,200,0.0,0.0,0.0
90,0,44.90498733520508,41.3863525390625,1905.0
90,1,0.0,0.0,0.0
90,2,0.0,0.0,0.0
90,3,0.0,0.0,0.0
90,4,0.0,0.0,0.0
90,5,233.8446350097656,87.57431030273438,1931.0
90,6,0.0,0.0,0.0
90,7,0.0,0.0,0.0
90,8,0.0,0.0,0.0
90,9,0.0,0.0,0.0
90,10,34.97189712524414,115.73509216308594,2918.0
90,11,0.0,0.0,0.0
90,12,11.571186065673828,144.62203979492188,590.0
90,13,441.7597351074219,212.99191284179688,2597.0
90,14,496.2157897949219,181.28048706054688,1747.0
90,15,290.2447509765625,222.3092803955078,3424.0
90,16,208.77740478515625,256.3035583496094,3248.0
90,17,395.35693359375,238.02798461914065,3037.0
90,18,329.3211669921875,259.1659851074219,4711.0
90,19,0.0,0.0,0.0
90,20,0.0,0.0,0.0
90,21,97.85818481445312,351.0292358398437,2052.0
90,22,0.0,0.0,0.0
90,23,0.0,0.0,0.0
90,24,0.0,0.0,0.0
90,25,0.0,0.0,0.0
90,26,0.0,0.0,0.0
90,27,303.862060546875,62.8546257019043,3632.0
90,28,378.3058471679688,61.60123062133789,3250.0
90,29,210.6295928955078,134.0479278564453,3380.0
90,30,349.5346984863281,103.8436050415039,4137.0
90,31,322.1101379394531,142.67779541015625,1707.0
90,32,146.97340393066406,153.7943878173828,2670.0
90,33,0.0,0.0,0.0
90,34,57.801734924316406,165.7617645263672,3803.0
90,35,452.8512878417969,168.40293884277344,3544.0
90,36,28.673736572265625,217.49229431152344,4668.0
90,37,368.1530456542969,194.0980987548828,3894.0
90,38,258.4822998046875,286.7864685058594,3475.0
90,39,59.3064079284668,303.3903503417969,4729.0
90,40,0.0,0.0,0.0
90,41,124.4264907836914,307.9610900878906,4190.0
90,42,215.2619781494141,321.1318054199219,3027.0
90,43,148.41526794433594,377.6392211914063,3800.0
90,44,88.13694763183594,388.1294250488281,1329.0
90,45,18.54608726501465,474.5679931640625,2875.0
90,46,58.97483825683594,465.44287109375,3895.0
90,47,270.6190185546875,129.694091796875,3743.0
90,48,161.62548828125,189.6899261474609,2064.0
90,49,349.7725830078125,160.51771545410156,2625.0
90,50,262.9627990722656,193.28941345214844,3711.0
90,51,94.70801544189452,223.4091186523437,5353.0
90,52,164.37486267089844,229.4735717773437,2705.0
90,53,134.68736267089844,256.9400634765625,1852.0
90,54,416.8951416015625,283.64825439453125,3366.0
90,55,310.8116149902344,314.63482666015625,2240.0
90,56,172.06153869628906,309.3344116210937,2470.0
90,57,374.475830078125,307.419189453125,2753.0
90,58,208.7301177978516,374.74847412109375,2942.0
90,59,0.0,0.0,0.0
90,60,104.96614837646484,434.8494262695313,3752.0
90,61,0.0,0.0,0.0
90,62,265.366943359375,347.1930236816406,2668.0
90,63,468.1777648925781,319.6225891113281,3336.0
90,64,338.251220703125,346.66815185546875,2890.0
90,65,223.5880889892578,434.3865051269531,3780.0
90,66,0.0,0.0,0.0
90,67,140.33221435546875,475.5884094238281,3263.0
90,68,299.3531494140625,455.0009765625,4123.0
90,69,0.0,0.0,0.0
90,70,493.4767456054688,363.9304504394531,2387.0
90,71,0.0,0.0,0.0
90,72,0.0,0.0,0.0
90,73,411.7400207519531,358.19097900390625,4304.0
90,74,347.86236572265625,393.9483337402344,3233.0
90,75,445.6534118652344,393.928466796875,2992.0
90,76,371.1631774902344,440.1156005859375,3910.0
90,77,0.0,0.0,0.0
90,78,0.0,0.0,0.0
90,79,0.0,0.0,0.0
90,80,0.0,0.0,0.0
90,81,417.6146240234375,445.8229370117188,2722.0
90,82,0.0,0.0,0.0
90,83,327.8511962890625,494.4421997070313,1445.0
90,84,0.0,0.0,0.0
90,85,416.4196472167969,135.88632202148438,2850.0
90,86,0.0,0.0,0.0
90,87,0.0,0.0,0.0
90,88,0.0,0.0,0.0
90,89,463.1601867675781,472.7056274414063,3190.0
90,90,0.0,0.0,0.0
90,91,0.0,0.0,0.0
90,92,0.0,0.0,0.0
90,93,480.5079650878906,256.0819396972656,5028.0
90,94,0.0,0.0,0.0
90,95,0.0,0.0,0.0
90,96,0.0,0.0,0.0
90,97,0.0,0.0,0.0
90,98,167.51695251464844,423.5706787109375,2625.0
90,99,282.1599426269531,399.6119995117188,4639.0
90,100,254.85292053222656,492.1763916015625,3243.0
90,101,0.0,0.0,0.0
90,102,0.0,0.0,0.0
90,103,382.2409362792969,493.2781066894531,2179.0
90,104,0.0,0.0,0.0
90,105,0.0,0.0,0.0
90,106,0.0,0.0,0.0
90,107,0.0,0.0,0.0
90,108,0.0,0.0,0.0
90,109,0.0,0.0,0.0
90,110,499.2842102050781,50.542388916015625,1038.0
90,111,0.0,0.0,0.0
90,112,0.0,0.0,0.0
90,113,0.0,0.0,0.0
90,114,0.0,0.0,0.0
90,115,0.0,0.0,0.0
90,116,0.0,0.0,0.0
90,117,480.9056701660156,106.65457916259766,3668.0
90,118,489.5942077636719,427.0365295410156,2627.0
90,119,0.0,0.0,0.0
90,120,0.0,0.0,0.0
90,121,0.0,0.0,0.0
90,122,0.0,0.0,0.0
90,123,0.0,0.0,0.0
90,124,0.0,0.0,0.0
90,125,215.7883758544922,189.5917205810547,2873.0
90,126,0.0,0.0,0.0
90,127,0.0,0.0,0.0
90,128,0.0,0.0,0.0
90,129,0.0,0.0,0.0
90,130,0.0,0.0,0.0
90,131,464.3350524902344,23.13942146301269,3701.0
90,132,0.0,0.0,0.0
90,133,0.0,0.0,0.0
90,134,0.0,0.0,0.0
90,135,0.0,0.0,0.0
90,136,12.928802490234377,303.6972351074219,2781.0
90,137,95.17787170410156,117.1196746826172,3660.0
90,138,207.6006317138672,20.042564392089844,1903.0
90,139,269.1557006835937,22.578266143798828,3552.0
90,140,339.17901611328125,19.1076774597168,2201.0
90,141,399.1936950683594,17.57491111755371,2256.0
90,142,427.3585815429688,491.2408142089844,1333.0
90,143,168.83143615722656,501.70263671875,1584.0
90,144,0.0,0.0,0.0
90,145,0.0,0.0,0.0
90,146,0.0,0.0,0.0
90,147,0.0,0.0,0.0
90,148,0.0,0.0,0.0
90,149,0.0,0.0,0.0
90,150,0.0,0.0,0.0
90,151,0.0,0.0,0.0
90,152,155.48373413085938,76.12252044677734,4089.0
90,153,0.0,0.0,0.0
90,154,0.0,0.0,0.0
90,155,497.8099365234375,488.0374145507813,1310.0
90,156,0.0,0.0,0.0
90,157,0.0,0.0,0.0
90,158,0.0,0.0,0.0
90,159,0.0,0.0,0.0
90,160,0.0,0.0,0.0
90,161,0.0,0.0,0.0
90,162,0.0,0.0,0.0
90,163,159.5349578857422,116.11138916015624,2002.0
90,164,0.0,0.0,0.0
90,165,0.0,0.0,0.0
90,166,0.0,0.0,0.0
90,167,16.118366241455078,401.0004577636719,2129.0
90,168,95.29889678955078,25.65190696716309,3252.0
90,169,0.0,0.0,0.0
90,170,0.0,0.0,0.0
90,171,0.0,0.0,0.0
90,172,0.0,0.0,0.0
90,173,0.0,0.0,0.0
90,174,428.707763671875,81.24695587158203,2871.0
90,175,0.0,0.0,0.0
90,176,52.40977478027344,75.8433609008789,1596.0
90,177,0.0,0.0,0.0
90,178,219.40457153320312,56.59542846679688,2494.0
90,179,0.0,0.0,0.0
90,180,0.0,0.0,0.0
90,181,10.19963550567627,27.67730140686035,1097.0
90,182,0.0,0.0,0.0
90,183,11.320463180541992,74.64961242675781,1036.0
90,184,0.0,0.0,0.0
90,185,0.0,0.0,0.0
90,186,0.0,0.0,0.0
90,187,0.0,0.0,0.0
90,188,34.50069046020508,9.319501876831056,723.0
90,189,0.0,0.0,0.0
90,190,0.0,0.0,0.0
90,191,0.0,0.0,0.0
90,192,0.0,0.0,0.0
90,193,0.0,0.0,0.0
90,194,37.01060485839844,354.25201416015625,1980.0
90,195,100.42327880859376,65.54166412353516,1512.0
90,196,154.44264221191406,19.40717506408692,2397.0
90,197,52.38393020629883,399.8624877929688,1680.0
90,198,92.30119323730467,501.3892822265625,840.0
90,199,469.5364379882813,63.199066162109375,1070.0
90,200,501.3872680664063,143.15606689453125,346.0
