frame,label,area,centroid_x,centroid_y
0,0,3322.0,372.574951171875,194.64540100097656
0,1,2697.0,312.60845947265625,209.57249450683597
0,2,3618.0,434.3313903808594,306.4621276855469
0,3,5889.0,152.95126342773438,55.22074890136719
0,4,4451.0,368.0110168457031,247.60975646972656
0,5,0.0,0.0,0.0
0,6,3653.0,485.78619384765625,264.0426940917969
0,7,4324.0,221.6010589599609,32.30828094482422
0,8,3884.0,360.8388366699219,54.547889709472656
0,9,4441.0,285.6313781738281,59.14771270751953
0,10,3760.0,302.7018737792969,113.33271026611328
0,11,4039.0,187.2196044921875,173.33944702148438
0,12,5050.0,225.60792541503903,239.96832275390625
0,13,3323.0,445.04241943359375,220.75924682617188
0,14,0.0,0.0,0.0
0,15,2296.0,324.5448608398437,16.487804412841797
0,16,3398.0,483.097412109375,29.634490966796875
0,17,6841.0,86.28270721435547,88.2677993774414
0,18,4419.0,442.7232360839844,69.94727325439453
0,19,3888.0,386.2314758300781,100.26646423339844
0,20,5633.0,212.5749969482422,103.66199493408205
0,21,0.0,0.0,0.0
0,22,1472.0,494.0332946777344,160.9836883544922
0,23,3630.0,248.611572265625,154.79833984375
0,24,1693.0,492.7702331542969,203.7548675537109
0,25,4882.0,146.19090270996094,221.64134216308597
0,26,4431.0,378.15142822265625,352.6998291015625
0,27,3348.0,188.635009765625,357.8691711425781
0,28,3121.0,252.36045837402344,373.3284301757813
0,29,2311.0,15.879273414611816,69.92557525634766
0,30,2110.0,118.7540283203125,313.58624267578125
0,31,4691.0,309.8254089355469,360.6116027832031
0,32,4605.0,450.9539489746094,374.6755676269531
0,33,2948.0,68.614990234375,312.18487548828125
0,34,5042.0,375.7943420410156,418.5091247558594
0,35,4509.0,28.620092391967773,143.7489471435547
0,36,4598.0,129.48020935058594,149.76077270507812
0,37,2801.0,59.82470703125,404.1502990722656
0,38,3364.0,216.6001739501953,408.8445434570313
0,39,3100.0,489.5848388671875,418.920654296875
0,40,2777.0,435.2369384765625,435.35540771484375
0,41,2303.0,168.03952026367188,437.4129333496094
0,42,2744.0,75.00984191894531,444.40234375
0,43,2751.0,156.22718811035156,489.296630859375
0,44,2793.0,71.176513671875,172.40744018554688
0,45,3257.0,446.9361267089844,149.89407348632812
0,46,2007.0,17.75236701965332,404.439453125
0,47,1993.0,129.8138427734375,434.7024536132813
0,48,3001.0,257.1596069335937,465.8227233886719
0,49,3406.0,213.57809448242188,472.5733947753906
0,50,4367.0,376.4582214355469,481.8282470703125
0,51,3143.0,34.43238830566406,486.165771484375
0,52,0.0,0.0,0.0
0,53,1155.0,421.4398193359375,252.448486328125
0,54,1398.0,444.673095703125,474.1523742675781
0,55,1437.0,316.2282409667969,491.4718017578125
0,56,1206.0,448.0273742675781,500.9054870605469
0,57,828.0,285.2149658203125,498.20892333984375
0,58,3673.0,96.14266204833984,265.1483764648437
0,59,304.0,198.5559234619141,500.9342041015625
0,60,2647.0,270.0789489746094,202.3770294189453
0,61,3885.0,268.919189453125,294.8857116699219
0,62,2399.0,491.488525390625,480.9820861816406
0,63,0.0,0.0,0.0
0,64,547.0,172.36380004882812,7.698354721069336
0,65,770.0,18.094804763793945,447.4883117675781
0,66,0.0,0.0,0.0
0,67,3655.0,31.582489013671875,346.3373413085937
0,68,3414.0,100.18190002441406,374.315185546875
0,69,5388.0,304.7846984863281,433.3177490234375
0,70,0.0,0.0,0.0
0,71,4303.0,170.33209228515625,288.43829345703125
0,72,3375.0,145.87969970703125,370.201171875
0,73,2944.0,98.52615356445312,485.3406982421875
0,74,4294.0,44.80158233642578,27.241498947143555
0,75,2960.0,488.5874938964844,331.2476501464844
0,76,0.0,0.0,0.0
0,77,0.0,0.0,0.0
0,78,2795.0,383.8551025390625,298.3370361328125
0,79,0.0,0.0,0.0
0,80,1834.0,18.400218963623047,210.42965698242188
0,81,0.0,0.0,0.0
0,82,0.0,0.0,0.0
0,83,3327.0,69.3841323852539,221.9570159912109
0,84,2878.0,407.5479431152344,17.94093132019043
0,85,0.0,0.0,0.0
0,86,0.0,0.0,0.0
0,87,4223.0,393.2429504394531,155.3251190185547
0,88,1506.0,105.95086669921876,15.551128387451172
0,89,3335.0,489.4242858886719,105.66027069091795
0,90,3195.0,22.83943748474121,276.75994873046875
0,91,0.0,0.0,0.0
0,92,0.0,0.0,0.0
0,93,2691.0,323.4901428222656,157.31326293945312
0,94,4348.0,315.825439453125,283.1759338378906
0,95,897.0,267.596435546875,9.471571922302246
0,96,0.0,0.0,0.0
0,97,0.0,0.0,0.0
0,98,0.0,0.0,0.0
0,99,0.0,0.0,0.0
0,100,2573.0,222.77069091796875,315.143798828125
0,101,0.0,0.0,0.0
0,102,0.0,0.0,0.0
0,103,0.0,0.0,0.0
0,104,0.0,0.0,0.0
0,105,0.0,0.0,0.0
0,106,0.0,0.0,0.0
0,107,0.0,0.0,0.0
0,108,0.0,0.0,0.0
0,109,0.0,0.0,0.0
0,110,0.0,0.0,0.0
0,111,0.0,0.0,0.0
0,112,0.0,0.0,0.0
0,113,0.0,0.0,0.0
0,114,0.0,0.0,0.0
0,115,0.0,0.0,0.0
0,116,0.0,0.0,0.0
0,117,0.0,0.0,0.0
0,118,0.0,0.0,0.0
0,119,0.0,0.0,0.0
0,120,0.0,0.0,0.0
0,121,0.0,0.0,0.0
0,122,0.0,0.0,0.0
0,123,0.0,0.0,0.0
0,124,0.0,0.0,0.0
0,125,0.0,0.0,0.0
0,126,0.0,0.0,0.0
0,127,0.0,0.0,0.0
0,128,0.0,0.0,0.0
0,129,0.0,0.0,0.0
0,130,0.0,0.0,0.0
0,131,0.0,0.0,0.0
0,132,0.0,0.0,0.0
1,0,3664.0,376.69049072265625,195.37828063964844
1,1,2804.0,311.54351806640625,210.82131958007807
1,2,3346.0,434.6488342285156,307.9237976074219
1,3,5821.0,152.31849670410156,54.70692443847656
1,4,4984.0,368.7710571289063,249.7471923828125
1,5,0.0,0.0,0.0
1,6,3574.0,486.1373901367188,262.7039794921875
1,7,4199.0,220.8390045166016,31.71326446533203
1,8,4304.0,361.8457336425781,55.36640167236328
1,9,4797.0,285.65185546875,59.790077209472656
1,10,3680.0,303.75732421875,114.98043823242188
1,11,4313.0,188.5124053955078,173.15557861328125
1,12,5111.0,227.09762573242188,241.06985473632807
1,13,2895.0,449.4670104980469,219.7046661376953
1,14,0.0,0.0,0.0
1,15,2263.0,325.0154724121094,15.560760498046877
1,16,3463.0,482.8429260253906,30.218019485473636
1,17,6812.0,85.83676147460938,88.00983428955078
1,18,4632.0,442.5442504882813,70.42530059814453
1,19,3998.0,385.4554748535156,104.03501892089844
1,20,5604.0,212.7400054931641,102.92648315429688
1,21,0.0,0.0,0.0
1,22,1431.0,494.6897277832031,160.02865600585938
1,23,3473.0,250.6642608642578,154.321044921875
1,24,1697.0,493.6470336914063,202.7719573974609
1,25,4912.0,147.6693878173828,223.77381896972656
1,26,4304.0,377.0176696777344,353.1712341308594
1,27,3454.0,187.83091735839844,354.6933898925781
1,28,3212.0,252.185546875,371.4044189453125
1,29,2870.0,19.1003475189209,66.59581756591797
1,30,2622.0,124.12623596191406,313.5026550292969
1,31,4452.0,309.8416442871094,359.58514404296875
1,32,4664.0,451.2562255859375,373.1434326171875
1,33,2954.0,68.03723907470703,311.7680969238281
1,34,4994.0,374.9271240234375,417.7731323242188
1,35,4512.0,27.54587745666504,143.3829803466797
1,36,4908.0,130.3808135986328,149.3306884765625
1,37,2765.0,59.75840759277344,402.9048767089844
1,38,3347.0,215.7550048828125,406.5536193847656
1,39,3318.0,489.4638366699219,417.8981323242188
1,40,2658.0,434.2584533691406,432.3908996582031
1,41,2380.0,165.54873657226562,437.83740234375
1,42,2697.0,73.50797271728516,443.2076416015625
1,43,2682.0,156.47352600097656,489.7434692382813
1,44,3068.0,68.65840911865234,173.16329956054688
1,45,3168.0,448.1777038574219,150.1780242919922
1,46,2050.0,16.52829360961914,403.1502380371094
1,47,1896.0,128.40875244140625,432.7067565917969
1,48,2905.0,254.4447479248047,463.92425537109375
1,49,3055.0,212.6818389892578,467.4690551757813
1,50,4650.0,372.7602233886719,483.6165466308594
1,51,3095.0,34.92827224731445,488.0571899414063
1,52,0.0,0.0,0.0
1,53,1385.0,424.9220275878906,251.8223876953125
1,54,1607.0,438.3727416992188,469.9607849121094
1,55,1657.0,312.1557006835937,487.2926940917969
1,56,1502.0,448.3588562011719,495.6278381347656
1,57,1013.0,281.3129272460937,497.3879699707031
1,58,4037.0,97.8575668334961,264.4347229003906
1,59,671.0,196.33233642578125,491.8956909179688
1,60,3116.0,271.447998046875,207.8225250244141
1,61,3441.0,268.97705078125,299.8535461425781
1,62,2176.0,493.12408447265625,480.746337890625
1,63,0.0,0.0,0.0
1,64,550.0,170.2690887451172,7.814545631408691
1,65,1154.0,15.435874938964844,449.4991455078125
1,66,0.0,0.0,0.0
1,67,3610.0,31.60110855102539,346.2573547363281
1,68,3297.0,99.52350616455078,373.6527099609375
1,69,5180.0,303.1938171386719,429.5610046386719
1,70,0.0,0.0,0.0
1,71,3551.0,175.82568359375,287.8949584960937
1,72,3249.0,145.42967224121094,371.7519226074219
1,73,3159.0,98.71224975585938,483.9176940917969
1,74,3559.0,48.78280258178711,24.26524353027344
1,75,2882.0,487.9222717285156,328.2137451171875
1,76,0.0,0.0,0.0
1,77,0.0,0.0,0.0
1,78,2680.0,387.2906799316406,301.625
1,79,0.0,0.0,0.0
1,80,1921.0,15.804268836975098,215.76730346679688
1,81,0.0,0.0,0.0
1,82,0.0,0.0,0.0
1,83,3128.0,67.96707153320312,221.85614013671875
1,84,2609.0,407.5749206542969,17.038711547851562
1,85,0.0,0.0,0.0
1,86,0.0,0.0,0.0
1,87,3578.0,399.2831115722656,158.9533233642578
1,88,1358.0,107.67083740234376,13.639175415039062
1,89,3176.0,490.1457824707031,105.3498077392578
1,90,3107.0,22.68136405944824,277.1783142089844
1,91,0.0,0.0,0.0
1,92,0.0,0.0,0.0
1,93,2789.0,326.7217712402344,156.73861694335938
1,94,4008.0,317.3877258300781,286.54315185546875
1,95,882.0,265.5997619628906,9.212018013000488
1,96,0.0,0.0,0.0
1,97,0.0,0.0,0.0
1,98,0.0,0.0,0.0
1,99,0.0,0.0,0.0
1,100,2320.0,223.50387573242188,313.3116455078125
1,101,0.0,0.0,0.0
1,102,0.0,0.0,0.0
1,103,0.0,0.0,0.0
1,104,0.0,0.0,0.0
1,105,0.0,0.0,0.0
1,106,0.0,0.0,0.0
1,107,0.0,0.0,0.0
1,108,0.0,0.0,0.0
1,109,0.0,0.0,0.0
1,110,0.0,0.0,0.0
1,111,0.0,0.0,0.0
1,112,0.0,0.0,0.0
1,113,0.0,0.0,0.0
1,114,0.0,0.0,0.0
1,115,0.0,0.0,0.0
1,116,0.0,0.0,0.0
1,117,0.0,0.0,0.0
1,118,0.0,0.0,0.0
1,119,0.0,0.0,0.0
1,120,0.0,0.0,0.0
1,121,0.0,0.0,0.0
1,122,0.0,0.0,0.0
1,123,0.0,0.0,0.0
1,124,0.0,0.0,0.0
1,125,0.0,0.0,0.0
1,126,0.0,0.0,0.0
1,127,0.0,0.0,0.0
1,128,0.0,0.0,0.0
1,129,0.0,0.0,0.0
1,130,0.0,0.0,0.0
1,131,0.0,0.0,0.0
1,132,0.0,0.0,0.0
2,0,3778.0,376.11724853515625,195.4314422607422
2,1,3055.0,310.6029357910156,211.00982666015625
2,2,3120.0,435.5830078125,308.3833312988281
2,3,5539.0,152.09640502929688,53.07257461547852
2,4,5191.0,368.04046630859375,252.1088409423828
2,5,2.0,249.0,292.5
2,6,3542.0,486.7250061035156,263.6778564453125
2,7,4500.0,221.7953338623047,30.31133270263672
2,8,4484.0,363.52252197265625,54.17016220092773
2,9,4933.0,286.4015808105469,59.05027389526367
2,10,3812.0,306.57818603515625,114.91683959960938
2,11,4502.0,189.0919647216797,171.99667358398438
2,12,5012.0,227.5879821777344,240.81643676757807
2,13,2897.0,450.1957092285156,218.302734375
2,14,0.0,0.0,0.0
2,15,2185.0,325.9922180175781,14.96842098236084
2,16,3532.0,482.2267761230469,30.020952224731445
2,17,6336.0,86.79987335205078,88.15924835205078
2,18,4446.0,442.9984130859375,70.54566192626953
2,19,4177.0,388.2276611328125,105.00909423828124
2,20,5751.0,212.9685211181641,101.93201446533205
2,21,0.0,0.0,0.0
2,22,1485.0,494.65521240234375,160.76431274414062
2,23,3629.0,255.04270935058597,154.80711364746094
2,24,1681.0,493.5461120605469,203.79119873046875
2,25,4819.0,148.78024291992188,223.5764617919922
2,26,4012.0,376.3781127929688,354.64031982421875
2,27,3515.0,187.8230438232422,352.6082458496094
2,28,3234.0,253.0692596435547,371.5169982910156
2,29,3710.0,23.987062454223636,61.72264099121094
2,30,2789.0,126.30799865722656,313.31158447265625
2,31,4175.0,309.8797607421875,358.4642028808594
2,32,5088.0,451.4166564941406,373.3592834472656
2,33,2697.0,68.63700103759766,313.3915405273437
2,34,4973.0,373.848388671875,416.6641845703125
2,35,4710.0,27.99256896972656,143.15264892578125
2,36,5153.0,131.1133270263672,147.2119140625
2,37,2450.0,62.11101913452149,401.3559265136719
2,38,3412.0,215.05274963378903,405.8393859863281
2,39,3281.0,489.192626953125,418.9390563964844
2,40,2423.0,433.0371398925781,431.8972473144531
2,41,2435.0,162.54620361328125,439.2341003417969
2,42,2652.0,71.56372833251953,441.9619140625
2,43,2575.0,155.9114532470703,490.4396057128906
2,44,3097.0,68.90571594238281,172.6842041015625
2,45,2871.0,450.2608947753906,150.9752655029297
2,46,2303.0,18.92444610595703,400.7212219238281
2,47,1888.0,126.55191040039062,430.2351684570313
2,48,3117.0,253.50689697265625,464.0911254882813
2,49,3096.0,210.2202911376953,466.5985107421875
2,50,4519.0,373.1177368164063,482.8650207519531
2,51,3237.0,34.26784133911133,487.4173583984375
2,52,0.0,0.0,0.0
2,53,1652.0,424.9443054199219,252.7330474853516
2,54,1867.0,437.6973876953125,469.94537353515625
2,55,2373.0,310.0084228515625,482.61566162109375
2,56,1597.0,450.0707702636719,497.4639892578125
2,57,956.0,280.7855529785156,501.0564880371094
2,58,4145.0,98.6571807861328,265.9971008300781
2,59,743.0,195.5827789306641,492.2301330566406
2,60,2944.0,270.75067138671875,210.6260223388672
2,61,3119.0,269.8028259277344,299.8384094238281
2,62,2064.0,494.0760803222656,479.36529541015625
2,63,0.0,0.0,0.0
2,64,414.0,169.58453369140625,6.34782600402832
2,65,1132.0,14.795052528381348,447.1174926757813
2,66,0.0,0.0,0.0
2,67,3535.0,31.204809188842773,345.3295593261719
2,68,3214.0,98.9150619506836,371.9374694824219
2,69,4790.0,302.74176025390625,425.7947692871094
2,70,0.0,0.0,0.0
2,71,3593.0,178.97105407714844,287.42138671875
2,72,3175.0,145.2028350830078,373.24127197265625
2,73,3281.0,98.4105453491211,482.8177490234375
2,74,3355.0,55.49687194824219,20.393442153930664
2,75,2768.0,488.0982666015625,327.9309997558594
2,76,0.0,0.0,0.0
2,77,0.0,0.0,0.0
2,78,2746.0,388.6533203125,304.7330627441406
2,79,0.0,0.0,0.0
2,80,1783.0,15.260235786437988,216.44419860839844
2,81,0.0,0.0,0.0
2,82,0.0,0.0,0.0
2,83,3349.0,68.78083038330078,222.46014404296875
2,84,2449.0,409.06451416015625,16.51367950439453
2,85,0.0,0.0,0.0
2,86,0.0,0.0,0.0
2,87,3309.0,403.4801940917969,159.7098846435547
2,88,1102.0,113.75045013427734,12.562613487243652
2,89,3176.0,490.2903137207031,105.03148651123048
2,90,3232.0,23.25835418701172,277.27691650390625
2,91,0.0,0.0,0.0
2,92,0.0,0.0,0.0
2,93,2693.0,331.3817443847656,155.58001708984375
2,94,3935.0,317.1771240234375,288.5184326171875
2,95,606.0,269.6650085449219,7.765676498413086
2,96,0.0,0.0,0.0
2,97,0.0,0.0,0.0
2,98,0.0,0.0,0.0
2,99,0.0,0.0,0.0
2,100,2325.0,227.86279296875,312.65936279296875
2,101,0.0,0.0,0.0
2,102,0.0,0.0,0.0
2,103,0.0,0.0,0.0
2,104,0.0,0.0,0.0
2,105,0.0,0.0,0.0
2,106,0.0,0.0,0.0
2,107,0.0,0.0,0.0
2,108,0.0,0.0,0.0
2,109,0.0,0.0,0.0
2,110,0.0,0.0,0.0
2,111,0.0,0.0,0.0
2,112,0.0,0.0,0.0
2,113,0.0,0.0,0.0
2,114,0.0,0.0,0.0
2,115,0.0,0.0,0.0
2,116,0.0,0.0,0.0
2,117,0.0,0.0,0.0
2,118,0.0,0.0,0.0
2,119,0.0,0.0,0.0
2,120,0.0,0.0,0.0
2,121,0.0,0.0,0.0
2,122,0.0,0.0,0.0
2,123,0.0,0.0,0.0
2,124,0.0,0.0,0.0
2,125,0.0,0.0,0.0
2,126,0.0,0.0,0.0
2,127,0.0,0.0,0.0
2,128,0.0,0.0,0.0
2,129,0.0,0.0,0.0
2,130,0.0,0.0,0.0
2,131,0.0,0.0,0.0
2,132,0.0,0.0,0.0
3,0,3811.0,377.52978515625,196.3445281982422
3,1,3193.0,309.2922058105469,215.15565490722656
3,2,3153.0,436.65081787109375,307.51568603515625
3,3,5199.0,152.88902282714844,50.6187744140625
3,4,5679.0,370.0876770019531,254.8219757080078
3,5,0.0,0.0,0.0
3,6,3615.0,486.4854736328125,265.0666809082031
3,7,4511.0,221.3722076416016,30.548215866088867
3,8,4483.0,363.9756774902344,54.68503189086914
3,9,5059.0,286.4791564941406,58.452857971191406
3,10,4050.0,306.7822265625,115.42271423339844
3,11,4501.0,191.0579833984375,171.68896484375
3,12,5059.0,229.3951416015625,241.03024291992188
3,13,2920.0,450.7020568847656,217.09007263183597
3,14,0.0,0.0,0.0
3,15,2172.0,327.0027770996094,15.034991264343262
3,16,3539.0,481.6321105957031,29.6758975982666
3,17,6115.0,89.52183532714844,88.13818359375
3,18,4299.0,443.4747619628906,71.4310302734375
3,19,4102.0,390.70989990234375,105.2503662109375
3,20,5771.0,211.8307037353516,101.51013946533205
3,21,0.0,0.0,0.0
3,22,1534.0,494.29595947265625,160.6219024658203
3,23,3984.0,255.8446350097656,158.81776428222656
3,24,1691.0,493.6777038574219,204.46954345703125
3,25,4807.0,150.1720428466797,224.018310546875
3,26,3962.0,375.59515380859375,354.7392883300781
3,27,3514.0,188.1992034912109,351.0486755371094
3,28,2927.0,253.7447967529297,368.5497131347656
3,29,3918.0,25.84992408752441,63.740684509277344
3,30,2678.0,127.71359252929688,313.9884338378906
3,31,3882.0,311.1839294433594,359.5360717773437
3,32,5096.0,450.2969055175781,372.0645751953125
3,33,2627.0,69.71145629882812,315.784912109375
3,34,4890.0,373.2680969238281,416.1689147949219
3,35,4631.0,27.61260986328125,143.4284210205078
3,36,5453.0,131.30166625976562,147.1736602783203
3,37,2371.0,63.53057861328125,397.8916015625
3,38,3568.0,215.3105316162109,405.1171569824219
3,39,3236.0,487.9786682128906,417.2252807617188
3,40,2264.0,432.3343505859375,430.2411804199219
3,41,2542.0,160.4610595703125,441.7360229492188
3,42,2679.0,68.20306396484375,441.1690979003906
3,43,2220.0,154.40225219726562,491.7310791015625
3,44,3326.0,69.0514144897461,173.23902893066406
3,45,2747.0,451.2493591308594,150.53985595703125
3,46,2673.0,20.087915420532227,403.7579650878906
3,47,1987.0,125.1459503173828,428.6240539550781
3,48,3810.0,248.13150024414065,467.0758666992188
3,49,2346.0,203.67774963378903,457.7156982421875
3,50,4182.0,372.7111511230469,482.3182678222656
3,51,3332.0,33.29441833496094,486.7214965820313
3,52,0.0,0.0,0.0
3,53,1561.0,425.8238220214844,251.8975067138672
3,54,2171.0,434.9668273925781,469.3569641113281
3,55,2720.0,310.9613952636719,480.6768493652344
3,56,1735.0,449.81787109375,498.6109619140625
3,57,1049.0,280.6739807128906,501.010498046875
3,58,3944.0,100.37322235107422,269.8445739746094
3,59,1086.0,196.52761840820312,493.4622497558594
3,60,2208.0,272.7708435058594,214.3822479248047
3,61,2914.0,272.1959533691406,301.950927734375
3,62,2229.0,493.2184753417969,477.3656311035156
3,63,0.0,0.0,0.0
3,64,395.0,169.28607177734375,5.675949573516846
3,65,638.0,11.562695503234863,450.0501708984375
3,66,0.0,0.0,0.0
3,67,3407.0,30.105077743530277,344.69268798828125
3,68,3087.0,98.96047973632812,371.0132751464844
3,69,4773.0,301.1868896484375,423.8323974609375
3,70,0.0,0.0,0.0
3,71,3696.0,181.5933380126953,287.2578430175781
3,72,3169.0,145.57431030273438,373.7532348632813
3,73,3447.0,97.87438201904295,482.3135986328125
3,74,3747.0,55.95302963256836,20.210302352905277
3,75,2532.0,489.3878479003906,330.00909423828125
3,76,0.0,0.0,0.0
3,77,0.0,0.0,0.0
3,78,2393.0,388.9494323730469,308.3965759277344
3,79,0.0,0.0,0.0
3,80,1741.0,15.469844818115234,216.63641357421875
3,81,0.0,0.0,0.0
3,82,0.0,0.0,0.0
3,83,3653.0,71.66712188720703,226.1004638671875
3,84,2510.0,408.92669677734375,16.984861373901367
3,85,0.0,0.0,0.0
3,86,0.0,0.0,0.0
3,87,3194.0,404.1045837402344,159.43675231933594
3,88,991.0,115.0484390258789,12.55196762084961
3,89,3140.0,490.6668701171875,104.0487289428711
3,90,3330.0,23.975975036621094,276.52703857421875
3,91,0.0,0.0,0.0
3,92,0.0,0.0,0.0
3,93,2968.0,332.5704040527344,156.42352294921875
3,94,3870.0,316.973388671875,289.9397888183594
3,95,596.0,269.1963195800781,6.897651195526123
3,96,0.0,0.0,0.0
3,97,0.0,0.0,0.0
3,98,0.0,0.0,0.0
3,99,0.0,0.0,0.0
3,100,2392.0,231.1212310791016,313.7504272460937
3,101,0.0,0.0,0.0
3,102,0.0,0.0,0.0
3,103,0.0,0.0,0.0
3,104,0.0,0.0,0.0
3,105,0.0,0.0,0.0
3,106,0.0,0.0,0.0
3,107,0.0,0.0,0.0
3,108,0.0,0.0,0.0
3,109,0.0,0.0,0.0
3,110,0.0,0.0,0.0
3,111,0.0,0.0,0.0
3,112,0.0,0.0,0.0
3,113,0.0,0.0,0.0
3,114,0.0,0.0,0.0
3,115,0.0,0.0,0.0
3,116,0.0,0.0,0.0
3,117,0.0,0.0,0.0
3,118,0.0,0.0,0.0
3,119,0.0,0.0,0.0
3,120,0.0,0.0,0.0
3,121,0.0,0.0,0.0
3,122,0.0,0.0,0.0
3,123,0.0,0.0,0.0
3,124,0.0,0.0,0.0
3,125,0.0,0.0,0.0
3,126,0.0,0.0,0.0
3,127,0.0,0.0,0.0
3,128,0.0,0.0,0.0
3,129,0.0,0.0,0.0
3,130,0.0,0.0,0.0
3,131,0.0,0.0,0.0
3,132,0.0,0.0,0.0
4,0,3665.0,380.16888427734375,197.930419921875
4,1,3337.0,308.40875244140625,218.3515167236328
4,2,3183.0,437.3289489746094,305.23846435546875
4,3,4592.0,155.35125732421875,49.73628234863281
4,4,6414.0,373.25537109375,261.00732421875
4,5,0.0,0.0,0.0
4,6,3653.0,486.0123291015625,266.5121765136719
4,7,4535.0,221.70738220214844,30.65578842163086
4,8,4602.0,363.9997863769531,53.82464218139648
4,9,5173.0,285.36669921875,58.40053939819336
4,10,4142.0,308.7703857421875,114.70521545410156
4,11,4547.0,192.5926971435547,172.02154541015625
4,12,4746.0,229.056884765625,242.67657470703125
4,13,2807.0,451.8222351074219,215.95724487304688
4,14,0.0,0.0,0.0
4,15,2116.0,327.683349609375,14.812381744384766
4,16,3615.0,481.2215881347656,29.56791114807129
4,17,6355.0,93.21337890625,86.63131713867188
4,18,3971.0,444.6572570800781,72.21782684326172
4,19,4158.0,393.466796875,104.83694458007812
4,20,5631.0,210.2315826416016,101.1401138305664
4,21,0.0,0.0,0.0
4,22,1556.0,494.2975463867188,160.468505859375
4,23,4274.0,256.39776611328125,159.13711547851562
4,24,1717.0,493.4973754882813,204.799072265625
4,25,4921.0,152.39991760253906,224.81182861328125
4,26,3736.0,375.20501708984375,355.6316833496094
4,27,3303.0,190.14895629882807,352.548583984375
4,28,2920.0,254.98800659179688,366.9407653808594
4,29,4073.0,26.448564529418945,65.33390808105469
4,30,2407.0,129.60365295410156,313.1317138671875
4,31,3708.0,311.7677917480469,360.6496887207031
4,32,5200.0,448.6675109863281,371.3232727050781
4,33,2516.0,73.37122344970703,318.6744689941406
4,34,4750.0,372.6025390625,415.4364318847656
4,35,4600.0,26.95565223693848,143.7704315185547
4,36,5523.0,131.3883819580078,147.43653869628906
4,37,2001.0,64.82758331298828,396.9015502929688
4,38,3625.0,216.07861328125,405.2049560546875
4,39,3183.0,487.66510009765625,415.3022155761719
4,40,2222.0,431.2731628417969,429.8186340332031
4,41,2617.0,159.31944274902344,442.5857849121094
4,42,2700.0,67.53926086425781,440.4603576660156
4,43,2096.0,152.21612548828125,492.3196716308594
4,44,3380.0,68.6926040649414,172.51893615722656
4,45,2678.0,451.6434020996094,150.8775177001953
4,46,2777.0,21.165287017822266,403.60064697265625
4,47,2062.0,123.87294006347656,427.9136657714844
4,48,3362.0,249.40869140625,462.7796020507813
4,49,2203.0,202.6295928955078,456.0363159179688
4,50,4209.0,372.4625854492188,481.7733459472656
4,51,3374.0,32.39923095703125,486.1428527832031
4,52,0.0,0.0,0.0
4,53,1573.0,426.0616760253906,248.2193298339844
4,54,2903.0,432.6128234863281,476.2790222167969
4,55,2836.0,310.4026794433594,479.36669921875
4,56,1001.0,462.32366943359375,498.7212829589844
4,57,1060.0,282.0,500.9679260253906
4,58,3977.0,101.76087188720705,270.4081115722656
4,59,1244.0,194.07395935058597,491.67041015625
4,60,2168.0,272.19049072265625,217.5825653076172
4,61,2488.0,275.50079345703125,299.875
4,62,2464.0,491.5718383789063,474.8896179199219
4,63,587.0,229.68484497070312,502.0698547363281
4,64,443.0,169.32054138183594,6.248307228088379
4,65,591.0,13.38071060180664,447.463623046875
4,66,0.0,0.0,0.0
4,67,3728.0,30.5828857421875,344.3706970214844
4,68,3095.0,100.10791778564452,370.3434448242188
4,69,4688.0,300.6657409667969,423.1028137207031
4,70,0.0,0.0,0.0
4,71,3881.0,182.7598571777344,290.343994140625
4,72,3232.0,146.33724975585938,373.4489440917969
4,73,3407.0,96.77340698242188,482.5480041503906
4,74,3864.0,56.10222625732422,20.63224601745605
4,75,2439.0,490.4588012695313,332.33416748046875
4,76,0.0,0.0,0.0
4,77,0.0,0.0,0.0
4,78,1794.0,382.9860534667969,316.5055847167969
4,79,0.0,0.0,0.0
4,80,1769.0,15.931034088134766,217.99661254882807
4,81,0.0,0.0,0.0
4,82,0.0,0.0,0.0
4,83,3793.0,72.22040557861328,226.1046600341797
4,84,2530.0,410.4529724121094,17.752174377441406
4,85,0.0,0.0,0.0
4,86,0.0,0.0,0.0
4,87,3165.0,404.5706176757813,159.43032836914062
4,88,1040.0,116.484619140625,12.15384578704834
4,89,3156.0,490.443603515625,104.00665283203124
4,90,3427.0,26.110883712768555,277.0502014160156
4,91,0.0,0.0,0.0
4,92,0.0,0.0,0.0
4,93,3376.0,333.6904602050781,159.2523651123047
4,94,3654.0,317.0057373046875,292.07745361328125
4,95,557.0,268.8599548339844,6.69658899307251
4,96,0.0,0.0,0.0
4,97,0.0,0.0,0.0
4,98,0.0,0.0,0.0
4,99,0.0,0.0,0.0
4,100,2668.0,235.9722595214844,314.9295349121094
4,101,0.0,0.0,0.0
4,102,0.0,0.0,0.0
4,103,0.0,0.0,0.0
4,104,0.0,0.0,0.0
4,105,0.0,0.0,0.0
4,106,0.0,0.0,0.0
4,107,0.0,0.0,0.0
4,108,0.0,0.0,0.0
4,109,0.0,0.0,0.0
4,110,0.0,0.0,0.0
4,111,0.0,0.0,0.0
4,112,0.0,0.0,0.0
4,113,0.0,0.0,0.0
4,114,0.0,0.0,0.0
4,115,0.0,0.0,0.0
4,116,0.0,0.0,0.0
4,117,0.0,0.0,0.0
4,118,0.0,0.0,0.0
4,119,0.0,0.0,0.0
4,120,0.0,0.0,0.0
4,121,0.0,0.0,0.0
4,122,0.0,0.0,0.0
4,123,0.0,0.0,0.0
4,124,0.0,0.0,0.0
4,125,0.0,0.0,0.0
4,126,0.0,0.0,0.0
4,127,0.0,0.0,0.0
4,128,0.0,0.0,0.0
4,129,0.0,0.0,0.0
4,130,0.0,0.0,0.0
4,131,0.0,0.0,0.0
4,132,0.0,0.0,0.0
5,0,3678.0,380.4102783203125,198.23001098632807
5,1,3602.0,307.0027770996094,221.29150390625
5,2,3100.0,436.6538696289063,305.7267761230469
5,3,4511.0,156.7344207763672,48.55176162719727
5,4,6592.0,372.96966552734375,262.393798828125
5,5,0.0,0.0,0.0
5,6,3759.0,485.2141418457031,266.9194030761719
5,7,4504.0,223.4007568359375,30.90386390686035
5,8,4831.0,364.24322509765625,54.60111618041992
5,9,5134.0,285.9571533203125,57.4499397277832
5,10,4234.0,312.6053466796875,113.60840606689452
5,11,4448.0,195.32598876953125,171.44581604003906
5,12,5026.0,233.51551818847656,245.66653442382807
5,13,2705.0,452.9859619140625,213.4558258056641
5,14,0.0,0.0,0.0
5,15,2040.0,328.79901123046875,14.475980758666992
5,16,3586.0,481.166748046875,29.2490234375
5,17,6458.0,93.5393295288086,85.54985809326172
5,18,3862.0,445.36663818359375,72.24520874023438
5,19,3922.0,397.1746520996094,104.94007873535156
5,20,5728.0,210.2896270751953,100.1977996826172
5,21,0.0,0.0,0.0
5,22,1565.0,494.4555969238281,161.84983825683594
5,23,4564.0,258.6356201171875,160.05828857421875
5,24,1632.0,493.9748840332031,205.91053771972656
5,25,4926.0,155.29800415039062,223.5004119873047
5,26,3756.0,374.7510681152344,355.8788757324219
5,27,3138.0,192.7208404541016,352.7781982421875
5,28,3001.0,256.2382507324219,367.0106506347656
5,29,4177.0,26.498205184936523,65.73521423339844
5,30,2300.0,131.5521697998047,314.50738525390625
5,31,3583.0,312.7784118652344,361.20458984375
5,32,5323.0,447.5380554199219,371.7212219238281
5,33,3040.0,78.03190612792969,324.25067138671875
5,34,4529.0,372.1011352539063,415.5431518554688
5,35,4426.0,26.153636932373047,144.6703643798828
5,36,5640.0,132.3556671142578,146.73883056640625
5,37,2013.0,66.40486907958984,397.0879211425781
5,38,3698.0,216.7939453125,406.4480895996094
5,39,3178.0,488.0129089355469,413.9499816894531
5,40,2175.0,430.6501159667969,430.0064392089844
5,41,2584.0,159.2635498046875,442.63775634765625
5,42,2406.0,73.16085052490234,440.9098205566406
5,43,1930.0,150.08860778808594,493.0663146972656
5,44,3563.0,68.35111236572266,172.2767333984375
5,45,2647.0,452.0120849609375,150.57044982910156
5,46,2839.0,21.827051162719727,402.8045043945313
5,47,2026.0,123.9111557006836,428.4299011230469
5,48,3254.0,249.43577575683597,462.7421569824219
5,49,2117.0,202.44827270507807,456.0680236816406
5,50,4105.0,371.1929321289063,481.2574768066406
5,51,3232.0,33.243194580078125,487.4368896484375
5,52,0.0,0.0,0.0
5,53,1756.0,426.9367980957031,246.82403564453125
5,54,2826.0,431.4327697753906,474.3998718261719
5,55,2872.0,310.0017395019531,478.3450622558594
5,56,995.0,459.7377014160156,499.3929748535156
5,57,1113.0,283.10870361328125,501.2407836914063
5,58,4326.0,106.22908020019533,270.225830078125
5,59,1425.0,191.122802734375,490.5031433105469
5,60,1835.0,271.9825744628906,219.61526489257807
5,61,1989.0,278.4821472167969,307.0316772460937
5,62,2616.0,490.0068664550781,474.881103515625
5,63,679.0,229.89837646484372,501.63916015625
5,64,328.0,176.14329528808594,5.5
5,65,1230.0,19.17398452758789,447.8097534179688
5,66,162.0,412.7530822753906,506.5493774414063
5,67,3851.0,29.54920768737793,343.06207275390625
5,68,2586.0,102.7188720703125,375.5522155761719
5,69,4579.0,301.1004638671875,422.6748046875
5,70,0.0,0.0,0.0
5,71,3936.0,184.4761199951172,291.59246826171875
5,72,3276.0,148.0576934814453,374.4578857421875
5,73,3286.0,96.9476547241211,483.1129150390625
5,74,4042.0,58.6204833984375,20.19495391845703
5,75,2458.0,490.2664794921875,331.8860778808594
5,76,0.0,0.0,0.0
5,77,0.0,0.0,0.0
5,78,1604.0,383.2843017578125,317.296142578125
5,79,0.0,0.0,0.0
5,80,1725.0,15.575072288513184,218.9339141845703
5,81,0.0,0.0,0.0
5,82,0.0,0.0,0.0
5,83,3923.0,72.57787322998047,225.87306213378903
5,84,2466.0,411.0579833984375,17.507299423217773
5,85,0.0,0.0,0.0
5,86,0.0,0.0,0.0
5,87,3063.0,404.7887573242188,159.09597778320312
5,88,955.0,123.13088989257812,10.589529037475586
5,89,3232.0,490.43408203125,104.18626403808594
5,90,3461.0,28.44986915588379,276.6258239746094
5,91,0.0,0.0,0.0
5,92,0.0,0.0,0.0
5,93,3433.0,334.4142150878906,160.1156463623047
5,94,3410.0,317.4627685546875,294.57769775390625
5,95,496.0,269.6612854003906,5.887096881866455
5,96,0.0,0.0,0.0
5,97,0.0,0.0,0.0
5,98,0.0,0.0,0.0
5,99,0.0,0.0,0.0
5,100,2676.0,236.80157470703125,315.1666564941406
5,101,0.0,0.0,0.0
5,102,0.0,0.0,0.0
5,103,0.0,0.0,0.0
5,104,0.0,0.0,0.0
5,105,0.0,0.0,0.0
5,106,0.0,0.0,0.0
5,107,0.0,0.0,0.0
5,108,0.0,0.0,0.0
5,109,0.0,0.0,0.0
5,110,0.0,0.0,0.0
5,111,0.0,0.0,0.0
5,112,0.0,0.0,0.0
5,113,0.0,0.0,0.0
5,114,0.0,0.0,0.0
5,115,0.0,0.0,0.0
5,116,0.0,0.0,0.0
5,117,0.0,0.0,0.0
5,118,0.0,0.0,0.0
5,119,0.0,0.0,0.0
5,120,0.0,0.0,0.0
5,121,0.0,0.0,0.0
5,122,0.0,0.0,0.0
5,123,0.0,0.0,0.0
5,124,0.0,0.0,0.0
5,125,0.0,0.0,0.0
5,126,0.0,0.0,0.0
5,127,0.0,0.0,0.0
5,128,0.0,0.0,0.0
5,129,0.0,0.0,0.0
5,130,0.0,0.0,0.0
5,131,0.0,0.0,0.0
5,132,0.0,0.0,0.0
6,0,3462.0,382.283935546875,197.9829559326172
6,1,4120.0,306.28179931640625,223.8101959228516
6,2,3090.0,437.3498229980469,305.8016052246094
6,3,4281.0,156.98341369628906,48.35272216796875
6,4,6335.0,370.8465576171875,260.4770202636719
6,5,0.0,0.0,0.0
6,6,3673.0,485.7247619628906,267.6253662109375
6,7,4649.0,225.4056854248047,30.37879180908203
6,8,4926.0,363.6946716308594,54.7415771484375
6,9,5206.0,285.8468933105469,56.34767532348633
6,10,4642.0,314.7145690917969,114.43170928955078
6,11,4279.0,195.79037475585935,171.17059326171875
6,12,5286.0,237.4540252685547,249.37060546875
6,13,2767.0,453.2652587890625,213.4105529785156
6,14,0.0,0.0,0.0
6,15,1916.0,329.049072265625,14.152400970458984
6,16,3630.0,481.2449035644531,29.51735496520996
6,17,6152.0,94.31713104248048,85.00471496582031
6,18,3880.0,445.3824768066406,73.9051513671875
6,19,3756.0,399.6741333007813,105.179443359375
6,20,5639.0,209.96258544921875,99.54903411865234
6,21,0.0,0.0,0.0
6,22,1550.0,494.9180603027344,162.8800048828125
6,23,4629.0,258.4050598144531,159.83840942382812
6,24,1626.0,493.8093566894531,206.3401031494141
6,25,5407.0,158.2626190185547,225.63546752929688
6,26,3760.0,374.8114318847656,357.08563232421875
6,27,3206.0,193.494384765625,352.9301452636719
6,28,3278.0,257.9542541503906,367.9752807617188
6,29,4259.0,27.992721557617188,66.49565887451172
6,30,2494.0,132.69285583496094,317.2975158691406
6,31,3425.0,313.40087890625,361.5211791992188
6,32,5461.0,446.3726501464844,372.4938659667969
6,33,3333.0,78.2364273071289,322.7629699707031
6,34,4354.0,371.8544006347656,415.8082275390625
6,35,4398.0,26.052978515625,144.1036834716797
6,36,6017.0,132.58384704589844,146.838623046875
6,37,1436.0,66.60445404052734,406.8287048339844
6,38,3614.0,217.3284454345703,407.2000427246094
6,39,3129.0,487.4956970214844,413.27197265625
6,40,2039.0,430.6032409667969,431.9529113769531
6,41,2566.0,160.57754516601562,442.2517395019531
6,42,2115.0,73.4992904663086,439.91064453125
6,43,1856.0,150.31680297851562,493.0501098632813
6,44,3800.0,68.24026489257812,172.557373046875
6,45,2541.0,452.9574890136719,151.1031036376953
6,46,2752.0,21.97819709777832,401.5722961425781
6,47,1988.0,124.7681121826172,429.4401550292969
6,48,3227.0,249.37185668945312,461.46978759765625
6,49,1995.0,202.5538787841797,457.0035095214844
6,50,4012.0,370.6373291015625,479.9895324707031
6,51,3061.0,32.59849548339844,488.5576477050781
6,52,2711.0,42.37550735473633,17.811140060424805
6,53,1897.0,427.4718017578125,247.44281005859372
6,54,2684.0,430.6847839355469,473.6091613769531
6,55,2944.0,310.2218017578125,479.53363037109375
6,56,1039.0,458.6785278320313,499.0885314941406
6,57,1031.0,281.90106201171875,501.6731262207031
6,58,4174.0,107.87158966064452,270.4140014648437
6,59,1409.0,190.06884765625,490.2661437988281
6,60,1728.0,270.2569580078125,222.32986450195312
6,61,1493.0,281.0890808105469,312.8379211425781
6,62,2782.0,489.93206787109375,474.32818603515625
6,63,840.0,230.7452392578125,501.384521484375
6,64,485.0,174.0494842529297,6.305154800415039
6,65,1406.0,19.577524185180664,447.3712768554688
6,66,300.0,412.7733459472656,505.7733459472656
6,67,3256.0,42.47942352294922,353.5356140136719
6,68,2600.0,102.04154205322266,379.41693115234375
6,69,4450.0,302.06494140625,423.7887573242188
6,70,1113.0,8.525606155395508,331.0287475585937
6,71,3542.0,186.65386962890625,292.9486083984375
6,72,3250.0,149.10337829589844,375.6424560546875
6,73,3662.0,94.90087127685548,481.513916015625
6,74,1436.0,89.2103042602539,25.15041732788086
6,75,2437.0,491.10833740234375,333.1920471191406
6,76,0.0,0.0,0.0
6,77,0.0,0.0,0.0
6,78,2026.0,387.5276489257813,314.9871520996094
6,79,0.0,0.0,0.0
6,80,1875.0,16.8309326171875,218.7760009765625
6,81,0.0,0.0,0.0
6,82,0.0,0.0,0.0
6,83,3656.0,73.91712188720703,227.64442443847656
6,84,2547.0,411.7962341308594,17.957597732543945
6,85,0.0,0.0,0.0
6,86,0.0,0.0,0.0
6,87,2945.0,405.3195190429688,158.21969604492188
6,88,903.0,121.2336654663086,11.424141883850098
6,89,3177.0,490.7913208007813,104.45986938476562
6,90,3460.0,28.90028953552246,276.4919128417969
6,91,0.0,0.0,0.0
6,92,0.0,0.0,0.0
6,93,3458.0,336.6584777832031,163.2894744873047
6,94,3034.0,318.2887268066406,298.7659912109375
6,95,282.0,276.5248107910156,3.897163152694702
6,96,0.0,0.0,0.0
6,97,0.0,0.0,0.0
6,98,0.0,0.0,0.0
6,99,0.0,0.0,0.0
6,100,2681.0,237.77545166015625,315.35546875
6,101,0.0,0.0,0.0
6,102,0.0,0.0,0.0
6,103,0.0,0.0,0.0
6,104,0.0,0.0,0.0
6,105,0.0,0.0,0.0
6,106,0.0,0.0,0.0
6,107,0.0,0.0,0.0
6,108,0.0,0.0,0.0
6,109,0.0,0.0,0.0
6,110,0.0,0.0,0.0
6,111,0.0,0.0,0.0
6,112,0.0,0.0,0.0
6,113,0.0,0.0,0.0
6,114,0.0,0.0,0.0
6,115,0.0,0.0,0.0
6,116,0.0,0.0,0.0
6,117,0.0,0.0,0.0
6,118,0.0,0.0,0.0
6,119,0.0,0.0,0.0
6,120,0.0,0.0,0.0
6,121,0.0,0.0,0.0
6,122,0.0,0.0,0.0
6,123,0.0,0.0,0.0
6,124,0.0,0.0,0.0
6,125,0.0,0.0,0.0
6,126,0.0,0.0,0.0
6,127,0.0,0.0,0.0
6,128,0.0,0.0,0.0
6,129,0.0,0.0,0.0
6,130,0.0,0.0,0.0
6,131,0.0,0.0,0.0
6,132,0.0,0.0,0.0
7,0,2775.0,392.2698974609375,198.67819213867188
7,1,4101.0,305.4798889160156,224.2158050537109
7,2,3005.0,438.3740539550781,306.26422119140625
7,3,4098.0,156.7388916015625,48.296974182128906
7,4,6611.0,371.9873046875,264.2172241210937
7,5,0.0,0.0,0.0
7,6,3765.0,485.5747680664063,268.4791564941406
7,7,4647.0,226.7959899902344,30.526145935058597
7,8,4794.0,363.17584228515625,54.67354965209961
7,9,5215.0,286.5346069335937,55.7743034362793
7,10,4693.0,317.3978271484375,114.9311752319336
7,11,4313.0,195.6197509765625,170.78321838378906
7,12,4927.0,239.5914306640625,250.4219665527344
7,13,2562.0,453.7295227050781,212.28024291992188
7,14,0.0,0.0,0.0
7,15,1932.0,329.72515869140625,13.983436584472656
7,16,3599.0,480.9249877929688,29.377605438232425
7,17,5957.0,94.99143981933594,84.47759246826172
7,18,3735.0,445.6768493652344,75.09022521972656
7,19,3836.0,400.7135009765625,103.85010528564452
7,20,5745.0,209.86944580078125,98.6835479736328
7,21,0.0,0.0,0.0
7,22,1516.0,495.6220397949219,163.44789123535156
7,23,4871.0,259.02423095703125,159.46417236328125
7,24,1639.0,493.4978637695313,206.4655303955078
7,25,5626.0,159.98507690429688,225.70921325683597
7,26,3726.0,375.5628051757813,358.1282958984375
7,27,3554.0,194.68316650390625,356.311767578125
7,28,3278.0,258.5695495605469,368.9664306640625
7,29,4508.0,28.60226249694824,67.34516143798828
7,30,2827.0,132.256103515625,317.937744140625
7,31,3407.0,314.3296203613281,363.0137939453125
7,32,5433.0,445.4273986816406,372.1544189453125
7,33,3047.0,76.9028549194336,321.0843505859375
7,34,4043.0,371.0650634765625,415.5025939941406
7,35,4134.0,26.13812255859375,143.9610595703125
7,36,6019.0,132.48130798339844,145.9164276123047
7,37,1377.0,66.8119125366211,408.0740661621094
7,38,3276.0,219.12088012695312,410.6407165527344
7,39,3230.0,487.0210571289063,412.55511474609375
7,40,2024.0,429.2998962402344,431.3443603515625
7,41,2546.0,162.2376251220703,440.7910461425781
7,42,3114.0,75.5818862915039,448.7761840820313
7,43,1825.0,149.5074005126953,492.7457580566406
7,44,4209.0,66.26324462890625,174.7674102783203
7,45,2516.0,452.979736328125,152.26828002929688
7,46,2839.0,22.085594177246094,400.7256164550781
7,47,2163.0,123.8035125732422,431.5177917480469
7,48,3303.0,251.53042602539065,460.0184631347656
7,49,1882.0,204.09510803222656,456.8076477050781
7,50,3996.0,369.4544677734375,479.12786865234375
7,51,2941.0,33.71506118774414,489.7269592285156
7,52,2402.0,39.1786003112793,17.044130325317383
7,53,2150.0,428.3944091796875,248.75767517089844
7,54,2702.0,429.94818115234375,471.6432189941406
7,55,3061.0,309.27996826171875,479.3194885253906
7,56,1098.0,457.4571838378906,499.41986083984375
7,57,923.0,282.1646728515625,502.0563354492188
7,58,4305.0,108.35191345214844,270.1221923828125
7,59,1523.0,189.3604736328125,489.4451599121094
7,60,1640.0,268.6146240234375,220.77682495117188
7,61,1520.0,280.5841979980469,313.0565795898437
7,62,2772.0,489.6028137207031,474.1053466796875
7,63,952.0,231.1911773681641,500.7762756347656
7,64,576.0,176.56076049804688,6.994791507720947
7,65,1556.0,19.190231323242188,448.951171875
7,66,419.0,413.0835266113281,504.72076416015625
7,67,3334.0,42.81313705444336,354.0359802246094
7,68,2687.0,100.96688079833984,378.1808776855469
7,69,4090.0,304.33984375,423.1843566894531
7,70,1049.0,8.782649993896484,327.6510925292969
7,71,3211.0,187.60916137695312,290.67205810546875
7,72,3220.0,149.2298126220703,376.9968872070313
7,73,2515.0,100.58409881591795,488.8683776855469
7,74,1955.0,89.47826385498047,23.24910545349121
7,75,2263.0,491.56341552734375,334.9491882324219
7,76,0.0,0.0,0.0
7,77,0.0,0.0,0.0
7,78,1533.0,387.2759399414063,320.0280456542969
7,79,0.0,0.0,0.0
7,80,2004.0,17.295408248901367,219.45709228515625
7,81,0.0,0.0,0.0
7,82,0.0,0.0,0.0
7,83,3338.0,77.0751953125,227.9481658935547
7,84,2640.0,412.7503662109375,18.476137161254883
7,85,0.0,0.0,0.0
7,86,0.0,0.0,0.0
7,87,2951.0,404.77294921875,157.73568725585938
7,88,727.0,127.38514709472656,10.639615058898926
7,89,3293.0,490.2897033691406,104.29456329345705
7,90,3307.0,29.24856376647949,276.7408447265625
7,91,0.0,0.0,0.0
7,92,0.0,0.0,0.0
7,93,4176.0,339.9267272949219,172.3184814453125
7,94,3289.0,318.7470397949219,298.9221496582031
7,95,177.0,275.5423583984375,2.4632768630981445
7,96,0.0,0.0,0.0
7,97,0.0,0.0,0.0
7,98,0.0,0.0,0.0
7,99,0.0,0.0,0.0
7,100,3021.0,234.7547149658203,315.7037353515625
7,101,0.0,0.0,0.0
7,102,0.0,0.0,0.0
7,103,0.0,0.0,0.0
7,104,0.0,0.0,0.0
7,105,0.0,0.0,0.0
7,106,0.0,0.0,0.0
7,107,0.0,0.0,0.0
7,108,0.0,0.0,0.0
7,109,0.0,0.0,0.0
7,110,0.0,0.0,0.0
7,111,0.0,0.0,0.0
7,112,0.0,0.0,0.0
7,113,0.0,0.0,0.0
7,114,0.0,0.0,0.0
7,115,0.0,0.0,0.0
7,116,0.0,0.0,0.0
7,117,0.0,0.0,0.0
7,118,0.0,0.0,0.0
7,119,0.0,0.0,0.0
7,120,0.0,0.0,0.0
7,121,0.0,0.0,0.0
7,122,0.0,0.0,0.0
7,123,0.0,0.0,0.0
7,124,0.0,0.0,0.0
7,125,0.0,0.0,0.0
7,126,0.0,0.0,0.0
7,127,0.0,0.0,0.0
7,128,0.0,0.0,0.0
7,129,0.0,0.0,0.0
7,130,0.0,0.0,0.0
7,131,0.0,0.0,0.0
7,132,0.0,0.0,0.0
8,0,2927.0,390.3963012695313,197.37786865234372
8,1,4565.0,304.79473876953125,225.0041656494141
8,2,2907.0,439.931884765625,307.2311706542969
8,3,3876.0,156.1803436279297,48.1295166015625
8,4,6420.0,373.0358276367188,261.4256896972656
8,5,0.0,0.0,0.0
8,6,3740.0,486.0545349121094,269.3465270996094
8,7,4687.0,227.44122314453125,30.412416458129883
8,8,4834.0,363.5773620605469,55.24637985229492
8,9,5195.0,286.1730651855469,55.78633117675781
8,10,4891.0,318.4800720214844,114.56287384033205
8,11,4139.0,196.54119873046875,170.79293823242188
8,12,4707.0,240.756103515625,250.61058044433597
8,13,2512.0,453.09515380859375,213.6918792724609
8,14,0.0,0.0,0.0
8,15,1928.0,330.42999267578125,14.395747184753418
8,16,3655.0,481.5003967285156,29.82818031311035
8,17,5673.0,96.26300048828124,85.07544708251953
8,18,3919.0,445.4845581054688,77.6915054321289
8,19,3649.0,402.2088317871094,105.07618713378906
8,20,5977.0,209.3463287353516,99.21348571777344
8,21,0.0,0.0,0.0
8,22,1577.0,495.6461486816406,164.07672119140625
8,23,4934.0,260.0628356933594,161.1822052001953
8,24,1672.0,492.482666015625,206.9246368408203
8,25,5866.0,161.67184448242188,225.80105590820312
8,26,3528.0,376.3968200683594,360.7990417480469
8,27,3784.0,195.6749420166016,359.70269775390625
8,28,3380.0,259.8875732421875,369.4118347167969
8,29,4762.0,30.949811935424805,68.39604949951172
8,30,3112.0,132.26092529296875,316.4476318359375
8,31,3264.0,315.3703918457031,364.4837646484375
8,32,5635.0,445.8903198242188,373.1455078125
8,33,2619.0,76.82665252685547,319.3970947265625
8,34,3854.0,370.4146423339844,416.1452941894531
8,35,4034.0,26.31110572814941,144.10386657714844
8,36,6110.0,132.7044219970703,146.4425506591797
8,37,1095.0,69.15798950195312,408.8310546875
8,38,3076.0,220.69798278808597,411.931396484375
8,39,2983.0,487.9312744140625,413.194091796875
8,40,2056.0,429.73736572265625,431.8375549316406
8,41,2588.0,162.97372436523438,440.2700805664063
8,42,3400.0,77.41735076904297,449.96234130859375
8,43,1710.0,149.95263671875,493.0198974609375
8,44,4422.0,67.08842468261719,175.59317016601562
8,45,2397.0,453.5223083496094,154.3562774658203
8,46,3084.0,24.14234733581543,401.1650390625
8,47,2134.0,124.00515747070312,433.5154724121094
8,48,3154.0,253.23684692382807,459.8176879882813
8,49,1928.0,205.76296997070312,455.79150390625
8,50,4050.0,369.02740478515625,478.912841796875
8,51,2894.0,34.452659606933594,489.7156066894531
8,52,2047.0,33.05276107788086,16.159257888793945
8,53,2340.0,427.744873046875,249.27947998046875
8,54,2515.0,429.3761291503906,469.79205322265625
8,55,3226.0,307.5461730957031,478.96527099609375
8,56,1691.0,443.1354370117188,500.4252014160156
8,57,812.0,283.0246276855469,503.2893981933594
8,58,4040.0,109.02400970458984,269.6190490722656
8,59,1607.0,189.62600708007807,489.2103271484375
8,60,1249.0,267.177734375,225.10888671875
8,61,1773.0,281.878173828125,310.8347473144531
8,62,2824.0,489.2234497070313,473.8778381347656
8,63,1008.0,231.1240081787109,500.0545654296875
8,64,678.0,176.15634155273438,7.569321632385254
8,65,1638.0,18.931623458862305,450.27349853515625
8,66,0.0,0.0,0.0
8,67,3403.0,45.8463134765625,356.18896484375
8,68,2672.0,101.58084106445312,377.2256774902344
8,69,3865.0,305.298828125,422.8328552246094
8,70,928.0,8.954741477966309,331.2456970214844
8,71,3975.0,193.8228912353516,294.0908203125
8,72,3259.0,148.25682067871094,376.3194274902344
8,73,2294.0,102.44943237304688,491.0675659179688
8,74,2400.0,86.50749969482422,22.9112491607666
8,75,2222.0,492.4216918945313,336.6453552246094
8,76,0.0,0.0,0.0
8,77,0.0,0.0,0.0
8,78,1895.0,385.1794128417969,320.1498718261719
8,79,0.0,0.0,0.0
8,80,2155.0,17.673316955566406,219.90951538085935
8,81,0.0,0.0,0.0
8,82,0.0,0.0,0.0
8,83,3173.0,76.68704986572266,230.47840881347656
8,84,2718.0,413.9459228515625,18.64937400817871
8,85,0.0,0.0,0.0
8,86,0.0,0.0,0.0
8,87,2645.0,406.3920593261719,157.84498596191406
8,88,710.0,128.08169555664062,10.280282020568848
8,89,3191.0,490.4506530761719,105.01754760742188
8,90,3702.0,29.39141082763672,280.7749938964844
8,91,0.0,0.0,0.0
8,92,0.0,0.0,0.0
8,93,3889.0,340.1475830078125,168.47415161132812
8,94,3344.0,322.44049072265625,301.3717041015625
8,95,169.0,278.66864013671875,2.8698225021362305
8,96,0.0,0.0,0.0
8,97,0.0,0.0,0.0
8,98,0.0,0.0,0.0
8,99,0.0,0.0,0.0
8,100,2230.0,241.2681579589844,317.85382080078125
8,101,0.0,0.0,0.0
8,102,0.0,0.0,0.0
8,103,0.0,0.0,0.0
8,104,0.0,0.0,0.0
8,105,0.0,0.0,0.0
8,106,0.0,0.0,0.0
8,107,0.0,0.0,0.0
8,108,0.0,0.0,0.0
8,109,0.0,0.0,0.0
8,110,0.0,0.0,0.0
8,111,0.0,0.0,0.0
8,112,0.0,0.0,0.0
8,113,0.0,0.0,0.0
8,114,0.0,0.0,0.0
8,115,0.0,0.0,0.0
8,116,0.0,0.0,0.0
8,117,0.0,0.0,0.0
8,118,0.0,0.0,0.0
8,119,0.0,0.0,0.0
8,120,0.0,0.0,0.0
8,121,0.0,0.0,0.0
8,122,0.0,0.0,0.0
8,123,0.0,0.0,0.0
8,124,0.0,0.0,0.0
8,125,0.0,0.0,0.0
8,126,0.0,0.0,0.0
8,127,0.0,0.0,0.0
8,128,0.0,0.0,0.0
8,129,0.0,0.0,0.0
8,130,0.0,0.0,0.0
8,131,0.0,0.0,0.0
8,132,0.0,0.0,0.0
9,0,3038.0,389.32916259765625,198.0131683349609
9,1,4738.0,307.5341796875,224.7030334472656
9,2,3197.0,439.0588073730469,304.9759216308594
9,3,3883.0,155.6940460205078,47.60133743286133
9,4,6006.0,374.7096252441406,263.6724853515625
9,5,0.0,0.0,0.0
9,6,3660.0,486.2540893554688,269.639892578125
9,7,4773.0,228.1661376953125,30.97150611877441
9,8,4984.0,364.3956604003906,55.51484680175781
9,9,5153.0,287.1641845703125,55.58024597167969
9,10,4871.0,319.3108215332031,114.56703186035156
9,11,4174.0,198.5091094970703,171.3037872314453
9,12,4141.0,244.5438232421875,255.47935485839844
9,13,2535.0,453.3656921386719,215.4635162353516
9,14,3.0,361.0,296.3333435058594
9,15,1881.0,330.57470703125,13.988835334777832
9,16,3715.0,481.8707885742188,30.36527633666992
9,17,5286.0,98.69352722167967,84.49961853027344
9,18,4066.0,444.5755004882813,76.73241424560547
9,19,3509.0,403.2433776855469,107.49444580078124
9,20,6125.0,209.06057739257807,99.4736328125
9,21,0.0,0.0,0.0
9,22,1616.0,495.776611328125,165.1930694580078
9,23,4985.0,261.5346069335937,161.80581665039062
9,24,1673.0,491.7872009277344,207.46861267089844
9,25,6498.0,166.4736785888672,226.38165283203125
9,26,3703.0,376.231689453125,362.4215393066406
9,27,3963.0,195.60888671875,362.0264892578125
9,28,3524.0,261.597900390625,371.7145385742188
9,29,4923.0,32.93682861328125,69.76680755615234
9,30,3177.0,133.8300323486328,317.8297119140625
9,31,3157.0,316.7741394042969,365.7507019042969
9,32,5850.0,446.3463134765625,374.2403564453125
9,33,2654.0,76.01319122314453,319.95440673828125
9,34,3643.0,369.9464721679688,417.3195190429688
9,35,3997.0,26.352014541625977,143.4578399658203
9,36,6012.0,133.11959838867188,146.86492919921875
9,37,1227.0,70.27220916748047,409.1784973144531
9,38,2971.0,221.09559631347656,413.0013427734375
9,39,2737.0,488.18560791015625,415.1011962890625
9,40,2050.0,429.9536437988281,432.9004821777344
9,41,2613.0,162.43399047851562,442.4098815917969
9,42,3448.0,78.9303970336914,451.43011474609375
9,43,1575.0,150.57777404785156,494.6457214355469
9,44,4748.0,68.0621337890625,175.5933074951172
9,45,2254.0,454.52349853515625,154.7196044921875
9,46,2965.0,25.44789123535156,404.642822265625
9,47,2241.0,123.84828186035156,435.6492614746094
9,48,3494.0,256.74127197265625,461.0872802734375
9,49,1911.0,207.0146484375,455.3840942382813
9,50,4078.0,368.9188232421875,479.4190673828125
9,51,2984.0,35.173927307128906,489.8857116699219
9,52,2348.0,37.29983139038086,17.05536651611328
9,53,2134.0,425.8472290039063,246.5220184326172
9,54,2452.0,429.6252136230469,469.8845825195313
9,55,3049.0,308.8714294433594,481.2076110839844
9,56,1680.0,441.7654724121094,500.6946411132813
9,57,527.0,281.66033935546875,504.78369140625
9,58,4007.0,107.12078857421876,269.6952819824219
9,59,1680.0,190.35357666015625,488.9029846191406
9,60,1254.0,266.15789794921875,224.16427612304688
9,61,1885.0,283.0238647460937,312.76922607421875
9,62,2861.0,489.0978698730469,474.4459838867188
9,63,1003.0,232.2562255859375,500.1126708984375
9,64,730.0,175.80410766601562,8.172602653503418
9,65,1514.0,18.54161071777344,451.1578674316406
9,66,0.0,0.0,0.0
9,67,3436.0,42.60593795776367,357.42840576171875
9,68,2843.0,101.99226379394533,375.6152038574219
9,69,3665.0,307.5489807128906,424.3437805175781
9,70,994.0,9.438632011413574,328.50201416015625
9,71,4128.0,193.4440460205078,294.7783508300781
9,72,3027.0,148.35975646972656,378.63958740234375
9,73,2018.0,102.05500793457033,493.4880981445313
9,74,2157.0,89.31385803222656,24.18590545654297
9,75,2309.0,492.2568359375,337.4257202148437
9,76,0.0,0.0,0.0
9,77,0.0,0.0,0.0
9,78,1836.0,382.808837890625,320.2913818359375
9,79,0.0,0.0,0.0
9,80,2184.0,16.951007843017578,218.89376831054688
9,81,0.0,0.0,0.0
9,82,0.0,0.0,0.0
9,83,3024.0,76.77777862548828,230.7268524169922
9,84,2651.0,413.99169921875,17.967182159423828
9,85,0.0,0.0,0.0
9,86,0.0,0.0,0.0
9,87,2628.0,408.5220642089844,158.73858642578125
9,88,642.0,125.37383270263672,10.344236373901367
9,89,3140.0,490.2245178222656,106.1442642211914
9,90,3679.0,30.33405876159668,280.3876037597656
9,91,0.0,0.0,0.0
9,92,0.0,0.0,0.0
9,93,3849.0,341.1096496582031,167.65835571289062
9,94,3379.0,321.4350280761719,300.068359375
9,95,157.0,279.4331359863281,2.484076499938965
9,96,0.0,0.0,0.0
9,97,0.0,0.0,0.0
9,98,0.0,0.0,0.0
9,99,0.0,0.0,0.0
9,100,2188.0,242.34918212890625,319.6339111328125
9,101,0.0,0.0,0.0
9,102,0.0,0.0,0.0
9,103,0.0,0.0,0.0
9,104,0.0,0.0,0.0
9,105,0.0,0.0,0.0
9,106,0.0,0.0,0.0
9,107,0.0,0.0,0.0
9,108,0.0,0.0,0.0
9,109,0.0,0.0,0.0
9,110,0.0,0.0,0.0
9,111,0.0,0.0,0.0
9,112,0.0,0.0,0.0
9,113,0.0,0.0,0.0
9,114,0.0,0.0,0.0
9,115,0.0,0.0,0.0
9,116,0.0,0.0,0.0
9,117,0.0,0.0,0.0
9,118,0.0,0.0,0.0
9,119,0.0,0.0,0.0
9,120,0.0,0.0,0.0
9,121,0.0,0.0,0.0
9,122,0.0,0.0,0.0
9,123,0.0,0.0,0.0
9,124,0.0,0.0,0.0
9,125,0.0,0.0,0.0
9,126,0.0,0.0,0.0
9,127,0.0,0.0,0.0
9,128,0.0,0.0,0.0
9,129,0.0,0.0,0.0
9,130,0.0,0.0,0.0
9,131,0.0,0.0,0.0
9,132,0.0,0.0,0.0
10,0,3778.0,390.37640380859375,199.76495361328125
10,1,4766.0,308.9483947753906,224.77989196777344
10,2,3453.0,437.9640808105469,306.3761901855469
10,3,3567.0,155.7527313232422,47.98850631713867
10,4,6024.0,374.9324340820313,267.92877197265625
10,5,0.0,0.0,0.0
10,6,3697.0,485.94049072265625,270.47174072265625
10,7,4794.0,229.38673400878903,31.210472106933597
10,8,5092.0,365.18597412109375,55.38432693481445
10,9,5068.0,287.3275451660156,55.93074035644531
10,10,5840.0,323.9862976074219,118.92808532714844
10,11,4281.0,201.1373443603516,173.1539306640625
10,12,3900.0,245.00436401367188,256.55078125
10,13,2469.0,453.17333984375,215.0623779296875
10,14,0.0,0.0,0.0
10,15,1851.0,330.7077331542969,13.875202178955078
10,16,3842.0,481.8027038574219,31.349557876586918
10,17,4845.0,100.22208404541016,83.19752502441406
10,18,4117.0,444.7401123046875,78.13966369628906
10,19,3348.0,403.6759338378906,109.334228515625
10,20,6188.0,208.03829956054688,99.45879364013672
10,21,0.0,0.0,0.0
10,22,1450.0,496.3200073242188,164.79171752929688
10,23,5029.0,263.2453918457031,160.46131896972656
10,24,1717.0,491.8520812988281,207.3220672607422
10,25,6356.0,166.1076202392578,226.0648193359375
10,26,3884.0,376.7989196777344,362.78759765625
10,27,3925.0,196.2379608154297,362.56256103515625
10,28,3502.0,262.1679077148437,372.6507568359375
10,29,4777.0,35.22315216064453,72.89491271972656
10,30,3283.0,134.8157196044922,319.49072265625
10,31,3145.0,316.5984191894531,366.3039855957031
10,32,5857.0,448.0028991699219,375.8610229492188
10,33,2421.0,79.72697448730469,319.7790222167969
10,34,3545.0,369.8685607910156,417.83892822265625
10,35,3877.0,25.87799835205078,143.58059692382812
10,36,6093.0,134.0198516845703,145.3676300048828
10,37,1516.0,69.84102630615234,409.1596374511719
10,38,3220.0,220.60931396484372,414.2381896972656
10,39,2277.0,488.7136535644531,416.9442138671875
10,40,2219.0,430.4303588867188,433.31005859375
10,41,2522.0,162.45162963867188,444.0130920410156
10,42,3581.0,79.88355255126953,453.5135498046875
10,43,1389.0,152.50611877441406,494.8531188964844
10,44,5160.0,68.87151336669922,174.3569793701172
10,45,2344.0,454.6514587402344,155.35751342773438
10,46,3092.0,23.57891273498535,402.0478515625
10,47,2249.0,124.25211334228516,435.2716674804688
10,48,3538.0,259.57574462890625,461.9615478515625
10,49,1893.0,209.4315948486328,457.6101379394531
10,50,3918.0,369.7784729003906,479.0273132324219
10,51,2867.0,35.73700714111328,490.8974609375
10,52,2716.0,36.02098846435547,18.85677528381348
10,53,1950.0,427.362060546875,250.3702545166016
10,54,2377.0,429.7362365722656,470.69036865234375
10,55,2800.0,311.50750732421875,482.5589294433594
10,56,1644.0,441.3430786132813,500.74755859375
10,57,533.0,282.1463317871094,504.3377075195313
10,58,3805.0,106.4289093017578,271.30828857421875
10,59,1711.0,190.6534118652344,489.2326049804688
10,60,1492.0,267.4041442871094,225.15550231933597
10,61,1988.0,283.4320983886719,313.47735595703125
10,62,2879.0,488.5394287109375,474.9461669921875
10,63,978.0,233.049072265625,500.2873229980469
10,64,900.0,174.98777770996094,9.366666793823242
10,65,1618.0,18.55438804626465,452.2904968261719
10,66,0.0,0.0,0.0
10,67,3299.0,45.7402229309082,355.5444030761719
10,68,2750.0,101.95091247558594,375.4298095703125
10,69,3664.0,308.9997253417969,425.7636413574219
10,70,1234.0,11.01053524017334,326.172607421875
10,71,4520.0,194.6289825439453,294.1347351074219
10,72,2953.0,149.11953735351562,381.0683898925781
10,73,2002.0,105.29320526123048,494.5419616699219
10,74,2269.0,91.51652526855467,25.022035598754883
10,75,2318.0,492.7812805175781,339.3878479003906
10,76,0.0,0.0,0.0
10,77,0.0,0.0,0.0
10,78,1292.0,384.2074279785156,322.4868469238281
10,79,0.0,0.0,0.0
10,80,2084.0,16.756717681884766,218.38003540039065
10,81,0.0,0.0,0.0
10,82,0.0,0.0,0.0
10,83,3271.0,78.95506286621094,231.2873687744141
10,84,2641.0,414.9844665527344,18.6838321685791
10,85,0.0,0.0,0.0
10,86,0.0,0.0,0.0
10,87,2334.0,408.3320617675781,157.57240295410156
10,88,605.0,128.29917907714844,9.507437705993652
10,89,3044.0,490.49212646484375,108.35578155517578
10,90,3596.0,31.45216941833496,279.837890625
10,91,0.0,0.0,0.0
10,92,0.0,0.0,0.0
10,93,2661.0,341.8072204589844,172.47238159179688
10,94,3400.0,322.3432312011719,299.9458923339844
10,95,170.0,279.2411804199219,3.2058823108673096
10,96,0.0,0.0,0.0
10,97,0.0,0.0,0.0
10,98,0.0,0.0,0.0
10,99,0.0,0.0,0.0
10,100,2030.0,242.96847534179688,320.75811767578125
10,101,0.0,0.0,0.0
10,102,0.0,0.0,0.0
10,103,0.0,0.0,0.0
10,104,0.0,0.0,0.0
10,105,0.0,0.0,0.0
10,106,0.0,0.0,0.0
10,107,0.0,0.0,0.0
10,108,0.0,0.0,0.0
10,109,0.0,0.0,0.0
10,110,0.0,0.0,0.0
10,111,0.0,0.0,0.0
10,112,0.0,0.0,0.0
10,113,0.0,0.0,0.0
10,114,0.0,0.0,0.0
10,115,0.0,0.0,0.0
10,116,0.0,0.0,0.0
10,117,0.0,0.0,0.0
10,118,0.0,0.0,0.0
10,119,0.0,0.0,0.0
10,120,0.0,0.0,0.0
10,121,0.0,0.0,0.0
10,122,0.0,0.0,0.0
10,123,0.0,0.0,0.0
10,124,0.0,0.0,0.0
10,125,0.0,0.0,0.0
10,126,0.0,0.0,0.0
10,127,0.0,0.0,0.0
10,128,0.0,0.0,0.0
10,129,0.0,0.0,0.0
10,130,0.0,0.0,0.0
10,131,0.0,0.0,0.0
10,132,0.0,0.0,0.0
11,0,3909.0,388.9636840820313,200.72218322753903
11,1,4944.0,309.35760498046875,226.20651245117188
11,2,2853.0,437.6883850097656,313.0063171386719
11,3,3442.0,155.86083984375,47.74898147583008
11,4,6101.0,371.8542785644531,269.2263488769531
11,5,0.0,0.0,0.0
11,6,3965.0,485.8875122070313,273.313232421875
11,7,4817.0,230.0626983642578,32.115840911865234
11,8,5375.0,366.4885559082031,56.03702163696289
11,9,5149.0,287.42919921875,56.49679565429688
11,10,5242.0,323.6436462402344,117.34719848632812
11,11,4585.0,202.87001037597656,173.39149475097656
11,12,3732.0,246.21463012695312,258.12994384765625
11,13,2376.0,453.083740234375,215.34469604492188
11,14,0.0,0.0,0.0
11,15,1795.0,330.8283996582031,14.5938720703125
11,16,1976.0,486.6001892089844,46.67054748535156
11,17,4731.0,101.4267578125,82.31705474853516
11,18,4383.0,445.7793884277344,79.93794250488281
11,19,3087.0,403.3569946289063,111.67282104492188
11,20,6171.0,207.10501098632807,99.70587921142578
11,21,0.0,0.0,0.0
11,22,1053.0,495.3713073730469,172.4757843017578
11,23,4945.0,264.8634948730469,159.0548095703125
11,24,1771.0,491.5646667480469,208.39244079589844
11,25,6484.0,165.91456604003906,224.8719940185547
11,26,4005.0,376.8719177246094,362.7425842285156
11,27,3763.0,197.29312133789065,363.5325622558594
11,28,3609.0,263.0376892089844,373.0531921386719
11,29,4898.0,35.452022552490234,73.63372802734375
11,30,3451.0,136.84323120117188,320.0246276855469
11,31,3052.0,317.7821044921875,366.1261596679688
11,32,5941.0,447.830322265625,376.99359130859375
11,33,3008.0,85.44514465332031,328.3314514160156
11,34,3397.0,370.5033874511719,418.2770080566406
11,35,3687.0,26.50094985961914,143.28695678710938
11,36,5726.0,134.11753845214844,143.82081604003906
11,37,1522.0,70.63008880615234,409.0650329589844
11,38,3442.0,219.9712371826172,415.8044738769531
11,39,2518.0,489.0305786132813,418.21722412109375
11,40,2204.0,430.0403747558594,435.5208740234375
11,41,2321.0,163.5536346435547,443.9009094238281
11,42,3643.0,78.30084991455078,454.0140075683594
11,43,1329.0,152.65386962890625,494.935302734375
11,44,5347.0,70.26575469970703,173.53225708007812
11,45,2343.0,454.47802734375,156.37303161621094
11,46,2807.0,24.935518264770508,406.2237243652344
11,47,2392.0,125.69481658935548,437.3963317871094
11,48,3519.0,260.5146484375,461.9141845703125
11,49,1803.0,211.7681579589844,460.2895202636719
11,50,4108.0,370.4245300292969,479.912109375
11,51,2529.0,37.33728790283203,493.9268493652344
11,52,2615.0,35.143402099609375,19.210325241088867
11,53,2698.0,427.948486328125,258.3246765136719
11,54,2081.0,432.4723815917969,470.9663696289063
11,55,2722.0,311.79315185546875,482.0198364257813
11,56,1563.0,438.18170166015625,500.5111999511719
11,57,582.0,280.5635681152344,504.0240478515625
11,58,3765.0,107.7498016357422,271.9952087402344
11,59,1803.0,190.6561279296875,488.9062805175781
11,60,1494.0,266.3480529785156,225.7075042724609
11,61,1972.0,283.85546875,313.6389465332031
11,62,2805.0,487.7279968261719,477.0210266113281
11,63,869.0,233.43153381347656,501.1495971679688
11,64,1004.0,176.64044189453125,10.149402618408203
11,65,1860.0,18.762903213500977,456.2672119140625
11,66,0.0,0.0,0.0
11,67,3646.0,45.48793029785156,357.2964782714844
11,68,2001.0,105.62468719482422,384.8425903320313
11,69,3675.0,310.7537536621094,425.8772888183594
11,70,1080.0,10.939814567565918,331.5574035644531
11,71,4674.0,196.278564453125,294.1281433105469
11,72,2932.0,150.54978942871094,381.2994689941406
11,73,1994.0,106.88616180419922,494.0416259765625
11,74,2445.0,91.17955017089844,24.62331199645996
11,75,2162.0,492.9412536621094,340.6947326660156
11,76,1786.0,478.6786193847656,15.123740196228027
11,77,0.0,0.0,0.0
11,78,1313.0,380.82330322265625,321.369384765625
11,79,0.0,0.0,0.0
11,80,2148.0,17.335195541381836,216.1410675048828
11,81,0.0,0.0,0.0
11,82,0.0,0.0,0.0
11,83,3298.0,79.30715942382812,232.0342559814453
11,84,2739.0,416.9335632324219,19.358890533447266
11,85,0.0,0.0,0.0
11,86,0.0,0.0,0.0
11,87,2361.0,408.8208312988281,158.29351806640625
11,88,540.0,129.64259338378906,8.312962532043457
11,89,3248.0,491.9485778808594,114.6527099609375
11,90,4094.0,30.84000968933105,281.5617980957031
11,91,0.0,0.0,0.0
11,92,0.0,0.0,0.0
11,93,2994.0,341.19873046875,168.38043212890625
11,94,2745.0,320.2743225097656,303.7734069824219
11,95,182.0,281.47802734375,2.9285714626312256
11,96,0.0,0.0,0.0
11,97,0.0,0.0,0.0
11,98,0.0,0.0,0.0
11,99,0.0,0.0,0.0
11,100,1946.0,244.1664886474609,321.4737854003906
11,101,0.0,0.0,0.0
11,102,0.0,0.0,0.0
11,103,0.0,0.0,0.0
11,104,0.0,0.0,0.0
11,105,0.0,0.0,0.0
11,106,0.0,0.0,0.0
11,107,0.0,0.0,0.0
11,108,0.0,0.0,0.0
11,109,0.0,0.0,0.0
11,110,0.0,0.0,0.0
11,111,0.0,0.0,0.0
11,112,0.0,0.0,0.0
11,113,0.0,0.0,0.0
11,114,0.0,0.0,0.0
11,115,0.0,0.0,0.0
11,116,0.0,0.0,0.0
11,117,0.0,0.0,0.0
11,118,0.0,0.0,0.0
11,119,0.0,0.0,0.0
11,120,0.0,0.0,0.0
11,121,0.0,0.0,0.0
11,122,0.0,0.0,0.0
11,123,0.0,0.0,0.0
11,124,0.0,0.0,0.0
11,125,0.0,0.0,0.0
11,126,0.0,0.0,0.0
11,127,0.0,0.0,0.0
11,128,0.0,0.0,0.0
11,129,0.0,0.0,0.0
11,130,0.0,0.0,0.0
11,131,0.0,0.0,0.0
11,132,0.0,0.0,0.0
12,0,3968.0,389.2005920410156,203.1030731201172
12,1,4931.0,308.2997436523437,226.34881591796875
12,2,2508.0,436.1806335449219,315.98046875
12,3,3220.0,156.53509521484375,48.38261032104492
12,4,6441.0,370.6559448242188,272.873779296875
12,5,0.0,0.0,0.0
12,6,4039.0,486.32952880859375,275.0903625488281
12,7,4929.0,231.9403533935547,32.104888916015625
12,8,5426.0,367.6243896484375,55.74861907958984
12,9,4903.0,288.0053100585937,55.65286636352539
12,10,6278.0,325.04443359375,121.78846740722656
12,11,4752.0,203.7962951660156,174.24937438964844
12,12,3823.0,247.60162353515625,257.0638122558594
12,13,2300.0,453.5160827636719,216.40782165527344
12,14,0.0,0.0,0.0
12,15,1833.0,331.1380310058594,15.315330505371094
12,16,3751.0,483.8584289550781,32.937618255615234
12,17,4540.0,102.43017578125,81.89471435546875
12,18,4743.0,446.1564331054688,80.54248046875
12,19,3115.0,404.3544006347656,114.9463882446289
12,20,6208.0,207.601806640625,99.304931640625
12,21,0.0,0.0,0.0
12,22,1156.0,495.9273376464844,171.81141662597656
12,23,5054.0,265.82489013671875,159.08230590820312
12,24,1757.0,491.5571899414063,208.76608276367188
12,25,6673.0,164.48524475097656,224.89344787597656
12,26,4032.0,377.1217651367188,362.3353271484375
12,27,3536.0,198.0924835205078,363.080322265625
12,28,3763.0,263.7270812988281,372.82275390625
12,29,4871.0,36.49640655517578,75.723876953125
12,30,3703.0,137.5949249267578,321.9106140136719
12,31,3051.0,319.0422668457031,366.8272705078125
12,32,6046.0,448.3861999511719,376.026123046875
12,33,2409.0,84.83271026611328,323.4134521484375
12,34,3279.0,370.5047302246094,418.0338439941406
12,35,3504.0,25.97745513916016,143.17208862304688
12,36,5633.0,134.74400329589844,141.42214965820312
12,37,1606.0,71.54732513427734,408.29388427734375
12,38,3643.0,219.73208618164065,416.5973205566406
12,39,2674.0,488.488037109375,419.4738159179688
12,40,2256.0,428.759765625,435.9268493652344
12,41,2209.0,164.22499084472656,446.56585693359375
12,42,4010.0,79.78129577636719,454.50823974609375
12,43,1224.0,152.97140502929688,496.0204162597656
12,44,5676.0,70.73414611816406,173.79298400878906
12,45,2216.0,455.2964782714844,158.94268798828125
12,46,2632.0,24.16261482238769,407.0144348144531
12,47,2529.0,127.20205688476562,438.3641662597656
12,48,4278.0,263.6390686035156,465.58392333984375
12,49,1816.0,213.72467041015625,463.5286254882813
12,50,4277.0,371.7381286621094,479.39794921875
12,51,2396.0,37.71410751342773,495.0638427734375
12,52,1998.0,45.33884048461914,19.41891860961914
12,53,2905.0,430.3858947753906,261.1098022460937
12,54,3386.0,435.93798828125,484.0537414550781
12,55,2808.0,312.1887512207031,483.7827758789063
12,56,0.0,0.0,0.0
12,57,0.0,0.0,0.0
12,58,3480.0,107.56925201416016,274.5140686035156
12,59,1833.0,191.9989013671875,490.1953125
12,60,1119.0,268.2305603027344,229.0527191162109
12,61,1979.0,285.0950012207031,314.3375549316406
12,62,2861.0,487.7493896484375,477.9758911132813
12,63,526.0,234.86122131347656,502.2015075683594
12,64,1061.0,177.2667236328125,10.63242244720459
12,65,1973.0,19.35225486755371,457.0273742675781
12,66,0.0,0.0,0.0
12,67,4167.0,49.21286392211914,358.59539794921875
12,68,1811.0,106.5223617553711,380.49420166015625
12,69,3356.0,313.0214538574219,426.3647155761719
12,70,1135.0,11.018502235412598,331.3841552734375
12,71,4930.0,198.4707946777344,294.8089294433594
12,72,3059.0,152.18634033203125,384.5750122070313
12,73,1789.0,107.4220199584961,495.6243591308594
12,74,2492.0,92.50481414794922,25.251605987548828
12,75,1988.0,493.5025024414063,341.7479858398437
12,76,0.0,0.0,0.0
12,77,956.0,10.03451919555664,23.73744773864746
12,78,1090.0,379.8724670410156,322.97247314453125
12,79,0.0,0.0,0.0
12,80,2268.0,17.758817672729492,217.57760620117188
12,81,0.0,0.0,0.0
12,82,0.0,0.0,0.0
12,83,3366.0,81.01129150390625,233.66815185546875
12,84,2667.0,418.6051635742188,19.26846694946289
12,85,0.0,0.0,0.0
12,86,0.0,0.0,0.0
12,87,2322.0,410.7200622558594,160.9065399169922
12,88,600.0,131.73666381835938,9.666666984558104
12,89,2902.0,491.680908203125,116.26636505126952
12,90,4129.0,31.57253646850586,282.1409606933594
12,91,0.0,0.0,0.0
12,92,0.0,0.0,0.0
12,93,2298.0,346.526123046875,175.76327514648438
12,94,2352.0,318.98895263671875,304.37799072265625
12,95,104.0,286.6538391113281,1.326923131942749
12,96,0.0,0.0,0.0
12,97,0.0,0.0,0.0
12,98,0.0,0.0,0.0
12,99,0.0,0.0,0.0
12,100,1805.0,246.9019317626953,321.1573486328125
12,101,0.0,0.0,0.0
12,102,0.0,0.0,0.0
12,103,0.0,0.0,0.0
12,104,0.0,0.0,0.0
12,105,0.0,0.0,0.0
12,106,0.0,0.0,0.0
12,107,0.0,0.0,0.0
12,108,0.0,0.0,0.0
12,109,0.0,0.0,0.0
12,110,0.0,0.0,0.0
12,111,0.0,0.0,0.0
12,112,0.0,0.0,0.0
12,113,0.0,0.0,0.0
12,114,0.0,0.0,0.0
12,115,0.0,0.0,0.0
12,116,0.0,0.0,0.0
12,117,0.0,0.0,0.0
12,118,0.0,0.0,0.0
12,119,0.0,0.0,0.0
12,120,0.0,0.0,0.0
12,121,0.0,0.0,0.0
12,122,0.0,0.0,0.0
12,123,0.0,0.0,0.0
12,124,0.0,0.0,0.0
12,125,0.0,0.0,0.0
12,126,0.0,0.0,0.0
12,127,0.0,0.0,0.0
12,128,0.0,0.0,0.0
12,129,0.0,0.0,0.0
12,130,0.0,0.0,0.0
12,131,0.0,0.0,0.0
12,132,0.0,0.0,0.0
13,0,4323.0,390.2576904296875,203.2794342041016
13,1,4653.0,307.1659240722656,227.0150451660156
13,2,2543.0,436.2799987792969,315.5111999511719
13,3,3175.0,156.04566955566406,48.21669387817383
13,4,6524.0,368.7906188964844,273.8601989746094
13,5,0.0,0.0,0.0
13,6,3949.0,486.0691223144531,277.830322265625
13,7,5052.0,234.03404235839844,32.66033172607422
13,8,5679.0,365.8707580566406,56.36133193969727
13,9,4902.0,288.52978515625,57.258056640625
13,10,6349.0,328.2012939453125,126.65868377685548
13,11,4651.0,203.7280120849609,173.70286560058594
13,12,3677.0,246.13162231445312,256.0337219238281
13,13,2221.0,455.1927185058594,217.19406127929688
13,14,0.0,0.0,0.0
13,15,1692.0,330.5023498535156,14.313239097595217
13,16,3804.0,483.825439453125,33.67428970336914
13,17,4095.0,104.988525390625,80.4915771484375
13,18,5815.0,453.965087890625,83.37506103515625
13,19,3238.0,405.1374206542969,115.510498046875
13,20,6189.0,207.29681396484372,98.72257232666016
13,21,0.0,0.0,0.0
13,22,1340.0,495.907470703125,169.78433227539062
13,23,5153.0,266.1304016113281,157.91383361816406
13,24,1806.0,491.6760864257813,210.9462890625
13,25,6748.0,162.7777099609375,224.39108276367188
13,26,4040.0,377.9742431640625,363.37548828125
13,27,3149.0,199.25119018554688,361.5147705078125
13,28,3941.0,263.6307983398437,372.65032958984375
13,29,4963.0,38.3777961730957,78.07918548583984
13,30,3813.0,138.3721466064453,323.490966796875
13,31,2956.0,319.9989929199219,367.87213134765625
13,32,6251.0,448.6585998535156,376.91552734375
13,33,2796.0,87.775390625,327.08154296875
13,34,3109.0,370.3116760253906,418.2135620117188
13,35,3439.0,25.906368255615234,142.94155883789062
13,36,5299.0,137.03170776367188,137.8399658203125
13,37,1370.0,69.80583953857422,409.6598510742188
13,38,3773.0,219.11900329589844,416.7887573242188
13,39,2768.0,488.259033203125,420.9967346191406
13,40,2127.0,427.4226684570313,436.7555236816406
13,41,2059.0,163.48130798339844,449.1219177246094
13,42,4037.0,80.00718688964844,454.0279846191406
13,43,1149.0,153.0870361328125,496.577880859375
13,44,6288.0,72.6030502319336,173.8247528076172
13,45,2139.0,456.59375,159.86395263671875
13,46,2620.0,23.60877799987793,407.84771728515625
13,47,2355.0,128.45860290527344,440.09130859375
13,48,4164.0,263.77569580078125,465.7579345703125
13,49,1916.0,213.87213134765625,463.6471862792969
13,50,4406.0,371.1792907714844,479.38970947265625
13,51,2354.0,39.03525924682617,495.5301513671875
13,52,2025.0,47.41876602172852,20.66419792175293
13,53,3026.0,429.6097106933594,261.9206848144531
13,54,1970.0,435.044677734375,472.3248596191406
13,55,2684.0,312.0760192871094,483.7798156738281
13,56,0.0,0.0,0.0
13,57,0.0,0.0,0.0
13,58,3224.0,110.22921752929688,275.2527770996094
13,59,1798.0,191.89544677734372,490.8865356445313
13,60,1335.0,268.0741577148437,228.7880096435547
13,61,1947.0,284.4180908203125,315.3076477050781
13,62,2828.0,487.48089599609375,479.3861389160156
13,63,559.0,235.53488159179688,502.8425903320313
13,64,1208.0,177.82864379882812,11.50082778930664
13,65,2013.0,18.691505432128903,458.4878234863281
13,66,0.0,0.0,0.0
13,67,4331.0,49.55044937133789,359.1325378417969
13,68,2036.0,108.4130630493164,387.7716064453125
13,69,3370.0,312.9872436523437,426.79583740234375
13,70,1088.0,10.754595756530762,333.0946655273437
13,71,5037.0,200.12586975097656,294.0585632324219
13,72,3052.0,157.4934539794922,386.3653259277344
13,73,1813.0,107.94539642333984,495.3645935058594
13,74,2535.0,94.17909240722656,25.06469345092773
13,75,1877.0,494.3446960449219,342.897705078125
13,76,0.0,0.0,0.0
13,77,1194.0,11.345895767211914,25.97487449645996
13,78,903.0,381.0398559570313,324.8416442871094
13,79,1346.0,436.3514099121094,500.9806823730469
13,80,2218.0,18.028404235839844,217.21731567382807
13,81,0.0,0.0,0.0
13,82,0.0,0.0,0.0
13,83,3245.0,82.64129638671875,234.21417236328125
13,84,2697.0,417.6648254394531,18.62699317932129
13,85,0.0,0.0,0.0
13,86,0.0,0.0,0.0
13,87,2151.0,413.2064208984375,160.86378479003906
13,88,512.0,133.103515625,8.609375
13,89,1413.0,490.5364379882813,129.31564331054688
13,90,4441.0,32.459129333496094,281.6363525390625
13,91,0.0,0.0,0.0
13,92,0.0,0.0,0.0
13,93,1972.0,346.9563903808594,180.13185119628906
13,94,2523.0,319.04638671875,306.1446838378906
13,95,79.0,287.0,0.9746835231781006
13,96,0.0,0.0,0.0
13,97,0.0,0.0,0.0
13,98,0.0,0.0,0.0
13,99,0.0,0.0,0.0
13,100,1726.0,246.84066772460935,321.4078674316406
13,101,0.0,0.0,0.0
13,102,0.0,0.0,0.0
13,103,0.0,0.0,0.0
13,104,0.0,0.0,0.0
13,105,0.0,0.0,0.0
13,106,0.0,0.0,0.0
13,107,0.0,0.0,0.0
13,108,0.0,0.0,0.0
13,109,0.0,0.0,0.0
13,110,0.0,0.0,0.0
13,111,0.0,0.0,0.0
13,112,0.0,0.0,0.0
13,113,0.0,0.0,0.0
13,114,0.0,0.0,0.0
13,115,0.0,0.0,0.0
13,116,0.0,0.0,0.0
13,117,0.0,0.0,0.0
13,118,0.0,0.0,0.0
13,119,0.0,0.0,0.0
13,120,0.0,0.0,0.0
13,121,0.0,0.0,0.0
13,122,0.0,0.0,0.0
13,123,0.0,0.0,0.0
13,124,0.0,0.0,0.0
13,125,0.0,0.0,0.0
13,126,0.0,0.0,0.0
13,127,0.0,0.0,0.0
13,128,0.0,0.0,0.0
13,129,0.0,0.0,0.0
13,130,0.0,0.0,0.0
13,131,0.0,0.0,0.0
13,132,0.0,0.0,0.0
14,0,4528.0,390.3900146484375,203.5666961669922
14,1,4697.0,306.3042297363281,228.2948760986328
14,2,2434.0,436.9075622558594,315.542724609375
14,3,3034.0,155.783447265625,47.98681640625
14,4,6525.0,367.6530151367188,275.6268310546875
14,5,0.0,0.0,0.0
14,6,3989.0,485.4427185058594,277.2669982910156
14,7,5083.0,233.5500640869141,32.38520431518555
14,8,6131.0,368.3165893554688,53.18300628662109
14,9,5114.0,288.8083801269531,57.65193557739258
14,10,6926.0,333.23345947265625,132.67918395996094
14,11,4837.0,203.1352081298828,172.80690002441406
14,12,3560.0,243.8927001953125,255.59410095214844
14,13,2074.0,454.5689392089844,215.99807739257807
14,14,0.0,0.0,0.0
14,15,1611.0,330.4456787109375,14.094971656799316
14,16,3539.0,484.12884521484375,34.11415481567383
14,17,3958.0,105.76402282714844,80.84815216064453
14,18,5773.0,452.2338562011719,82.03395080566406
14,19,3366.0,404.3576965332031,115.66636657714844
14,20,5928.0,206.3183135986328,97.44112396240234
14,21,0.0,0.0,0.0
14,22,1379.0,495.39739990234375,171.024658203125
14,23,5245.0,266.9794006347656,153.28941345214844
14,24,1791.0,491.2518005371094,211.89224243164065
14,25,6496.0,162.53587341308594,222.9084014892578
14,26,3898.0,376.6639404296875,364.1380310058594
14,27,2822.0,201.8855438232422,361.1594543457031
14,28,4033.0,263.8819885253906,372.1770324707031
14,29,4909.0,39.34039688110352,79.6932144165039
14,30,3840.0,139.0390625,323.9671936035156
14,31,2922.0,320.7255249023437,368.6399841308594
14,32,6302.0,446.7104187011719,376.7524719238281
14,33,2607.0,87.2857666015625,324.2136535644531
14,34,2917.0,370.1021728515625,418.3167724609375
14,35,3306.0,25.386873245239254,143.73048400878906
14,36,5269.0,137.8282470703125,137.7223358154297
14,37,1372.0,68.09183502197266,411.2886352539063
14,38,4026.0,220.2069091796875,419.128173828125
14,39,3092.0,487.3208312988281,420.7943115234375
14,40,2058.0,426.3916320800781,437.6073913574219
14,41,1987.0,162.6165008544922,451.6396484375
14,42,4055.0,80.9390869140625,455.0552368164063
14,43,737.0,157.8358154296875,496.8114013671875
14,44,6431.0,71.83050537109375,172.61001586914062
14,45,2077.0,455.8497924804688,160.42945861816406
14,46,2370.0,22.54092788696289,406.5240478515625
14,47,2254.0,128.67169189453125,440.7706298828125
14,48,4117.0,265.1671142578125,466.5865783691406
14,49,1904.0,215.59454345703125,466.0425415039063
14,50,4928.0,375.2660217285156,478.4275512695313
14,51,2417.0,40.46958923339844,495.7500915527344
14,52,2143.0,48.46010208129883,21.339710235595703
14,53,3196.0,429.2284240722656,261.3551330566406
14,54,1296.0,444.4992370605469,472.5270080566406
14,55,2562.0,312.8540344238281,483.95159912109375
14,56,0.0,0.0,0.0
14,57,0.0,0.0,0.0
14,58,3222.0,113.01490020751952,275.10272216796875
14,59,1806.0,191.73919677734372,491.6472778320313
14,60,1607.0,265.484130859375,225.5301818847656
14,61,1895.0,284.6131896972656,315.7414245605469
14,62,2889.0,486.6490173339844,480.3658752441406
14,63,439.0,234.09567260742188,503.17767333984375
14,64,1178.0,176.1782684326172,11.878607749938965
14,65,2182.0,18.995874404907227,457.2525329589844
14,66,0.0,0.0,0.0
14,67,4506.0,49.69218826293945,359.4425354003906
14,68,2316.0,107.58765411376952,387.139892578125
14,69,3279.0,313.7904968261719,426.9612731933594
14,70,1095.0,11.140639305114746,331.6410827636719
14,71,5291.0,201.04006958007807,294.5518798828125
14,72,3579.0,160.31825256347656,386.8247985839844
14,73,1965.0,114.9633560180664,496.2860107421875
14,74,2586.0,95.49226379394533,25.617942810058597
14,75,1887.0,494.5781555175781,342.5521850585937
14,76,0.0,0.0,0.0
14,77,1307.0,11.53787326812744,27.440704345703125
14,78,1002.0,381.2804260253906,326.8912048339844
14,79,1402.0,433.1340942382813,499.72467041015625
14,80,2186.0,16.747941970825195,216.6825256347656
14,81,0.0,0.0,0.0
14,82,0.0,0.0,0.0
14,83,3327.0,83.08536529541016,234.36038208007807
14,84,2058.0,422.4664611816406,17.10981559753418
14,85,0.0,0.0,0.0
14,86,0.0,0.0,0.0
14,87,1990.0,413.2271423339844,160.6869354248047
14,88,459.0,134.23094177246094,8.383441925048828
14,89,1878.0,492.8525085449219,125.3791275024414
14,90,4536.0,33.11419677734375,280.9054260253906
14,91,0.0,0.0,0.0
14,92,0.0,0.0,0.0
14,93,1131.0,339.4898376464844,191.64987182617188
14,94,2418.0,318.0860290527344,306.6058654785156
14,95,79.0,286.0,0.9746835231781006
14,96,0.0,0.0,0.0
14,97,0.0,0.0,0.0
14,98,0.0,0.0,0.0
14,99,0.0,0.0,0.0
14,100,1547.0,249.8927001953125,319.9366455078125
14,101,0.0,0.0,0.0
14,102,0.0,0.0,0.0
14,103,0.0,0.0,0.0
14,104,0.0,0.0,0.0
14,105,0.0,0.0,0.0
14,106,0.0,0.0,0.0
14,107,0.0,0.0,0.0
14,108,0.0,0.0,0.0
14,109,0.0,0.0,0.0
14,110,0.0,0.0,0.0
14,111,0.0,0.0,0.0
14,112,0.0,0.0,0.0
14,113,0.0,0.0,0.0
14,114,0.0,0.0,0.0
14,115,0.0,0.0,0.0
14,116,0.0,0.0,0.0
14,117,0.0,0.0,0.0
14,118,0.0,0.0,0.0
14,119,0.0,0.0,0.0
14,120,0.0,0.0,0.0
14,121,0.0,0.0,0.0
14,122,0.0,0.0,0.0
14,123,0.0,0.0,0.0
14,124,0.0,0.0,0.0
14,125,0.0,0.0,0.0
14,126,0.0,0.0,0.0
14,127,0.0,0.0,0.0
14,128,0.0,0.0,0.0
14,129,0.0,0.0,0.0
14,130,0.0,0.0,0.0
14,131,0.0,0.0,0.0
14,132,0.0,0.0,0.0
15,0,4658.0,389.7239074707031,202.85186767578125
15,1,4580.0,308.5836181640625,226.62860107421875
15,2,2379.0,436.8188171386719,315.7133178710937
15,3,2926.0,157.29835510253906,48.18489456176758
15,4,6662.0,366.28070068359375,277.9792785644531
15,5,0.0,0.0,0.0
15,6,3984.0,485.7116088867188,278.2886657714844
15,7,5104.0,235.34796142578125,32.70866012573242
15,8,6406.0,369.63470458984375,51.91804504394531
15,9,5041.0,290.3782958984375,57.58500289916992
15,10,6656.0,334.6966552734375,131.36659240722656
15,11,4563.0,204.6550445556641,171.69647216796875
15,12,3409.0,241.9216766357422,254.11734008789065
15,13,2126.0,454.7229614257813,215.2460021972656
15,14,0.0,0.0,0.0
15,15,1538.0,330.552001953125,14.46033763885498
15,16,3426.0,484.13134765625,33.025394439697266
15,17,3782.0,105.64251708984376,83.4188232421875
15,18,5820.0,451.51116943359375,81.19140625
15,19,3151.0,405.813720703125,116.0171356201172
15,20,5767.0,207.375244140625,96.3232192993164
15,21,0.0,0.0,0.0
15,22,1397.0,495.0200500488281,172.23049926757812
15,23,5643.0,266.8865966796875,154.02622985839844
15,24,1723.0,491.9779357910156,213.8241424560547
15,25,6531.0,161.1629180908203,222.8176422119141
15,26,4184.0,376.6567993164063,363.5040588378906
15,27,2782.0,202.9115753173828,362.8914489746094
15,28,4019.0,264.779541015625,372.7775573730469
15,29,4671.0,38.48019790649414,79.94818878173828
15,30,3966.0,139.40419006347656,322.5105895996094
15,31,2875.0,321.5777282714844,368.9728698730469
15,32,6071.0,446.1760864257813,376.1273193359375
15,33,2576.0,88.92119598388672,324.4805908203125
15,34,2767.0,370.3881530761719,418.4419860839844
15,35,3120.0,25.660898208618164,140.6615447998047
15,36,5505.0,138.79019165039062,137.48483276367188
15,37,1444.0,68.89473724365234,412.3698120117188
15,38,4104.0,221.7088165283203,421.2750854492188
15,39,3341.0,486.4537658691406,420.5950317382813
15,40,1923.0,425.1851196289063,437.1045227050781
15,41,1970.0,162.365478515625,453.9837646484375
15,42,4124.0,82.57565307617188,456.3266296386719
15,43,0.0,0.0,0.0
15,44,6435.0,72.66666412353516,171.8941650390625
15,45,2108.0,455.9554138183594,160.53700256347656
15,46,2456.0,22.225570678710938,408.76751708984375
15,47,2124.0,129.901123046875,442.30413818359375
15,48,4184.0,265.5253295898437,468.7586059570313
15,49,1892.0,215.86785888671875,468.2198791503906
15,50,5047.0,373.1602783203125,477.400634765625
15,51,2378.0,41.46677780151367,496.1084899902344
15,52,2338.0,50.963645935058594,22.335329055786133
15,53,3374.0,428.9436950683594,261.2771301269531
15,54,1287.0,444.1196594238281,469.6138305664063
15,55,2205.0,312.2099914550781,484.5206298828125
15,56,0.0,0.0,0.0
15,57,0.0,0.0,0.0
15,58,2991.0,111.58141326904295,274.6573181152344
15,59,1768.0,191.1617584228516,492.4700317382813
15,60,2054.0,269.39239501953125,234.43670654296875
15,61,2095.0,285.2806701660156,316.4696960449219
15,62,2785.0,485.8976745605469,480.7766723632813
15,63,294.0,232.149658203125,504.2346801757813
15,64,1247.0,177.00802612304688,11.972734451293944
15,65,2122.0,19.43543815612793,459.5193176269531
15,66,0.0,0.0,0.0
15,67,4863.0,50.39317321777344,359.4020080566406
15,68,2238.0,108.28239440917967,389.3583679199219
15,69,3293.0,313.8709411621094,427.5505676269531
15,70,1075.0,10.524651527404783,330.8148803710937
15,71,5473.0,202.10487365722656,294.3409423828125
15,72,3827.0,161.1053009033203,387.7418212890625
15,73,2364.0,126.36844635009766,497.1277465820313
15,74,2723.0,97.9739227294922,28.43591690063477
15,75,1885.0,494.4891357421875,343.2875366210937
15,76,0.0,0.0,0.0
15,77,1391.0,12.409058570861816,28.1042423248291
15,78,765.0,384.8849792480469,326.6418151855469
15,79,1597.0,432.02630615234375,498.5710754394531
15,80,2678.0,19.287155151367188,215.3995513916016
15,81,0.0,0.0,0.0
15,82,0.0,0.0,0.0
15,83,3126.0,84.91043090820312,234.08189392089844
15,84,1763.0,426.0862121582031,17.15882110595703
15,85,0.0,0.0,0.0
15,86,0.0,0.0,0.0
15,87,1893.0,413.8916931152344,160.32382202148438
15,88,559.0,134.2486572265625,9.640429496765137
15,89,2063.0,493.5462951660156,123.00193786621094
15,90,4484.0,33.81266784667969,281.244873046875
15,91,0.0,0.0,0.0
15,92,0.0,0.0,0.0
15,93,1190.0,341.58319091796875,189.4302520751953
15,94,1966.0,317.63836669921875,307.3016357421875
15,95,54.0,289.5,0.4814814925193786
15,96,0.0,0.0,0.0
15,97,0.0,0.0,0.0
15,98,0.0,0.0,0.0
15,99,0.0,0.0,0.0
15,100,1539.0,248.7901306152344,321.25469970703125
15,101,0.0,0.0,0.0
15,102,0.0,0.0,0.0
15,103,0.0,0.0,0.0
15,104,0.0,0.0,0.0
15,105,0.0,0.0,0.0
15,106,0.0,0.0,0.0
15,107,0.0,0.0,0.0
15,108,0.0,0.0,0.0
15,109,0.0,0.0,0.0
15,110,0.0,0.0,0.0
15,111,0.0,0.0,0.0
15,112,0.0,0.0,0.0
15,113,0.0,0.0,0.0
15,114,0.0,0.0,0.0
15,115,0.0,0.0,0.0
15,116,0.0,0.0,0.0
15,117,0.0,0.0,0.0
15,118,0.0,0.0,0.0
15,119,0.0,0.0,0.0
15,120,0.0,0.0,0.0
15,121,0.0,0.0,0.0
15,122,0.0,0.0,0.0
15,123,0.0,0.0,0.0
15,124,0.0,0.0,0.0
15,125,0.0,0.0,0.0
15,126,0.0,0.0,0.0
15,127,0.0,0.0,0.0
15,128,0.0,0.0,0.0
15,129,0.0,0.0,0.0
15,130,0.0,0.0,0.0
15,131,0.0,0.0,0.0
15,132,0.0,0.0,0.0
16,0,4769.0,389.8563537597656,202.03794860839844
16,1,4815.0,311.642578125,227.38400268554688
16,2,2337.0,436.918701171875,315.845947265625
16,3,2845.0,158.2168731689453,47.600704193115234
16,4,6742.0,366.2632751464844,280.53961181640625
16,5,0.0,0.0,0.0
16,6,3928.0,485.3503112792969,279.58758544921875
16,7,5305.0,237.11517333984372,32.74081039428711
16,8,6205.0,370.7010498046875,52.2254638671875
16,9,4988.0,293.107666015625,58.16279220581055
16,10,6447.0,333.9588928222656,130.2444610595703
16,11,4679.0,206.13763427734372,172.05279541015625
16,12,3341.0,239.4794921875,253.91380310058597
16,13,2162.0,453.6045227050781,215.11656188964844
16,14,0.0,0.0,0.0
16,15,1491.0,330.9758605957031,14.431924819946287
16,16,3306.0,484.6881408691406,32.45311737060547
16,17,3685.0,105.24966430664062,84.36282348632812
16,18,6168.0,454.2983093261719,80.87078094482422
16,19,3259.0,405.8404541015625,116.2068099975586
16,20,5636.0,208.80270385742188,95.76046752929688
16,21,0.0,0.0,0.0
16,22,1459.0,494.5147399902344,171.61000061035156
16,23,5718.0,268.1561584472656,155.5620880126953
16,24,1869.0,491.9550476074219,215.1610412597656
16,25,6441.0,156.61947631835938,221.07032775878903
16,26,4256.0,376.4675903320313,362.7445983886719
16,27,2645.0,204.66616821289065,362.9096374511719
16,28,3912.0,265.59228515625,373.8616943359375
16,29,4638.0,38.16968536376953,80.56446838378906
16,30,3905.0,138.8115234375,322.39410400390625
16,31,2903.0,322.27349853515625,368.9745178222656
16,32,5983.0,444.4349060058594,377.549560546875
16,33,2511.0,88.51254272460938,321.3775329589844
16,34,2635.0,370.2497253417969,418.1628112792969
16,35,2992.0,26.552473068237305,139.18182373046875
16,36,5480.0,140.6385040283203,134.36404418945312
16,37,1392.0,69.4260025024414,412.8045959472656
16,38,4180.0,223.21435546875,422.11029052734375
16,39,3580.0,485.7826843261719,420.5846252441406
16,40,1777.0,423.4946594238281,438.1710815429688
16,41,1921.0,164.2274932861328,455.6048889160156
16,42,4084.0,84.2913818359375,456.39788818359375
16,43,0.0,0.0,0.0
16,44,6401.0,73.99281311035156,171.659423828125
16,45,2138.0,455.1959838867188,160.461181640625
16,46,2786.0,22.62419319152832,409.8754577636719
16,47,1974.0,131.6737518310547,441.9751892089844
16,48,4472.0,264.2421875,471.5330810546875
16,49,1788.0,216.40435791015625,470.6873474121094
16,50,5011.0,372.093994140625,476.8623046875
16,51,2252.0,41.438720703125,496.4156188964844
16,52,2378.0,52.11732482910156,22.40117835998535
16,53,3402.0,428.33831787109375,261.8753662109375
16,54,1309.0,443.834228515625,468.2689208984375
16,55,2043.0,313.00390625,485.0420837402344
16,56,0.0,0.0,0.0
16,57,0.0,0.0,0.0
16,58,2684.0,111.82786560058594,275.3204040527344
16,59,1582.0,192.37484741210935,492.8084716796875
16,60,2507.0,269.8077392578125,237.55364990234372
16,61,1986.0,286.00048828125,320.5976867675781
16,62,2532.0,485.3045043945313,480.6615295410156
16,63,0.0,0.0,0.0
16,64,1289.0,177.32118225097656,12.038789749145508
16,65,2098.0,20.30219268798828,461.9842834472656
16,66,0.0,0.0,0.0
16,67,4857.0,52.955528259277344,358.99176025390625
16,68,2318.0,108.71785736083984,390.107421875
16,69,3294.0,314.234375,428.1487426757813
16,70,1266.0,10.285940170288086,331.976318359375
16,71,5735.0,201.91229248046875,293.49713134765625
16,72,4194.0,162.26419067382812,387.9532775878906
16,73,2653.0,127.3750457763672,497.0704956054688
16,74,2885.0,100.06967163085938,29.0908145904541
16,75,1976.0,493.0910949707031,342.8390808105469
16,76,0.0,0.0,0.0
16,77,1466.0,13.04092788696289,29.04911231994629
16,78,564.0,386.9060363769531,327.9326171875
16,79,1729.0,431.816650390625,497.97802734375
16,80,3048.0,20.91666603088379,214.9009246826172
16,81,0.0,0.0,0.0
16,82,0.0,0.0,0.0
16,83,2980.0,87.81375885009766,234.26779174804688
16,84,1714.0,426.2164611816406,16.159276962280273
16,85,0.0,0.0,0.0
16,86,0.0,0.0,0.0
16,87,1697.0,412.9339904785156,159.29287719726562
16,88,472.0,135.6546630859375,8.934322357177734
16,89,1743.0,492.8812255859375,127.54676055908205
16,90,4471.0,35.037574768066406,280.3847045898437
16,91,0.0,0.0,0.0
16,92,0.0,0.0,0.0
16,93,1093.0,344.64959716796875,185.04116821289065
16,94,1683.0,315.7623291015625,307.9910888671875
16,95,62.0,291.56451416015625,0.725806474685669
16,96,0.0,0.0,0.0
16,97,0.0,0.0,0.0
16,98,0.0,0.0,0.0
16,99,0.0,0.0,0.0
16,100,1606.0,249.1973876953125,320.9576721191406
16,101,0.0,0.0,0.0
16,102,0.0,0.0,0.0
16,103,0.0,0.0,0.0
16,104,0.0,0.0,0.0
16,105,0.0,0.0,0.0
16,106,0.0,0.0,0.0
16,107,0.0,0.0,0.0
16,108,0.0,0.0,0.0
16,109,0.0,0.0,0.0
16,110,0.0,0.0,0.0
16,111,0.0,0.0,0.0
16,112,0.0,0.0,0.0
16,113,0.0,0.0,0.0
16,114,0.0,0.0,0.0
16,115,0.0,0.0,0.0
16,116,0.0,0.0,0.0
16,117,0.0,0.0,0.0
16,118,0.0,0.0,0.0
16,119,0.0,0.0,0.0
16,120,0.0,0.0,0.0
16,121,0.0,0.0,0.0
16,122,0.0,0.0,0.0
16,123,0.0,0.0,0.0
16,124,0.0,0.0,0.0
16,125,0.0,0.0,0.0
16,126,0.0,0.0,0.0
16,127,0.0,0.0,0.0
16,128,0.0,0.0,0.0
16,129,0.0,0.0,0.0
16,130,0.0,0.0,0.0
16,131,0.0,0.0,0.0
16,132,0.0,0.0,0.0
17,0,4866.0,388.89251708984375,202.17446899414065
17,1,4888.0,313.2076416015625,227.18719482421875
17,2,2208.0,435.2970886230469,316.87274169921875
17,3,2871.0,159.0863800048828,48.4033432006836
17,4,6388.0,363.2238464355469,281.3702392578125
17,5,0.0,0.0,0.0
17,6,4108.0,483.8829040527344,279.81451416015625
17,7,5354.0,238.12924194335935,33.23347091674805
17,8,6314.0,372.2654418945313,51.9452018737793
17,9,5102.0,294.8316345214844,58.79360961914063
17,10,6179.0,334.25604248046875,130.34228515625
17,11,5098.0,207.58355712890625,178.0413818359375
17,12,3114.0,238.3689727783203,254.97976684570312
17,13,2164.0,452.3623046875,213.86090087890625
17,14,0.0,0.0,0.0
17,15,1452.0,332.0172119140625,14.658402442932127
17,16,3322.0,484.4939880371094,32.21613311767578
17,17,3518.0,105.63899993896484,84.01307678222656
17,18,6518.0,455.3936767578125,81.7629623413086
17,19,3080.0,404.9769592285156,116.6750030517578
17,20,5665.0,209.62258911132807,96.82559204101562
17,21,0.0,0.0,0.0
17,22,1403.0,493.9208984375,173.22879028320312
17,23,5655.0,269.2403259277344,155.5771942138672
17,24,1834.0,491.46783447265625,216.28680419921875
17,25,6183.0,154.42584228515625,222.8395538330078
17,26,4250.0,375.4251708984375,364.5677795410156
17,27,2456.0,206.70643615722656,364.2109069824219
17,28,3879.0,265.9453430175781,373.9064331054688
17,29,4135.0,42.40217590332031,80.44256591796875
17,30,3952.0,139.57945251464844,322.65106201171875
17,31,3090.0,323.4291381835937,370.5906066894531
17,32,6067.0,443.6858520507813,378.4493103027344
17,33,2453.0,89.085205078125,321.5825500488281
17,34,2216.0,371.8560485839844,420.0843811035156
17,35,3057.0,26.758913040161133,140.26202392578125
17,36,5757.0,141.1768341064453,135.1712646484375
17,37,1301.0,68.2098388671875,413.2551879882813
17,38,4035.0,225.4049530029297,421.7851257324219
17,39,3731.0,485.4317932128906,421.5730285644531
17,40,1816.0,423.05615234375,440.2901916503906
17,41,1831.0,165.51829528808594,456.6526489257813
17,42,4281.0,84.43307495117188,457.56878662109375
17,43,0.0,0.0,0.0
17,44,6235.0,74.62181091308594,171.0
17,45,2214.0,453.7998962402344,161.09800720214844
17,46,2697.0,23.169076919555664,411.9002685546875
17,47,2019.0,133.1778106689453,444.3422546386719
17,48,4665.0,264.9603576660156,471.9217529296875
17,49,1924.0,213.3877410888672,469.6481323242188
17,50,5023.0,370.2930603027344,476.39300537109375
17,51,2118.0,40.27384185791016,496.81585693359375
17,52,2522.0,52.56383895874024,22.96114158630371
17,53,3649.0,426.1137390136719,261.7369079589844
17,54,1095.0,443.0,468.1661987304688
17,55,1851.0,312.86871337890625,485.0221557617188
17,56,0.0,0.0,0.0
17,57,0.0,0.0,0.0
17,58,2523.0,111.2247314453125,276.7185974121094
17,59,1531.0,192.4781188964844,494.8464965820313
17,60,2590.0,269.06060791015625,237.5424652099609
17,61,2179.0,285.6342468261719,318.0789489746094
17,62,2482.0,483.8452758789063,481.3936462402344
17,63,0.0,0.0,0.0
17,64,1365.0,177.8314971923828,12.612454414367676
17,65,2054.0,20.11587142944336,462.34954833984375
17,66,0.0,0.0,0.0
17,67,5275.0,52.90597152709961,359.2909851074219
17,68,2260.0,108.7787628173828,393.3243408203125
17,69,3203.0,314.6824951171875,428.6515808105469
17,70,1211.0,10.289843559265137,328.4327087402344
17,71,5713.0,202.6171875,295.3607482910156
17,72,4493.0,162.86846923828125,388.2170104980469
17,73,2446.0,125.87653350830078,497.6079406738281
17,74,2950.0,101.82508850097656,29.20610237121582
17,75,2037.0,492.3711242675781,342.1560974121094
17,76,0.0,0.0,0.0
17,77,1518.0,12.486166000366213,29.384716033935547
17,78,869.0,384.8780212402344,328.19793701171875
17,79,1845.0,430.4818420410156,496.6991882324219
17,80,3325.0,22.10105323791504,216.9130859375
17,81,523.0,4.969407081604004,89.80496978759766
17,82,0.0,0.0,0.0
17,83,3010.0,89.41561126708984,234.57408142089844
17,84,1421.0,427.5242919921875,16.311752319335938
17,85,0.0,0.0,0.0
17,86,0.0,0.0,0.0
17,87,1531.0,409.8843994140625,157.28216552734375
17,88,397.0,137.2342529296875,8.73299789428711
17,89,1695.0,491.9905700683594,132.2401123046875
17,90,4305.0,35.78141784667969,280.93310546875
17,91,0.0,0.0,0.0
17,92,0.0,0.0,0.0
17,93,1020.0,346.3804016113281,180.61666870117188
17,94,1381.0,315.3960876464844,309.59161376953125
17,95,100.0,293.2900085449219,1.2899999618530271
17,96,0.0,0.0,0.0
17,97,0.0,0.0,0.0
17,98,0.0,0.0,0.0
17,99,0.0,0.0,0.0
17,100,1507.0,249.82215881347656,320.9621887207031
17,101,0.0,0.0,0.0
17,102,0.0,0.0,0.0
17,103,0.0,0.0,0.0
17,104,0.0,0.0,0.0
17,105,0.0,0.0,0.0
17,106,0.0,0.0,0.0
17,107,0.0,0.0,0.0
17,108,0.0,0.0,0.0
17,109,0.0,0.0,0.0
17,110,0.0,0.0,0.0
17,111,0.0,0.0,0.0
17,112,0.0,0.0,0.0
17,113,0.0,0.0,0.0
17,114,0.0,0.0,0.0
17,115,0.0,0.0,0.0
17,116,0.0,0.0,0.0
17,117,0.0,0.0,0.0
17,118,0.0,0.0,0.0
17,119,0.0,0.0,0.0
17,120,0.0,0.0,0.0
17,121,0.0,0.0,0.0
17,122,0.0,0.0,0.0
17,123,0.0,0.0,0.0
17,124,0.0,0.0,0.0
17,125,0.0,0.0,0.0
17,126,0.0,0.0,0.0
17,127,0.0,0.0,0.0
17,128,0.0,0.0,0.0
17,129,0.0,0.0,0.0
17,130,0.0,0.0,0.0
17,131,0.0,0.0,0.0
17,132,0.0,0.0,0.0
18,0,4784.0,388.0292663574219,203.3873291015625
18,1,4676.0,313.5263061523437,229.3267822265625
18,2,2185.0,434.4398193359375,316.1217346191406
18,3,2839.0,159.64776611328125,47.939414978027344
18,4,6168.0,361.4369201660156,283.1780090332031
18,5,0.0,0.0,0.0
18,6,4140.0,483.3458862304688,280.0323791503906
18,7,5252.0,239.61062622070312,33.64680099487305
18,8,6480.0,372.4071044921875,54.14089584350586
18,9,5220.0,295.1802673339844,59.35153198242188
18,10,6456.0,335.66094970703125,135.67332458496094
18,11,5093.0,208.69998168945312,178.3603057861328
18,12,2938.0,240.21578979492188,256.871337890625
18,13,2269.0,452.0335083007813,215.6095123291016
18,14,0.0,0.0,0.0
18,15,1398.0,333.1316223144531,14.846923828125
18,16,3187.0,485.0972595214844,33.59711456298828
18,17,3461.0,105.53597259521484,85.62409973144531
18,18,6583.0,455.6539611816406,82.10633087158203
18,19,3338.0,404.3208618164063,120.66207122802734
18,20,5683.0,209.44906616210935,96.55850982666016
18,21,0.0,0.0,0.0
18,22,1392.0,493.0668029785156,173.86709594726562
18,23,5713.0,269.6576232910156,155.93698120117188
18,24,1844.0,492.659423828125,216.46041870117188
18,25,6481.0,154.19564819335938,223.1229705810547
18,26,4218.0,375.5049743652344,365.3105773925781
18,27,2411.0,206.99917602539065,364.7183837890625
18,28,3839.0,265.7142333984375,374.13128662109375
18,29,3961.0,43.86872100830078,80.53471374511719
18,30,4156.0,139.0452423095703,323.3852233886719
18,31,3305.0,325.0538635253906,373.1515808105469
18,32,6005.0,441.7552185058594,378.9763488769531
18,33,2246.0,87.7497787475586,319.9056091308594
18,34,1835.0,374.96783447265625,422.0997314453125
18,35,3203.0,27.825475692749023,140.33624267578125
18,36,5795.0,142.04055786132812,135.02951049804688
18,37,1234.0,67.20988464355469,414.2293395996094
18,38,4167.0,226.01199340820312,422.5365905761719
18,39,3873.0,484.7056579589844,420.874267578125
18,40,1966.0,423.6632690429688,443.4710083007813
18,41,1654.0,166.0332489013672,459.1940612792969
18,42,4527.0,84.02032470703125,458.4040222167969
18,43,0.0,0.0,0.0
18,44,6099.0,74.97032165527344,172.11477661132812
18,45,2207.0,453.08880615234375,162.67694091796875
18,46,2826.0,21.709836959838867,413.7239990234375
18,47,1918.0,133.77633666992188,443.8279418945313
18,48,4654.0,265.9041748046875,473.2425842285156
18,49,1837.0,212.845947265625,469.3511047363281
18,50,5019.0,368.5584716796875,476.0994262695313
18,51,2042.0,39.35406494140625,497.3193054199219
18,52,2608.0,52.92331314086914,23.04984664916992
18,53,3610.0,424.3287963867188,262.03546142578125
18,54,651.0,444.58831787109375,468.5391845703125
18,55,1543.0,313.2676696777344,486.79779052734375
18,56,0.0,0.0,0.0
18,57,0.0,0.0,0.0
18,58,2455.0,111.6566162109375,277.1845092773437
18,59,1588.0,194.32997131347656,495.9490051269531
18,60,2761.0,269.8656311035156,238.8388214111328
18,61,1877.0,285.9866943359375,322.7069702148437
18,62,2795.0,483.3949890136719,481.9649353027344
18,63,0.0,0.0,0.0
18,64,1501.0,179.2451629638672,12.568954467773438
18,65,1847.0,20.946399688720703,464.3064575195313
18,66,0.0,0.0,0.0
18,67,5407.0,52.04753112792969,359.8372497558594
18,68,2358.0,108.30237579345705,392.435546875
18,69,3354.0,314.71826171875,429.8521118164063
18,70,1326.0,10.97963809967041,324.118408203125
18,71,5787.0,203.4048767089844,295.5502014160156
18,72,4647.0,163.06304931640625,390.21087646484375
18,73,2471.0,127.59530639648438,497.08538818359375
18,74,3181.0,103.62432861328124,29.483810424804688
18,75,2176.0,491.4172668457031,342.5514831542969
18,76,0.0,0.0,0.0
18,77,1512.0,12.510581970214844,29.660053253173828
18,78,950.0,383.8957824707031,327.5084228515625
18,79,2003.0,428.70794677734375,494.6714782714844
18,80,3552.0,22.973817825317383,219.5625
18,81,685.0,6.277372360229492,90.01751708984375
18,82,0.0,0.0,0.0
18,83,2910.0,88.19209289550781,235.7436370849609
18,84,1680.0,426.31549072265625,13.641666412353516
18,85,0.0,0.0,0.0
18,86,0.0,0.0,0.0
18,87,1282.0,411.1989135742188,161.11778259277344
18,88,240.0,139.69166564941406,7.516666889190674
18,89,1719.0,490.9290161132813,133.63291931152344
18,90,3764.0,38.57863998413086,282.243896484375
18,91,0.0,0.0,0.0
18,92,0.0,0.0,0.0
18,93,668.0,340.7110900878906,191.61077880859372
18,94,1362.0,313.196044921875,310.2929382324219
18,95,92.0,293.60870361328125,1.14130437374115
18,96,0.0,0.0,0.0
18,97,0.0,0.0,0.0
18,98,0.0,0.0,0.0
18,99,0.0,0.0,0.0
18,100,1565.0,250.9635772705078,320.0185241699219
18,101,0.0,0.0,0.0
18,102,0.0,0.0,0.0
18,103,0.0,0.0,0.0
18,104,0.0,0.0,0.0
18,105,0.0,0.0,0.0
18,106,0.0,0.0,0.0
18,107,0.0,0.0,0.0
18,108,0.0,0.0,0.0
18,109,0.0,0.0,0.0
18,110,0.0,0.0,0.0
18,111,0.0,0.0,0.0
18,112,0.0,0.0,0.0
18,113,0.0,0.0,0.0
18,114,0.0,0.0,0.0
18,115,0.0,0.0,0.0
18,116,0.0,0.0,0.0
18,117,0.0,0.0,0.0
18,118,0.0,0.0,0.0
18,119,0.0,0.0,0.0
18,120,0.0,0.0,0.0
18,121,0.0,0.0,0.0
18,122,0.0,0.0,0.0
18,123,0.0,0.0,0.0
18,124,0.0,0.0,0.0
18,125,0.0,0.0,0.0
18,126,0.0,0.0,0.0
18,127,0.0,0.0,0.0
18,128,0.0,0.0,0.0
18,129,0.0,0.0,0.0
18,130,0.0,0.0,0.0
18,131,0.0,0.0,0.0
18,132,0.0,0.0,0.0
19,0,4927.0,386.2788696289063,203.7745056152344
19,1,4668.0,314.648681640625,229.1028289794922
19,2,2325.0,434.3944091796875,315.70751953125
19,3,2659.0,158.41180419921875,46.61000442504883
19,4,6181.0,358.70458984375,285.3177490234375
19,5,0.0,0.0,0.0
19,6,4024.0,482.5651245117188,280.49725341796875
19,7,5495.0,239.8351287841797,34.4474983215332
19,8,6825.0,373.1154479980469,53.93172073364258
19,9,5089.0,295.4588317871094,60.628021240234375
19,10,6214.0,337.0476379394531,136.72755432128906
19,11,5066.0,209.0146026611328,177.81820678710938
19,12,2568.0,239.64913940429688,256.2503967285156
19,13,2343.0,450.4912414550781,215.50662231445312
19,14,0.0,0.0,0.0
19,15,1432.0,331.7667541503906,14.932960510253906
19,16,2991.0,487.6355590820313,36.16349029541016
19,17,3409.0,105.9997100830078,84.81108856201172
19,18,6356.0,456.5338134765625,84.6611099243164
19,19,3548.0,403.7184448242188,123.6056900024414
19,20,5790.0,207.7219390869141,95.6207275390625
19,21,0.0,0.0,0.0
19,22,1437.0,492.4683227539063,173.45372009277344
19,23,5853.0,270.0601501464844,155.0052947998047
19,24,2024.0,492.41156005859375,218.3715362548828
19,25,6938.0,154.88368225097656,224.4638214111328
19,26,4308.0,374.1982421875,364.3098754882813
19,27,2347.0,207.62078857421875,367.5867004394531
19,28,3767.0,264.7199401855469,374.26068115234375
19,29,3920.0,44.02397918701172,81.08622741699219
19,30,4407.0,137.89584350585938,322.6208190917969
19,31,3245.0,324.10693359375,373.6915283203125
19,32,5962.0,440.9181518554688,379.71588134765625
19,33,2260.0,87.85265350341797,318.080078125
19,34,1816.0,374.6068420410156,421.4669494628906
19,35,3003.0,28.57242774963379,139.9693603515625
19,36,5695.0,142.09500122070312,134.5501251220703
19,37,1297.0,67.72706604003906,414.2251281738281
19,38,4225.0,227.0132598876953,423.7940979003906
19,39,3855.0,485.0316467285156,420.5330810546875
19,40,2149.0,423.7896728515625,444.2917785644531
19,41,1548.0,167.14793395996094,460.0787963867188
19,42,4691.0,83.58708190917969,459.5442199707031
19,43,0.0,0.0,0.0
19,44,6267.0,75.51156616210938,171.90728759765625
19,45,2251.0,452.4544677734375,162.2221221923828
19,46,2884.0,21.0565185546875,414.2770385742188
19,47,1914.0,134.36416625976562,444.5323791503906
19,48,4508.0,266.06500244140625,473.9192504882813
19,49,1730.0,212.7393035888672,469.7768859863281
19,50,5016.0,367.6668701171875,476.1909790039063
19,51,1898.0,38.80874633789063,497.87249755859375
19,52,2623.0,52.7743034362793,23.19710350036621
19,53,3554.0,422.6533508300781,262.285888671875
19,54,459.0,444.5468444824219,468.8976135253906
19,55,1561.0,312.68994140625,485.98974609375
19,56,0.0,0.0,0.0
19,57,0.0,0.0,0.0
19,58,1914.0,109.6635284423828,276.2215270996094
19,59,1621.0,196.3800048828125,496.5361022949219
19,60,2901.0,269.2478332519531,238.23922729492188
19,61,2047.0,285.13629150390625,320.503173828125
19,62,2707.0,481.8359680175781,480.9549255371094
19,63,0.0,0.0,0.0
19,64,1392.0,180.00790405273438,12.050287246704102
19,65,1785.0,20.29355812072754,465.9731140136719
19,66,0.0,0.0,0.0
19,67,5511.0,53.10542678833008,359.12664794921875
19,68,2291.0,108.43561553955078,393.2470397949219
19,69,3315.0,314.5149230957031,429.5043640136719
19,70,1387.0,10.33741855621338,326.9978332519531
19,71,6093.0,204.24766540527344,297.5849304199219
19,72,4710.0,162.88131713867188,391.15478515625
19,73,2466.0,129.0340576171875,497.171142578125
19,74,3092.0,102.47865295410156,29.91558837890625
19,75,2249.0,490.7821350097656,342.5429077148437
19,76,0.0,0.0,0.0
19,77,1528.0,12.545157432556152,29.78206825256348
19,78,860.0,383.8790588378906,327.63140869140625
19,79,2063.0,428.7038269042969,493.9369812011719
19,80,3363.0,21.63187599182129,216.5212554931641
19,81,737.0,6.409769535064697,91.10311889648438
19,82,0.0,0.0,0.0
19,83,2899.0,87.47430419921875,236.72645568847656
19,84,1869.0,434.7025146484375,17.14820671081543
19,85,0.0,0.0,0.0
19,86,0.0,0.0,0.0
19,87,911.0,417.37103271484375,164.0482940673828
19,88,385.0,139.55584716796875,9.197402954101562
19,89,1527.0,491.1833801269531,134.96791076660156
19,90,3987.0,38.44945907592773,279.6195068359375
19,91,0.0,0.0,0.0
19,92,0.0,0.0,0.0
19,93,570.0,340.1543884277344,191.9964904785156
19,94,1113.0,311.289306640625,312.8670349121094
19,95,89.0,292.8651733398437,1.2696629762649536
19,96,0.0,0.0,0.0
19,97,0.0,0.0,0.0
19,98,0.0,0.0,0.0
19,99,0.0,0.0,0.0
19,100,1428.0,252.50489807128903,319.255615234375
19,101,0.0,0.0,0.0
19,102,0.0,0.0,0.0
19,103,0.0,0.0,0.0
19,104,0.0,0.0,0.0
19,105,0.0,0.0,0.0
19,106,0.0,0.0,0.0
19,107,0.0,0.0,0.0
19,108,0.0,0.0,0.0
19,109,0.0,0.0,0.0
19,110,0.0,0.0,0.0
19,111,0.0,0.0,0.0
19,112,0.0,0.0,0.0
19,113,0.0,0.0,0.0
19,114,0.0,0.0,0.0
19,115,0.0,0.0,0.0
19,116,0.0,0.0,0.0
19,117,0.0,0.0,0.0
19,118,0.0,0.0,0.0
19,119,0.0,0.0,0.0
19,120,0.0,0.0,0.0
19,121,0.0,0.0,0.0
19,122,0.0,0.0,0.0
19,123,0.0,0.0,0.0
19,124,0.0,0.0,0.0
19,125,0.0,0.0,0.0
19,126,0.0,0.0,0.0
19,127,0.0,0.0,0.0
19,128,0.0,0.0,0.0
19,129,0.0,0.0,0.0
19,130,0.0,0.0,0.0
19,131,0.0,0.0,0.0
19,132,0.0,0.0,0.0
20,0,4864.0,386.2983093261719,204.8238067626953
20,1,4148.0,315.6075134277344,229.8881378173828
20,2,2287.0,434.7122802734375,315.3130798339844
20,3,2596.0,158.3844451904297,47.06009292602539
20,4,5854.0,359.7449645996094,286.439697265625
20,5,0.0,0.0,0.0
20,6,4094.0,482.4216003417969,280.2510986328125
20,7,5713.0,240.50271606445312,35.36705780029297
20,8,7108.0,373.5717468261719,53.86043930053711
20,9,4993.0,294.8694152832031,63.08551788330078
20,10,6266.0,336.6019897460937,139.22853088378906
20,11,5026.0,209.03143310546875,178.63450622558594
20,12,2135.0,237.3831329345703,256.73443603515625
20,13,2292.0,449.2866516113281,215.17539978027344
20,14,0.0,0.0,0.0
20,15,1581.0,332.1454772949219,14.814042091369627
20,16,3648.0,484.4454345703125,34.74698638916016
20,17,3498.0,105.57518768310548,85.39908599853516
20,18,6297.0,456.5531311035156,86.728759765625
20,19,3711.0,402.3260498046875,125.70951080322266
20,20,5610.0,206.5497283935547,96.17237091064452
20,21,0.0,0.0,0.0
20,22,1342.0,493.01116943359375,173.9381561279297
20,23,5890.0,269.5991516113281,155.84719848632812
20,24,2113.0,492.5802307128906,218.3099822998047
20,25,7188.0,154.12353515625,225.44644165039065
20,26,4424.0,374.6123352050781,364.9837341308594
20,27,2246.0,208.09483337402344,367.51025390625
20,28,3694.0,264.3394775390625,374.1894836425781
20,29,3838.0,43.20792007446289,80.906982421875
20,30,4561.0,138.34335327148438,323.8395080566406
20,31,3249.0,322.97784423828125,373.5589294433594
20,32,5908.0,440.6173095703125,379.7462768554688
20,33,2316.0,88.1593246459961,316.9322204589844
20,34,1790.0,373.0273742675781,421.6173095703125
20,35,3151.0,29.053634643554688,139.79974365234375
20,36,5627.0,142.3950653076172,134.72276306152344
20,37,1144.0,67.06118774414062,416.1136474609375
20,38,4374.0,226.02012634277344,424.4192810058594
20,39,3949.0,484.95416259765625,420.2415771484375
20,40,2505.0,425.8954162597656,447.2275390625
20,41,1310.0,168.3221435546875,461.2862548828125
20,42,4763.0,83.81419372558594,459.9277648925781
20,43,0.0,0.0,0.0
20,44,6219.0,76.1950454711914,172.94773864746094
20,45,2413.0,452.3083190917969,163.70327758789062
20,46,2870.0,21.016725540161133,414.5313720703125
20,47,1949.0,135.35916137695312,445.3006591796875
20,48,4508.0,265.3746643066406,473.5696411132813
20,49,1586.0,212.8600311279297,470.9331665039063
20,50,4980.0,366.7028198242188,476.2628479003906
20,51,1905.0,39.099212646484375,497.9270324707031
20,52,2692.0,52.635215759277344,23.969167709350582
20,53,3657.0,421.4733276367188,262.0361022949219
20,54,0.0,0.0,0.0
20,55,1601.0,311.5209350585937,487.4890747070313
20,56,0.0,0.0,0.0
20,57,0.0,0.0,0.0
20,58,1446.0,112.50968170166016,276.0
20,59,1607.0,197.2221527099609,496.5755920410156
20,60,3516.0,269.5312805175781,239.4132537841797
20,61,2182.0,285.2098999023437,319.6278686523437
20,62,3044.0,481.9411926269531,482.17279052734375
20,63,0.0,0.0,0.0
20,64,1475.0,180.2061004638672,12.612881660461426
20,65,1772.0,20.319412231445312,466.11907958984375
20,66,0.0,0.0,0.0
20,67,5609.0,54.45159530639648,360.6020812988281
20,68,2260.0,107.77699279785156,394.5296325683594
20,69,3283.0,314.1723937988281,430.2339172363281
20,70,1509.0,11.062955856323242,326.7104187011719
20,71,6215.0,204.99485778808597,298.0096435546875
20,72,4729.0,163.32818603515625,393.1057434082031
20,73,2471.0,131.00404357910156,497.1242370605469
20,74,2954.0,101.5348663330078,30.8730525970459
20,75,2238.0,490.5004577636719,342.28955078125
20,76,0.0,0.0,0.0
20,77,1514.0,12.36459732055664,29.6737117767334
20,78,813.0,384.2041931152344,328.4145202636719
20,79,2123.0,427.7074890136719,493.1290588378906
20,80,3527.0,22.41905212402344,216.1170959472656
20,81,689.0,6.1233673095703125,92.53411102294922
20,82,0.0,0.0,0.0
20,83,2616.0,88.54243469238281,237.10626220703125
20,84,1404.0,432.0954284667969,16.36823272705078
20,85,0.0,0.0,0.0
20,86,0.0,0.0,0.0
20,87,657.0,417.3850708007813,161.9299774169922
20,88,554.0,135.95306396484375,9.548736572265623
20,89,1468.0,491.7684020996094,136.2070770263672
20,90,4277.0,41.52677154541016,279.5101623535156
20,91,0.0,0.0,0.0
20,92,0.0,0.0,0.0
20,93,612.0,341.84149169921875,198.5408477783203
20,94,1264.0,312.6574401855469,310.5015869140625
20,95,106.0,295.01885986328125,1.3584905862808228
20,96,0.0,0.0,0.0
20,97,0.0,0.0,0.0
20,98,0.0,0.0,0.0
20,99,0.0,0.0,0.0
20,100,1330.0,253.1503753662109,319.3789367675781
20,101,0.0,0.0,0.0
20,102,0.0,0.0,0.0
20,103,0.0,0.0,0.0
20,104,0.0,0.0,0.0
20,105,0.0,0.0,0.0
20,106,0.0,0.0,0.0
20,107,0.0,0.0,0.0
20,108,0.0,0.0,0.0
20,109,0.0,0.0,0.0
20,110,0.0,0.0,0.0
20,111,0.0,0.0,0.0
20,112,0.0,0.0,0.0
20,113,0.0,0.0,0.0
20,114,0.0,0.0,0.0
20,115,0.0,0.0,0.0
20,116,0.0,0.0,0.0
20,117,0.0,0.0,0.0
20,118,0.0,0.0,0.0
20,119,0.0,0.0,0.0
20,120,0.0,0.0,0.0
20,121,0.0,0.0,0.0
20,122,0.0,0.0,0.0
20,123,0.0,0.0,0.0
20,124,0.0,0.0,0.0
20,125,0.0,0.0,0.0
20,126,0.0,0.0,0.0
20,127,0.0,0.0,0.0
20,128,0.0,0.0,0.0
20,129,0.0,0.0,0.0
20,130,0.0,0.0,0.0
20,131,0.0,0.0,0.0
20,132,0.0,0.0,0.0
21,0,4715.0,386.70159912109375,205.7145233154297
21,1,3981.0,317.00250244140625,231.6450653076172
21,2,2268.0,434.7001647949219,315.5731811523437
21,3,2574.0,157.759521484375,47.07847595214844
21,4,5635.0,358.1315002441406,287.20318603515625
21,5,0.0,0.0,0.0
21,6,4148.0,482.44769287109375,280.6694641113281
21,7,5866.0,240.53733825683597,35.81537628173828
21,8,7164.0,373.6243591308594,54.21705627441406
21,9,5047.0,294.3233642578125,66.4212417602539
21,10,6306.0,336.003173828125,140.67237854003906
21,11,5057.0,209.2608337402344,179.6626434326172
21,12,1995.0,239.3002471923828,258.726318359375
21,13,2354.0,448.56201171875,215.7302398681641
21,14,0.0,0.0,0.0
21,15,1647.0,330.25439453125,15.207650184631348
21,16,3641.0,483.7992248535156,35.834110260009766
21,17,3412.0,104.70750427246094,86.4364013671875
21,18,6375.0,456.8271484375,87.72486114501953
21,19,3849.0,402.5388488769531,126.45284271240234
21,20,5370.0,205.0953369140625,95.91136169433594
21,21,0.0,0.0,0.0
21,22,1307.0,493.2785034179688,174.0183563232422
21,23,5845.0,268.5067443847656,156.98545837402344
21,24,2158.0,492.5050964355469,218.47543334960935
21,25,7335.0,153.7382354736328,226.423583984375
21,26,4441.0,373.4618225097656,365.7059326171875
21,27,2134.0,208.43673706054688,366.3102111816406
21,28,3564.0,264.28814697265625,375.216064453125
21,29,3732.0,42.428993225097656,81.94989013671875
21,30,4469.0,139.24032592773438,324.6513671875
21,31,3104.0,322.3434143066406,374.2854309082031
21,32,6004.0,439.2521667480469,380.0317993164063
21,33,2351.0,90.40408325195312,317.5555114746094
21,34,1578.0,373.0253601074219,422.0557556152344
21,35,3218.0,29.514915466308597,138.43287658691406
21,36,5775.0,143.11843872070312,134.45367431640625
21,37,1310.0,68.54045867919922,415.168701171875
21,38,4519.0,225.3027191162109,425.28369140625
21,39,3962.0,484.4560852050781,419.4293212890625
21,40,2461.0,424.9260559082031,447.6481018066406
21,41,1378.0,168.48983764648438,460.4913024902344
21,42,4593.0,83.15502166748047,460.0311279296875
21,43,0.0,0.0,0.0
21,44,6196.0,75.82682037353516,173.97740173339844
21,45,2350.0,452.60552978515625,164.7404327392578
21,46,2886.0,21.30873107910156,414.3437194824219
21,47,2009.0,134.3120880126953,444.6062622070313
21,48,4357.0,264.9346008300781,474.5099792480469
21,49,1428.0,215.1225433349609,471.9033508300781
21,50,4988.0,366.7101135253906,476.37408447265625
21,51,1957.0,38.64690780639648,497.78131103515625
21,52,2777.0,52.55815505981445,25.08426284790039
21,53,3630.0,420.5936584472656,262.7906188964844
21,54,0.0,0.0,0.0
21,55,1234.0,314.0275573730469,483.8517150878906
21,56,0.0,0.0,0.0
21,57,0.0,0.0,0.0
21,58,1272.0,116.78223419189452,277.3018798828125
21,59,1619.0,196.69981384277344,496.2464599609375
21,60,3703.0,270.99542236328125,240.7188720703125
21,61,2183.0,286.4814453125,321.9271545410156
21,62,3282.0,481.8735656738281,481.4256591796875
21,63,0.0,0.0,0.0
21,64,1464.0,180.2779998779297,12.593579292297363
21,65,1751.0,20.53169631958008,465.7207336425781
21,66,0.0,0.0,0.0
21,67,5779.0,54.29520797729492,359.0697326660156
21,68,2087.0,108.67225646972656,394.9932861328125
21,69,3516.0,314.2044982910156,430.50396728515625
21,70,1445.0,10.592387199401855,325.6269836425781
21,71,6194.0,205.87278747558597,297.41412353515625
21,72,4734.0,164.123779296875,393.1368713378906
21,73,2542.0,130.1884307861328,496.84381103515625
21,74,3194.0,102.69630432128906,30.53224754333496
21,75,2209.0,489.8759765625,342.5445861816406
21,76,0.0,0.0,0.0
21,77,1551.0,12.432623863220217,30.27853012084961
21,78,962.0,385.0249328613281,327.1860656738281
21,79,2046.0,427.6784057617188,493.3069458007813
21,80,3713.0,22.52437400817871,216.7958526611328
21,81,605.0,5.636363506317139,92.16363525390624
21,82,416.0,302.41827392578125,504.4711608886719
21,83,2546.0,89.87391662597656,238.617431640625
21,84,1349.0,429.3550720214844,15.545589447021484
21,85,0.0,0.0,0.0
21,86,0.0,0.0,0.0
21,87,631.0,417.8858947753906,163.361328125
21,88,407.0,139.1990203857422,8.277641296386719
21,89,1364.0,491.2045593261719,137.7104034423828
21,90,4279.0,43.43351364135742,279.5597229003906
21,91,0.0,0.0,0.0
21,92,0.0,0.0,0.0
21,93,787.0,340.3291015625,200.1168975830078
21,94,1115.0,312.9246520996094,312.3004455566406
21,95,122.0,292.68853759765625,2.704918146133423
21,96,0.0,0.0,0.0
21,97,0.0,0.0,0.0
21,98,0.0,0.0,0.0
21,99,0.0,0.0,0.0
21,100,1435.0,252.7275238037109,321.899658203125
21,101,0.0,0.0,0.0
21,102,0.0,0.0,0.0
21,103,0.0,0.0,0.0
21,104,0.0,0.0,0.0
21,105,0.0,0.0,0.0
21,106,0.0,0.0,0.0
21,107,0.0,0.0,0.0
21,108,0.0,0.0,0.0
21,109,0.0,0.0,0.0
21,110,0.0,0.0,0.0
21,111,0.0,0.0,0.0
21,112,0.0,0.0,0.0
21,113,0.0,0.0,0.0
21,114,0.0,0.0,0.0
21,115,0.0,0.0,0.0
21,116,0.0,0.0,0.0
21,117,0.0,0.0,0.0
21,118,0.0,0.0,0.0
21,119,0.0,0.0,0.0
21,120,0.0,0.0,0.0
21,121,0.0,0.0,0.0
21,122,0.0,0.0,0.0
21,123,0.0,0.0,0.0
21,124,0.0,0.0,0.0
21,125,0.0,0.0,0.0
21,126,0.0,0.0,0.0
21,127,0.0,0.0,0.0
21,128,0.0,0.0,0.0
21,129,0.0,0.0,0.0
21,130,0.0,0.0,0.0
21,131,0.0,0.0,0.0
21,132,0.0,0.0,0.0
22,0,4674.0,388.1996154785156,204.28240966796875
22,1,4232.0,320.3190002441406,232.71527099609372
22,2,2210.0,432.8701477050781,317.6253356933594
22,3,2669.0,157.59385681152344,48.563507080078125
22,4,5522.0,358.29156494140625,288.9355163574219
22,5,0.0,0.0,0.0
22,6,4079.0,481.7131652832031,282.3716735839844
22,7,5864.0,240.8395233154297,35.65279769897461
22,8,7654.0,375.25201416015625,54.03997802734375
22,9,5161.0,293.6839904785156,67.73280334472656
22,10,6331.0,335.4667358398437,142.37513732910156
22,11,5314.0,210.03782653808597,183.1490478515625
22,12,1738.0,239.9815826416016,260.7715759277344
22,13,2466.0,447.4825744628906,218.07339477539065
22,14,0.0,0.0,0.0
22,15,1553.0,330.9027709960937,13.984545707702637
22,16,4055.0,482.2863159179688,36.45573425292969
22,17,3055.0,103.9044189453125,87.05106353759766
22,18,6095.0,456.561279296875,89.22477722167969
22,19,3874.0,402.9127502441406,127.39261627197266
22,20,5409.0,206.67239379882807,96.9602508544922
22,21,0.0,0.0,0.0
22,22,1276.0,493.5078430175781,173.66458129882812
22,23,5509.0,269.39263916015625,158.1172637939453
22,24,2331.0,491.95751953125,219.0193023681641
22,25,7079.0,151.54103088378906,226.14620971679688
22,26,4441.0,373.4188232421875,366.9308776855469
22,27,2037.0,209.1291046142578,366.2346496582031
22,28,3469.0,263.6849365234375,376.2513732910156
22,29,3533.0,43.23662567138672,82.767333984375
22,30,4155.0,140.01275634765625,325.9744873046875
22,31,3155.0,322.0104675292969,374.12994384765625
22,32,5935.0,438.63470458984375,381.3070068359375
22,33,2327.0,92.98625183105467,318.29266357421875
22,34,1394.0,372.9081726074219,422.3687133789063
22,35,3292.0,30.20747184753418,138.11724853515625
22,36,6104.0,143.11009216308594,134.1064910888672
22,37,1326.0,68.13876342773438,415.6659240722656
22,38,4537.0,225.91360473632807,425.6746826171875
22,39,4000.0,484.3422546386719,419.6789855957031
22,40,2451.0,424.9261474609375,448.3182373046875
22,41,1424.0,168.22120666503906,460.4585571289063
22,42,4559.0,81.859619140625,460.6347961425781
22,43,0.0,0.0,0.0
22,44,6136.0,75.68318176269531,175.1237030029297
22,45,2464.0,451.5340881347656,166.1870880126953
22,46,2983.0,21.044586181640625,413.11566162109375
22,47,2000.0,133.19200134277344,444.78948974609375
22,48,4301.0,265.1162414550781,476.3387451171875
22,49,1439.0,213.44613647460935,471.4551696777344
22,50,5152.0,366.58929443359375,476.1170349121094
22,51,2109.0,39.49359893798828,497.6467590332031
22,52,2776.0,52.88652801513672,25.7355899810791
22,53,3633.0,419.6853942871094,264.8549499511719
22,54,0.0,0.0,0.0
22,55,1343.0,311.6865234375,487.9471435546875
22,56,0.0,0.0,0.0
22,57,0.0,0.0,0.0
22,58,1340.0,120.46791076660156,278.74029541015625
22,59,1632.0,197.19363403320312,496.8590698242188
22,60,3988.0,271.1697692871094,241.35531616210935
22,61,2165.0,284.8410949707031,323.0216979980469
22,62,3228.0,481.55670166015625,481.950439453125
22,63,0.0,0.0,0.0
22,64,1538.0,179.29974365234375,12.615084648132324
22,65,1604.0,20.082918167114254,465.1988830566406
22,66,0.0,0.0,0.0
22,67,5596.0,56.28770446777344,359.1899719238281
22,68,2222.0,109.78758239746094,395.1476135253906
22,69,3680.0,313.4198303222656,430.96142578125
22,70,1672.0,12.209928512573242,325.1626892089844
22,71,6603.0,206.07223510742188,297.5231018066406
22,72,4668.0,165.2054443359375,393.7553405761719
22,73,2452.0,131.7483673095703,496.2867126464844
22,74,3379.0,102.92926788330078,31.762651443481445
22,75,2306.0,489.1188354492188,342.5689392089844
22,76,0.0,0.0,0.0
22,77,1667.0,13.029994010925291,31.11037826538086
22,78,867.0,382.7577819824219,329.3679504394531
22,79,1971.0,427.7417602539063,493.6509399414063
22,80,3858.0,22.876619338989254,217.13348388671875
22,81,652.0,6.078220844268799,91.12577056884766
22,82,0.0,0.0,0.0
22,83,2517.0,90.40643310546876,241.42312622070312
22,84,1035.0,429.64251708984375,11.757488250732422
22,85,0.0,0.0,0.0
22,86,0.0,0.0,0.0
22,87,322.0,419.444091796875,161.555908203125
22,88,363.0,137.95867919921875,8.545454978942871
22,89,1430.0,490.4964904785156,137.3839111328125
22,90,4101.0,45.28285598754883,280.6754455566406
22,91,0.0,0.0,0.0
22,92,0.0,0.0,0.0
22,93,646.0,342.4938049316406,198.08514404296875
22,94,1147.0,312.1246643066406,313.61639404296875
22,95,157.0,293.47772216796875,3.668789863586426
22,96,0.0,0.0,0.0
22,97,0.0,0.0,0.0
22,98,0.0,0.0,0.0
22,99,0.0,0.0,0.0
22,100,1234.0,253.39707946777344,322.2439270019531
22,101,0.0,0.0,0.0
22,102,0.0,0.0,0.0
22,103,0.0,0.0,0.0
22,104,0.0,0.0,0.0
22,105,0.0,0.0,0.0
22,106,0.0,0.0,0.0
22,107,0.0,0.0,0.0
22,108,0.0,0.0,0.0
22,109,0.0,0.0,0.0
22,110,0.0,0.0,0.0
22,111,0.0,0.0,0.0
22,112,0.0,0.0,0.0
22,113,0.0,0.0,0.0
22,114,0.0,0.0,0.0
22,115,0.0,0.0,0.0
22,116,0.0,0.0,0.0
22,117,0.0,0.0,0.0
22,118,0.0,0.0,0.0
22,119,0.0,0.0,0.0
22,120,0.0,0.0,0.0
22,121,0.0,0.0,0.0
22,122,0.0,0.0,0.0
22,123,0.0,0.0,0.0
22,124,0.0,0.0,0.0
22,125,0.0,0.0,0.0
22,126,0.0,0.0,0.0
22,127,0.0,0.0,0.0
22,128,0.0,0.0,0.0
22,129,0.0,0.0,0.0
22,130,0.0,0.0,0.0
22,131,0.0,0.0,0.0
22,132,0.0,0.0,0.0
23,0,4534.0,388.0838012695313,205.7959899902344
23,1,4323.0,321.3069763183594,232.268798828125
23,2,2217.0,433.1601257324219,318.7961120605469
23,3,2763.0,158.0521240234375,49.574737548828125
23,4,5222.0,358.012451171875,289.71295166015625
23,5,0.0,0.0,0.0
23,6,4128.0,481.6213684082031,283.00146484375
23,7,5920.0,241.0123291015625,36.39712905883789
23,8,7589.0,375.19580078125,55.479248046875
23,9,5213.0,294.136962890625,70.00978088378906
23,10,6128.0,335.7999267578125,142.96231079101562
23,11,5341.0,209.35536193847656,185.74685668945312
23,12,1511.0,240.3421630859375,263.0271301269531
23,13,2543.0,446.653564453125,217.81793212890625
23,14,0.0,0.0,0.0
23,15,1778.0,333.3908996582031,13.853205680847168
23,16,4345.0,481.27294921875,36.91277313232422
23,17,2959.0,102.96688079833984,90.1564712524414
23,18,5867.0,456.7704162597656,91.24271392822266
23,19,3773.0,402.1844787597656,127.98595428466795
23,20,5445.0,208.05784606933597,98.4960479736328
23,21,0.0,0.0,0.0
23,22,1267.0,493.3606872558594,174.20599365234375
23,23,5426.0,269.4159545898437,160.23902893066406
23,24,2334.0,491.9057312011719,219.7313690185547
23,25,7135.0,150.0037841796875,227.68296813964844
23,26,4423.0,374.6097717285156,367.5071105957031
23,27,1956.0,210.3767852783203,367.2244262695313
23,28,3371.0,262.5072631835937,376.30316162109375
23,29,3408.0,43.12441253662109,82.6270523071289
23,30,4226.0,140.45716857910156,326.2257385253906
23,31,3238.0,321.5858459472656,374.01019287109375
23,32,5743.0,438.3560791015625,382.5298767089844
23,33,2362.0,93.89119720458984,319.3560485839844
23,34,1326.0,371.93890380859375,421.3544616699219
23,35,3473.0,31.027929306030277,137.73452758789062
23,36,6130.0,144.91647338867188,134.8401336669922
23,37,1293.0,67.63108825683594,416.60943603515625
23,38,4477.0,226.18560791015625,426.9890441894531
23,39,4042.0,484.0245056152344,419.5044555664063
23,40,2466.0,424.7120971679688,449.0324401855469
23,41,1372.0,168.52987670898438,461.0940246582031
23,42,4541.0,80.97489166259766,462.0740051269531
23,43,0.0,0.0,0.0
23,44,6305.0,76.9061050415039,177.05868530273438
23,45,2520.0,451.310302734375,166.5369110107422
23,46,3102.0,20.51934242248535,414.6982727050781
23,47,2123.0,131.79510498046875,444.7098388671875
23,48,4357.0,266.7665710449219,477.4679870605469
23,49,1414.0,214.2248992919922,472.0877075195313
23,50,5268.0,365.9901428222656,475.9643249511719
23,51,2101.0,41.66587448120117,498.24560546875
23,52,2826.0,52.5003547668457,25.76751518249512
23,53,3765.0,418.5208435058594,265.77264404296875
23,54,0.0,0.0,0.0
23,55,634.0,313.0189208984375,480.9747619628906
23,56,0.0,0.0,0.0
23,57,0.0,0.0,0.0
23,58,1004.0,123.61055755615234,280.3645324707031
23,59,1649.0,196.60520935058597,496.7586364746094
23,60,4226.0,270.830322265625,243.2631378173828
23,61,2282.0,284.2081604003906,321.797119140625
23,62,3228.0,482.0220031738281,482.1350708007813
23,63,0.0,0.0,0.0
23,64,1533.0,179.80625915527344,12.998043060302734
23,65,1486.0,19.89636611938477,467.5968933105469
23,66,0.0,0.0,0.0
23,67,5677.0,56.5761833190918,360.0563659667969
23,68,2128.0,109.5399398803711,396.3778076171875
23,69,3832.0,312.8888244628906,431.29827880859375
23,70,1775.0,12.848450660705566,323.794921875
23,71,6728.0,207.10032653808597,299.29473876953125
23,72,4836.0,165.8982696533203,394.6056518554688
23,73,2269.0,134.13662719726562,495.6474304199219
23,74,3535.0,102.55162811279295,33.905517578125
23,75,2323.0,488.8484802246094,343.1011657714844
23,76,0.0,0.0,0.0
23,77,1653.0,12.741076469421388,31.33756828308105
23,78,875.0,382.3965759277344,329.4297180175781
23,79,1956.0,427.8179931640625,493.5321960449219
23,80,3657.0,22.706863403320312,215.2794647216797
23,81,627.0,6.020733833312988,90.7511978149414
23,82,0.0,0.0,0.0
23,83,2144.0,92.6604461669922,247.5387115478516
23,84,1205.0,430.1784362792969,12.148548126220703
23,85,0.0,0.0,0.0
23,86,0.0,0.0,0.0
23,87,309.0,417.8284912109375,160.55015563964844
23,88,466.0,137.6051483154297,9.484978675842283
23,89,1445.0,490.6740417480469,137.83114624023438
23,90,4641.0,45.07843017578125,277.71710205078125
23,91,0.0,0.0,0.0
23,92,0.0,0.0,0.0
23,93,722.0,345.90167236328125,194.6537322998047
23,94,1180.0,315.0618591308594,318.8271179199219
23,95,192.0,291.7239685058594,4.140625
23,96,0.0,0.0,0.0
23,97,0.0,0.0,0.0
23,98,0.0,0.0,0.0
23,99,0.0,0.0,0.0
23,100,983.0,255.27975463867188,320.8687744140625
23,101,0.0,0.0,0.0
23,102,0.0,0.0,0.0
23,103,0.0,0.0,0.0
23,104,0.0,0.0,0.0
23,105,0.0,0.0,0.0
23,106,0.0,0.0,0.0
23,107,0.0,0.0,0.0
23,108,0.0,0.0,0.0
23,109,0.0,0.0,0.0
23,110,0.0,0.0,0.0
23,111,0.0,0.0,0.0
23,112,0.0,0.0,0.0
23,113,0.0,0.0,0.0
23,114,0.0,0.0,0.0
23,115,0.0,0.0,0.0
23,116,0.0,0.0,0.0
23,117,0.0,0.0,0.0
23,118,0.0,0.0,0.0
23,119,0.0,0.0,0.0
23,120,0.0,0.0,0.0
23,121,0.0,0.0,0.0
23,122,0.0,0.0,0.0
23,123,0.0,0.0,0.0
23,124,0.0,0.0,0.0
23,125,0.0,0.0,0.0
23,126,0.0,0.0,0.0
23,127,0.0,0.0,0.0
23,128,0.0,0.0,0.0
23,129,0.0,0.0,0.0
23,130,0.0,0.0,0.0
23,131,0.0,0.0,0.0
23,132,0.0,0.0,0.0
24,0,4316.0,387.1853637695313,208.43605041503903
24,1,4547.0,322.33251953125,231.727294921875
24,2,2129.0,434.48284912109375,318.8882141113281
24,3,2664.0,158.89602661132812,49.555931091308594
24,4,5026.0,355.4665832519531,291.524658203125
24,5,0.0,0.0,0.0
24,6,4095.0,481.5787658691406,282.3760681152344
24,7,5844.0,241.06809997558597,36.7871322631836
24,8,7502.0,373.1596984863281,57.41149139404297
24,9,5120.0,293.79412841796875,70.99726867675781
24,10,6132.0,335.0975341796875,145.02674865722656
24,11,5547.0,209.2403106689453,187.5552520751953
24,12,1261.0,241.4552001953125,266.0388488769531
24,13,2624.0,446.8814697265625,219.11965942382807
24,14,0.0,0.0,0.0
24,15,1688.0,333.1101989746094,15.03732204437256
24,16,4408.0,481.3863525390625,38.46438217163086
24,17,3300.0,103.70575714111328,90.98454284667967
24,18,5662.0,457.2248229980469,92.966796875
24,19,3925.0,401.70062255859375,128.54165649414062
24,20,5623.0,208.3921356201172,99.53850555419922
24,21,0.0,0.0,0.0
24,22,1253.0,493.3567504882813,174.6919403076172
24,23,5300.0,269.9197998046875,161.2535858154297
24,24,2282.0,492.0753784179688,219.3689727783203
24,25,6965.0,150.8809814453125,228.9954071044922
24,26,4362.0,374.6130065917969,369.0252075195313
24,27,1831.0,212.1616668701172,370.2496032714844
24,28,3445.0,261.79913330078125,375.9288940429688
24,29,3251.0,41.97477722167969,82.58597564697266
24,30,4207.0,140.3484649658203,327.3575134277344
24,31,3411.0,321.4189453125,373.7640075683594
24,32,5593.0,436.57427978515625,383.40228271484375
24,33,2256.0,93.7327117919922,321.4184265136719
24,34,1136.0,371.3019409179688,421.4832763671875
24,35,3454.0,31.46149444580078,137.07904052734375
24,36,5959.0,145.22637939453125,136.6625213623047
24,37,1410.0,66.7879409790039,416.7028503417969
24,38,4562.0,225.4504547119141,429.34613037109375
24,39,4065.0,483.5847473144531,419.1704711914063
24,40,2543.0,424.0711669921875,449.5753173828125
24,41,1318.0,169.0258026123047,462.7420349121094
24,42,4545.0,80.28052520751953,462.6600646972656
24,43,0.0,0.0,0.0
24,44,6133.0,76.85635375976562,176.4082794189453
24,45,2451.0,451.26806640625,166.3488311767578
24,46,2996.0,19.359479904174805,415.1986083984375
24,47,2212.0,131.5989990234375,445.6442260742188
24,48,4321.0,265.4938659667969,477.3452758789063
24,49,1151.0,213.903564453125,473.4578552246094
24,50,5091.0,366.1349487304688,475.0620727539063
24,51,2068.0,39.48936080932617,498.00628662109375
24,52,2778.0,51.84197235107422,25.8376522064209
24,53,3869.0,416.911865234375,268.264404296875
24,54,0.0,0.0,0.0
24,55,1374.0,312.9381408691406,492.1266479492188
24,56,0.0,0.0,0.0
24,57,0.0,0.0,0.0
24,58,1275.0,120.8886260986328,281.2948913574219
24,59,1624.0,196.90701293945312,497.0991516113281
24,60,4480.0,270.3984375,245.25401306152344
24,61,2166.0,283.34625244140625,324.7262268066406
24,62,3229.0,481.7308654785156,481.5116271972656
24,63,0.0,0.0,0.0
24,64,1603.0,180.76419067382807,13.040549278259276
24,65,1407.0,20.05685806274414,466.8855590820313
24,66,0.0,0.0,0.0
24,67,5734.0,55.41977691650391,360.1719665527344
24,68,2075.0,109.49686431884766,396.1913146972656
24,69,3802.0,312.8837585449219,432.0794372558594
24,70,1750.0,13.095999717712402,322.18798828125
24,71,6893.0,208.3304748535156,301.6726989746094
24,72,4977.0,165.9935760498047,394.8784484863281
24,73,2261.0,133.7660369873047,495.8421020507813
24,74,3725.0,102.49718475341795,33.84724807739258
24,75,2564.0,488.0109252929688,343.7250366210937
24,76,0.0,0.0,0.0
24,77,1691.0,12.681844711303713,32.08988952636719
24,78,993.0,384.5709838867188,329.17926025390625
24,79,1961.0,426.4864807128906,493.9541015625
24,80,3617.0,22.7589168548584,213.7901611328125
24,81,590.0,5.891525268554688,92.54915618896484
24,82,0.0,0.0,0.0
24,83,2483.0,90.96818542480467,245.20176696777344
24,84,1532.0,428.9308166503906,16.862272262573242
24,85,0.0,0.0,0.0
24,86,0.0,0.0,0.0
24,87,497.0,419.2877197265625,170.96981811523438
24,88,426.0,138.99061584472656,9.478873252868652
24,89,1409.0,489.7295837402344,139.04684448242188
24,90,4204.0,46.748573303222656,279.0237731933594
24,91,0.0,0.0,0.0
24,92,0.0,0.0,0.0
24,93,504.0,355.515869140625,193.6865081787109
24,94,1069.0,313.3339538574219,317.20953369140625
24,95,263.0,291.96197509765625,5.996197700500488
24,96,0.0,0.0,0.0
24,97,0.0,0.0,0.0
24,98,0.0,0.0,0.0
24,99,0.0,0.0,0.0
24,100,697.0,257.3185119628906,317.965576171875
24,101,0.0,0.0,0.0
24,102,0.0,0.0,0.0
24,103,0.0,0.0,0.0
24,104,0.0,0.0,0.0
24,105,0.0,0.0,0.0
24,106,0.0,0.0,0.0
24,107,0.0,0.0,0.0
24,108,0.0,0.0,0.0
24,109,0.0,0.0,0.0
24,110,0.0,0.0,0.0
24,111,0.0,0.0,0.0
24,112,0.0,0.0,0.0
24,113,0.0,0.0,0.0
24,114,0.0,0.0,0.0
24,115,0.0,0.0,0.0
24,116,0.0,0.0,0.0
24,117,0.0,0.0,0.0
24,118,0.0,0.0,0.0
24,119,0.0,0.0,0.0
24,120,0.0,0.0,0.0
24,121,0.0,0.0,0.0
24,122,0.0,0.0,0.0
24,123,0.0,0.0,0.0
24,124,0.0,0.0,0.0
24,125,0.0,0.0,0.0
24,126,0.0,0.0,0.0
24,127,0.0,0.0,0.0
24,128,0.0,0.0,0.0
24,129,0.0,0.0,0.0
24,130,0.0,0.0,0.0
24,131,0.0,0.0,0.0
24,132,0.0,0.0,0.0
25,0,4158.0,387.2599792480469,207.6416473388672
25,1,4603.0,323.1231689453125,233.69064331054688
25,2,2190.0,434.6351623535156,319.7671203613281
25,3,2700.0,159.1781463623047,49.3814811706543
25,4,4853.0,353.7821960449219,293.24542236328125
25,5,0.0,0.0,0.0
25,6,4053.0,481.43695068359375,285.01824951171875
25,7,5915.0,241.23583984375,37.33694076538086
25,8,7579.0,374.87109375,58.40150451660156
25,9,5166.0,294.528076171875,72.89373016357422
25,10,6187.0,335.4114990234375,147.9169158935547
25,11,5670.0,208.2215118408203,187.66842651367188
25,12,1291.0,237.51123046875,261.7203674316406
25,13,2778.0,446.2584533691406,220.9769592285156
25,14,0.0,0.0,0.0
25,15,1904.0,335.16229248046875,15.689075469970703
25,16,4455.0,481.8783264160156,39.54029083251953
25,17,3405.0,103.47371673583984,92.3591766357422
25,18,5652.0,457.0902404785156,94.20930480957033
25,19,3919.0,401.73870849609375,129.35366821289062
25,20,5702.0,207.69186401367188,99.88705444335938
25,21,0.0,0.0,0.0
25,22,1245.0,493.1204833984375,174.9630584716797
25,23,5304.0,269.8995056152344,161.98756408691406
25,24,2416.0,492.46771240234375,221.47805786132807
25,25,6894.0,150.13751220703125,229.920654296875
25,26,4316.0,375.6913757324219,369.4198303222656
25,27,1728.0,214.57696533203125,373.2951354980469
25,28,3373.0,262.9217224121094,376.20843505859375
25,29,3102.0,41.87169647216797,83.69632720947266
25,30,4150.0,140.0775909423828,328.6759033203125
25,31,3475.0,321.95281982421875,373.6849060058594
25,32,5360.0,436.8891906738281,383.5104370117188
25,33,2185.0,94.11075592041016,321.7707214355469
25,34,1385.0,371.9761657714844,422.4866333007813
25,35,3567.0,31.848331451416016,137.4199676513672
25,36,5782.0,144.55223083496094,137.6113739013672
25,37,1846.0,64.17118072509766,418.7204895019531
25,38,4830.0,226.1830291748047,431.426513671875
25,39,4104.0,482.7775268554688,419.8101806640625
25,40,2548.0,423.6793518066406,450.4937133789063
25,41,1265.0,168.6932830810547,463.2679748535156
25,42,4369.0,80.64957427978516,464.875244140625
25,43,0.0,0.0,0.0
25,44,6062.0,76.94275665283203,178.22616577148438
25,45,2490.0,451.3084411621094,167.4779052734375
25,46,2838.0,17.743480682373047,414.751220703125
25,47,2227.0,130.80062866210938,445.54241943359375
25,48,4208.0,265.089111328125,479.2806701660156
25,49,966.0,213.66148376464844,475.5238037109375
25,50,4934.0,365.2632751464844,476.5340576171875
25,51,2021.0,39.00593948364258,498.0207824707031
25,52,2808.0,50.87642288208008,26.51282119750977
25,53,3986.0,414.9533386230469,268.9686279296875
25,54,0.0,0.0,0.0
25,55,1262.0,312.4841613769531,492.4881286621094
25,56,0.0,0.0,0.0
25,57,0.0,0.0,0.0
25,58,1218.0,121.55583190917967,282.5624084472656
25,59,1587.0,196.20541381835935,497.3081359863281
25,60,4464.0,270.9522705078125,245.86648559570312
25,61,2339.0,280.7379150390625,323.1513366699219
25,62,3264.0,481.8452758789063,482.24908447265625
25,63,0.0,0.0,0.0
25,64,1533.0,181.38748168945312,12.91324234008789
25,65,1369.0,20.307523727416992,466.8860473632813
25,66,0.0,0.0,0.0
25,67,5574.0,55.43882369995117,360.192138671875
25,68,2126.0,109.7295379638672,395.7760925292969
25,69,3879.0,312.4457397460937,433.2224731445313
25,70,1768.0,13.905543327331545,322.9677734375
25,71,7032.0,207.46359252929688,303.4152526855469
25,72,5057.0,166.7083282470703,395.718994140625
25,73,2230.0,134.2165985107422,495.7367858886719
25,74,3914.0,102.38477325439452,33.867652893066406
25,75,2491.0,488.7201843261719,346.2071533203125
25,76,0.0,0.0,0.0
25,77,1710.0,12.46198844909668,33.00994110107422
25,78,1005.0,383.7482604980469,329.54327392578125
25,79,1929.0,426.3872375488281,493.98236083984375
25,80,3575.0,23.18125915527344,213.68475341796875
25,81,580.0,5.977586269378662,91.1362075805664
25,82,0.0,0.0,0.0
25,83,2484.0,91.36634826660156,247.5495147705078
25,84,1399.0,428.4381713867188,16.01786994934082
25,85,0.0,0.0,0.0
25,86,0.0,0.0,0.0
25,87,434.0,420.3433227539063,174.56451416015625
25,88,413.0,141.77723693847656,10.564165115356444
25,89,1349.0,490.3410034179688,139.37954711914062
25,90,4175.0,46.72550964355469,279.6479187011719
25,91,0.0,0.0,0.0
25,92,0.0,0.0,0.0
25,93,408.0,356.91912841796875,197.73284912109372
25,94,984.0,313.1300964355469,318.6991882324219
25,95,326.0,291.3374328613281,7.273005962371826
25,96,0.0,0.0,0.0
25,97,0.0,0.0,0.0
25,98,0.0,0.0,0.0
25,99,0.0,0.0,0.0
25,100,590.0,254.8474578857422,317.2389831542969
25,101,0.0,0.0,0.0
25,102,0.0,0.0,0.0
25,103,0.0,0.0,0.0
25,104,0.0,0.0,0.0
25,105,0.0,0.0,0.0
25,106,0.0,0.0,0.0
25,107,0.0,0.0,0.0
25,108,0.0,0.0,0.0
25,109,0.0,0.0,0.0
25,110,0.0,0.0,0.0
25,111,0.0,0.0,0.0
25,112,0.0,0.0,0.0
25,113,0.0,0.0,0.0
25,114,0.0,0.0,0.0
25,115,0.0,0.0,0.0
25,116,0.0,0.0,0.0
25,117,0.0,0.0,0.0
25,118,0.0,0.0,0.0
25,119,0.0,0.0,0.0
25,120,0.0,0.0,0.0
25,121,0.0,0.0,0.0
25,122,0.0,0.0,0.0
25,123,0.0,0.0,0.0
25,124,0.0,0.0,0.0
25,125,0.0,0.0,0.0
25,126,0.0,0.0,0.0
25,127,0.0,0.0,0.0
25,128,0.0,0.0,0.0
25,129,0.0,0.0,0.0
25,130,0.0,0.0,0.0
25,131,0.0,0.0,0.0
25,132,0.0,0.0,0.0
26,0,4138.0,387.3951110839844,206.9958953857422
26,1,4571.0,323.95361328125,233.35003662109372
26,2,2173.0,433.6935119628906,320.2337646484375
26,3,2601.0,159.92156982421875,49.51249694824219
26,4,4949.0,351.378662109375,295.3788757324219
26,5,0.0,0.0,0.0
26,6,4177.0,480.8815002441406,285.9327392578125
26,7,5843.0,240.6337432861328,37.37994003295898
26,8,7271.0,374.9591674804688,61.59455490112305
26,9,5345.0,294.2104797363281,74.91637420654297
26,10,6001.0,335.6669006347656,149.14064025878906
26,11,5764.0,207.7064514160156,189.51890563964844
26,12,1554.0,238.20591735839844,264.658935546875
26,13,2885.0,445.5663757324219,222.1455841064453
26,14,0.0,0.0,0.0
26,15,2283.0,335.38677978515625,16.892684936523438
26,16,4666.0,481.7119445800781,41.32211685180664
26,17,3675.0,103.52652740478516,93.24925231933594
26,18,5423.0,457.5806884765625,96.23658752441406
26,19,3926.0,402.2106323242188,129.7982635498047
26,20,5829.0,207.2744903564453,100.53165435791016
26,21,0.0,0.0,0.0
26,22,1142.0,492.7810974121094,174.38790893554688
26,23,5317.0,269.75494384765625,163.5903778076172
26,24,2476.0,492.4305419921875,220.91558837890625
26,25,6662.0,149.5950164794922,231.9410095214844
26,26,4415.0,376.4362487792969,370.8163146972656
26,27,1469.0,217.48468017578125,375.8760986328125
26,28,3377.0,263.00799560546875,377.08203125
26,29,3041.0,41.3909912109375,83.89476776123047
26,30,4113.0,141.63919067382812,330.4770202636719
26,31,3543.0,321.386962890625,373.3559265136719
26,32,5209.0,437.2789306640625,383.3889465332031
26,33,2153.0,95.17046356201172,325.0933532714844
26,34,1429.0,371.9069213867188,422.9020385742188
26,35,3675.0,32.071563720703125,138.10313415527344
26,36,5891.0,144.25767517089844,140.48989868164062
26,37,2202.0,64.15894317626953,419.9881896972656
26,38,4838.0,226.50827026367188,433.3457946777344
26,39,4140.0,482.6949157714844,419.3714904785156
26,40,2582.0,424.5635070800781,451.4601135253906
26,41,1322.0,168.34796142578125,463.3419189453125
26,42,4203.0,80.6776123046875,466.9976196289063
26,43,0.0,0.0,0.0
26,44,5801.0,76.89967346191406,179.61610412597656
26,45,2464.0,451.9309997558594,167.88433837890625
26,46,2684.0,16.93852424621582,415.1467895507813
26,47,2331.0,129.52810668945312,445.326904296875
26,48,4077.0,265.2340087890625,480.2989807128906
26,49,893.0,214.15789794921875,477.135498046875
26,50,4866.0,364.9005432128906,476.3888244628906
26,51,1910.0,38.23036575317383,498.2277526855469
26,52,2775.0,50.19279098510742,26.451171875
26,53,4054.0,412.7066955566406,269.2819519042969
26,54,0.0,0.0,0.0
26,55,1236.0,312.8462829589844,493.0679626464844
26,56,0.0,0.0,0.0
26,57,0.0,0.0,0.0
26,58,1486.0,118.57334899902344,283.9730834960937
26,59,1544.0,196.05116271972656,497.4209899902344
26,60,4364.0,271.5126037597656,246.4603576660156
26,61,2447.0,280.0093994140625,322.54107666015625
26,62,3346.0,482.3212890625,482.7988586425781
26,63,0.0,0.0,0.0
26,64,1535.0,181.23452758789065,13.007817268371582
26,65,1405.0,20.52953720092773,466.97650146484375
26,66,0.0,0.0,0.0
26,67,5405.0,54.63330078125,360.9907531738281
26,68,2046.0,110.27859497070312,394.7956848144531
26,69,3886.0,311.9171447753906,434.0481262207031
26,70,1742.0,13.425373077392578,323.5378723144531
26,71,6857.0,206.34329223632807,305.8096923828125
26,72,5149.0,168.4532928466797,396.1790771484375
26,73,2193.0,134.68490600585938,496.0177917480469
26,74,3987.0,101.85051727294922,34.39152145385742
26,75,2428.0,488.748779296875,346.8953857421875
26,76,0.0,0.0,0.0
26,77,1713.0,12.334501266479492,33.633392333984375
26,78,921.0,385.5982666015625,330.1617736816406
26,79,1909.0,425.0832824707031,494.3682556152344
26,80,3491.0,22.295330047607425,213.3262634277344
26,81,559.0,6.046511650085449,91.34883880615234
26,82,0.0,0.0,0.0
26,83,2499.0,88.7655029296875,246.01040649414065
26,84,1844.0,426.4777526855469,15.483731269836426
26,85,0.0,0.0,0.0
26,86,0.0,0.0,0.0
26,87,407.0,422.4201354980469,174.65110778808594
26,88,466.0,140.69313049316406,10.484978675842283
26,89,1154.0,488.0623779296875,141.80935668945312
26,90,4258.0,47.40394592285156,281.5958251953125
26,91,0.0,0.0,0.0
26,92,0.0,0.0,0.0
26,93,385.0,355.2415466308594,197.2337646484375
26,94,790.0,312.8810119628906,320.246826171875
26,95,331.0,288.61932373046875,8.0906343460083
26,96,0.0,0.0,0.0
26,97,0.0,0.0,0.0
26,98,0.0,0.0,0.0
26,99,0.0,0.0,0.0
26,100,549.0,252.17303466796875,320.1784973144531
26,101,0.0,0.0,0.0
26,102,0.0,0.0,0.0
26,103,0.0,0.0,0.0
26,104,0.0,0.0,0.0
26,105,0.0,0.0,0.0
26,106,0.0,0.0,0.0
26,107,0.0,0.0,0.0
26,108,0.0,0.0,0.0
26,109,0.0,0.0,0.0
26,110,0.0,0.0,0.0
26,111,0.0,0.0,0.0
26,112,0.0,0.0,0.0
26,113,0.0,0.0,0.0
26,114,0.0,0.0,0.0
26,115,0.0,0.0,0.0
26,116,0.0,0.0,0.0
26,117,0.0,0.0,0.0
26,118,0.0,0.0,0.0
26,119,0.0,0.0,0.0
26,120,0.0,0.0,0.0
26,121,0.0,0.0,0.0
26,122,0.0,0.0,0.0
26,123,0.0,0.0,0.0
26,124,0.0,0.0,0.0
26,125,0.0,0.0,0.0
26,126,0.0,0.0,0.0
26,127,0.0,0.0,0.0
26,128,0.0,0.0,0.0
26,129,0.0,0.0,0.0
26,130,0.0,0.0,0.0
26,131,0.0,0.0,0.0
26,132,0.0,0.0,0.0
27,0,3658.0,386.3020629882813,207.4704742431641
27,1,4444.0,325.15234375,232.34922790527344
27,2,2185.0,433.23431396484375,321.6965637207031
27,3,2632.0,160.13905334472656,49.90957260131836
27,4,4464.0,352.03515625,294.4614562988281
27,5,0.0,0.0,0.0
27,6,4220.0,480.4424133300781,285.4561462402344
27,7,5944.0,241.00924682617188,37.7113037109375
27,8,6954.0,374.2088012695313,63.62668991088867
27,9,5411.0,293.7586364746094,77.52762603759766
27,10,5836.0,335.6381225585937,149.3588104248047
27,11,5751.0,207.6697998046875,190.3781890869141
27,12,1612.0,236.7779083251953,264.12408447265625
27,13,3123.0,445.1277465820313,223.9830322265625
27,14,0.0,0.0,0.0
27,15,2512.0,336.86505126953125,17.71297836303711
27,16,4759.0,481.3933715820313,42.20970916748047
27,17,3787.0,103.34459686279295,94.29548645019533
27,18,5238.0,458.7374877929688,97.86349487304688
27,19,3911.0,402.77191162109375,129.2513427734375
27,20,5867.0,206.3746337890625,101.81370544433594
27,21,0.0,0.0,0.0
27,22,1027.0,492.2424621582031,173.85589599609375
27,23,5346.0,269.9775390625,165.49102783203125
27,24,2464.0,492.9176025390625,219.9224853515625
27,25,6837.0,149.84657287597656,234.38525390625
27,26,4655.0,377.4255676269531,372.72308349609375
27,27,1365.0,219.0432281494141,375.4981689453125
27,28,3264.0,262.7147521972656,378.206787109375
27,29,2932.0,41.74420166015625,84.42462158203125
27,30,4226.0,142.42498779296875,331.17535400390625
27,31,3434.0,320.2015075683594,374.2070617675781
27,32,4735.0,437.3235473632813,385.5009460449219
27,33,2121.0,95.65441131591795,327.2852478027344
27,34,1417.0,371.5236511230469,423.28369140625
27,35,3459.0,35.3148307800293,140.96849060058594
27,36,5835.0,143.99452209472656,142.08860778808594
27,37,2558.0,63.57818603515625,421.1071166992188
27,38,4865.0,226.61212158203125,434.2941284179688
27,39,4039.0,482.9618835449219,419.5578002929688
27,40,2679.0,424.1646118164063,451.6935424804688
27,41,1287.0,168.43434143066406,463.8655700683594
27,42,3993.0,80.60456085205078,469.1046752929688
27,43,0.0,0.0,0.0
27,44,5770.0,77.5752182006836,182.2426300048828
27,45,2453.0,451.9482116699219,168.391357421875
27,46,2626.0,16.196876525878906,415.75286865234375
27,47,2450.0,128.81265258789062,445.9767456054688
27,48,3972.0,264.7218017578125,481.1601257324219
27,49,822.0,211.9768829345703,477.3004760742188
27,50,4879.0,364.50439453125,476.7431945800781
27,51,1747.0,36.94848251342773,498.1602783203125
27,52,2691.0,49.74359130859375,27.040876388549805
27,53,4116.0,409.9538269042969,270.1812438964844
27,54,0.0,0.0,0.0
27,55,1178.0,312.22918701171875,493.9439697265625
27,56,0.0,0.0,0.0
27,57,0.0,0.0,0.0
27,58,1468.0,115.72820281982422,285.3978271484375
27,59,1527.0,196.4295959472656,497.7491760253906
27,60,4460.0,272.8686218261719,248.4150238037109
27,61,2432.0,279.5661926269531,323.4292907714844
27,62,3294.0,481.8069152832031,482.4972534179688
27,63,0.0,0.0,0.0
27,64,1594.0,181.30552673339844,13.32371425628662
27,65,1354.0,21.395864486694336,467.5760803222656
27,66,0.0,0.0,0.0
27,67,5535.0,53.5284538269043,360.7015380859375
27,68,1945.0,111.48072052001952,395.2586059570313
27,69,3948.0,311.2391052246094,435.0904235839844
27,70,1782.0,20.080245971679688,318.8832702636719
27,71,6775.0,208.6453094482422,307.7507019042969
27,72,5247.0,169.7366180419922,396.70611572265625
27,73,2158.0,134.3961944580078,496.3572692871094
27,74,4012.0,100.59371948242188,34.771934509277344
27,75,2724.0,487.0719604492188,347.4162902832031
27,76,0.0,0.0,0.0
27,77,1774.0,12.528748512268066,34.05580520629883
27,78,1076.0,384.1449890136719,330.062255859375
27,79,1825.0,425.6767272949219,494.410400390625
27,80,3637.0,22.49381446838379,214.89193725585935
27,81,585.0,6.442735195159912,91.52820587158205
27,82,0.0,0.0,0.0
27,83,2513.0,87.9466781616211,249.12852478027344
27,84,2122.0,424.993408203125,18.84165954589844
27,85,372.0,6.22042989730835,124.0483856201172
27,86,0.0,0.0,0.0
27,87,690.0,419.3130493164063,177.13333129882812
27,88,542.0,139.87823486328125,11.87269401550293
27,89,926.0,484.655517578125,144.31533813476562
27,90,1758.0,62.3242301940918,286.3651733398437
27,91,0.0,0.0,0.0
27,92,0.0,0.0,0.0
27,93,515.0,360.7844543457031,194.0077667236328
27,94,1202.0,314.48004150390625,319.5199584960937
27,95,424.0,291.3915100097656,9.549528121948242
27,96,0.0,0.0,0.0
27,97,0.0,0.0,0.0
27,98,0.0,0.0,0.0
27,99,0.0,0.0,0.0
27,100,357.0,255.17367553710935,320.526611328125
27,101,0.0,0.0,0.0
27,102,0.0,0.0,0.0
27,103,0.0,0.0,0.0
27,104,0.0,0.0,0.0
27,105,0.0,0.0,0.0
27,106,0.0,0.0,0.0
27,107,0.0,0.0,0.0
27,108,0.0,0.0,0.0
27,109,0.0,0.0,0.0
27,110,0.0,0.0,0.0
27,111,0.0,0.0,0.0
27,112,0.0,0.0,0.0
27,113,0.0,0.0,0.0
27,114,0.0,0.0,0.0
27,115,0.0,0.0,0.0
27,116,0.0,0.0,0.0
27,117,0.0,0.0,0.0
27,118,0.0,0.0,0.0
27,119,0.0,0.0,0.0
27,120,0.0,0.0,0.0
27,121,0.0,0.0,0.0
27,122,0.0,0.0,0.0
27,123,0.0,0.0,0.0
27,124,0.0,0.0,0.0
27,125,0.0,0.0,0.0
27,126,0.0,0.0,0.0
27,127,0.0,0.0,0.0
27,128,0.0,0.0,0.0
27,129,0.0,0.0,0.0
27,130,0.0,0.0,0.0
27,131,0.0,0.0,0.0
27,132,0.0,0.0,0.0
28,0,3626.0,385.8160400390625,208.73138427734372
28,1,4317.0,326.4167175292969,232.3150329589844
28,2,2196.0,433.17669677734375,322.7595520019531
28,3,2540.0,160.51220703125,51.10236358642578
28,4,4055.0,352.0816345214844,295.0949401855469
28,5,0.0,0.0,0.0
28,6,4251.0,480.5041198730469,287.2413635253906
28,7,5852.0,241.24264526367188,38.6218376159668
28,8,6689.0,375.14398193359375,66.25325012207031
28,9,5622.0,294.9249267578125,78.7703628540039
28,10,5601.0,335.30548095703125,151.5138397216797
28,11,5894.0,207.1247100830078,192.20445251464844
28,12,1725.0,236.6973876953125,263.37274169921875
28,13,3268.0,445.363525390625,226.5957794189453
28,14,0.0,0.0,0.0
28,15,2737.0,336.97332763671875,18.58786964416504
28,16,4855.0,481.8271789550781,43.75303649902344
28,17,3815.0,103.33944702148438,95.09593963623048
28,18,5241.0,458.7420349121094,99.72600555419922
28,19,3906.0,401.8768615722656,130.86380004882812
28,20,6060.0,205.7823486328125,102.79109191894533
28,21,4.0,502.0,135.5
28,22,848.0,492.4964599609375,174.08489990234375
28,23,5262.0,270.13873291015625,165.60813903808594
28,24,2462.0,493.0731201171875,219.82493591308597
28,25,6694.0,149.85792541503906,235.68150329589844
28,26,4909.0,377.7989501953125,372.7590026855469
28,27,1005.0,221.0985107421875,374.8895568847656
28,28,3348.0,262.1347045898437,377.9441528320313
28,29,2780.0,42.77553939819336,84.35035705566406
28,30,4180.0,142.88565063476562,330.57489013671875
28,31,3455.0,319.8648376464844,374.8052062988281
28,32,4437.0,437.38720703125,386.2954711914063
28,33,2329.0,96.22628021240234,332.1159362792969
28,34,1520.0,371.6111755371094,424.7322387695313
28,35,3467.0,36.45543670654297,141.26304626464844
28,36,5620.0,143.91246032714844,142.85765075683594
28,37,2599.0,62.96921920776367,421.0661926269531
28,38,4842.0,226.07000732421875,433.9560241699219
28,39,4091.0,482.8056640625,420.0740661621094
28,40,2635.0,424.39886474609375,451.45159912109375
28,41,1277.0,168.32810974121094,465.3014831542969
28,42,3958.0,78.91081237792969,469.0846252441406
28,43,0.0,0.0,0.0
28,44,5675.0,78.72845458984375,182.5730438232422
28,45,2501.0,453.3802490234375,169.26548767089844
28,46,2629.0,16.066946029663086,418.5370788574219
28,47,2522.0,127.94845581054688,446.2509765625
28,48,3872.0,263.80035400390625,481.58935546875
28,49,801.0,210.98252868652344,475.7265930175781
28,50,4788.0,364.091064453125,477.4417419433594
28,51,1680.0,35.6875,497.8660583496094
28,52,2574.0,50.71911239624024,26.748640060424805
28,53,4171.0,408.0409851074219,272.3931884765625
28,54,0.0,0.0,0.0
28,55,1146.0,311.4101257324219,494.6998291015625
28,56,0.0,0.0,0.0
28,57,0.0,0.0,0.0
28,58,1377.0,114.8336944580078,286.53448486328125
28,59,1515.0,198.7122039794922,497.9940490722656
28,60,4602.0,274.3778686523437,248.95132446289065
28,61,2252.0,279.458251953125,324.6993713378906
28,62,3301.0,480.8518676757813,482.9539489746094
28,63,0.0,0.0,0.0
28,64,1751.0,181.4186248779297,14.023985862731934
28,65,1104.0,22.025362014770508,467.9347839355469
28,66,0.0,0.0,0.0
28,67,5387.0,52.868202209472656,361.2210998535156
28,68,1859.0,111.9182357788086,396.1517028808594
28,69,4042.0,310.3983154296875,436.0616149902344
28,70,2000.0,20.355499267578125,319.9549865722656
28,71,6748.0,208.8186187744141,309.4639892578125
28,72,5452.0,171.04090881347656,396.64453125
28,73,2252.0,133.740234375,496.4747009277344
28,74,4093.0,100.78597259521484,35.049598693847656
28,75,2718.0,486.4819641113281,349.06512451171875
28,76,0.0,0.0,0.0
28,77,1895.0,13.608970642089844,34.11503982543945
28,78,983.0,385.1800537109375,329.2126159667969
28,79,1787.0,424.43255615234375,494.58197021484375
28,80,3756.0,22.86821174621582,215.4965362548828
28,81,671.0,7.4008941650390625,89.67660522460938
28,82,0.0,0.0,0.0
28,83,2658.0,88.35552978515625,248.75582885742188
28,84,2374.0,423.828125,19.842039108276367
28,85,476.0,7.027310848236084,124.46849060058594
28,86,117.0,502.1196594238281,151.6752166748047
28,87,873.0,419.0538330078125,178.55555725097656
28,88,554.0,140.5884552001953,13.55415153503418
28,89,721.0,483.0499267578125,145.50624084472656
28,90,1268.0,67.16246032714844,292.74920654296875
28,91,0.0,0.0,0.0
28,92,0.0,0.0,0.0
28,93,436.0,361.6284484863281,191.9747772216797
28,94,1438.0,313.2002868652344,316.98956298828125
28,95,455.0,289.0945129394531,9.863736152648926
28,96,0.0,0.0,0.0
28,97,0.0,0.0,0.0
28,98,0.0,0.0,0.0
28,99,0.0,0.0,0.0
28,100,353.0,255.3966064453125,317.9348449707031
28,101,0.0,0.0,0.0
28,102,0.0,0.0,0.0
28,103,0.0,0.0,0.0
28,104,0.0,0.0,0.0
28,105,0.0,0.0,0.0
28,106,0.0,0.0,0.0
28,107,0.0,0.0,0.0
28,108,0.0,0.0,0.0
28,109,0.0,0.0,0.0
28,110,0.0,0.0,0.0
28,111,0.0,0.0,0.0
28,112,0.0,0.0,0.0
28,113,0.0,0.0,0.0
28,114,0.0,0.0,0.0
28,115,0.0,0.0,0.0
28,116,0.0,0.0,0.0
28,117,0.0,0.0,0.0
28,118,0.0,0.0,0.0
28,119,0.0,0.0,0.0
28,120,0.0,0.0,0.0
28,121,0.0,0.0,0.0
28,122,0.0,0.0,0.0
28,123,0.0,0.0,0.0
28,124,0.0,0.0,0.0
28,125,0.0,0.0,0.0
28,126,0.0,0.0,0.0
28,127,0.0,0.0,0.0
28,128,0.0,0.0,0.0
28,129,0.0,0.0,0.0
28,130,0.0,0.0,0.0
28,131,0.0,0.0,0.0
28,132,0.0,0.0,0.0
29,0,3513.0,385.53515625,208.97494506835935
29,1,4297.0,326.920166015625,232.1359100341797
29,2,2338.0,432.4084777832031,323.12274169921875
29,3,2592.0,159.89736938476562,50.08102035522461
29,4,3674.0,350.6339111328125,293.8837890625
29,5,0.0,0.0,0.0
29,6,4263.0,480.8362731933594,287.3361511230469
29,7,5907.0,241.0054168701172,38.94785690307617
29,8,6232.0,375.266845703125,66.8509292602539
29,9,5737.0,295.4241027832031,80.48632049560547
29,10,5541.0,335.5249938964844,151.75076293945312
29,11,5854.0,207.44790649414065,192.06491088867188
29,12,2104.0,236.6311798095703,263.60693359375
29,13,3375.0,445.1025085449219,227.6065216064453
29,14,0.0,0.0,0.0
29,15,2809.0,336.8227233886719,19.381629943847656
29,16,4944.0,481.91888427734375,44.45711898803711
29,17,3973.0,102.7243881225586,94.83110809326172
29,18,5377.0,459.3663635253906,101.2869644165039
29,19,3955.0,400.6063232421875,130.70948791503906
29,20,6155.0,205.5402069091797,103.21673583984376
29,21,0.0,0.0,0.0
29,22,0.0,0.0,0.0
29,23,5113.0,270.8304443359375,166.4066162109375
29,24,2400.0,492.76416015625,219.33583068847656
29,25,6548.0,150.0861358642578,236.8515625
29,26,5046.0,379.3335266113281,374.6920471191406
29,27,877.0,222.21095275878903,376.6100463867188
29,28,3356.0,261.4776611328125,378.0825500488281
29,29,2688.0,42.23698043823242,84.46837615966797
29,30,4117.0,143.49623107910156,331.2645263671875
29,31,3609.0,319.96563720703125,374.776123046875
29,32,3932.0,436.8855590820313,388.0920715332031
29,33,2425.0,96.68495178222656,336.1373291015625
29,34,1498.0,371.042724609375,426.7837219238281
29,35,3444.0,36.61759567260742,141.66259765625
29,36,5754.0,143.9967041015625,144.03736877441406
29,37,2840.0,63.1978874206543,421.8785095214844
29,38,4914.0,226.6457061767578,435.0757141113281
29,39,4181.0,482.89404296875,420.6929016113281
29,40,2676.0,424.35687255859375,450.8195190429688
29,41,1212.0,169.32508850097656,465.4290466308594
29,42,3922.0,79.4487533569336,470.7146911621094
29,43,0.0,0.0,0.0
29,44,5532.0,79.0469970703125,182.6690216064453
29,45,2646.0,454.1821594238281,168.07559204101562
29,46,2805.0,15.73404598236084,422.2541809082031
29,47,2527.0,128.70083618164062,447.4380798339844
29,48,3797.0,264.2536315917969,482.3782043457031
29,49,661.0,212.26626586914065,476.7806396484375
29,50,4696.0,363.7485046386719,478.3121948242188
29,51,1629.0,35.238182067871094,497.1239929199219
29,52,2438.0,50.47785186767578,26.309268951416016
29,53,4218.0,406.3271789550781,273.311767578125
29,54,0.0,0.0,0.0
29,55,1039.0,311.6900939941406,495.5235900878906
29,56,0.0,0.0,0.0
29,57,0.0,0.0,0.0
29,58,1427.0,113.7070770263672,288.8822631835937
29,59,1569.0,198.723388671875,497.4837341308594
29,60,4662.0,275.4796142578125,249.77284240722656
29,61,2013.0,279.0819702148437,328.0064697265625
29,62,3016.0,480.1223449707031,482.2765197753906
29,63,0.0,0.0,0.0
29,64,1729.0,181.3163604736328,13.559861183166504
29,65,776.0,24.095361709594727,468.3324890136719
29,66,0.0,0.0,0.0
29,67,5309.0,50.87078475952149,361.3448791503906
29,68,1838.0,112.0250244140625,397.74810791015625
29,69,4054.0,310.1845092773437,436.9990234375
29,70,1798.0,19.84093475341797,318.429931640625
29,71,7002.0,210.97401428222656,310.8321838378906
29,72,5547.0,171.70651245117188,397.1061706542969
29,73,2156.0,135.01113891601562,496.5143737792969
29,74,4090.0,99.83007049560548,34.751346588134766
29,75,2978.0,484.4939575195313,350.07421875
29,76,0.0,0.0,0.0
29,77,1978.0,14.013649940490724,34.70222473144531
29,78,1113.0,381.22552490234375,328.912841796875
29,79,1844.0,424.24945068359375,494.1361083984375
29,80,3885.0,23.44169807434082,215.62908935546875
29,81,661.0,7.490166187286377,90.0832061767578
29,82,0.0,0.0,0.0
29,83,2760.0,90.00579833984375,249.15724182128903
29,84,2667.0,421.7348937988281,20.44356918334961
29,85,507.0,7.339250564575195,124.57791137695312
29,86,0.0,0.0,0.0
29,87,978.0,419.0797424316406,179.6451873779297
29,88,512.0,139.109375,12.35546875
29,89,0.0,0.0,0.0
29,90,1306.0,66.56891632080078,296.2925109863281
29,91,0.0,0.0,0.0
29,92,0.0,0.0,0.0
29,93,404.0,361.1039733886719,194.56187438964844
29,94,1592.0,313.5282592773437,317.5031433105469
29,95,469.0,290.4818725585937,11.867803573608398
29,96,0.0,0.0,0.0
29,97,0.0,0.0,0.0
29,98,0.0,0.0,0.0
29,99,0.0,0.0,0.0
29,100,0.0,0.0,0.0
29,101,0.0,0.0,0.0
29,102,0.0,0.0,0.0
29,103,0.0,0.0,0.0
29,104,0.0,0.0,0.0
29,105,0.0,0.0,0.0
29,106,0.0,0.0,0.0
29,107,0.0,0.0,0.0
29,108,0.0,0.0,0.0
29,109,0.0,0.0,0.0
29,110,0.0,0.0,0.0
29,111,0.0,0.0,0.0
29,112,0.0,0.0,0.0
29,113,0.0,0.0,0.0
29,114,0.0,0.0,0.0
29,115,0.0,0.0,0.0
29,116,0.0,0.0,0.0
29,117,0.0,0.0,0.0
29,118,0.0,0.0,0.0
29,119,0.0,0.0,0.0
29,120,0.0,0.0,0.0
29,121,0.0,0.0,0.0
29,122,0.0,0.0,0.0
29,123,0.0,0.0,0.0
29,124,0.0,0.0,0.0
29,125,0.0,0.0,0.0
29,126,0.0,0.0,0.0
29,127,0.0,0.0,0.0
29,128,0.0,0.0,0.0
29,129,0.0,0.0,0.0
29,130,0.0,0.0,0.0
29,131,0.0,0.0,0.0
29,132,0.0,0.0,0.0
30,0,3275.0,383.5117492675781,210.8290100097656
30,1,4272.0,326.6397399902344,230.95762634277344
30,2,2580.0,431.5604553222656,325.29071044921875
30,3,2630.0,159.1710968017578,49.83383941650391
30,4,3200.0,349.5753173828125,293.1543884277344
30,5,0.0,0.0,0.0
30,6,4297.0,479.5285034179688,287.5910949707031
30,7,5703.0,239.3292999267578,41.02051544189453
30,8,5937.0,375.9865112304688,69.06316375732422
30,9,5654.0,296.2936096191406,82.49080657958984
30,10,5515.0,335.04931640625,151.9610137939453
30,11,6057.0,207.8565368652344,194.1137542724609
30,12,1862.0,238.07948303222656,265.26422119140625
30,13,3307.0,444.7357177734375,229.0577545166016
30,14,0.0,0.0,0.0
30,15,2992.0,337.36865234375,21.68850326538086
30,16,4974.0,482.5209045410156,45.159027099609375
30,17,4035.0,101.78785705566406,95.60049438476562
30,18,5229.0,459.9739990234375,102.45209503173828
30,19,4041.0,401.4303283691406,131.67706298828125
30,20,6126.0,206.0830841064453,103.34329223632812
30,21,0.0,0.0,0.0
30,22,0.0,0.0,0.0
30,23,4896.0,270.1004943847656,166.5727081298828
30,24,2428.0,492.7759399414063,219.3484344482422
30,25,6449.0,149.91331481933594,237.5821075439453
30,26,5060.0,379.3782653808594,375.9152221679688
30,27,1010.0,223.28712463378903,380.06634521484375
30,28,3187.0,262.2466125488281,379.2604370117188
30,29,2762.0,40.869659423828125,85.51557159423828
30,30,4116.0,144.4912567138672,331.0235595703125
30,31,3786.0,319.80401611328125,373.4006958007813
30,32,3787.0,436.653564453125,389.2690734863281
30,33,2522.0,97.8485336303711,337.1744689941406
30,34,1524.0,370.3018493652344,427.82415771484375
30,35,3487.0,36.92400360107422,142.6053924560547
30,36,5901.0,144.62057495117188,143.96441650390625
30,37,2851.0,63.71904754638672,421.5748901367188
30,38,4887.0,225.8504180908203,436.7820739746094
30,39,4225.0,482.1576232910156,420.0338439941406
30,40,2644.0,424.5574951171875,451.338134765625
30,41,1227.0,168.68377685546875,465.7987060546875
30,42,3851.0,77.37548828125,470.7893981933594
30,43,0.0,0.0,0.0
30,44,5591.0,79.39080810546875,184.58218383789065
30,45,2960.0,456.1942443847656,170.61351013183594
30,46,2856.0,15.56302547454834,421.7223510742188
30,47,2584.0,127.3436508178711,446.9005432128906
30,48,3627.0,264.7772216796875,483.0738830566406
30,49,677.0,215.55096435546875,478.4756164550781
30,50,4593.0,363.4759521484375,478.7679138183594
30,51,1851.0,34.65153884887695,496.6153564453125
30,52,2354.0,49.3381462097168,25.877655029296875
30,53,4329.0,404.0263366699219,274.103271484375
30,54,0.0,0.0,0.0
30,55,963.0,311.15057373046875,496.7725830078125
30,56,0.0,0.0,0.0
30,57,0.0,0.0,0.0
30,58,1243.0,115.42799377441406,289.9847106933594
30,59,1559.0,197.90185546875,497.64849853515625
30,60,4750.0,275.8919982910156,250.0195770263672
30,61,2044.0,278.4315185546875,328.0836486816406
30,62,3158.0,480.5661926269531,482.87841796875
30,63,0.0,0.0,0.0
30,64,1486.0,186.34320068359372,13.520188331604004
30,65,669.0,22.3841552734375,465.671142578125
30,66,0.0,0.0,0.0
30,67,5132.0,50.57365417480469,361.0939331054688
30,68,1830.0,111.72786712646484,397.8224182128906
30,69,4184.0,309.33843994140625,438.0157775878906
30,70,2091.0,23.85844039916992,317.0263061523437
30,71,7090.0,211.6564178466797,311.7044982910156
30,72,5479.0,171.33035278320312,397.6738586425781
30,73,2199.0,133.7212371826172,496.3033142089844
30,74,4249.0,99.31536865234376,34.179805755615234
30,75,2910.0,485.8680419921875,350.0068664550781
30,76,0.0,0.0,0.0
30,77,2013.0,13.955787658691406,35.91803359985352
30,78,1216.0,377.6324157714844,328.3379821777344
30,79,1837.0,423.3522033691406,494.1186828613281
30,80,3889.0,23.64566802978516,216.56930541992188
30,81,530.0,6.379245281219482,90.62075805664062
30,82,0.0,0.0,0.0
30,83,2670.0,91.70149993896484,251.1629180908203
30,84,2960.0,420.8898620605469,22.05270195007324
30,85,512.0,7.220703125,124.45703125
30,86,0.0,0.0,0.0
30,87,1115.0,417.2466430664063,184.51300048828125
30,88,669.0,145.23916625976562,12.45889377593994
30,89,0.0,0.0,0.0
30,90,1207.0,70.98260498046875,293.8790283203125
30,91,0.0,0.0,0.0
30,92,0.0,0.0,0.0
30,93,436.0,362.6215515136719,192.7362365722656
30,94,1619.0,311.9209289550781,314.0302734375
30,95,882.0,285.8276672363281,12.664399147033691
30,96,0.0,0.0,0.0
30,97,0.0,0.0,0.0
30,98,0.0,0.0,0.0
30,99,0.0,0.0,0.0
30,100,0.0,0.0,0.0
30,101,0.0,0.0,0.0
30,102,0.0,0.0,0.0
30,103,0.0,0.0,0.0
30,104,0.0,0.0,0.0
30,105,0.0,0.0,0.0
30,106,0.0,0.0,0.0
30,107,0.0,0.0,0.0
30,108,0.0,0.0,0.0
30,109,0.0,0.0,0.0
30,110,0.0,0.0,0.0
30,111,0.0,0.0,0.0
30,112,0.0,0.0,0.0
30,113,0.0,0.0,0.0
30,114,0.0,0.0,0.0
30,115,0.0,0.0,0.0
30,116,0.0,0.0,0.0
30,117,0.0,0.0,0.0
30,118,0.0,0.0,0.0
30,119,0.0,0.0,0.0
30,120,0.0,0.0,0.0
30,121,0.0,0.0,0.0
30,122,0.0,0.0,0.0
30,123,0.0,0.0,0.0
30,124,0.0,0.0,0.0
30,125,0.0,0.0,0.0
30,126,0.0,0.0,0.0
30,127,0.0,0.0,0.0
30,128,0.0,0.0,0.0
30,129,0.0,0.0,0.0
30,130,0.0,0.0,0.0
30,131,0.0,0.0,0.0
30,132,0.0,0.0,0.0
31,0,2986.0,382.43603515625,214.3255157470703
31,1,4248.0,326.0421447753906,230.16407775878903
31,2,2504.0,430.5746765136719,325.3350524902344
31,3,2610.0,159.6298828125,49.08544158935547
31,4,3068.0,349.4775085449219,292.76336669921875
31,5,0.0,0.0,0.0
31,6,4417.0,479.0378112792969,289.5313415527344
31,7,5991.0,241.37823486328125,40.519779205322266
31,8,5796.0,376.0486450195313,70.80952453613281
31,9,5730.0,296.8427429199219,84.45654296875
31,10,5268.0,334.0218200683594,153.44361877441406
31,11,6074.0,207.3562774658203,194.53292846679688
31,12,2403.0,238.4694061279297,266.28338623046875
31,13,3309.0,444.1764831542969,229.57872009277344
31,14,0.0,0.0,0.0
31,15,3234.0,337.0482482910156,22.380952835083008
31,16,5209.0,482.0245666503906,45.50067138671875
31,17,4193.0,101.75840759277344,95.02647399902344
31,18,5131.0,458.8039245605469,102.73552703857422
31,19,4208.0,400.1711120605469,133.90493774414062
31,20,6149.0,205.896240234375,103.51146697998048
31,21,0.0,0.0,0.0
31,22,0.0,0.0,0.0
31,23,4788.0,268.8844909667969,166.978271484375
31,24,2563.0,494.0327758789063,221.7327423095703
31,25,6335.0,150.12612915039062,237.63568115234372
31,26,5177.0,380.1180114746094,375.3368835449219
31,27,1010.0,223.61485290527344,381.3316955566406
31,28,3122.0,261.6076354980469,379.279296875
31,29,2646.0,40.270973205566406,85.80461120605469
31,30,3966.0,145.3421630859375,332.0287475585937
31,31,4019.0,319.86041259765625,373.091552734375
31,32,3002.0,432.8467712402344,392.9603576660156
31,33,2796.0,98.34656524658205,340.91632080078125
31,34,1693.0,370.12994384765625,428.3797912597656
31,35,3497.0,36.63511657714844,143.679443359375
31,36,5882.0,144.3837127685547,144.26487731933594
31,37,2917.0,63.68392181396485,420.6918029785156
31,38,4991.0,224.1717071533203,438.0803527832031
31,39,4051.0,482.2799377441406,421.8077087402344
31,40,2574.0,424.6798706054688,451.0202026367188
31,41,1210.0,167.35206604003906,465.95703125
31,42,3731.0,76.91449737548828,470.3125305175781
31,43,0.0,0.0,0.0
31,44,5567.0,79.76666259765625,184.4390106201172
31,45,3475.0,459.6886291503906,172.65870666503906
31,46,3081.0,15.28627109527588,425.6546630859375
31,47,2562.0,126.01171112060548,446.8782348632813
31,48,3523.0,263.8055725097656,483.3976745605469
31,49,644.0,215.0574493408203,480.5186462402344
31,50,4437.0,363.7212219238281,479.1864013671875
31,51,1850.0,35.13405227661133,496.8767700195313
31,52,2290.0,48.09781646728516,26.06681251525879
31,53,4334.0,403.331787109375,275.2611999511719
31,54,0.0,0.0,0.0
31,55,1086.0,311.5220947265625,496.3526611328125
31,56,0.0,0.0,0.0
31,57,0.0,0.0,0.0
31,58,1430.0,116.0041961669922,290.7195739746094
31,59,1483.0,197.4477386474609,498.2966918945313
31,60,4482.0,277.6488037109375,250.07540893554688
31,61,1862.0,276.2486572265625,329.6004333496094
31,62,3192.0,480.7857055664063,483.1622924804688
31,63,0.0,0.0,0.0
31,64,1503.0,188.5795135498047,13.107784271240234
31,65,489.0,24.208589553833008,469.1145324707031
31,66,0.0,0.0,0.0
31,67,4931.0,49.758670806884766,361.71588134765625
31,68,1700.0,113.66529083251952,399.0441284179688
31,69,4267.0,308.1181030273437,438.2765502929688
31,70,2434.0,25.12161064147949,316.2921142578125
31,71,6807.0,210.22373962402344,313.3602294921875
31,72,5360.0,171.38003540039062,398.2132568359375
31,73,2257.0,133.2237548828125,496.19183349609375
31,74,4344.0,98.4926300048828,33.809852600097656
31,75,3688.0,479.9549865722656,356.2955627441406
31,76,0.0,0.0,0.0
31,77,2008.0,13.758465766906738,36.68227005004883
31,78,1004.0,378.8147277832031,327.8396301269531
31,79,1919.0,423.3454895019531,493.9515380859375
31,80,3900.0,23.82564163208008,217.43051147460935
31,81,509.0,6.3575639724731445,90.7288818359375
31,82,0.0,0.0,0.0
31,83,2688.0,91.7860870361328,251.3277587890625
31,84,2966.0,419.81927490234375,22.70026969909668
31,85,568.0,7.519366264343262,124.92605590820312
31,86,0.0,0.0,0.0
31,87,1086.0,414.79925537109375,187.9935607910156
31,88,694.0,145.85446166992188,12.118155479431152
31,89,1066.0,490.8442687988281,148.62945556640625
31,90,1248.0,71.02323913574219,288.0024108886719
31,91,0.0,0.0,0.0
31,92,0.0,0.0,0.0
31,93,596.0,362.6828918457031,195.57550048828125
31,94,1875.0,309.8117370605469,313.8992004394531
31,95,564.0,289.5212707519531,13.70212745666504
31,96,0.0,0.0,0.0
31,97,0.0,0.0,0.0
31,98,0.0,0.0,0.0
31,99,0.0,0.0,0.0
31,100,0.0,0.0,0.0
31,101,0.0,0.0,0.0
31,102,0.0,0.0,0.0
31,103,0.0,0.0,0.0
31,104,0.0,0.0,0.0
31,105,0.0,0.0,0.0
31,106,0.0,0.0,0.0
31,107,0.0,0.0,0.0
31,108,0.0,0.0,0.0
31,109,0.0,0.0,0.0
31,110,0.0,0.0,0.0
31,111,0.0,0.0,0.0
31,112,0.0,0.0,0.0
31,113,0.0,0.0,0.0
31,114,0.0,0.0,0.0
31,115,0.0,0.0,0.0
31,116,0.0,0.0,0.0
31,117,0.0,0.0,0.0
31,118,0.0,0.0,0.0
31,119,0.0,0.0,0.0
31,120,0.0,0.0,0.0
31,121,0.0,0.0,0.0
31,122,0.0,0.0,0.0
31,123,0.0,0.0,0.0
31,124,0.0,0.0,0.0
31,125,0.0,0.0,0.0
31,126,0.0,0.0,0.0
31,127,0.0,0.0,0.0
31,128,0.0,0.0,0.0
31,129,0.0,0.0,0.0
31,130,0.0,0.0,0.0
31,131,0.0,0.0,0.0
31,132,0.0,0.0,0.0
32,0,2025.0,379.8182678222656,227.6419677734375
32,1,4281.0,326.6007995605469,230.01470947265625
32,2,2462.0,430.5130004882813,326.2530517578125
32,3,2641.0,159.4202880859375,48.7553939819336
32,4,3132.0,348.2605285644531,294.2260437011719
32,5,0.0,0.0,0.0
32,6,4384.0,478.9739990234375,291.3209533691406
32,7,5417.0,238.18386840820312,42.131439208984375
32,8,5663.0,375.39361572265625,72.28553771972656
32,9,5907.0,296.8860778808594,86.09209442138672
32,10,5090.0,335.5158996582031,155.0168914794922
32,11,6159.0,207.1420745849609,196.62689208984372
32,12,2572.0,238.7095642089844,266.8429260253906
32,13,3364.0,443.504150390625,231.79904174804688
32,14,0.0,0.0,0.0
32,15,3354.0,336.47137451171875,22.58258819580078
32,16,5046.0,483.0328979492188,48.1189079284668
32,17,4507.0,100.87818908691406,95.50232696533205
32,18,5226.0,458.4295959472656,103.68140411376952
32,19,4149.0,399.6165466308594,135.08074951171875
32,20,6465.0,206.4617156982422,104.56720733642578
32,21,0.0,0.0,0.0
32,22,0.0,0.0,0.0
32,23,4873.0,269.7962341308594,168.8670196533203
32,24,2577.0,493.75592041015625,223.73341369628903
32,25,6156.0,150.2909393310547,239.7012634277344
32,26,5108.0,381.70556640625,376.5305480957031
32,27,1248.0,224.85096740722656,382.5544738769531
32,28,2868.0,263.1460876464844,379.640869140625
32,29,2488.0,39.07234573364258,86.46221923828125
32,30,3954.0,144.94815063476562,332.4327392578125
32,31,4156.0,320.6737365722656,374.1191101074219
32,32,2659.0,432.2794189453125,393.0319519042969
32,33,3065.0,98.5882568359375,344.0639343261719
32,34,1745.0,370.41204833984375,428.740966796875
32,35,3619.0,36.82011795043945,144.75767517089844
32,36,5862.0,144.4902801513672,145.86062622070312
32,37,3140.0,64.10127258300781,420.7738952636719
32,38,4994.0,223.95274353027344,439.5837097167969
32,39,3918.0,482.3838806152344,423.4724426269531
32,40,2610.0,425.5812377929688,450.9635925292969
32,41,1373.0,167.71231079101562,467.8040771484375
32,42,3697.0,75.65756225585938,472.1333618164063
32,43,0.0,0.0,0.0
32,44,5379.0,80.52928161621094,185.09927368164065
32,45,3724.0,459.5598754882813,173.38803100585938
32,46,3028.0,15.084874153137209,426.630126953125
32,47,2686.0,124.26805877685548,447.18206787109375
32,48,3382.0,263.43377685546875,483.70904541015625
32,49,578.0,216.58824157714844,482.8702392578125
32,50,4442.0,363.0189208984375,479.0486145019531
32,51,1838.0,34.32752990722656,496.8373107910156
32,52,2197.0,47.150203704833984,26.15339088439941
32,53,4306.0,402.5863952636719,277.2528991699219
32,54,0.0,0.0,0.0
32,55,1119.0,310.9070739746094,496.1018676757813
32,56,0.0,0.0,0.0
32,57,0.0,0.0,0.0
32,58,1313.0,116.61309814453124,290.3480529785156
32,59,1332.0,199.03152465820312,499.2507629394531
32,60,4342.0,278.804931640625,251.47512817382807
32,61,1907.0,276.7876281738281,330.3099060058594
32,62,3153.0,481.30670166015625,483.6555786132813
32,63,0.0,0.0,0.0
32,64,1469.0,188.1919708251953,12.894486427307127
32,65,388.0,22.654638290405277,469.5592651367188
32,66,0.0,0.0,0.0
32,67,4832.0,49.81332778930664,361.25042724609375
32,68,1343.0,115.5435562133789,400.4571838378906
32,69,4247.0,306.94891357421875,438.64068603515625
32,70,2333.0,23.130733489990234,317.87225341796875
32,71,6733.0,210.1669464111328,315.30328369140625
32,72,5394.0,170.83370971679688,399.0135192871094
32,73,2157.0,134.03384399414062,496.4988403320313
32,74,4391.0,97.0706024169922,33.57731628417969
32,75,3956.0,478.6893310546875,359.2580871582031
32,76,0.0,0.0,0.0
32,77,2058.0,13.833819389343262,36.98493576049805
32,78,909.0,379.8415832519531,328.78326416015625
32,79,1943.0,423.11529541015625,493.50384521484375
32,80,3849.0,23.82151222229004,217.5040283203125
32,81,494.0,6.3744940757751465,91.19230651855467
32,82,0.0,0.0,0.0
32,83,2815.0,91.25577545166016,250.434814453125
32,84,3069.0,417.9566650390625,23.35483932495117
32,85,539.0,7.107606887817383,125.0074234008789
32,86,0.0,0.0,0.0
32,87,1857.0,404.2951049804688,188.8115234375
32,88,707.0,145.85430908203125,12.0650634765625
32,89,1039.0,494.515869140625,151.32049560546875
32,90,1430.0,70.6314697265625,288.4664306640625
32,91,0.0,0.0,0.0
32,92,394.0,460.9670104980469,7.505075931549072
32,93,641.0,366.248046875,199.7332305908203
32,94,1777.0,310.0320739746094,315.3832397460937
32,95,1030.0,280.11358642578125,13.659223556518556
32,96,0.0,0.0,0.0
32,97,0.0,0.0,0.0
32,98,0.0,0.0,0.0
32,99,0.0,0.0,0.0
32,100,0.0,0.0,0.0
32,101,0.0,0.0,0.0
32,102,0.0,0.0,0.0
32,103,0.0,0.0,0.0
32,104,0.0,0.0,0.0
32,105,0.0,0.0,0.0
32,106,0.0,0.0,0.0
32,107,0.0,0.0,0.0
32,108,0.0,0.0,0.0
32,109,0.0,0.0,0.0
32,110,0.0,0.0,0.0
32,111,0.0,0.0,0.0
32,112,0.0,0.0,0.0
32,113,0.0,0.0,0.0
32,114,0.0,0.0,0.0
32,115,0.0,0.0,0.0
32,116,0.0,0.0,0.0
32,117,0.0,0.0,0.0
32,118,0.0,0.0,0.0
32,119,0.0,0.0,0.0
32,120,0.0,0.0,0.0
32,121,0.0,0.0,0.0
32,122,0.0,0.0,0.0
32,123,0.0,0.0,0.0
32,124,0.0,0.0,0.0
32,125,0.0,0.0,0.0
32,126,0.0,0.0,0.0
32,127,0.0,0.0,0.0
32,128,0.0,0.0,0.0
32,129,0.0,0.0,0.0
32,130,0.0,0.0,0.0
32,131,0.0,0.0,0.0
32,132,0.0,0.0,0.0
33,0,1798.0,380.5305786132813,228.69744873046875
33,1,4296.0,327.30377197265625,232.1310577392578
33,2,2423.0,428.9327392578125,325.4548034667969
33,3,2535.0,158.86231994628906,49.407493591308594
33,4,3015.0,345.8673400878906,295.2202453613281
33,5,0.0,0.0,0.0
33,6,4239.0,478.7737731933594,291.6794128417969
33,7,5312.0,236.63177490234372,42.4905891418457
33,8,5381.0,376.144775390625,73.04962158203125
33,9,6316.0,296.8218688964844,88.37982940673828
33,10,4851.0,336.320556640625,156.35333251953125
33,11,5985.0,207.49557495117188,196.75706481933597
33,12,2980.0,237.79698181152344,265.4875793457031
33,13,3467.0,443.6884765625,233.2316131591797
33,14,0.0,0.0,0.0
33,15,3627.0,336.1794738769531,23.98318099975586
33,16,5061.0,482.68109130859375,48.49851989746094
33,17,4572.0,100.57239532470705,96.58354949951172
33,18,5156.0,459.1834716796875,104.24495697021484
33,19,4179.0,399.5049133300781,134.69203186035156
33,20,6667.0,206.3254852294922,105.5293197631836
33,21,0.0,0.0,0.0
33,22,0.0,0.0,0.0
33,23,4823.0,270.4669189453125,171.34625244140625
33,24,2563.0,493.7460021972656,224.9972686767578
33,25,6119.0,150.66807556152344,241.381591796875
33,26,5618.0,387.0325622558594,381.6283264160156
33,27,1565.0,224.5565490722656,382.9495239257813
33,28,2654.0,264.0335388183594,380.8937377929688
33,29,2354.0,39.11554718017578,87.6954116821289
33,30,3875.0,146.2774200439453,333.6745910644531
33,31,4200.0,320.269287109375,375.2564392089844
33,32,1727.0,432.8766784667969,388.9507751464844
33,33,3131.0,98.80294036865234,347.11529541015625
33,34,1803.0,369.7576293945313,429.6006774902344
33,35,3725.0,38.20000076293945,145.56858825683594
33,36,5878.0,144.8740997314453,147.98486328125
33,37,3156.0,63.78010177612305,421.2091369628906
33,38,5117.0,222.588623046875,441.2087097167969
33,39,3887.0,481.9655151367188,424.0172424316406
33,40,2734.0,426.2341003417969,452.35736083984375
33,41,1277.0,167.0509033203125,468.7180786132813
33,42,3617.0,75.35554504394531,473.4346008300781
33,43,0.0,0.0,0.0
33,44,5092.0,81.92753601074219,186.0669708251953
33,45,3867.0,459.0256042480469,173.33126831054688
33,46,3090.0,15.585113525390623,425.6673278808594
33,47,2768.0,123.02275848388672,447.61126708984375
33,48,3286.0,263.67437744140625,484.11077880859375
33,49,523.0,222.6921539306641,483.7781982421875
33,50,4335.0,363.6844177246094,479.1370239257813
33,51,1775.0,34.22873306274414,497.1126708984375
33,52,2207.0,47.676029205322266,27.25645637512207
33,53,4258.0,400.6582946777344,277.1357421875
33,54,0.0,0.0,0.0
33,55,1142.0,312.21978759765625,496.4299621582031
33,56,0.0,0.0,0.0
33,57,0.0,0.0,0.0
33,58,1390.0,118.39496612548828,293.068359375
33,59,1324.0,199.0845947265625,499.46978759765625
33,60,4035.0,280.0096740722656,252.2265167236328
33,61,2022.0,276.094970703125,329.98516845703125
33,62,3161.0,481.4704284667969,484.5498352050781
33,63,0.0,0.0,0.0
33,64,1519.0,188.5128326416016,13.123106956481934
33,65,408.0,21.9362735748291,471.9705810546875
33,66,0.0,0.0,0.0
33,67,4483.0,48.40843200683594,362.2750244140625
33,68,1270.0,114.70079040527344,401.4937133789063
33,69,4238.0,306.13238525390625,439.8912353515625
33,70,2495.0,24.301002502441406,317.1410827636719
33,71,6425.0,210.65370178222656,316.7663879394531
33,72,5315.0,169.23931884765625,400.0628356933594
33,73,2121.0,135.1334228515625,496.4884338378906
33,74,4488.0,97.41443634033205,33.89371490478516
33,75,4453.0,476.3512268066406,360.3727722167969
33,76,0.0,0.0,0.0
33,77,2135.0,14.287588119506836,37.511474609375
33,78,1089.0,378.5280151367188,329.6097412109375
33,79,1778.0,423.0511779785156,494.66986083984375
33,80,3987.0,24.165037155151367,217.2322540283203
33,81,524.0,6.946564674377441,91.15267181396484
33,82,0.0,0.0,0.0
33,83,3039.0,90.79302215576172,251.98452758789065
33,84,3066.0,416.7658081054688,23.841161727905277
33,85,542.0,7.311808109283447,124.57564544677734
33,86,0.0,0.0,0.0
33,87,1982.0,402.8572082519531,189.6342010498047
33,88,727.0,146.24896240234375,12.145804405212402
33,89,967.0,495.530517578125,152.79318237304688
33,90,1452.0,72.05647277832031,294.6274108886719
33,91,0.0,0.0,0.0
33,92,525.0,461.2876281738281,8.272380828857422
33,93,750.0,364.7906799316406,200.94667053222656
33,94,1755.0,311.77947998046875,317.612548828125
33,95,1038.0,277.7899780273437,13.362235069274902
33,96,0.0,0.0,0.0
33,97,0.0,0.0,0.0
33,98,0.0,0.0,0.0
33,99,0.0,0.0,0.0
33,100,0.0,0.0,0.0
33,101,0.0,0.0,0.0
33,102,0.0,0.0,0.0
33,103,0.0,0.0,0.0
33,104,0.0,0.0,0.0
33,105,0.0,0.0,0.0
33,106,0.0,0.0,0.0
33,107,0.0,0.0,0.0
33,108,0.0,0.0,0.0
33,109,0.0,0.0,0.0
33,110,0.0,0.0,0.0
33,111,0.0,0.0,0.0
33,112,0.0,0.0,0.0
33,113,0.0,0.0,0.0
33,114,0.0,0.0,0.0
33,115,0.0,0.0,0.0
33,116,0.0,0.0,0.0
33,117,0.0,0.0,0.0
33,118,0.0,0.0,0.0
33,119,0.0,0.0,0.0
33,120,0.0,0.0,0.0
33,121,0.0,0.0,0.0
33,122,0.0,0.0,0.0
33,123,0.0,0.0,0.0
33,124,0.0,0.0,0.0
33,125,0.0,0.0,0.0
33,126,0.0,0.0,0.0
33,127,0.0,0.0,0.0
33,128,0.0,0.0,0.0
33,129,0.0,0.0,0.0
33,130,0.0,0.0,0.0
33,131,0.0,0.0,0.0
33,132,0.0,0.0,0.0
34,0,1419.0,381.6610412597656,229.4876708984375
34,1,4288.0,328.2098999023437,233.00022888183597
34,2,2621.0,427.4715881347656,324.9370422363281
34,3,2655.0,159.29867553710938,49.90696716308594
34,4,2802.0,345.28515625,295.4810791015625
34,5,0.0,0.0,0.0
34,6,4136.0,478.5527038574219,292.4830627441406
34,7,4655.0,233.6141815185547,45.9454345703125
34,8,5059.0,376.4330749511719,73.02154541015625
34,9,6641.0,297.0819091796875,90.1936492919922
34,10,4578.0,336.2252197265625,156.48252868652344
34,11,5913.0,206.6654815673828,197.4912872314453
34,12,3262.0,239.38626098632807,262.5858459472656
34,13,3541.0,443.1894836425781,235.2168884277344
34,14,0.0,0.0,0.0
34,15,3667.0,336.9710998535156,24.44723129272461
34,16,4727.0,481.3325500488281,51.92997741699219
34,17,4839.0,100.4604263305664,97.75160217285156
34,18,5141.0,458.8570251464844,104.28982543945312
34,19,4348.0,398.3990478515625,134.9174346923828
34,20,6752.0,206.37796020507807,106.91558074951172
34,21,0.0,0.0,0.0
34,22,0.0,0.0,0.0
34,23,4817.0,270.7901306152344,173.7784881591797
34,24,2657.0,493.7768249511719,225.8829498291016
34,25,5979.0,151.34303283691406,242.9894561767578
34,26,5426.0,389.1717529296875,385.2574768066406
34,27,2049.0,222.29429626464844,385.1605529785156
34,28,2553.0,264.337646484375,381.7520446777344
34,29,2294.0,39.24237060546875,87.37489318847656
34,30,3824.0,146.6242218017578,335.13702392578125
34,31,4308.0,320.6741027832031,375.8699951171875
34,32,1429.0,433.7557678222656,393.1735534667969
34,33,3195.0,99.42316436767578,351.65728759765625
34,34,1880.0,369.8952026367188,429.9329833984375
34,35,3709.0,38.68724822998047,146.5853271484375
34,36,5750.0,144.83651733398438,150.07843017578125
34,37,3237.0,63.71794891357422,422.0571594238281
34,38,5091.0,221.8147735595703,443.4737854003906
34,39,3617.0,482.6690673828125,425.797607421875
34,40,2600.0,426.8019104003906,452.7111511230469
34,41,1254.0,166.81260681152344,470.66107177734375
34,42,3458.0,74.79612731933594,475.1862487792969
34,43,0.0,0.0,0.0
34,44,4932.0,82.0831298828125,186.9302520751953
34,45,3891.0,456.86712646484375,174.2893829345703
34,46,3049.0,15.581501960754396,426.142333984375
34,47,2853.0,121.76095581054688,449.2565612792969
34,48,3326.0,262.11724853515625,485.2829284667969
34,49,314.0,221.31529235839844,484.3343811035156
34,50,4311.0,363.88470458984375,478.9468688964844
34,51,1758.0,33.066551208496094,497.0819091796875
34,52,2187.0,47.0379524230957,27.69547271728516
34,53,4092.0,397.5432434082031,276.4745788574219
34,54,431.0,439.8468627929688,481.0626525878906
34,55,1174.0,313.0426025390625,496.0178833007813
34,56,0.0,0.0,0.0
34,57,0.0,0.0,0.0
34,58,1458.0,117.65020751953124,295.3106994628906
34,59,1251.0,199.42286682128903,499.58831787109375
34,60,3683.0,281.9505920410156,253.87863159179688
34,61,1793.0,274.7880554199219,333.18182373046875
34,62,2999.0,482.8092651367188,485.3214416503906
34,63,0.0,0.0,0.0
34,64,1536.0,188.4908905029297,13.076171875
34,65,417.0,22.50599479675293,471.29736328125
34,66,0.0,0.0,0.0
34,67,4324.0,47.23149871826172,362.8265380859375
34,68,1126.0,114.2548828125,403.8206176757813
34,69,4186.0,304.9823303222656,440.800048828125
34,70,2443.0,24.24109649658203,317.9398193359375
34,71,6403.0,210.6392364501953,317.280029296875
34,72,5099.0,166.72308349609375,402.2027893066406
34,73,2001.0,135.69964599609375,496.904052734375
34,74,4414.0,96.98323822021484,33.78794860839844
34,75,4943.0,474.3957214355469,362.0884094238281
34,76,0.0,0.0,0.0
34,77,2072.0,14.195945739746094,37.55260467529297
34,78,1373.0,376.0291442871094,331.3852844238281
34,79,1501.0,421.2964782714844,496.7434997558594
34,80,4075.0,24.40171813964844,218.51336669921875
34,81,558.0,7.191756248474121,89.93548583984375
34,82,0.0,0.0,0.0
34,83,3274.0,92.24557495117188,252.6942596435547
34,84,3036.0,415.5500793457031,24.474308013916016
34,85,627.0,7.858054161071777,125.10047912597656
34,86,0.0,0.0,0.0
34,87,1982.0,402.477294921875,192.5403594970703
34,88,786.0,145.138671875,12.842239379882812
34,89,1194.0,495.8844299316406,153.9723663330078
34,90,1735.0,70.64207458496094,296.50836181640625
34,91,0.0,0.0,0.0
34,92,947.0,471.5321960449219,8.382259368896484
34,93,1000.0,364.74700927734375,201.1439971923828
34,94,2197.0,307.4906616210937,316.6759338378906
34,95,1652.0,275.0048522949219,16.593219757080078
34,96,0.0,0.0,0.0
34,97,0.0,0.0,0.0
34,98,0.0,0.0,0.0
34,99,0.0,0.0,0.0
34,100,0.0,0.0,0.0
34,101,0.0,0.0,0.0
34,102,0.0,0.0,0.0
34,103,0.0,0.0,0.0
34,104,0.0,0.0,0.0
34,105,0.0,0.0,0.0
34,106,0.0,0.0,0.0
34,107,0.0,0.0,0.0
34,108,0.0,0.0,0.0
34,109,0.0,0.0,0.0
34,110,0.0,0.0,0.0
34,111,0.0,0.0,0.0
34,112,0.0,0.0,0.0
34,113,0.0,0.0,0.0
34,114,0.0,0.0,0.0
34,115,0.0,0.0,0.0
34,116,0.0,0.0,0.0
34,117,0.0,0.0,0.0
34,118,0.0,0.0,0.0
34,119,0.0,0.0,0.0
34,120,0.0,0.0,0.0
34,121,0.0,0.0,0.0
34,122,0.0,0.0,0.0
34,123,0.0,0.0,0.0
34,124,0.0,0.0,0.0
34,125,0.0,0.0,0.0
34,126,0.0,0.0,0.0
34,127,0.0,0.0,0.0
34,128,0.0,0.0,0.0
34,129,0.0,0.0,0.0
34,130,0.0,0.0,0.0
34,131,0.0,0.0,0.0
34,132,0.0,0.0,0.0
35,0,1004.0,379.0647277832031,232.95518493652344
35,1,4299.0,327.7925109863281,234.26564025878903
35,2,2764.0,426.4113464355469,325.32489013671875
35,3,2848.0,160.72857666015625,52.01685333251953
35,4,2582.0,345.4984436035156,294.4906921386719
35,5,0.0,0.0,0.0
35,6,4130.0,478.3576354980469,293.8602905273437
35,7,4043.0,233.0789031982422,49.86396408081055
35,8,4960.0,375.2052307128906,74.91431427001953
35,9,6685.0,296.8966369628906,92.72101593017578
35,10,4396.0,336.8687438964844,157.91537475585938
35,11,5922.0,206.31138610839844,199.71934509277344
35,12,3402.0,240.3136444091797,263.2451477050781
35,13,3678.0,442.6519775390625,236.514404296875
35,14,0.0,0.0,0.0
35,15,3818.0,337.3394470214844,24.954164505004883
35,16,4803.0,481.0310363769531,52.6208610534668
35,17,5069.0,99.73485565185548,98.67232513427734
35,18,5228.0,459.0078430175781,105.87165069580078
35,19,4264.0,397.7615051269531,135.4017333984375
35,20,6689.0,207.53684997558597,108.5398406982422
35,21,0.0,0.0,0.0
35,22,0.0,0.0,0.0
35,23,4867.0,270.6593322753906,176.3525848388672
35,24,2511.0,492.8191833496094,226.3703765869141
35,25,5798.0,150.77871704101562,244.0832977294922
35,26,5327.0,390.0409240722656,387.1028747558594
35,27,2378.0,221.62489318847656,387.2241516113281
35,28,2453.0,265.1434936523437,382.7056579589844
35,29,2147.0,38.81974792480469,86.23101806640625
35,30,3524.0,145.88763427734375,335.9543151855469
35,31,4328.0,320.7248229980469,376.2486267089844
35,32,1298.0,434.6178588867188,395.9183349609375
35,33,3534.0,99.47566223144533,356.5198059082031
35,34,1866.0,370.1672058105469,430.7770690917969
35,35,3730.0,38.57748031616211,147.44290161132812
35,36,5746.0,145.7135467529297,151.5729217529297
35,37,3398.0,64.55238342285156,422.4099426269531
35,38,4972.0,221.47344970703125,444.4434814453125
35,39,3619.0,483.0668640136719,428.2439880371094
35,40,2536.0,426.6364440917969,452.8004760742188
35,41,1304.0,165.9984588623047,471.5153503417969
35,42,3260.0,73.88005828857422,476.0846557617188
35,43,0.0,0.0,0.0
35,44,4769.0,82.61333465576172,186.2279357910156
35,45,4328.0,456.92236328125,174.75045776367188
35,46,3042.0,15.220250129699709,428.6597595214844
35,47,2981.0,120.03556060791016,449.68701171875
35,48,3126.0,263.2706298828125,485.9312133789063
35,49,477.0,224.96435546875,485.2452697753906
35,50,4158.0,364.00384521484375,479.08489990234375
35,51,1783.0,34.14021301269531,497.5092468261719
35,52,2266.0,46.32126998901367,27.484994888305664
35,53,3903.0,396.9359436035156,275.8777770996094
35,54,778.0,436.242919921875,482.56939697265625
35,55,1121.0,314.3336181640625,497.0535278320313
35,56,0.0,0.0,0.0
35,57,0.0,0.0,0.0
35,58,1533.0,117.60730743408205,297.57794189453125
35,59,1261.0,199.48928833007807,499.7581176757813
35,60,3393.0,282.8656005859375,256.2555236816406
35,61,1766.0,272.2757568359375,333.4479064941406
35,62,2872.0,483.37884521484375,486.9345397949219
35,63,0.0,0.0,0.0
35,64,1525.0,191.64393615722656,13.500328063964844
35,65,358.0,21.59217834472656,473.6424560546875
35,66,0.0,0.0,0.0
35,67,4291.0,45.22255706787109,363.8280029296875
35,68,1097.0,125.01731872558594,403.154052734375
35,69,4349.0,304.98345947265625,442.0188598632813
35,70,2347.0,23.7332763671875,317.951416015625
35,71,6432.0,208.7873077392578,318.03326416015625
35,72,4628.0,167.98098754882812,402.9729919433594
35,73,1917.0,135.42880249023438,497.3176879882813
35,74,4379.0,97.03060150146484,33.77688980102539
35,75,5100.0,473.96392822265625,363.9327392578125
35,76,0.0,0.0,0.0
35,77,1982.0,13.841069221496582,38.02068710327149
35,78,1578.0,374.2199096679688,331.4131774902344
35,79,1267.0,419.0,498.87213134765625
35,80,4026.0,24.79980087280273,219.19175720214844
35,81,552.0,7.420289993286133,88.8840560913086
35,82,0.0,0.0,0.0
35,83,3574.0,91.46194458007812,252.68914794921875
35,84,3172.0,415.2774353027344,25.405107498168945
35,85,741.0,8.442645072937012,124.94332122802734
35,86,0.0,0.0,0.0
35,87,2065.0,399.5302734375,196.54673767089844
35,88,1002.0,146.38323974609375,13.641716957092283
35,89,914.0,496.8971557617188,153.82603454589844
35,90,2020.0,67.5876235961914,295.7420654296875
35,91,0.0,0.0,0.0
35,92,1048.0,473.5171813964844,8.241412162780762
35,93,1147.0,363.5719299316406,203.8230133056641
35,94,2475.0,308.11920166015625,317.6529235839844
35,95,2211.0,269.8421630859375,18.685211181640625
35,96,0.0,0.0,0.0
35,97,0.0,0.0,0.0
35,98,0.0,0.0,0.0
35,99,0.0,0.0,0.0
35,100,0.0,0.0,0.0
35,101,0.0,0.0,0.0
35,102,0.0,0.0,0.0
35,103,0.0,0.0,0.0
35,104,0.0,0.0,0.0
35,105,0.0,0.0,0.0
35,106,0.0,0.0,0.0
35,107,0.0,0.0,0.0
35,108,0.0,0.0,0.0
35,109,0.0,0.0,0.0
35,110,0.0,0.0,0.0
35,111,0.0,0.0,0.0
35,112,0.0,0.0,0.0
35,113,0.0,0.0,0.0
35,114,0.0,0.0,0.0
35,115,0.0,0.0,0.0
35,116,0.0,0.0,0.0
35,117,0.0,0.0,0.0
35,118,0.0,0.0,0.0
35,119,0.0,0.0,0.0
35,120,0.0,0.0,0.0
35,121,0.0,0.0,0.0
35,122,0.0,0.0,0.0
35,123,0.0,0.0,0.0
35,124,0.0,0.0,0.0
35,125,0.0,0.0,0.0
35,126,0.0,0.0,0.0
35,127,0.0,0.0,0.0
35,128,0.0,0.0,0.0
35,129,0.0,0.0,0.0
35,130,0.0,0.0,0.0
35,131,0.0,0.0,0.0
35,132,0.0,0.0,0.0
36,0,1045.0,381.6976013183594,232.297607421875
36,1,4059.0,326.784912109375,236.5215606689453
36,2,3204.0,425.8723449707031,328.4594116210937
36,3,3127.0,160.71697998046875,54.9350814819336
36,4,2442.0,346.859130859375,293.9864807128906
36,5,0.0,0.0,0.0
36,6,4016.0,478.5074768066406,295.0097045898437
36,7,3563.0,232.3390350341797,52.28711700439453
36,8,4755.0,375.1285095214844,76.32933807373047
36,9,6890.0,296.34326171875,94.46269989013672
36,10,4209.0,336.867431640625,157.29959106445312
36,11,5866.0,206.4399871826172,200.76678466796875
36,12,3448.0,240.23753356933597,264.8254089355469
36,13,3730.0,441.9627380371094,237.3697052001953
36,14,0.0,0.0,0.0
36,15,3881.0,337.8887023925781,25.96624565124512
36,16,4767.0,480.2536315917969,53.36375045776367
36,17,5143.0,98.24343872070312,99.99805450439452
36,18,5172.0,458.4710083007813,105.2238998413086
36,19,4168.0,397.9580078125,135.5045623779297
36,20,6537.0,208.8129119873047,110.12039184570312
36,21,0.0,0.0,0.0
36,22,0.0,0.0,0.0
36,23,4804.0,270.7618713378906,178.1203155517578
36,24,2847.0,493.5865783691406,226.35581970214844
36,25,5652.0,150.33050537109375,244.56369018554688
36,26,5539.0,391.9557800292969,388.0247192382813
36,27,2656.0,218.9348602294922,387.9303588867188
36,28,2377.0,264.4076538085937,383.5549011230469
36,29,1964.0,38.88441848754883,85.93839263916016
36,30,3467.0,146.66513061523438,335.6968688964844
36,31,4331.0,319.9683532714844,377.3828125
36,32,604.0,441.19866943359375,419.4255065917969
36,33,3746.0,99.64655303955078,358.1884765625
36,34,1987.0,368.68896484375,430.91845703125
36,35,4053.0,37.87984085083008,149.26400756835938
36,36,5858.0,146.1068572998047,152.55667114257812
36,37,3394.0,63.35150146484375,422.3898010253906
36,38,4964.0,220.9556884765625,445.5447082519531
36,39,3565.0,483.047119140625,429.3582153320313
36,40,2444.0,426.3392028808594,452.6018676757813
36,41,1383.0,165.76573181152344,474.2089538574219
36,42,3196.0,72.96839904785156,475.8448181152344
36,43,0.0,0.0,0.0
36,44,4678.0,82.80097961425781,188.20970153808597
36,45,4275.0,454.4779052734375,174.66807556152344
36,46,3001.0,15.139286994934082,428.6707763671875
36,47,2946.0,119.0743408203125,451.7990417480469
36,48,3168.0,260.5675354003906,486.6467895507813
36,49,361.0,220.70083618164065,484.5346374511719
36,50,4169.0,364.13287353515625,479.7291870117188
36,51,1819.0,34.43595504760742,497.0841064453125
36,52,2377.0,44.3685302734375,26.946571350097656
36,53,3710.0,396.6590270996094,275.72076416015625
36,54,1210.0,436.75537109375,485.78759765625
36,55,1173.0,312.9002685546875,496.97357177734375
36,56,0.0,0.0,0.0
36,57,0.0,0.0,0.0
36,58,1527.0,117.76555633544922,298.567138671875
36,59,1112.0,199.0107879638672,501.0611572265625
36,60,3370.0,282.4092102050781,257.0792236328125
36,61,1673.0,272.1673583984375,336.04364013671875
36,62,2731.0,484.7315979003906,486.6001586914063
36,63,0.0,0.0,0.0
36,64,1398.0,189.5951385498047,15.469242095947266
36,65,279.0,19.039426803588867,477.2257995605469
36,66,0.0,0.0,0.0
36,67,4033.0,43.40714263916016,364.206298828125
36,68,1364.0,125.78079223632812,406.18548583984375
36,69,4292.0,303.8103332519531,442.8921203613281
36,70,1445.0,14.812457084655762,323.9010314941406
36,71,6352.0,208.47796630859372,317.9237976074219
36,72,4328.0,167.3290252685547,404.2747192382813
36,73,1796.0,134.0723876953125,498.0133666992188
36,74,4474.0,96.62427520751952,33.777381896972656
36,75,5289.0,473.1661987304688,365.30023193359375
36,76,0.0,0.0,0.0
36,77,1809.0,13.500276565551758,39.53620910644531
36,78,1698.0,373.1990661621094,331.6007080078125
36,79,1004.0,417.2191162109375,500.8087768554688
36,80,3937.0,24.41732215881348,220.4917449951172
36,81,609.0,8.113300323486328,87.24137878417969
36,82,0.0,0.0,0.0
36,83,3493.0,91.8892059326172,253.3275146484375
36,84,3238.0,413.8381652832031,25.420320510864254
36,85,750.0,8.87066650390625,123.3000030517578
36,86,0.0,0.0,0.0
36,87,1897.0,399.6394348144531,194.94992065429688
36,88,1066.0,147.4446563720703,13.918386459350586
36,89,1096.0,497.4625854492188,153.857666015625
36,90,3254.0,60.23786163330078,298.2630615234375
36,91,0.0,0.0,0.0
36,92,1208.0,475.43792724609375,8.711092948913574
36,93,1653.0,360.6007385253906,204.5438537597656
36,94,2748.0,307.5745849609375,317.31658935546875
36,95,2707.0,267.9878234863281,19.604358673095703
36,96,290.0,218.4862060546875,5.920689582824707
36,97,0.0,0.0,0.0
36,98,0.0,0.0,0.0
36,99,0.0,0.0,0.0
36,100,0.0,0.0,0.0
36,101,0.0,0.0,0.0
36,102,0.0,0.0,0.0
36,103,0.0,0.0,0.0
36,104,0.0,0.0,0.0
36,105,0.0,0.0,0.0
36,106,0.0,0.0,0.0
36,107,0.0,0.0,0.0
36,108,0.0,0.0,0.0
36,109,0.0,0.0,0.0
36,110,0.0,0.0,0.0
36,111,0.0,0.0,0.0
36,112,0.0,0.0,0.0
36,113,0.0,0.0,0.0
36,114,0.0,0.0,0.0
36,115,0.0,0.0,0.0
36,116,0.0,0.0,0.0
36,117,0.0,0.0,0.0
36,118,0.0,0.0,0.0
36,119,0.0,0.0,0.0
36,120,0.0,0.0,0.0
36,121,0.0,0.0,0.0
36,122,0.0,0.0,0.0
36,123,0.0,0.0,0.0
36,124,0.0,0.0,0.0
36,125,0.0,0.0,0.0
36,126,0.0,0.0,0.0
36,127,0.0,0.0,0.0
36,128,0.0,0.0,0.0
36,129,0.0,0.0,0.0
36,130,0.0,0.0,0.0
36,131,0.0,0.0,0.0
36,132,0.0,0.0,0.0
37,0,1056.0,380.3058776855469,236.13731384277344
37,1,3752.0,326.42803955078125,238.0445098876953
37,2,3180.0,425.55126953125,326.82452392578125
37,3,3276.0,161.5509796142578,56.60958480834961
37,4,2476.0,347.6126708984375,294.4939270019531
37,5,0.0,0.0,0.0
37,6,3862.0,478.9803161621094,296.7418518066406
37,7,3166.0,232.2523651123047,53.98862838745117
37,8,4455.0,374.4642028808594,78.83636474609375
37,9,6903.0,296.0354919433594,96.07489776611328
37,10,3844.0,337.5772705078125,155.9674835205078
37,11,5694.0,206.9622344970703,201.7449951171875
37,12,4138.0,240.11720275878903,265.99444580078125
37,13,3739.0,441.84674072265625,238.45440673828125
37,14,0.0,0.0,0.0
37,15,4031.0,338.7745056152344,27.197221755981445
37,16,4712.0,479.9775085449219,54.37287902832031
37,17,5429.0,98.56511688232422,101.6702880859375
37,18,4959.0,458.3946228027344,105.0526351928711
37,19,4284.0,397.9740905761719,136.29762268066406
37,20,6598.0,209.5348663330078,111.41785430908205
37,21,0.0,0.0,0.0
37,22,0.0,0.0,0.0
37,23,4770.0,272.2050170898437,178.98049926757812
37,24,3176.0,493.5698852539063,226.69679260253903
37,25,5456.0,150.1209716796875,244.8586883544922
37,26,5371.0,393.0467224121094,388.59075927734375
37,27,2976.0,217.5524139404297,388.6357421875
37,28,2246.0,264.31298828125,383.7141723632813
37,29,1896.0,39.00474548339844,87.02531433105469
37,30,3400.0,147.36029052734375,336.26617431640625
37,31,4470.0,320.7017822265625,377.36376953125
37,32,639.0,439.469482421875,421.40374755859375
37,33,4047.0,99.85594177246094,361.1788940429688
37,34,2320.0,367.5637817382813,432.1603393554688
37,35,4315.0,37.79791259765625,151.98887634277344
37,36,5792.0,147.67041015625,155.33270263671875
37,37,3315.0,62.00542831420898,423.5743713378906
37,38,4786.0,221.17112731933597,445.9653015136719
37,39,3582.0,482.682861328125,431.4131774902344
37,40,2335.0,425.4291076660156,453.5726013183594
37,41,1522.0,165.902099609375,475.1918640136719
37,42,2982.0,72.19013977050781,476.2545166015625
37,43,0.0,0.0,0.0
37,44,4474.0,84.2695541381836,189.5201110839844
37,45,4169.0,453.5672912597656,174.62460327148438
37,46,3030.0,15.188448905944824,428.9415893554688
37,47,3148.0,117.57528686523438,451.6531066894531
37,48,2759.0,263.6832275390625,486.1754150390625
37,49,742.0,226.71832275390625,488.21295166015625
37,50,3980.0,363.6482543945313,481.3753662109375
37,51,1835.0,34.516075134277344,497.2032775878906
37,52,2443.0,41.86205673217773,26.39828109741211
37,53,3509.0,396.8874206542969,275.9429931640625
37,54,1410.0,436.41064453125,486.9305114746094
37,55,1210.0,312.28759765625,496.7355346679688
37,56,0.0,0.0,0.0
37,57,0.0,0.0,0.0
37,58,1705.0,118.9753646850586,298.81524658203125
37,59,1078.0,198.976806640625,501.393310546875
37,60,3194.0,284.338134765625,257.1690673828125
37,61,1630.0,271.7723999023437,338.5257568359375
37,62,2596.0,485.2311096191406,487.1860656738281
37,63,0.0,0.0,0.0
37,64,1390.0,190.76043701171875,16.333093643188477
37,65,255.0,19.50196075439453,477.2470703125
37,66,0.0,0.0,0.0
37,67,3796.0,42.209957122802734,365.8616943359375
37,68,1205.0,128.3402557373047,405.5535278320313
37,69,4232.0,302.3631896972656,443.0054321289063
37,70,1446.0,14.020055770874023,324.0788269042969
37,71,5963.0,207.532958984375,319.4784545898437
37,72,4135.0,166.6708526611328,405.67327880859375
37,73,1714.0,132.27713012695312,498.3197326660156
37,74,4522.0,95.98960876464844,34.15303039550781
37,75,5469.0,472.6202087402344,366.7098083496094
37,76,0.0,0.0,0.0
37,77,1726.0,14.104866981506348,43.29605865478516
37,78,1695.0,373.791748046875,332.3463134765625
37,79,871.0,416.2984924316406,502.158447265625
37,80,3789.0,24.39456367492676,221.8057556152344
37,81,598.0,8.331103324890137,87.03678894042969
37,82,0.0,0.0,0.0
37,83,3564.0,90.349609375,253.9413604736328
37,84,3515.0,412.9302978515625,26.8270263671875
37,85,756.0,9.078042030334473,122.47486877441406
37,86,0.0,0.0,0.0
37,87,1982.0,399.10394287109375,197.2850646972656
37,88,1215.0,147.7111053466797,14.410699844360352
37,89,1235.0,496.3149719238281,152.2186279296875
37,90,3489.0,58.76583480834961,300.5167541503906
37,91,0.0,0.0,0.0
37,92,1272.0,475.960693359375,9.64386749267578
37,93,2011.0,356.5872802734375,204.419189453125
37,94,2828.0,307.1191711425781,317.6806945800781
37,95,3074.0,267.0666809082031,21.08197784423828
37,96,306.0,217.3267974853516,7.36274528503418
37,97,0.0,0.0,0.0
37,98,0.0,0.0,0.0
37,99,0.0,0.0,0.0
37,100,0.0,0.0,0.0
37,101,0.0,0.0,0.0
37,102,0.0,0.0,0.0
37,103,0.0,0.0,0.0
37,104,0.0,0.0,0.0
37,105,0.0,0.0,0.0
37,106,0.0,0.0,0.0
37,107,0.0,0.0,0.0
37,108,0.0,0.0,0.0
37,109,0.0,0.0,0.0
37,110,0.0,0.0,0.0
37,111,0.0,0.0,0.0
37,112,0.0,0.0,0.0
37,113,0.0,0.0,0.0
37,114,0.0,0.0,0.0
37,115,0.0,0.0,0.0
37,116,0.0,0.0,0.0
37,117,0.0,0.0,0.0
37,118,0.0,0.0,0.0
37,119,0.0,0.0,0.0
37,120,0.0,0.0,0.0
37,121,0.0,0.0,0.0
37,122,0.0,0.0,0.0
37,123,0.0,0.0,0.0
37,124,0.0,0.0,0.0
37,125,0.0,0.0,0.0
37,126,0.0,0.0,0.0
37,127,0.0,0.0,0.0
37,128,0.0,0.0,0.0
37,129,0.0,0.0,0.0
37,130,0.0,0.0,0.0
37,131,0.0,0.0,0.0
37,132,0.0,0.0,0.0
38,0,962.0,379.2567443847656,237.1787872314453
38,1,3657.0,325.5663146972656,237.9127655029297
38,2,3333.0,424.4503479003906,326.4959411621094
38,3,3515.0,162.796875,58.07567596435547
38,4,2276.0,346.2693176269531,292.38970947265625
38,5,0.0,0.0,0.0
38,6,3664.0,479.5218200683594,298.4710693359375
38,7,2931.0,232.1214599609375,54.76458358764648
38,8,4239.0,373.87542724609375,80.48761749267578
38,9,7068.0,295.5970458984375,98.23500061035156
38,10,3638.0,337.1437683105469,156.89747619628906
38,11,5480.0,205.51058959960935,201.7627716064453
38,12,4442.0,238.57180786132807,264.6911315917969
38,13,4044.0,442.07122802734375,241.15924072265625
38,14,0.0,0.0,0.0
38,15,4169.0,338.5963134765625,27.97097587585449
38,16,4658.0,479.8194580078125,55.5229721069336
38,17,5601.0,98.02874755859376,102.8503875732422
38,18,4311.0,452.7102661132813,104.5247039794922
38,19,4339.0,397.0437927246094,136.71214294433594
38,20,6485.0,210.0717010498047,113.06645965576172
38,21,0.0,0.0,0.0
38,22,0.0,0.0,0.0
38,23,4660.0,271.5429077148437,179.7954864501953
38,24,3257.0,494.3641357421875,226.72674560546875
38,25,5395.0,150.07989501953125,246.67117309570312
38,26,5364.0,391.9382934570313,388.4347534179688
38,27,3175.0,215.7370147705078,388.9678649902344
38,28,2231.0,263.5925598144531,383.7987365722656
38,29,1840.0,38.66902160644531,88.38532257080078
38,30,3209.0,147.7874755859375,337.3025817871094
38,31,4522.0,319.71783447265625,377.6857604980469
38,32,637.0,439.0251159667969,421.5164794921875
38,33,4343.0,98.82408142089844,362.7798767089844
38,34,2527.0,366.6676025390625,433.1052551269531
38,35,4449.0,39.03304290771485,153.91661071777344
38,36,5794.0,147.72955322265625,156.6957244873047
38,37,3261.0,61.4909553527832,423.9993896484375
38,38,4714.0,220.77896118164065,446.3985900878906
38,39,3673.0,482.4881591796875,432.2376708984375
38,40,2312.0,425.0657348632813,453.9178161621094
38,41,1679.0,166.07444763183594,477.4127502441406
38,42,2791.0,71.42852020263672,476.5435180664063
38,43,0.0,0.0,0.0
38,44,4118.0,85.06896209716797,190.8152008056641
38,45,4144.0,452.4606628417969,175.3583526611328
38,46,3056.0,15.220876693725586,428.9627075195313
38,47,3184.0,115.76099395751952,452.8307189941406
38,48,2688.0,263.9010314941406,486.7890625
38,49,757.0,227.71202087402344,487.7490234375
38,50,3805.0,363.474365234375,482.2220764160156
38,51,1812.0,35.71357727050781,497.64404296875
38,52,1802.0,46.5904541015625,34.19200897216797
38,53,3362.0,394.6802368164063,275.8099365234375
38,54,1655.0,434.6604309082031,488.9667663574219
38,55,1281.0,312.8204650878906,495.8688659667969
38,56,0.0,0.0,0.0
38,57,0.0,0.0,0.0
38,58,1763.0,119.29779052734376,300.9721984863281
38,59,972.0,202.014404296875,500.88580322265625
38,60,3113.0,284.0003356933594,256.77545166015625
38,61,1590.0,270.94403076171875,338.7943420410156
38,62,2543.0,484.9905700683594,487.8977661132813
38,63,0.0,0.0,0.0
38,64,1333.0,192.2970733642578,16.920480728149414
38,65,306.0,20.071895599365234,478.6895446777344
38,66,0.0,0.0,0.0
38,67,3525.0,40.67205810546875,366.7997131347656
38,68,902.0,127.12749481201172,403.0299377441406
38,69,4122.0,301.1283264160156,443.2261047363281
38,70,1195.0,12.131381034851074,325.9933166503906
38,71,5789.0,207.26446533203125,320.79962158203125
38,72,4293.0,163.7724151611328,407.2355041503906
38,73,1703.0,132.53846740722656,498.5842590332031
38,74,4636.0,95.77717590332033,33.65357971191406
38,75,5534.0,472.2576904296875,367.3021240234375
38,76,0.0,0.0,0.0
38,77,1560.0,14.719871520996094,46.972434997558594
38,78,1783.0,371.9898986816406,330.7106018066406
38,79,600.0,411.135009765625,502.9683227539063
38,80,3816.0,24.52541923522949,222.66116333007807
38,81,619.0,8.696284294128418,87.24232482910156
38,82,0.0,0.0,0.0
38,83,3667.0,90.4753189086914,254.54812622070312
38,84,3689.0,412.0395812988281,28.708593368530277
38,85,805.0,9.41490650177002,123.42608642578124
38,86,0.0,0.0,0.0
38,87,2045.0,398.7105102539063,198.3594207763672
38,88,1305.0,148.76551818847656,14.540996551513672
38,89,1877.0,497.23333740234375,140.9195556640625
38,90,3874.0,55.712440490722656,301.5619506835937
38,91,0.0,0.0,0.0
38,92,1388.0,475.4077758789063,10.550432205200195
38,93,2087.0,355.8203125,204.8097686767578
38,94,2973.0,306.3605651855469,317.1278076171875
38,95,3200.0,267.7225036621094,22.37562561035156
38,96,398.0,218.28643798828125,7.326632976531982
38,97,746.0,19.839141845703125,9.94235897064209
38,98,0.0,0.0,0.0
38,99,0.0,0.0,0.0
38,100,0.0,0.0,0.0
38,101,0.0,0.0,0.0
38,102,0.0,0.0,0.0
38,103,0.0,0.0,0.0
38,104,0.0,0.0,0.0
38,105,0.0,0.0,0.0
38,106,0.0,0.0,0.0
38,107,0.0,0.0,0.0
38,108,0.0,0.0,0.0
38,109,0.0,0.0,0.0
38,110,0.0,0.0,0.0
38,111,0.0,0.0,0.0
38,112,0.0,0.0,0.0
38,113,0.0,0.0,0.0
38,114,0.0,0.0,0.0
38,115,0.0,0.0,0.0
38,116,0.0,0.0,0.0
38,117,0.0,0.0,0.0
38,118,0.0,0.0,0.0
38,119,0.0,0.0,0.0
38,120,0.0,0.0,0.0
38,121,0.0,0.0,0.0
38,122,0.0,0.0,0.0
38,123,0.0,0.0,0.0
38,124,0.0,0.0,0.0
38,125,0.0,0.0,0.0
38,126,0.0,0.0,0.0
38,127,0.0,0.0,0.0
38,128,0.0,0.0,0.0
38,129,0.0,0.0,0.0
38,130,0.0,0.0,0.0
38,131,0.0,0.0,0.0
38,132,0.0,0.0,0.0
39,0,902.0,382.1485595703125,236.1729431152344
39,1,3444.0,324.0635986328125,242.28890991210935
39,2,3454.0,423.766357421875,327.03619384765625
39,3,3680.0,163.68722534179688,58.53940200805664
39,4,2174.0,344.4788513183594,293.66375732421875
39,5,0.0,0.0,0.0
39,6,3600.0,479.3319396972656,298.6925048828125
39,7,2852.0,232.89620971679688,54.40182495117188
39,8,4147.0,374.2486267089844,79.88835144042969
39,9,7021.0,296.7546081542969,100.0430145263672
39,10,3274.0,335.92791748046875,156.47984313964844
39,11,5327.0,205.754638671875,201.9271697998047
39,12,4601.0,238.40316772460935,264.510986328125
39,13,4054.0,442.5754699707031,242.40798950195312
39,14,0.0,0.0,0.0
39,15,4253.0,337.8730163574219,28.4011287689209
39,16,4608.0,480.0301513671875,57.44509506225586
39,17,5650.0,98.76000213623048,103.32778930664062
39,18,3925.0,450.8267517089844,103.7689208984375
39,19,4518.0,396.3689575195313,136.92762756347656
39,20,6499.0,210.86705017089844,113.33805084228516
39,21,0.0,0.0,0.0
39,22,0.0,0.0,0.0
39,23,4734.0,271.457763671875,180.64532470703125
39,24,2678.0,493.0115661621094,235.2091064453125
39,25,5266.0,151.26585388183594,247.94967651367188
39,26,5059.0,393.4562072753906,389.0252990722656
39,27,3329.0,215.50796508789065,389.5407104492188
39,28,2158.0,263.5375366210937,383.08154296875
39,29,1847.0,38.23443603515625,90.3654556274414
39,30,3263.0,148.6064910888672,337.6239624023437
39,31,4746.0,320.340087890625,378.60302734375
39,32,497.0,439.5714416503906,421.4607543945313
39,33,4274.0,99.07136535644533,364.8097839355469
39,34,2739.0,365.95654296875,432.8309631347656
39,35,4561.0,40.06972122192383,155.0383758544922
39,36,5807.0,148.15963745117188,157.9545440673828
39,37,3230.0,60.93777084350586,423.5718383789063
39,38,4678.0,220.9873809814453,446.1842651367188
39,39,3693.0,481.826171875,433.0251770019531
39,40,2417.0,424.9838562011719,453.6731567382813
39,41,1807.0,165.25843811035156,478.786376953125
39,42,2664.0,69.08258056640625,475.044677734375
39,43,0.0,0.0,0.0
39,44,3962.0,86.12216186523438,191.7067108154297
39,45,4135.0,452.460205078125,175.38790893554688
39,46,3017.0,15.073251724243164,427.7351684570313
39,47,3195.0,114.77996826171876,453.6917114257813
39,48,2788.0,261.7489318847656,487.1839904785156
39,49,723.0,224.3623809814453,487.1659851074219
39,50,3740.0,363.7200622558594,482.5457153320313
39,51,1834.0,36.16085052490234,496.71429443359375
39,52,1498.0,47.31174850463867,40.457275390625
39,53,3406.0,392.6764526367188,276.11480712890625
39,54,2253.0,428.9724731445313,493.1526794433594
39,55,1397.0,312.7351379394531,495.1453247070313
39,56,0.0,0.0,0.0
39,57,0.0,0.0,0.0
39,58,1855.0,118.73046112060548,302.26416015625
39,59,892.0,201.0952911376953,501.0975341796875
39,60,2806.0,283.86102294921875,257.4804077148437
39,61,1716.0,270.7803039550781,337.8519897460937
39,62,2423.0,485.5501403808594,488.2571105957031
39,63,0.0,0.0,0.0
39,64,1273.0,193.30714416503903,17.016496658325195
39,65,257.0,18.268482208251957,478.3696594238281
39,66,0.0,0.0,0.0
39,67,3341.0,40.900028228759766,366.9895324707031
39,68,1036.0,127.6978759765625,406.1853332519531
39,69,3904.0,300.1098937988281,443.7858581542969
39,70,1079.0,10.981464385986328,327.7247314453125
39,71,5591.0,207.6147308349609,321.4637756347656
39,72,4055.0,163.91639709472656,407.7659606933594
39,73,1627.0,129.3970489501953,498.4597473144531
39,74,4604.0,95.79865264892578,34.155517578125
39,75,5346.0,470.7252197265625,369.2618713378906
39,76,0.0,0.0,0.0
39,77,1621.0,15.342998504638672,49.20049285888672
39,78,1786.0,371.2267761230469,331.1366271972656
39,79,0.0,0.0,0.0
39,80,3726.0,24.76328468322754,222.3923797607422
39,81,552.0,8.052536010742188,88.59963989257812
39,82,0.0,0.0,0.0
39,83,3694.0,92.11125946044922,253.63427734375
39,84,3740.0,412.4256591796875,29.336631774902344
39,85,798.0,9.27819538116455,124.32957458496094
39,86,0.0,0.0,0.0
39,87,2094.0,399.91595458984375,198.74212646484372
39,88,1362.0,149.24229431152344,14.596181869506836
39,89,2122.0,496.2441101074219,139.89962768554688
39,90,4373.0,54.80654144287109,301.455078125
39,91,0.0,0.0,0.0
39,92,1553.0,475.2768859863281,11.306503295898438
39,93,2757.0,351.9481201171875,205.5393524169922
39,94,2869.0,306.5245666503906,317.77691650390625
39,95,3263.0,268.5427551269531,23.30861091613769
39,96,401.0,218.10723876953125,7.623441219329834
39,97,1172.0,28.321672439575195,10.903583526611328
39,98,575.0,501.3356628417969,188.86782836914065
39,99,0.0,0.0,0.0
39,100,0.0,0.0,0.0
39,101,0.0,0.0,0.0
39,102,0.0,0.0,0.0
39,103,0.0,0.0,0.0
39,104,0.0,0.0,0.0
39,105,0.0,0.0,0.0
39,106,0.0,0.0,0.0
39,107,0.0,0.0,0.0
39,108,0.0,0.0,0.0
39,109,0.0,0.0,0.0
39,110,0.0,0.0,0.0
39,111,0.0,0.0,0.0
39,112,0.0,0.0,0.0
39,113,0.0,0.0,0.0
39,114,0.0,0.0,0.0
39,115,0.0,0.0,0.0
39,116,0.0,0.0,0.0
39,117,0.0,0.0,0.0
39,118,0.0,0.0,0.0
39,119,0.0,0.0,0.0
39,120,0.0,0.0,0.0
39,121,0.0,0.0,0.0
39,122,0.0,0.0,0.0
39,123,0.0,0.0,0.0
39,124,0.0,0.0,0.0
39,125,0.0,0.0,0.0
39,126,0.0,0.0,0.0
39,127,274.0,506.0255432128906,339.5292053222656
39,128,0.0,0.0,0.0
39,129,0.0,0.0,0.0
39,130,0.0,0.0,0.0
39,131,0.0,0.0,0.0
39,132,0.0,0.0,0.0
40,0,651.0,385.76959228515625,235.2826385498047
40,1,3023.0,322.4971923828125,247.5147247314453
40,2,3568.0,421.9377746582031,327.1687316894531
40,3,3894.0,163.63995361328125,60.74858856201172
40,4,2044.0,343.7250366210937,292.2950134277344
40,5,0.0,0.0,0.0
40,6,3571.0,478.5757446289063,300.2523193359375
40,7,2701.0,231.0185089111328,55.17919158935547
40,8,3981.0,373.69830322265625,80.71188354492188
40,9,7245.0,296.16314697265625,101.02843475341795
40,10,3044.0,336.0571594238281,157.27134704589844
40,11,5146.0,204.85989379882807,201.5884246826172
40,12,4918.0,237.67344665527344,262.90301513671875
40,13,4112.0,443.2974243164063,244.6551513671875
40,14,0.0,0.0,0.0
40,15,4301.0,337.3829345703125,29.100906372070312
40,16,4671.0,479.7681579589844,58.94540786743164
40,17,5631.0,97.67963409423828,104.06055450439452
40,18,3672.0,447.3567504882813,103.21895599365234
40,19,4496.0,395.3683166503906,136.93594360351562
40,20,6275.0,211.84796142578125,115.48621368408205
40,21,0.0,0.0,0.0
40,22,0.0,0.0,0.0
40,23,4617.0,271.52935791015625,180.6175079345703
40,24,2629.0,493.4941101074219,237.37542724609372
40,25,5090.0,151.36581420898438,248.232421875
40,26,4689.0,393.4984130859375,389.2674255371094
40,27,3573.0,215.79736328125,390.7917785644531
40,28,2053.0,264.07452392578125,382.8792114257813
40,29,1791.0,36.801788330078125,91.1797866821289
40,30,3021.0,147.82655334472656,338.6180114746094
40,31,4841.0,320.3214111328125,379.5255126953125
40,32,561.0,439.0249633789063,421.3386840820313
40,33,4354.0,98.26986694335938,366.0335388183594
40,34,3053.0,366.0926818847656,433.1925964355469
40,35,4712.0,39.9244499206543,155.74830627441406
40,36,5902.0,147.52609252929688,158.37750244140625
40,37,3368.0,59.04186630249024,425.60540771484375
40,38,4447.0,221.2729949951172,446.4236450195313
40,39,3798.0,482.1326904296875,433.83148193359375
40,40,2401.0,425.0899658203125,454.3806762695313
40,41,1892.0,165.36892700195312,479.4022216796875
40,42,2463.0,70.00162506103516,476.109619140625
40,43,0.0,0.0,0.0
40,44,3729.0,86.24430084228516,191.8155059814453
40,45,4118.0,451.8152160644531,176.34410095214844
40,46,2824.0,14.504249572753906,426.8041687011719
40,47,3182.0,114.23727416992188,453.9022521972656
40,48,2664.0,261.1625366210937,487.2698974609375
40,49,913.0,223.0131378173828,487.3910217285156
40,50,3547.0,364.9729309082031,483.1138916015625
40,51,1839.0,36.77814102172852,497.51605224609375
40,52,1519.0,46.34364700317383,41.67610168457031
40,53,3297.0,390.2207946777344,274.90142822265625
40,54,2177.0,429.6449279785156,493.36517333984375
40,55,1575.0,313.65777587890625,495.40380859375
40,56,0.0,0.0,0.0
40,57,0.0,0.0,0.0
40,58,1943.0,119.28512573242188,303.7333984375
40,59,771.0,200.23605346679688,501.6199645996094
40,60,2570.0,283.0369567871094,256.8264465332031
40,61,1440.0,271.4222106933594,338.72430419921875
40,62,2334.0,485.5085754394531,489.1675109863281
40,63,0.0,0.0,0.0
40,64,1146.0,194.26963806152344,19.11431121826172
40,65,384.0,20.5234375,477.1927185058594
40,66,0.0,0.0,0.0
40,67,3207.0,40.22357177734375,367.65045166015625
40,68,1063.0,127.13640594482422,407.2586975097656
40,69,3810.0,299.2966003417969,444.6244201660156
40,70,1062.0,10.809792518615724,328.2146911621094
40,71,5383.0,203.95021057128903,321.2333374023437
40,72,4020.0,163.4251251220703,408.1350708007813
40,73,1612.0,128.833740234375,498.4708557128906
40,74,4550.0,95.1112060546875,35.537803649902344
40,75,5200.0,469.0278930664063,370.1000061035156
40,76,0.0,0.0,0.0
40,77,1483.0,15.234659194946287,50.16250991821289
40,78,1891.0,370.31201171875,330.9820251464844
40,79,0.0,0.0,0.0
40,80,3684.0,24.65743827819824,222.32681274414065
40,81,506.0,7.436758995056152,86.99604797363281
40,82,0.0,0.0,0.0
40,83,3762.0,93.17862701416016,253.1408843994141
40,84,3851.0,411.653076171875,29.64476776123047
40,85,759.0,8.9077730178833,122.8484878540039
40,86,0.0,0.0,0.0
40,87,2315.0,400.2937316894531,199.9321746826172
40,88,1548.0,149.80813598632812,14.466408729553224
40,89,2448.0,494.3664245605469,139.44566345214844
40,90,4618.0,54.67388534545898,301.0028076171875
40,91,0.0,0.0,0.0
40,92,1647.0,475.6302490234375,11.982392311096191
40,93,3448.0,348.0455322265625,208.4141540527344
40,94,3155.0,305.4098205566406,318.1159973144531
40,95,3306.0,269.2462158203125,24.34634017944336
40,96,593.0,217.69308471679688,8.767285346984863
40,97,1304.0,30.33665657043457,11.595858573913574
40,98,595.0,500.6638793945313,190.51596069335935
40,99,0.0,0.0,0.0
40,100,499.0,247.01202392578125,338.9659423828125
40,101,0.0,0.0,0.0
40,102,0.0,0.0,0.0
40,103,0.0,0.0,0.0
40,104,0.0,0.0,0.0
40,105,0.0,0.0,0.0
40,106,0.0,0.0,0.0
40,107,0.0,0.0,0.0
40,108,0.0,0.0,0.0
40,109,0.0,0.0,0.0
40,110,0.0,0.0,0.0
40,111,0.0,0.0,0.0
40,112,0.0,0.0,0.0
40,113,0.0,0.0,0.0
40,114,0.0,0.0,0.0
40,115,0.0,0.0,0.0
40,116,0.0,0.0,0.0
40,117,0.0,0.0,0.0
40,118,0.0,0.0,0.0
40,119,0.0,0.0,0.0
40,120,0.0,0.0,0.0
40,121,0.0,0.0,0.0
40,122,0.0,0.0,0.0
40,123,0.0,0.0,0.0
40,124,0.0,0.0,0.0
40,125,0.0,0.0,0.0
40,126,0.0,0.0,0.0
40,127,438.0,505.292236328125,343.9657592773437
40,128,0.0,0.0,0.0
40,129,0.0,0.0,0.0
40,130,0.0,0.0,0.0
40,131,0.0,0.0,0.0
40,132,0.0,0.0,0.0
41,0,607.0,381.75286865234375,236.9324493408203
41,1,2680.0,321.1470031738281,253.36343383789065
41,2,3824.0,421.1064453125,325.808837890625
41,3,4075.0,163.59976196289062,61.369571685791016
41,4,1877.0,344.8598937988281,292.18487548828125
41,5,0.0,0.0,0.0
41,6,3327.0,479.1722412109375,301.4986572265625
41,7,2638.0,231.0382843017578,55.666412353515625
41,8,3829.0,372.13763427734375,83.01201629638672
41,9,7294.0,294.9801330566406,104.025634765625
41,10,2822.0,335.49432373046875,158.28489685058594
41,11,5035.0,204.2701110839844,202.14915466308597
41,12,5381.0,240.5289001464844,262.4705505371094
41,13,4174.0,442.6856689453125,246.6303253173828
41,14,0.0,0.0,0.0
41,15,4557.0,336.3759155273437,30.72789192199707
41,16,4722.0,478.8339538574219,58.45341110229492
41,17,5655.0,96.4015884399414,103.49319458007812
41,18,3477.0,445.9686584472656,102.93701171875
41,19,4504.0,395.0577392578125,136.50711059570312
41,20,6165.0,211.30381774902344,116.09796905517578
41,21,0.0,0.0,0.0
41,22,0.0,0.0,0.0
41,23,4432.0,268.9627685546875,181.89215087890625
41,24,2847.0,492.7330627441406,237.70355224609372
41,25,4938.0,152.31246948242188,248.5637969970703
41,26,4336.0,393.8237915039063,388.8198852539063
41,27,3669.0,216.3611297607422,391.7397155761719
41,28,1884.0,263.8673095703125,382.1337585449219
41,29,1636.0,36.44376373291016,92.66381072998048
41,30,2884.0,148.030517578125,338.7999267578125
41,31,5125.0,319.8800048828125,379.2009887695313
41,32,739.0,438.6441040039063,420.5656433105469
41,33,4427.0,98.21730041503906,365.1755065917969
41,34,3282.0,366.4363098144531,433.1325378417969
41,35,4860.0,40.47160339355469,156.96893310546875
41,36,6084.0,146.5006561279297,159.0709991455078
41,37,3637.0,57.78388595581055,426.8267822265625
41,38,4404.0,221.72637939453125,446.75
41,39,3612.0,482.3167114257813,434.2056884765625
41,40,2308.0,425.6122131347656,454.413330078125
41,41,1999.0,165.18458557128906,480.83441162109375
41,42,2409.0,69.75466918945312,476.8543090820313
41,43,0.0,0.0,0.0
41,44,3458.0,86.36264038085938,192.10353088378903
41,45,4018.0,450.6938781738281,176.48233032226562
41,46,2560.0,13.726953506469728,426.2933654785156
41,47,3283.0,114.4084701538086,454.8221130371094
41,48,2159.0,265.9527587890625,487.3265380859375
41,49,1524.0,227.92323303222656,487.0990905761719
41,50,3476.0,365.3147277832031,483.7589111328125
41,51,1917.0,36.46635437011719,496.8064575195313
41,52,1561.0,46.85073852539063,43.33440017700195
41,53,3037.0,388.2370910644531,273.9094543457031
41,54,2230.0,429.3403625488281,493.2515563964844
41,55,1586.0,312.962158203125,495.09771728515625
41,56,0.0,0.0,0.0
41,57,0.0,0.0,0.0
41,58,1980.0,121.24848175048828,303.3267822265625
41,59,645.0,199.9348907470703,502.3147277832031
41,60,1839.0,284.9266052246094,259.9374694824219
41,61,1186.0,270.1458740234375,338.8490600585937
41,62,2363.0,485.5497131347656,488.7642822265625
41,63,0.0,0.0,0.0
41,64,1025.0,194.2039031982422,20.087804794311523
41,65,259.0,17.277992248535156,477.49420166015625
41,66,0.0,0.0,0.0
41,67,3134.0,39.76994323730469,368.5513610839844
41,68,1248.0,129.03765869140625,407.1530456542969
41,69,3736.0,299.65203857421875,444.6913757324219
41,70,1000.0,10.114999771118164,331.06500244140625
41,71,5290.0,203.30018615722656,321.6542663574219
41,72,3907.0,164.33631896972656,407.9592895507813
41,73,1399.0,127.8077163696289,499.1751098632813
41,74,4427.0,94.40998077392578,34.68601608276367
41,75,5184.0,468.4563903808594,370.7843322753906
41,76,0.0,0.0,0.0
41,77,1548.0,15.446382522583008,52.29263687133789
41,78,1905.0,369.8162841796875,330.7742919921875
41,79,0.0,0.0,0.0
41,80,3628.0,24.28555679321289,222.59371948242188
41,81,473.0,7.5475687980651855,88.5243148803711
41,82,0.0,0.0,0.0
41,83,3954.0,93.38973236083984,252.9853363037109
41,84,4022.0,410.2004089355469,30.59025382995605
41,85,744.0,8.879032135009766,122.56989288330078
41,86,0.0,0.0,0.0
41,87,2507.0,400.0011901855469,201.5093688964844
41,88,1619.0,149.6769561767578,14.458307266235352
41,89,2703.0,493.1964416503906,138.0410614013672
41,90,4838.0,53.48883819580078,301.521484375
41,91,0.0,0.0,0.0
41,92,1623.0,475.18853759765625,11.963647842407228
41,93,4199.0,341.7897033691406,209.3684234619141
41,94,3354.0,304.6341552734375,317.9731750488281
41,95,3412.0,268.75701904296875,25.10697555541992
41,96,661.0,215.83660888671875,9.021180152893066
41,97,1352.0,28.57174491882324,12.397929191589355
41,98,636.0,499.6981201171875,190.0110015869141
41,99,0.0,0.0,0.0
41,100,632.0,246.8924102783203,338.6724548339844
41,101,0.0,0.0,0.0
41,102,0.0,0.0,0.0
41,103,0.0,0.0,0.0
41,104,0.0,0.0,0.0
41,105,0.0,0.0,0.0
41,106,0.0,0.0,0.0
41,107,0.0,0.0,0.0
41,108,0.0,0.0,0.0
41,109,0.0,0.0,0.0
41,110,0.0,0.0,0.0
41,111,0.0,0.0,0.0
41,112,0.0,0.0,0.0
41,113,0.0,0.0,0.0
41,114,0.0,0.0,0.0
41,115,0.0,0.0,0.0
41,116,0.0,0.0,0.0
41,117,0.0,0.0,0.0
41,118,0.0,0.0,0.0
41,119,0.0,0.0,0.0
41,120,0.0,0.0,0.0
41,121,0.0,0.0,0.0
41,122,0.0,0.0,0.0
41,123,0.0,0.0,0.0
41,124,0.0,0.0,0.0
41,125,0.0,0.0,0.0
41,126,0.0,0.0,0.0
41,127,531.0,504.5310668945313,343.8888854980469
41,128,0.0,0.0,0.0
41,129,0.0,0.0,0.0
41,130,0.0,0.0,0.0
41,131,0.0,0.0,0.0
41,132,0.0,0.0,0.0
42,0,267.0,381.1910095214844,245.88763427734372
42,1,2821.0,316.9563903808594,254.2640838623047
42,2,3745.0,420.91510009765625,325.0346984863281
42,3,4432.0,164.83551025390625,61.872745513916016
42,4,1292.0,349.7120666503906,290.65557861328125
42,5,0.0,0.0,0.0
42,6,2977.0,475.7232055664063,302.0950622558594
42,7,2294.0,232.8966827392578,56.040977478027344
42,8,3660.0,373.1792297363281,83.44043731689453
42,9,7383.0,294.7475280761719,106.8504638671875
42,10,2754.0,335.3046569824219,158.2665252685547
42,11,5085.0,203.2029571533203,203.0847625732422
42,12,5531.0,238.95751953125,262.9117736816406
42,13,4173.0,443.4699401855469,248.74359130859372
42,14,0.0,0.0,0.0
42,15,4788.0,334.907470703125,32.220550537109375
42,16,4844.0,478.4729614257813,59.6616439819336
42,17,5704.0,95.89481353759766,103.83748626708984
42,18,3218.0,444.90521240234375,103.89994049072266
42,19,4471.0,394.9899291992188,136.557373046875
42,20,6214.0,211.13180541992188,116.17122650146484
42,21,0.0,0.0,0.0
42,22,0.0,0.0,0.0
42,23,4210.0,267.52899169921875,182.99334716796875
42,24,2839.0,493.6220397949219,239.3828887939453
42,25,4699.0,150.84188842773438,248.0446929931641
42,26,3917.0,394.3142700195313,388.9701232910156
42,27,4075.0,217.3013458251953,392.997314453125
42,28,1648.0,265.0546264648437,382.3689270019531
42,29,1627.0,34.91948318481445,93.60110473632812
42,30,2959.0,148.1304473876953,338.68670654296875
42,31,5176.0,319.14239501953125,380.7160034179688
42,32,814.0,438.7063903808594,421.1596984863281
42,33,4538.0,98.0275421142578,366.61041259765625
42,34,3532.0,366.6390075683594,432.8185119628906
42,35,4921.0,40.37411117553711,156.86973571777344
42,36,6005.0,145.75804138183594,159.84695434570312
42,37,3837.0,56.75449752807617,428.8545837402344
42,38,4214.0,220.97366333007807,447.7389526367188
42,39,3480.0,483.1296081542969,434.7117919921875
42,40,2300.0,425.176513671875,454.6152038574219
42,41,2032.0,164.99261474609375,481.4862060546875
42,42,2066.0,70.95207977294922,478.6495666503906
42,43,0.0,0.0,0.0
42,44,3396.0,86.36101531982422,193.1590118408203
42,45,4082.0,451.1286010742188,177.86477661132812
42,46,2572.0,13.673017501831056,427.7305603027344
42,47,3301.0,113.67767333984376,456.8485412597656
42,48,2117.0,266.2631225585937,486.6216430664063
42,49,1582.0,228.2452545166016,487.986083984375
42,50,3387.0,365.40863037109375,484.4422912597656
42,51,1829.0,37.30672454833984,496.9097900390625
42,52,1614.0,47.514251708984375,45.366172790527344
42,53,2833.0,386.4274597167969,275.1002502441406
42,54,2210.0,429.20361328125,492.799560546875
42,55,1646.0,313.0777587890625,494.52490234375
42,56,0.0,0.0,0.0
42,57,0.0,0.0,0.0
42,58,1961.0,120.72258758544922,303.6435546875
42,59,607.0,200.00494384765625,502.4892883300781
42,60,1566.0,282.8473815917969,262.9617004394531
42,61,1213.0,269.8870544433594,339.802978515625
42,62,2416.0,484.8505859375,488.8389892578125
42,63,0.0,0.0,0.0
42,64,864.0,194.1817169189453,20.30555534362793
42,65,278.0,18.08633041381836,478.9280700683594
42,66,0.0,0.0,0.0
42,67,3063.0,39.73751068115234,368.443359375
42,68,1327.0,129.2810821533203,408.7467956542969
42,69,3585.0,298.6937255859375,445.2429504394531
42,70,943.0,9.411453247070312,332.96923828125
42,71,5097.0,201.90562438964844,321.445556640625
42,72,3811.0,163.8052978515625,408.4292907714844
42,73,1305.0,127.6551742553711,499.9455871582031
42,74,4300.0,94.7460479736328,34.348838806152344
42,75,5223.0,467.220947265625,372.2603759765625
42,76,0.0,0.0,0.0
42,77,1617.0,15.518243789672852,53.364871978759766
42,78,2233.0,370.3551330566406,332.7581787109375
42,79,0.0,0.0,0.0
42,80,3627.0,24.302453994750977,222.43038940429688
42,81,348.0,6.413793087005615,88.72701263427734
42,82,0.0,0.0,0.0
42,83,3957.0,93.44326782226562,254.05812072753903
42,84,4096.0,408.826904296875,31.52880859375
42,85,687.0,8.027656555175781,121.72634887695312
42,86,0.0,0.0,0.0
42,87,2890.0,400.3968811035156,204.4882354736328
42,88,1684.0,150.1110382080078,14.578384399414062
42,89,2882.0,492.61865234375,138.31539916992188
42,90,5024.0,51.66938781738281,301.0764465332031
42,91,0.0,0.0,0.0
42,92,1788.0,473.0877990722656,12.163869857788086
42,93,4780.0,342.982421875,211.66380310058597
42,94,3876.0,306.5732727050781,315.8031616210937
42,95,3537.0,267.62115478515625,26.5832633972168
42,96,736.0,214.46331787109372,9.510869979858398
42,97,1407.0,29.643213272094727,12.69651699066162
42,98,562.0,500.0782775878906,190.38612365722656
42,99,257.0,506.5525207519531,311.3424072265625
42,100,726.0,246.1212158203125,340.41461181640625
42,101,0.0,0.0,0.0
42,102,0.0,0.0,0.0
42,103,0.0,0.0,0.0
42,104,0.0,0.0,0.0
42,105,0.0,0.0,0.0
42,106,0.0,0.0,0.0
42,107,0.0,0.0,0.0
42,108,0.0,0.0,0.0
42,109,0.0,0.0,0.0
42,110,0.0,0.0,0.0
42,111,0.0,0.0,0.0
42,112,0.0,0.0,0.0
42,113,0.0,0.0,0.0
42,114,0.0,0.0,0.0
42,115,0.0,0.0,0.0
42,116,0.0,0.0,0.0
42,117,0.0,0.0,0.0
42,118,0.0,0.0,0.0
42,119,0.0,0.0,0.0
42,120,0.0,0.0,0.0
42,121,0.0,0.0,0.0
42,122,0.0,0.0,0.0
42,123,0.0,0.0,0.0
42,124,0.0,0.0,0.0
42,125,0.0,0.0,0.0
42,126,0.0,0.0,0.0
42,127,676.0,503.6286926269531,344.8150939941406
42,128,0.0,0.0,0.0
42,129,0.0,0.0,0.0
42,130,0.0,0.0,0.0
42,131,0.0,0.0,0.0
42,132,0.0,0.0,0.0
43,0,299.0,381.5484924316406,248.91973876953125
43,1,2568.0,315.00701904296875,253.53504943847656
43,2,3819.0,420.2788696289063,324.2042541503906
43,3,4572.0,164.24322509765625,63.04155731201172
43,4,1413.0,350.94195556640625,284.74169921875
43,5,0.0,0.0,0.0
43,6,2832.0,475.7658996582031,303.1656188964844
43,7,2422.0,232.4810028076172,57.8996696472168
43,8,3492.0,372.1047973632813,83.13716888427734
43,9,7458.0,294.57830810546875,109.23116302490234
43,10,2676.0,336.2664489746094,157.16966247558594
43,11,4920.0,202.60731506347656,203.46665954589844
43,12,5842.0,239.35313415527344,261.9609680175781
43,13,4185.0,445.7228088378906,250.5849456787109
43,14,0.0,0.0,0.0
43,15,4662.0,334.9740600585937,32.22393798828125
43,16,4848.0,477.76898193359375,60.329620361328125
43,17,5748.0,95.10942840576172,105.089599609375
43,18,2841.0,444.5068664550781,103.93840026855467
43,19,4651.0,395.6097717285156,135.55880737304688
43,20,6097.0,211.12071228027344,117.5269775390625
43,21,0.0,0.0,0.0
43,22,0.0,0.0,0.0
43,23,3965.0,266.49383544921875,183.1523284912109
43,24,2753.0,494.6462097167969,239.3675994873047
43,25,4410.0,152.24693298339844,249.24375915527344
43,26,3501.0,394.75091552734375,387.8843078613281
43,27,4495.0,217.98220825195312,395.9991149902344
43,28,1446.0,264.71923828125,383.07952880859375
43,29,1846.0,29.954496383666992,94.51895904541016
43,30,2813.0,148.34695434570312,341.0600891113281
43,31,5389.0,318.5696716308594,382.7394714355469
43,32,778.0,437.8894653320313,421.0578308105469
43,33,4704.0,98.02253723144533,369.1685791015625
43,34,3660.0,368.1633911132813,431.4153137207031
43,35,5157.0,40.80899810791016,157.98797607421875
43,36,5951.0,146.12283325195312,160.7949981689453
43,37,4042.0,55.46635437011719,431.4933166503906
43,38,3668.0,221.3718719482422,448.7720947265625
43,39,3308.0,483.128173828125,435.25
43,40,2280.0,426.1561279296875,454.0157775878906
43,41,2314.0,166.0557403564453,481.8759765625
43,42,1690.0,72.83905029296875,479.5289916992188
43,43,0.0,0.0,0.0
43,44,3066.0,87.81441497802734,193.09197998046875
43,45,4111.0,452.2551574707031,178.69520568847656
43,46,2397.0,13.356278419494627,423.4764404296875
43,47,3200.0,113.66343688964844,458.5934448242188
43,48,1792.0,270.83984375,486.92523193359375
43,49,2082.0,232.1796417236328,486.8179626464844
43,50,3377.0,366.1604919433594,483.9487609863281
43,51,1642.0,42.95127868652344,497.4786987304688
43,52,1481.0,47.83322143554688,46.52802276611328
43,53,2359.0,388.0970764160156,276.3988952636719
43,54,2300.0,429.327392578125,492.394775390625
43,55,1693.0,314.39337158203125,494.2593078613281
43,56,0.0,0.0,0.0
43,57,0.0,0.0,0.0
43,58,2080.0,121.59326934814452,305.1644287109375
43,59,506.0,201.18577575683597,502.7490234375
43,60,1280.0,283.1078186035156,260.65313720703125
43,61,1236.0,268.79449462890625,341.5040588378906
43,62,2398.0,484.8840637207031,488.59423828125
43,63,0.0,0.0,0.0
43,64,638.0,195.35423278808597,21.50626945495605
43,65,570.0,19.450878143310547,478.6526184082031
43,66,0.0,0.0,0.0
43,67,2979.0,38.52467346191406,368.6089172363281
43,68,1543.0,131.446533203125,411.0388793945313
43,69,3378.0,298.7714538574219,446.1332092285156
43,70,832.0,9.030048370361328,332.2391967773437
43,71,5068.0,200.9031219482422,321.6527099609375
43,72,3454.0,164.44876098632812,409.1100158691406
43,73,1259.0,125.62907409667967,500.3224792480469
43,74,4344.0,94.2778549194336,34.88420867919922
43,75,5388.0,466.4404296875,373.2550048828125
43,76,0.0,0.0,0.0
43,77,1690.0,15.913018226623535,56.22662734985352
43,78,2402.0,369.7006530761719,332.7173156738281
43,79,0.0,0.0,0.0
43,80,3561.0,24.344846725463867,222.4445343017578
43,81,0.0,0.0,0.0
43,82,0.0,0.0,0.0
43,83,4366.0,94.85547637939452,252.71804809570312
43,84,4341.0,408.2084655761719,32.229209899902344
43,85,583.0,6.994853973388672,121.5214385986328
43,86,0.0,0.0,0.0
43,87,3190.0,402.4946594238281,206.7633209228516
43,88,1829.0,151.62384033203125,15.145434379577637
43,89,3045.0,491.3188781738281,137.94219970703125
43,90,5163.0,51.76680374145508,302.146240234375
43,91,0.0,0.0,0.0
43,92,1743.0,474.1514587402344,13.047618865966797
43,93,5091.0,342.76763916015625,212.06561279296875
43,94,4362.0,305.5314025878906,314.5699157714844
43,95,3670.0,269.06103515625,27.812807083129883
43,96,915.0,214.08087158203125,10.328961372375488
43,97,1650.0,29.540000915527344,13.420000076293944
43,98,331.0,500.4018249511719,188.8036193847656
43,99,257.0,505.7743225097656,313.4747009277344
43,100,785.0,244.46241760253903,343.3948974609375
43,101,0.0,0.0,0.0
43,102,0.0,0.0,0.0
43,103,0.0,0.0,0.0
43,104,0.0,0.0,0.0
43,105,0.0,0.0,0.0
43,106,0.0,0.0,0.0
43,107,0.0,0.0,0.0
43,108,0.0,0.0,0.0
43,109,0.0,0.0,0.0
43,110,0.0,0.0,0.0
43,111,0.0,0.0,0.0
43,112,0.0,0.0,0.0
43,113,0.0,0.0,0.0
43,114,0.0,0.0,0.0
43,115,0.0,0.0,0.0
43,116,0.0,0.0,0.0
43,117,0.0,0.0,0.0
43,118,0.0,0.0,0.0
43,119,0.0,0.0,0.0
43,120,0.0,0.0,0.0
43,121,0.0,0.0,0.0
43,122,0.0,0.0,0.0
43,123,0.0,0.0,0.0
43,124,0.0,0.0,0.0
43,125,0.0,0.0,0.0
43,126,0.0,0.0,0.0
43,127,712.0,503.13482666015625,344.403076171875
43,128,0.0,0.0,0.0
43,129,0.0,0.0,0.0
43,130,0.0,0.0,0.0
43,131,0.0,0.0,0.0
43,132,0.0,0.0,0.0
44,0,323.0,382.80804443359375,250.6470642089844
44,1,2432.0,314.3429260253906,254.3240203857422
44,2,3995.0,420.1206359863281,324.0538024902344
44,3,4552.0,163.6085205078125,64.71528625488281
44,4,1433.0,351.1360778808594,283.40753173828125
44,5,0.0,0.0,0.0
44,6,2537.0,478.0067138671875,305.7323608398437
44,7,2646.0,231.7532196044922,59.378684997558594
44,8,3156.0,373.2873840332031,83.87104034423828
44,9,7463.0,295.463623046875,110.20594787597656
44,10,2734.0,336.3953857421875,156.81602478027344
44,11,4974.0,201.2211456298828,205.1029357910156
44,12,6114.0,239.22979736328125,261.4334411621094
44,13,4480.0,445.4676208496094,253.5091552734375
44,14,0.0,0.0,0.0
44,15,4760.0,335.1237487792969,33.21806716918945
44,16,4873.0,477.4116516113281,59.90252304077149
44,17,5840.0,95.06695556640624,105.58116149902344
44,18,2745.0,443.3103942871094,103.19818115234376
44,19,4549.0,395.5776977539063,135.6214599609375
44,20,5895.0,211.22933959960935,119.06394958496094
44,21,0.0,0.0,0.0
44,22,0.0,0.0,0.0
44,23,3911.0,266.0043334960937,183.12835693359372
44,24,3142.0,495.1136169433594,235.37237548828125
44,25,3864.0,152.7060089111328,250.33514404296875
44,26,3171.0,394.6764526367188,387.2163391113281
44,27,4758.0,219.38861083984372,396.61517333984375
44,28,1244.0,265.2323303222656,379.7516174316406
44,29,1728.0,29.740161895751957,96.31597137451172
44,30,2629.0,148.50209045410156,342.33282470703125
44,31,5416.0,318.90399169921875,383.1556396484375
44,32,798.0,436.8759460449219,421.9160461425781
44,33,4690.0,97.31108856201172,370.4884948730469
44,34,3892.0,368.3309326171875,431.25103759765625
44,35,5243.0,40.82929611206055,159.1232147216797
44,36,5935.0,146.4857635498047,162.02308654785156
44,37,4272.0,54.40589904785156,435.2279968261719
44,38,3504.0,222.62356567382807,448.6007385253906
44,39,3105.0,482.1510314941406,436.6106262207031
44,40,2263.0,425.3672180175781,454.6044921875
44,41,2569.0,164.97975158691406,483.0334777832031
44,42,1206.0,77.74710083007812,482.3731384277344
44,43,0.0,0.0,0.0
44,44,3079.0,88.51802825927734,193.9990234375
44,45,4138.0,451.8973083496094,179.23683166503906
44,46,2243.0,13.091395378112791,420.751220703125
44,47,3264.0,113.0986557006836,459.5245056152344
44,48,2064.0,269.49029541015625,485.9709167480469
44,49,2022.0,229.3719024658203,486.5825805664063
44,50,3127.0,366.9517211914063,484.35943603515625
44,51,1652.0,45.31597900390625,497.1289367675781
44,52,1431.0,48.096435546875,48.3193588256836
44,53,2039.0,387.09710693359375,277.1177062988281
44,54,2234.0,428.0555114746094,492.7354431152344
44,55,1811.0,316.2943115234375,493.9331970214844
44,56,0.0,0.0,0.0
44,57,0.0,0.0,0.0
44,58,2396.0,123.09140014648438,306.2408142089844
44,59,409.0,200.5281219482422,503.5452270507813
44,60,1144.0,283.4230651855469,258.8304138183594
44,61,1211.0,268.9322814941406,341.950439453125
44,62,2514.0,484.57318115234375,488.0588684082031
44,63,0.0,0.0,0.0
44,64,561.0,198.14260864257807,23.80570411682129
44,65,1022.0,15.702544212341309,482.370849609375
44,66,0.0,0.0,0.0
44,67,2804.0,37.385520935058594,370.05029296875
44,68,1861.0,131.88070678710938,412.1085510253906
44,69,3221.0,299.172607421875,445.7271118164063
44,70,722.0,7.994459629058838,333.7631530761719
44,71,5061.0,201.77435302734372,322.6469116210937
44,72,3296.0,165.64501953125,409.3834838867188
44,73,999.0,121.20720672607422,501.3523559570313
44,74,4382.0,94.05956268310548,34.83432388305664
44,75,5515.0,465.9923706054688,375.5439758300781
44,76,0.0,0.0,0.0
44,77,1819.0,16.305112838745117,57.48323440551758
44,78,2420.0,369.915283203125,332.9954528808594
44,79,0.0,0.0,0.0
44,80,3510.0,24.35213661193848,223.35498046875
44,81,0.0,0.0,0.0
44,82,0.0,0.0,0.0
44,83,4509.0,96.45087432861328,253.04258728027344
44,84,4488.0,407.5610656738281,32.62700653076172
44,85,570.0,7.19298267364502,121.8105239868164
44,86,0.0,0.0,0.0
44,87,3320.0,401.96685791015625,206.6219940185547
44,88,2007.0,153.92376708984375,15.50373649597168
44,89,3259.0,490.1715393066406,137.3829345703125
44,90,5552.0,50.57456588745117,303.4425354003906
44,91,0.0,0.0,0.0
44,92,1694.0,474.8034362792969,12.909090995788574
44,93,5125.0,342.3480834960937,213.1980438232422
44,94,4558.0,305.4537048339844,314.4001770019531
44,95,3782.0,269.5663757324219,28.55896377563477
44,96,905.0,214.38011169433597,10.509392738342283
44,97,1724.0,29.727378845214844,13.713457107543944
44,98,0.0,0.0,0.0
44,99,234.0,504.525634765625,318.8760681152344
44,100,694.0,245.3155670166016,344.7218933105469
44,101,0.0,0.0,0.0
44,102,0.0,0.0,0.0
44,103,0.0,0.0,0.0
44,104,0.0,0.0,0.0
44,105,0.0,0.0,0.0
44,106,0.0,0.0,0.0
44,107,0.0,0.0,0.0
44,108,0.0,0.0,0.0
44,109,0.0,0.0,0.0
44,110,0.0,0.0,0.0
44,111,0.0,0.0,0.0
44,112,0.0,0.0,0.0
44,113,0.0,0.0,0.0
44,114,0.0,0.0,0.0
44,115,0.0,0.0,0.0
44,116,0.0,0.0,0.0
44,117,0.0,0.0,0.0
44,118,0.0,0.0,0.0
44,119,0.0,0.0,0.0
44,120,0.0,0.0,0.0
44,121,0.0,0.0,0.0
44,122,0.0,0.0,0.0
44,123,0.0,0.0,0.0
44,124,0.0,0.0,0.0
44,125,0.0,0.0,0.0
44,126,0.0,0.0,0.0
44,127,781.0,502.0576171875,346.1190795898437
44,128,0.0,0.0,0.0
44,129,0.0,0.0,0.0
44,130,0.0,0.0,0.0
44,131,0.0,0.0,0.0
44,132,0.0,0.0,0.0
45,0,561.0,381.67913818359375,252.92156982421875
45,1,2669.0,313.9850158691406,254.78530883789065
45,2,3962.0,419.2254028320313,323.1199035644531
45,3,4605.0,164.31704711914062,64.91878509521484
45,4,343.0,349.26239013671875,281.3294372558594
45,5,0.0,0.0,0.0
45,6,2391.0,478.2459106445313,306.6900939941406
45,7,2560.0,232.4378967285156,60.2265625
45,8,2629.0,375.1491088867188,84.72080993652344
45,9,7704.0,296.8187866210937,110.90991973876952
45,10,2720.0,335.8808898925781,157.9239044189453
45,11,4846.0,199.1735382080078,207.6615753173828
45,12,6020.0,238.41677856445312,261.68804931640625
45,13,4603.0,447.69476318359375,254.60633850097656
45,14,0.0,0.0,0.0
45,15,4909.0,335.2000427246094,34.65349197387695
45,16,4934.0,477.07904052734375,61.17713928222656
45,17,6018.0,95.06031799316406,106.0824203491211
45,18,2513.0,443.4496765136719,104.00875091552734
45,19,4655.0,395.9746398925781,135.2659454345703
45,20,5936.0,211.70350646972656,120.1063003540039
45,21,0.0,0.0,0.0
45,22,0.0,0.0,0.0
45,23,3972.0,264.524658203125,184.7162628173828
45,24,2902.0,495.0537414550781,237.0930328369141
45,25,3555.0,152.50070190429688,251.47398376464844
45,26,3111.0,394.4339294433594,386.0765075683594
45,27,4816.0,220.1893615722656,398.5164184570313
45,28,1103.0,266.4306335449219,385.116943359375
45,29,1454.0,33.339752197265625,98.09490966796876
45,30,2214.0,147.70550537109375,346.3188781738281
45,31,5450.0,319.2781677246094,383.706787109375
45,32,728.0,436.0288391113281,422.1455993652344
45,33,4773.0,96.0385513305664,370.2092895507813
45,34,4174.0,367.6868591308594,432.3823547363281
45,35,5234.0,40.81047058105469,160.17845153808594
45,36,5955.0,147.79714965820312,162.5224151611328
45,37,4362.0,54.6107292175293,436.0770263671875
45,38,3243.0,220.92044067382807,449.9963073730469
45,39,3193.0,481.1681823730469,437.5963134765625
45,40,2277.0,424.7321166992188,454.9666137695313
45,41,2705.0,165.51275634765625,484.0225524902344
45,42,1125.0,79.17688751220703,485.4595642089844
45,43,0.0,0.0,0.0
45,44,3126.0,88.79046630859375,194.85797119140625
45,45,4065.0,451.6723327636719,179.35794067382812
45,46,2024.0,13.625988006591797,415.1511840820313
45,47,3301.0,112.72886657714844,461.9500122070313
45,48,1980.0,269.9015197753906,485.5010070800781
45,49,2459.0,226.90646362304688,488.4855651855469
45,50,2778.0,367.1641540527344,485.0399475097656
45,51,1658.0,45.15138626098633,497.1254577636719
45,52,1441.0,48.73143768310547,48.48646926879883
45,53,2187.0,381.8788146972656,277.19891357421875
45,54,2244.0,426.7286071777344,493.2589111328125
45,55,1917.0,317.49139404296875,493.6812744140625
45,56,0.0,0.0,0.0
45,57,0.0,0.0,0.0
45,58,2666.0,127.18604278564452,308.6005249023437
45,59,0.0,0.0,0.0
45,60,759.0,281.4664001464844,255.64031982421875
45,61,1386.0,271.1399841308594,346.4372253417969
45,62,2494.0,485.0144348144531,488.2967224121094
45,63,0.0,0.0,0.0
45,64,627.0,198.47528076171875,23.62998390197754
45,65,1260.0,14.722222328186035,479.24127197265625
45,66,0.0,0.0,0.0
45,67,2668.0,36.9951286315918,369.9876403808594
45,68,2404.0,135.40724182128906,411.6181335449219
45,69,3041.0,298.193359375,446.52154541015625
45,70,698.0,7.56876802444458,335.5716247558594
45,71,4749.0,199.0023193359375,322.7081604003906
45,72,2904.0,166.69146728515625,410.1759643554688
45,73,743.0,122.17362213134766,502.1305541992188
45,74,4244.0,93.9330825805664,34.7733268737793
45,75,5684.0,464.9613037109375,376.0429382324219
45,76,0.0,0.0,0.0
45,77,1930.0,16.841968536376953,58.27046585083008
45,78,2612.0,368.5390625,330.34722900390625
45,79,0.0,0.0,0.0
45,80,3488.0,24.36037826538086,224.4630126953125
45,81,0.0,0.0,0.0
45,82,0.0,0.0,0.0
45,83,4610.0,98.34577178955078,254.0110626220703
45,84,4710.0,406.5146484375,34.29065704345703
45,85,613.0,7.308319568634033,122.10114288330078
45,86,0.0,0.0,0.0
45,87,3419.0,402.7247619628906,208.7452545166016
45,88,2045.0,151.97457885742188,16.160390853881836
45,89,3434.0,490.7320861816406,139.0727996826172
45,90,5634.0,50.51934814453125,303.4543762207031
45,91,0.0,0.0,0.0
45,92,1822.0,473.9632263183594,13.262349128723145
45,93,5194.0,341.6324462890625,212.60069274902344
45,94,5005.0,306.7915954589844,310.9022827148437
45,95,3807.0,269.8429260253906,28.80010414123535
45,96,941.0,214.47927856445312,10.415514945983888
45,97,1732.0,29.98498916625977,13.735566139221191
45,98,0.0,0.0,0.0
45,99,227.0,504.898681640625,319.3876647949219
45,100,1318.0,243.25949096679688,343.3391418457031
45,101,199.0,5.085427284240723,92.27135467529295
45,102,0.0,0.0,0.0
45,103,0.0,0.0,0.0
45,104,0.0,0.0,0.0
45,105,0.0,0.0,0.0
45,106,0.0,0.0,0.0
45,107,0.0,0.0,0.0
45,108,0.0,0.0,0.0
45,109,0.0,0.0,0.0
45,110,0.0,0.0,0.0
45,111,0.0,0.0,0.0
45,112,0.0,0.0,0.0
45,113,0.0,0.0,0.0
45,114,0.0,0.0,0.0
45,115,0.0,0.0,0.0
45,116,0.0,0.0,0.0
45,117,0.0,0.0,0.0
45,118,0.0,0.0,0.0
45,119,0.0,0.0,0.0
45,120,0.0,0.0,0.0
45,121,0.0,0.0,0.0
45,122,0.0,0.0,0.0
45,123,0.0,0.0,0.0
45,124,0.0,0.0,0.0
45,125,0.0,0.0,0.0
45,126,0.0,0.0,0.0
45,127,834.0,501.3956909179688,346.5155944824219
45,128,0.0,0.0,0.0
45,129,0.0,0.0,0.0
45,130,0.0,0.0,0.0
45,131,0.0,0.0,0.0
45,132,0.0,0.0,0.0
46,0,527.0,380.0967712402344,253.08538818359372
46,1,2419.0,314.56512451171875,254.7482452392578
46,2,4122.0,419.7105712890625,322.9315795898437
46,3,4776.0,164.51632690429688,65.9288101196289
46,4,703.0,349.0810852050781,283.1749572753906
46,5,0.0,0.0,0.0
46,6,2109.0,479.3020324707031,307.5097351074219
46,7,2492.0,232.60633850097656,60.86958312988281
46,8,2514.0,376.8233947753906,84.11097717285156
46,9,7640.0,297.8891296386719,110.99476623535156
46,10,2795.0,334.01611328125,157.95777893066406
46,11,4527.0,197.7647399902344,210.06869506835935
46,12,6440.0,240.3444061279297,260.738037109375
46,13,4700.0,449.0582885742188,256.26617431640625
46,14,0.0,0.0,0.0
46,15,4979.0,334.6049499511719,35.24442672729492
46,16,4951.0,476.4118347167969,61.68652725219727
46,17,6038.0,93.70006561279295,107.20205688476562
46,18,2482.0,443.828369140625,104.98388671875
46,19,4719.0,395.9080200195313,135.52511596679688
46,20,6044.0,212.23394775390625,120.88550567626952
46,21,0.0,0.0,0.0
46,22,0.0,0.0,0.0
46,23,4078.0,262.3153381347656,185.19175720214844
46,24,2781.0,495.2470397949219,237.91909790039065
46,25,3418.0,153.2197265625,251.09274291992188
46,26,2776.0,394.3620300292969,383.5947265625
46,27,5622.0,221.3710479736328,400.7806701660156
46,28,457.0,263.47265625,379.3785705566406
46,29,1376.0,33.234012603759766,99.13153839111328
46,30,1881.0,146.1488494873047,350.2594299316406
46,31,5789.0,317.1331787109375,385.3055725097656
46,32,718.0,435.1880187988281,424.2339782714844
46,33,4908.0,94.27913665771484,370.5527648925781
46,34,4628.0,367.6030578613281,431.6086730957031
46,35,5208.0,40.367897033691406,161.082763671875
46,36,5818.0,148.0206298828125,162.23703002929688
46,37,4437.0,55.29073715209961,437.5183715820313
46,38,2734.0,222.72933959960935,450.3876953125
46,39,2891.0,479.2850341796875,441.4344482421875
46,40,2225.0,424.8597717285156,456.1510009765625
46,41,3033.0,166.12989807128906,484.87701416015625
46,42,1126.0,80.85435485839844,486.090576171875
46,43,0.0,0.0,0.0
46,44,3162.0,89.52751159667969,195.78273010253903
46,45,4050.0,451.4054260253906,179.99777221679688
46,46,1992.0,14.287148475646973,413.2404479980469
46,47,3743.0,114.97728729248048,469.368408203125
46,48,1966.0,269.6744689941406,486.1424255371094
46,49,2383.0,227.4658050537109,487.747802734375
46,50,2721.0,366.0282897949219,485.0665283203125
46,51,1648.0,44.822208404541016,497.3677062988281
46,52,1411.0,47.737064361572266,49.61445617675781
46,53,2076.0,382.7625122070313,277.8121337890625
46,54,2297.0,425.9690856933594,493.4810485839844
46,55,1868.0,317.530517578125,493.19378662109375
46,56,0.0,0.0,0.0
46,57,0.0,0.0,0.0
46,58,2887.0,128.75303649902344,311.8205871582031
46,59,0.0,0.0,0.0
46,60,578.0,286.73876953125,257.4100341796875
46,61,1539.0,271.287841796875,348.8453674316406
46,62,2409.0,485.8111267089844,488.724365234375
46,63,0.0,0.0,0.0
46,64,695.0,201.2589874267578,22.978416442871094
46,65,1359.0,14.279617309570312,478.0640258789063
46,66,0.0,0.0,0.0
46,67,2534.0,36.643253326416016,370.9266052246094
46,68,2608.0,135.91372680664062,409.1269226074219
46,69,2752.0,296.20965576171875,448.0835876464844
46,70,590.0,6.4016947746276855,336.116943359375
46,71,4716.0,197.0458068847656,322.7707824707031
46,72,2555.0,168.09706115722656,413.4868774414063
46,73,0.0,0.0,0.0
46,74,4368.0,92.9466552734375,35.493133544921875
46,75,5906.0,464.0939636230469,377.6183471679688
46,76,0.0,0.0,0.0
46,77,1828.0,16.64387321472168,58.71334838867188
46,78,2486.0,367.9444885253906,331.25946044921875
46,79,0.0,0.0,0.0
46,80,3555.0,24.522363662719727,225.28045654296875
46,81,0.0,0.0,0.0
46,82,0.0,0.0,0.0
46,83,4873.0,99.75292205810548,254.92611694335935
46,84,4652.0,406.0870666503906,34.358341217041016
46,85,579.0,6.974093437194824,121.43177795410156
46,86,0.0,0.0,0.0
46,87,3400.0,404.2132263183594,211.0214691162109
46,88,2130.0,150.78262329101562,16.73051643371582
46,89,3425.0,490.4726867675781,139.82803344726562
46,90,5819.0,47.61127471923828,304.0481262207031
46,91,0.0,0.0,0.0
46,92,1901.0,473.7364501953125,13.650710105895996
46,93,5371.0,342.6991271972656,212.0659027099609
46,94,4820.0,305.3948059082031,311.8786315917969
46,95,3913.0,268.8993225097656,29.01712226867676
46,96,803.0,213.69239807128903,8.927770614624023
46,97,1756.0,28.804670333862305,14.365034103393556
46,98,0.0,0.0,0.0
46,99,176.0,505.5227355957031,316.1420593261719
46,100,1497.0,242.6539764404297,341.7775573730469
46,101,267.0,6.475655555725098,92.06366729736328
46,102,324.0,504.206787109375,413.3425903320313
46,103,0.0,0.0,0.0
46,104,0.0,0.0,0.0
46,105,0.0,0.0,0.0
46,106,0.0,0.0,0.0
46,107,0.0,0.0,0.0
46,108,0.0,0.0,0.0
46,109,0.0,0.0,0.0
46,110,0.0,0.0,0.0
46,111,0.0,0.0,0.0
46,112,0.0,0.0,0.0
46,113,0.0,0.0,0.0
46,114,0.0,0.0,0.0
46,115,0.0,0.0,0.0
46,116,0.0,0.0,0.0
46,117,0.0,0.0,0.0
46,118,0.0,0.0,0.0
46,119,0.0,0.0,0.0
46,120,0.0,0.0,0.0
46,121,0.0,0.0,0.0
46,122,0.0,0.0,0.0
46,123,0.0,0.0,0.0
46,124,0.0,0.0,0.0
46,125,0.0,0.0,0.0
46,126,0.0,0.0,0.0
46,127,902.0,500.850341796875,343.5964660644531
46,128,0.0,0.0,0.0
46,129,0.0,0.0,0.0
46,130,0.0,0.0,0.0
46,131,0.0,0.0,0.0
46,132,0.0,0.0,0.0
47,0,541.0,378.3530578613281,254.93345642089844
47,1,2373.0,314.4079284667969,256.2258605957031
47,2,4209.0,419.40911865234375,323.3554382324219
47,3,5072.0,164.68849182128906,68.30402374267578
47,4,317.0,346.51104736328125,276.76025390625
47,5,0.0,0.0,0.0
47,6,2017.0,477.6182556152344,308.1591491699219
47,7,2560.0,234.3234405517578,63.07929611206055
47,8,2424.0,377.3481750488281,85.24050903320312
47,9,7637.0,300.02606201171875,112.39557647705078
47,10,2857.0,333.535888671875,160.37417602539062
47,11,4231.0,196.5235137939453,212.4235382080078
47,12,6518.0,240.2437896728516,259.9814453125
47,13,4618.0,450.99652099609375,257.24078369140625
47,14,0.0,0.0,0.0
47,15,4942.0,334.7592163085937,35.29056930541992
47,16,4953.0,475.60064697265625,63.08015441894531
47,17,6040.0,92.9735107421875,107.85761260986328
47,18,2098.0,443.2855224609375,106.22735595703124
47,19,4636.0,396.3619384765625,135.77027893066406
47,20,6083.0,212.59132385253903,123.51109313964844
47,21,0.0,0.0,0.0
47,22,0.0,0.0,0.0
47,23,3912.0,260.7865600585937,184.8650360107422
47,24,2837.0,495.7310485839844,237.0059967041016
47,25,3052.0,153.3433837890625,250.711669921875
47,26,2591.0,392.8236083984375,383.0111999511719
47,27,5805.0,220.44720458984372,403.4098205566406
47,28,444.0,262.6553955078125,382.4639587402344
47,29,1334.0,32.66341781616211,100.39505004882812
47,30,1791.0,145.84365844726562,352.6298217773437
47,31,5690.0,315.67626953125,387.9147644042969
47,32,593.0,433.4704895019531,425.9409790039063
47,33,4918.0,93.8167953491211,372.4532470703125
47,34,4825.0,367.4010314941406,431.84124755859375
47,35,5289.0,41.380977630615234,161.9009246826172
47,36,5807.0,147.5972137451172,164.2216339111328
47,37,4506.0,54.07501220703125,438.1256103515625
47,38,2440.0,227.4598388671875,449.7303161621094
47,39,2803.0,479.6175537109375,443.3371276855469
47,40,2183.0,425.0531311035156,456.0632019042969
47,41,3105.0,167.6029052734375,484.447021484375
47,42,1224.0,82.75980377197266,486.3504943847656
47,43,0.0,0.0,0.0
47,44,3001.0,89.679443359375,197.41619873046875
47,45,4043.0,450.0418090820313,180.33192443847656
47,46,1767.0,14.58743667602539,410.0656433105469
47,47,3359.0,116.81095886230467,471.2798461914063
47,48,1553.0,272.7939453125,487.4166259765625
47,49,2742.0,230.96353149414065,486.796875
47,50,2422.0,368.2993469238281,485.8963623046875
47,51,1583.0,47.61592102050781,496.8509216308594
47,52,1484.0,48.41442108154297,51.8692741394043
47,53,2073.0,380.980224609375,278.7862854003906
47,54,2350.0,425.0974426269531,493.3038330078125
47,55,1985.0,319.03375244140625,493.5727844238281
47,56,0.0,0.0,0.0
47,57,0.0,0.0,0.0
47,58,2965.0,129.03170776367188,313.64215087890625
47,59,0.0,0.0,0.0
47,60,666.0,286.259765625,256.5360412597656
47,61,1873.0,270.9129638671875,349.8798828125
47,62,2328.0,484.990966796875,489.7512817382813
47,63,0.0,0.0,0.0
47,64,775.0,202.2180633544922,23.259355545043945
47,65,1484.0,13.900943756103516,479.0970458984375
47,66,0.0,0.0,0.0
47,67,2527.0,34.846458435058594,370.8618774414063
47,68,4409.0,145.12588500976562,408.41119384765625
47,69,2517.0,298.0281982421875,451.5407104492188
47,70,357.0,5.103641510009766,337.8095092773437
47,71,4751.0,195.2073211669922,321.6573486328125
47,72,889.0,171.66253662109375,437.0652465820313
47,73,0.0,0.0,0.0
47,74,4174.0,92.66986083984376,35.445613861083984
47,75,6163.0,463.2119140625,380.2725830078125
47,76,0.0,0.0,0.0
47,77,1718.0,16.626310348510742,60.43131637573242
47,78,2660.0,367.3120422363281,332.52069091796875
47,79,0.0,0.0,0.0
47,80,3585.0,24.43486785888672,225.6702880859375
47,81,0.0,0.0,0.0
47,82,0.0,0.0,0.0
47,83,5116.0,101.48279571533205,256.060791015625
47,84,4776.0,405.714599609375,36.11662292480469
47,85,500.0,6.754000186920166,124.10399627685548
47,86,0.0,0.0,0.0
47,87,3731.0,403.83489990234375,212.715087890625
47,88,2341.0,149.7496795654297,17.48398208618164
47,89,3576.0,489.4983215332031,138.58641052246094
47,90,6120.0,46.54575347900391,305.2163391113281
47,91,0.0,0.0,0.0
47,92,2057.0,472.9183349609375,14.364608764648438
47,93,5283.0,341.3045654296875,213.9854278564453
47,94,4950.0,307.6246337890625,311.5010070800781
47,95,4102.0,269.29571533203125,30.000730514526367
47,96,744.0,213.88575744628903,8.432795524597168
47,97,1924.0,28.409563064575195,15.521309852600098
47,98,0.0,0.0,0.0
47,99,220.0,504.5136413574219,312.9772644042969
47,100,1599.0,240.05441284179688,342.6166381835937
47,101,352.0,6.690340995788574,94.6647720336914
47,102,317.0,504.2302856445313,415.15142822265625
47,103,0.0,0.0,0.0
47,104,0.0,0.0,0.0
47,105,0.0,0.0,0.0
47,106,0.0,0.0,0.0
47,107,0.0,0.0,0.0
47,108,0.0,0.0,0.0
47,109,0.0,0.0,0.0
47,110,0.0,0.0,0.0
47,111,0.0,0.0,0.0
47,112,0.0,0.0,0.0
47,113,0.0,0.0,0.0
47,114,0.0,0.0,0.0
47,115,0.0,0.0,0.0
47,116,0.0,0.0,0.0
47,117,0.0,0.0,0.0
47,118,0.0,0.0,0.0
47,119,0.0,0.0,0.0
47,120,0.0,0.0,0.0
47,121,0.0,0.0,0.0
47,122,0.0,0.0,0.0
47,123,0.0,0.0,0.0
47,124,0.0,0.0,0.0
47,125,0.0,0.0,0.0
47,126,0.0,0.0,0.0
47,127,979.0,500.4269714355469,343.4565734863281
47,128,0.0,0.0,0.0
47,129,0.0,0.0,0.0
47,130,0.0,0.0,0.0
47,131,0.0,0.0,0.0
47,132,0.0,0.0,0.0
48,0,519.0,379.43353271484375,254.32369995117188
48,1,2248.0,312.3540954589844,256.20684814453125
48,2,4252.0,418.3899230957031,323.3885192871094
48,3,5247.0,164.99142456054688,70.31237030029297
48,4,916.0,347.3209533691406,282.1757507324219
48,5,0.0,0.0,0.0
48,6,1878.0,475.6134033203125,308.7832946777344
48,7,2490.0,235.95260620117188,64.99276733398438
48,8,2462.0,376.8814086914063,87.43704223632812
48,9,7608.0,300.3576354980469,113.71017456054688
48,10,2857.0,332.69024658203125,161.50576782226562
48,11,4074.0,195.53411865234372,213.64260864257807
48,12,6453.0,239.10011291503903,260.3534851074219
48,13,4559.0,451.5646057128906,257.77166748046875
48,14,0.0,0.0,0.0
48,15,4979.0,334.3072814941406,35.56155776977539
48,16,4920.0,475.5373840332031,63.84776306152344
48,17,6048.0,93.15360260009766,109.33795928955078
48,18,1790.0,442.6251525878906,105.30838012695312
48,19,4656.0,397.6116943359375,136.44007873535156
48,20,5964.0,213.1680145263672,124.21344757080078
48,21,0.0,0.0,0.0
48,22,0.0,0.0,0.0
48,23,4000.0,260.0450134277344,185.86399841308597
48,24,2820.0,496.052490234375,237.61915588378903
48,25,2983.0,153.042236328125,251.6573944091797
48,26,2357.0,392.01953125,382.8320007324219
48,27,6018.0,219.6016998291016,405.150390625
48,28,469.0,262.159912109375,384.1641845703125
48,29,1351.0,32.3730583190918,101.40192413330078
48,30,1437.0,147.84620666503906,356.920654296875
48,31,5620.0,315.1523132324219,390.1476745605469
48,32,700.0,434.0757141113281,426.8528442382813
48,33,4799.0,93.79621124267578,373.0823059082031
48,34,4981.0,367.4804382324219,431.94720458984375
48,35,5444.0,40.96087265014648,162.42689514160156
48,36,5676.0,148.92617797851562,165.69345092773438
48,37,4286.0,53.71045303344727,438.4549560546875
48,38,2192.0,226.52828979492188,450.9612121582031
48,39,2650.0,479.8713073730469,444.72564697265625
48,40,2071.0,424.7040100097656,456.2679748535156
48,41,3102.0,167.891357421875,484.193115234375
48,42,1412.0,82.13172912597656,486.1685485839844
48,43,0.0,0.0,0.0
48,44,2994.0,90.83700561523438,197.3316650390625
48,45,4157.0,449.4349365234375,181.01202392578125
48,46,1793.0,15.037925720214844,409.9336242675781
48,47,2878.0,116.28665924072266,470.6153564453125
48,48,1542.0,272.1718444824219,488.1549987792969
48,49,2686.0,230.6343994140625,486.8641052246094
48,50,2197.0,370.0464172363281,485.8884887695313
48,51,1427.0,46.98668670654297,497.1226501464844
48,52,1480.0,48.72432327270508,53.4344596862793
48,53,1895.0,382.8126525878906,278.8680725097656
48,54,2427.0,424.7334289550781,493.1339111328125
48,55,2085.0,320.8455505371094,492.89593505859375
48,56,0.0,0.0,0.0
48,57,0.0,0.0,0.0
48,58,3404.0,129.7779083251953,316.8401794433594
48,59,0.0,0.0,0.0
48,60,706.0,285.3427734375,256.2606201171875
48,61,2176.0,270.52850341796875,349.5634155273437
48,62,2315.0,484.4367065429688,489.9295959472656
48,63,0.0,0.0,0.0
48,64,590.0,202.8389892578125,28.535593032836918
48,65,1717.0,13.733838081359863,478.4723205566406
48,66,0.0,0.0,0.0
48,67,2536.0,34.746055603027344,371.2693176269531
48,68,4437.0,141.86026000976562,410.0342712402344
48,69,2408.0,296.7782287597656,453.3721008300781
48,70,0.0,0.0,0.0
48,71,4601.0,194.39187622070312,321.4464111328125
48,72,974.0,168.17042541503906,438.6242370605469
48,73,306.0,130.7058868408203,504.2549133300781
48,74,4217.0,91.6627960205078,35.73393249511719
48,75,6240.0,462.4898986816406,380.9033508300781
48,76,0.0,0.0,0.0
48,77,1735.0,16.802305221557617,60.4720458984375
48,78,2600.0,367.22845458984375,335.5884704589844
48,79,0.0,0.0,0.0
48,80,3538.0,24.050594329833984,226.68682861328125
48,81,0.0,0.0,0.0
48,82,0.0,0.0,0.0
48,83,5152.0,100.5625,256.17333984375
48,84,4946.0,405.0161743164063,37.00990676879883
48,85,386.0,6.2461137771606445,122.50518035888672
48,86,0.0,0.0,0.0
48,87,3969.0,402.31494140625,213.3766632080078
48,88,2494.0,148.22093200683594,18.26423454284668
48,89,3649.0,488.3066711425781,138.28282165527344
48,90,6622.0,43.88492965698242,307.0164489746094
48,91,0.0,0.0,0.0
48,92,2175.0,472.3163146972656,14.941149711608888
48,93,5039.0,339.9932556152344,215.947998046875
48,94,4713.0,306.8625183105469,313.1962585449219
48,95,4133.0,269.1468811035156,30.554319381713867
48,96,1092.0,210.4835205078125,10.667582511901855
48,97,1909.0,27.8056583404541,15.824515342712402
48,98,0.0,0.0,0.0
48,99,388.0,503.36083984375,310.8505249023437
48,100,1708.0,237.72071838378903,344.0790405273437
48,101,365.0,6.621917724609375,94.89588928222656
48,102,403.0,503.3523559570313,416.7096862792969
48,103,0.0,0.0,0.0
48,104,0.0,0.0,0.0
48,105,0.0,0.0,0.0
48,106,0.0,0.0,0.0
48,107,0.0,0.0,0.0
48,108,0.0,0.0,0.0
48,109,0.0,0.0,0.0
48,110,0.0,0.0,0.0
48,111,0.0,0.0,0.0
48,112,0.0,0.0,0.0
48,113,0.0,0.0,0.0
48,114,0.0,0.0,0.0
48,115,0.0,0.0,0.0
48,116,0.0,0.0,0.0
48,117,0.0,0.0,0.0
48,118,0.0,0.0,0.0
48,119,0.0,0.0,0.0
48,120,0.0,0.0,0.0
48,121,0.0,0.0,0.0
48,122,0.0,0.0,0.0
48,123,0.0,0.0,0.0
48,124,0.0,0.0,0.0
48,125,0.0,0.0,0.0
48,126,0.0,0.0,0.0
48,127,1021.0,500.14984130859375,344.0959777832031
48,128,0.0,0.0,0.0
48,129,0.0,0.0,0.0
48,130,0.0,0.0,0.0
48,131,0.0,0.0,0.0
48,132,0.0,0.0,0.0
49,0,495.0,378.06060791015625,257.0404052734375
49,1,2355.0,311.7265319824219,255.9320526123047
49,2,4145.0,418.4993896484375,324.5285949707031
49,3,5391.0,164.34390258789062,72.00203704833984
49,4,561.0,346.66845703125,283.6577453613281
49,5,0.0,0.0,0.0
49,6,1880.0,475.6313781738281,309.6617126464844
49,7,2342.0,235.9128875732422,66.9649887084961
49,8,2301.0,377.8331298828125,88.5740966796875
49,9,7748.0,301.4252624511719,114.46141052246094
49,10,2874.0,333.68927001953125,161.95858764648438
49,11,3853.0,195.1767425537109,213.0378875732422
49,12,6538.0,238.0562896728516,260.6287841796875
49,13,4439.0,450.7443237304688,259.7886962890625
49,14,0.0,0.0,0.0
49,15,5137.0,334.55810546875,35.961456298828125
49,16,4866.0,476.17962646484375,63.507808685302734
49,17,5959.0,93.01863098144533,110.36046600341795
49,18,1734.0,442.0046081542969,104.29238891601562
49,19,4464.0,398.5232849121094,136.6675567626953
49,20,5904.0,213.06504821777344,125.30132293701172
49,21,0.0,0.0,0.0
49,22,0.0,0.0,0.0
49,23,4149.0,260.3031921386719,187.13497924804688
49,24,3209.0,495.7500915527344,236.74508666992188
49,25,3271.0,152.20452880859375,251.31886291503903
49,26,2267.0,393.8438415527344,383.6166687011719
49,27,6008.0,218.26980590820312,406.06390380859375
49,28,577.0,262.15252685546875,384.0537109375
49,29,1351.0,31.68023681640625,102.73204803466795
49,30,1490.0,145.4724884033203,359.6020202636719
49,31,5601.0,314.1635437011719,391.0573120117188
49,32,646.0,433.1068115234375,426.3575744628906
49,33,4580.0,93.29104614257812,373.58013916015625
49,34,5132.0,366.3889465332031,432.6330871582031
49,35,5381.0,40.3311653137207,163.01858520507812
49,36,5465.0,148.8232421875,166.6572723388672
49,37,4278.0,53.61033248901367,440.0077209472656
49,38,1977.0,227.52149963378903,451.049072265625
49,39,2535.0,479.68402099609375,445.744384765625
49,40,2131.0,424.2524719238281,455.5096130371094
49,41,3084.0,167.59922790527344,485.3634948730469
49,42,1401.0,83.40328216552734,487.3354797363281
49,43,0.0,0.0,0.0
49,44,3102.0,90.87330627441406,196.6279754638672
49,45,4133.0,448.1417846679688,181.42874145507807
49,46,1972.0,15.597363471984863,409.3367004394531
49,47,2843.0,118.2011947631836,474.2332153320313
49,48,1492.0,272.6166076660156,487.9825744628906
49,49,2817.0,230.1700439453125,486.79339599609375
49,50,2013.0,370.2702331542969,486.6984558105469
49,51,0.0,0.0,0.0
49,52,1556.0,49.03984451293945,55.284706115722656
49,53,1943.0,379.77044677734375,279.3659362792969
49,54,2479.0,424.2521057128906,492.8818054199219
49,55,2113.0,321.4410705566406,493.4723205566406
49,56,0.0,0.0,0.0
49,57,0.0,0.0,0.0
49,58,3382.0,129.25961303710938,317.3089904785156
49,59,0.0,0.0,0.0
49,60,563.0,285.6820678710937,262.909423828125
49,61,2286.0,270.3053283691406,347.89501953125
49,62,2336.0,484.10101318359375,489.94049072265625
49,63,0.0,0.0,0.0
49,64,716.0,201.73883056640625,30.395252227783203
49,65,3104.0,29.099225997924805,487.91302490234375
49,66,0.0,0.0,0.0
49,67,2460.0,34.79999923706055,370.9621887207031
49,68,4332.0,137.2393798828125,411.8086242675781
49,69,2384.0,295.8489990234375,453.852783203125
49,70,0.0,0.0,0.0
49,71,4503.0,192.6258087158203,321.63690185546875
49,72,1282.0,166.33775329589844,438.8268432617188
49,73,0.0,0.0,0.0
49,74,4157.0,91.55472564697266,36.427711486816406
49,75,6189.0,463.0843505859375,381.8074035644531
49,76,0.0,0.0,0.0
49,77,1712.0,16.591705322265625,61.9375
49,78,2870.0,367.1975708007813,337.1292724609375
49,79,0.0,0.0,0.0
49,80,3432.0,23.18181800842285,226.6625823974609
49,81,0.0,0.0,0.0
49,82,0.0,0.0,0.0
49,83,5119.0,98.44734954833984,256.99432373046875
49,84,4961.0,405.0513916015625,38.254180908203125
49,85,379.0,5.936675548553467,122.5778350830078
49,86,0.0,0.0,0.0
49,87,4197.0,401.7672119140625,215.31141662597656
49,88,2524.0,146.75633239746094,18.51307487487793
49,89,3899.0,487.89739990234375,137.77430725097656
49,90,6621.0,43.86557769775391,307.4523620605469
49,91,0.0,0.0,0.0
49,92,2292.0,470.8486022949219,14.61780071258545
49,93,5028.0,339.1559143066406,216.79315185546875
49,94,4673.0,308.360595703125,312.7802124023437
49,95,4224.0,268.90435791015625,31.758996963500977
49,96,1216.0,210.4259796142578,11.633223533630373
49,97,2022.0,28.09000968933105,16.57962417602539
49,98,0.0,0.0,0.0
49,99,359.0,503.6712951660156,311.8440246582031
49,100,1925.0,235.0529937744141,344.4181823730469
49,101,315.0,6.047618865966797,95.0920639038086
49,102,477.0,503.23480224609375,420.4129943847656
49,103,0.0,0.0,0.0
49,104,0.0,0.0,0.0
49,105,0.0,0.0,0.0
49,106,0.0,0.0,0.0
49,107,0.0,0.0,0.0
49,108,0.0,0.0,0.0
49,109,0.0,0.0,0.0
49,110,0.0,0.0,0.0
49,111,0.0,0.0,0.0
49,112,0.0,0.0,0.0
49,113,0.0,0.0,0.0
49,114,0.0,0.0,0.0
49,115,0.0,0.0,0.0
49,116,0.0,0.0,0.0
49,117,0.0,0.0,0.0
49,118,0.0,0.0,0.0
49,119,0.0,0.0,0.0
49,120,0.0,0.0,0.0
49,121,0.0,0.0,0.0
49,122,0.0,0.0,0.0
49,123,0.0,0.0,0.0
49,124,0.0,0.0,0.0
49,125,0.0,0.0,0.0
49,126,0.0,0.0,0.0
49,127,1007.0,499.9136047363281,344.7527160644531
49,128,0.0,0.0,0.0
49,129,0.0,0.0,0.0
49,130,0.0,0.0,0.0
49,131,0.0,0.0,0.0
49,132,0.0,0.0,0.0
50,0,595.0,372.5630187988281,259.5411682128906
50,1,2287.0,310.7166442871094,256.9374694824219
50,2,4218.0,418.2043762207031,324.647705078125
50,3,5402.0,164.32339477539062,72.72454833984375
50,4,460.0,345.8825988769531,284.6391296386719
50,5,0.0,0.0,0.0
50,6,1828.0,473.8057861328125,310.0826110839844
50,7,2409.0,235.83644104003903,68.7235336303711
50,8,2278.0,378.2344055175781,88.91484069824219
50,9,7734.0,301.8816833496094,115.54525756835938
50,10,2995.0,335.4954833984375,162.94992065429688
50,11,3752.0,195.55596923828125,212.6623077392578
50,12,6396.0,237.327392578125,259.7562561035156
50,13,4260.0,450.9178466796875,260.2004699707031
50,14,0.0,0.0,0.0
50,15,5150.0,334.3768920898437,36.91961288452149
50,16,4758.0,476.1349182128906,63.88083267211914
50,17,6139.0,92.51734924316406,111.001953125
50,18,1797.0,440.34613037109375,104.00389862060548
50,19,4233.0,398.5582275390625,137.28396606445312
50,20,5719.0,212.6676025390625,126.43853759765624
50,21,0.0,0.0,0.0
50,22,0.0,0.0,0.0
50,23,4152.0,261.3552551269531,187.6237945556641
50,24,3368.0,495.2024841308594,235.6944732666016
50,25,3556.0,152.43812561035156,251.35601806640625
50,26,2245.0,395.0267333984375,385.1616821289063
50,27,6154.0,216.98765563964844,406.4226379394531
50,28,591.0,261.3028869628906,381.0930480957031
50,29,1490.0,26.403356552124023,103.20402526855467
50,30,1448.0,143.379150390625,361.2230529785156
50,31,5384.0,311.9580383300781,393.1617736816406
50,32,766.0,431.8877258300781,427.2271423339844
50,33,4514.0,91.7574234008789,373.0403137207031
50,34,5297.0,365.27545166015625,433.1761474609375
50,35,5383.0,39.94259643554688,163.83058166503906
50,36,5368.0,149.45826721191406,166.72373962402344
50,37,4296.0,53.63756942749024,441.8384399414063
50,38,1891.0,230.1909027099609,449.8942260742188
50,39,2430.0,479.0036926269531,446.7242736816406
50,40,1997.0,423.5328063964844,456.3910827636719
50,41,3228.0,166.38754272460938,484.8290100097656
50,42,1398.0,83.47209930419922,486.0057373046875
50,43,0.0,0.0,0.0
50,44,3022.0,92.07379150390624,196.3702850341797
50,45,4060.0,447.0157775878906,181.3795623779297
50,46,2123.0,16.587846755981445,410.1521301269531
50,47,2601.0,118.08612060546876,476.0711364746094
50,48,1422.0,272.5787658691406,488.2215270996094
50,49,2935.0,229.59796142578125,486.5345764160156
50,50,1827.0,371.6792602539063,487.9217224121094
50,51,0.0,0.0,0.0
50,52,1506.0,49.6328010559082,56.05112838745117
50,53,1756.0,378.8707275390625,281.28759765625
50,54,2505.0,424.3445129394531,492.5369262695313
50,55,2254.0,321.856689453125,493.3784484863281
50,56,0.0,0.0,0.0
50,57,0.0,0.0,0.0
50,58,3340.0,128.7826385498047,318.52783203125
50,59,0.0,0.0,0.0
50,60,554.0,284.3537902832031,262.5361022949219
50,61,2402.0,269.6727600097656,345.6123962402344
50,62,2305.0,483.690673828125,490.3088989257813
50,63,0.0,0.0,0.0
50,64,532.0,206.68609619140625,34.05263137817383
50,65,2865.0,29.74485206604004,489.2226867675781
50,66,0.0,0.0,0.0
50,67,2234.0,34.354522705078125,372.1929321289063
50,68,4396.0,134.60873413085938,414.1187438964844
50,69,2258.0,295.8883972167969,454.735595703125
50,70,0.0,0.0,0.0
50,71,4546.0,191.89727783203125,322.7138061523437
50,72,1189.0,166.44154357910156,438.7947998046875
50,73,0.0,0.0,0.0
50,74,4058.0,91.10818481445312,36.77476501464844
50,75,6151.0,463.853515625,382.2425537109375
50,76,0.0,0.0,0.0
50,77,1811.0,17.267255783081055,64.71065521240234
50,78,3128.0,366.1042175292969,339.3650817871094
50,79,0.0,0.0,0.0
50,80,3405.0,23.558883666992188,226.78765869140625
50,81,0.0,0.0,0.0
50,82,0.0,0.0,0.0
50,83,5138.0,98.27637481689452,257.7236328125
50,84,4821.0,403.674560546875,38.3482666015625
50,85,362.0,5.627071857452393,122.79833984375
50,86,0.0,0.0,0.0
50,87,4456.0,401.5578918457031,217.7490997314453
50,88,2753.0,148.5430450439453,19.144207000732425
50,89,4015.0,486.9280090332031,137.73748779296875
50,90,7191.0,40.8201904296875,306.15673828125
50,91,0.0,0.0,0.0
50,92,2457.0,468.6499938964844,15.981278419494627
50,93,4952.0,338.09490966796875,218.6631622314453
50,94,4751.0,308.146484375,312.813720703125
50,95,4427.0,269.0223693847656,32.42782974243164
50,96,1262.0,209.9532470703125,12.461173057556152
50,97,2116.0,27.71550178527832,17.701322555541992
50,98,0.0,0.0,0.0
50,99,557.0,502.5386047363281,312.5224304199219
50,100,1922.0,233.16909790039065,346.06866455078125
50,101,0.0,0.0,0.0
50,102,590.0,503.2186584472656,421.7779541015625
50,103,0.0,0.0,0.0
50,104,0.0,0.0,0.0
50,105,0.0,0.0,0.0
50,106,0.0,0.0,0.0
50,107,0.0,0.0,0.0
50,108,0.0,0.0,0.0
50,109,0.0,0.0,0.0
50,110,0.0,0.0,0.0
50,111,0.0,0.0,0.0
50,112,0.0,0.0,0.0
50,113,0.0,0.0,0.0
50,114,0.0,0.0,0.0
50,115,0.0,0.0,0.0
50,116,0.0,0.0,0.0
50,117,0.0,0.0,0.0
50,118,0.0,0.0,0.0
50,119,0.0,0.0,0.0
50,120,0.0,0.0,0.0
50,121,0.0,0.0,0.0
50,122,0.0,0.0,0.0
50,123,0.0,0.0,0.0
50,124,0.0,0.0,0.0
50,125,0.0,0.0,0.0
50,126,0.0,0.0,0.0
50,127,914.0,499.6816101074219,345.5328369140625
50,128,0.0,0.0,0.0
50,129,0.0,0.0,0.0
50,130,0.0,0.0,0.0
50,131,0.0,0.0,0.0
50,132,0.0,0.0,0.0
51,0,874.0,366.9622497558594,263.3672790527344
51,1,2168.0,310.845947265625,258.35748291015625
51,2,4097.0,417.30316162109375,324.6062927246094
51,3,5645.0,164.31655883789062,74.06554412841797
51,4,0.0,0.0,0.0
51,5,0.0,0.0,0.0
51,6,1870.0,472.0395812988281,309.7502746582031
51,7,2476.0,235.4830322265625,69.28594207763672
51,8,2184.0,378.4899291992188,90.38369750976562
51,9,7503.0,302.46649169921875,116.45635223388672
51,10,3096.0,334.5164794921875,163.8653106689453
51,11,3604.0,196.24888610839844,214.0654754638672
51,12,6458.0,238.10916137695312,260.1895446777344
51,13,4045.0,451.1018676757813,260.3629150390625
51,14,0.0,0.0,0.0
51,15,5127.0,334.25201416015625,37.56797409057617
51,16,4656.0,476.29833984375,64.8421401977539
51,17,6201.0,92.9958038330078,112.64311981201172
51,18,1680.0,437.1309509277344,100.91309356689452
51,19,4251.0,398.5600891113281,138.1387939453125
51,20,5601.0,214.11622619628903,127.7416534423828
51,21,0.0,0.0,0.0
51,22,0.0,0.0,0.0
51,23,4072.0,261.55035400390625,188.3565826416016
51,24,3557.0,494.7337646484375,234.7492218017578
51,25,3654.0,152.7257843017578,252.12014770507807
51,26,2092.0,394.6233215332031,384.34320068359375
51,27,5904.0,217.7823486328125,408.5884094238281
51,28,285.0,260.1192932128906,388.6526184082031
51,29,1401.0,31.98429679870605,105.54817962646484
51,30,1218.0,142.58538818359375,361.2430114746094
51,31,5063.0,311.3150329589844,394.8323059082031
51,32,716.0,432.759765625,427.2653503417969
51,33,4340.0,92.14977264404295,373.5290222167969
51,34,5613.0,365.5394592285156,433.4142150878906
51,35,5293.0,39.02153778076172,165.39788818359375
51,36,5312.0,151.4888916015625,167.6854248046875
51,37,4246.0,53.67922592163086,441.3784790039063
51,38,1933.0,235.2317657470703,449.221923828125
51,39,2526.0,479.93548583984375,447.12786865234375
51,40,2022.0,423.9920959472656,456.11474609375
51,41,3207.0,166.1724395751953,484.86279296875
51,42,1517.0,83.99275207519531,485.6539306640625
51,43,0.0,0.0,0.0
51,44,2954.0,94.40386199951172,194.98239135742188
51,45,4030.0,445.5714721679688,182.31439208984372
51,46,2125.0,16.489412307739258,409.9646911621094
51,47,2375.0,119.29684448242188,477.3460998535156
51,48,1348.0,272.8479309082031,488.59124755859375
51,49,2988.0,228.8945770263672,487.0783081054688
51,50,1553.0,372.8036193847656,488.6149291992188
51,51,0.0,0.0,0.0
51,52,1469.0,49.92307662963867,56.22192001342773
51,53,1752.0,376.3595886230469,284.6438293457031
51,54,2544.0,423.5188598632813,492.50823974609375
51,55,2349.0,323.1255798339844,493.64068603515625
51,56,0.0,0.0,0.0
51,57,0.0,0.0,0.0
51,58,3275.0,126.51541900634766,319.44000244140625
51,59,0.0,0.0,0.0
51,60,515.0,284.5165100097656,264.376708984375
51,61,2957.0,269.1420288085937,350.29217529296875
51,62,2262.0,483.3876953125,490.8488159179688
51,63,0.0,0.0,0.0
51,64,471.0,206.49468994140625,33.921443939208984
51,65,2858.0,29.554933547973636,488.84326171875
51,66,0.0,0.0,0.0
51,67,2210.0,35.31493377685547,373.0140380859375
51,68,5031.0,136.39434814453125,414.620361328125
51,69,2124.0,296.7165832519531,455.5640258789063
51,70,0.0,0.0,0.0
51,71,4759.0,189.7743225097656,323.5316162109375
51,72,955.0,167.54031372070312,441.6743469238281
51,73,0.0,0.0,0.0
51,74,4034.0,89.83390808105469,37.13460540771485
51,75,6271.0,463.27923583984375,381.6522216796875
51,76,0.0,0.0,0.0
51,77,1808.0,17.667036056518555,64.90763092041016
51,78,3174.0,365.2476501464844,341.03875732421875
51,79,0.0,0.0,0.0
51,80,3401.0,24.0049991607666,228.1252593994141
51,81,0.0,0.0,0.0
51,82,0.0,0.0,0.0
51,83,5302.0,97.02942657470705,257.1280517578125
51,84,4906.0,402.681396484375,38.36995697021485
51,85,361.0,5.55955696105957,122.4072036743164
51,86,0.0,0.0,0.0
51,87,4473.0,401.8408203125,220.5383453369141
51,88,2834.0,147.3690948486328,19.1806640625
51,89,4268.0,485.2638244628906,137.20126342773438
51,90,7105.0,40.95397567749024,307.867431640625
51,91,0.0,0.0,0.0
51,92,2588.0,468.021240234375,16.427356719970703
51,93,4994.0,337.7522888183594,219.25770568847656
51,94,4923.0,310.0743408203125,312.4119567871094
51,95,4617.0,269.62921142578125,33.97682571411133
51,96,1321.0,209.6987152099609,12.676759719848633
51,97,2074.0,26.45612335205078,18.150917053222656
51,98,0.0,0.0,0.0
51,99,576.0,502.3316040039063,311.9739685058594
51,100,2004.0,231.67564392089844,347.75299072265625
51,101,0.0,0.0,0.0
51,102,605.0,502.8033142089844,420.4859619140625
51,103,254.0,5.452755928039551,96.05511474609376
51,104,0.0,0.0,0.0
51,105,0.0,0.0,0.0
51,106,0.0,0.0,0.0
51,107,0.0,0.0,0.0
51,108,0.0,0.0,0.0
51,109,0.0,0.0,0.0
51,110,0.0,0.0,0.0
51,111,0.0,0.0,0.0
51,112,0.0,0.0,0.0
51,113,0.0,0.0,0.0
51,114,0.0,0.0,0.0
51,115,0.0,0.0,0.0
51,116,0.0,0.0,0.0
51,117,0.0,0.0,0.0
51,118,0.0,0.0,0.0
51,119,0.0,0.0,0.0
51,120,0.0,0.0,0.0
51,121,0.0,0.0,0.0
51,122,0.0,0.0,0.0
51,123,0.0,0.0,0.0
51,124,0.0,0.0,0.0
51,125,0.0,0.0,0.0
51,126,0.0,0.0,0.0
51,127,897.0,499.0289916992188,343.6622009277344
51,128,0.0,0.0,0.0
51,129,0.0,0.0,0.0
51,130,0.0,0.0,0.0
51,131,0.0,0.0,0.0
51,132,0.0,0.0,0.0
52,0,1100.0,366.09271240234375,264.3363647460937
52,1,2043.0,311.5580139160156,259.01910400390625
52,2,4150.0,416.7891540527344,324.1761474609375
52,3,5792.0,163.54489135742188,76.14019012451172
52,4,0.0,0.0,0.0
52,5,0.0,0.0,0.0
52,6,1843.0,470.44384765625,309.107421875
52,7,2690.0,234.60743713378903,72.7542724609375
52,8,2248.0,378.8416442871094,89.41281127929688
52,9,7334.0,302.5992736816406,117.62939453125
52,10,3207.0,335.8840026855469,163.2544403076172
52,11,3492.0,196.36282348632807,215.39002990722656
52,12,6364.0,238.679443359375,260.59521484375
52,13,3287.0,452.6014709472656,262.19683837890625
52,14,0.0,0.0,0.0
52,15,5313.0,333.283447265625,38.64219665527344
52,16,4358.0,473.5367126464844,67.3072509765625
52,17,6224.0,92.4604721069336,114.77249145507812
52,18,1554.0,435.0785217285156,98.55598449707033
52,19,4228.0,400.39544677734375,137.96026611328125
52,20,5335.0,214.48416137695312,131.24273681640625
52,21,0.0,0.0,0.0
52,22,0.0,0.0,0.0
52,23,4152.0,262.8446655273437,190.7201385498047
52,24,2636.0,492.3122253417969,216.57928466796875
52,25,3937.0,152.993896484375,252.3307037353516
52,26,1891.0,397.35748291015625,385.4780578613281
52,27,6077.0,220.03488159179688,410.77093505859375
52,28,257.0,261.6303405761719,387.9533081054688
52,29,958.0,27.901878356933597,110.57098388671876
52,30,1199.0,141.54295349121094,363.6922302246094
52,31,4938.0,310.61199951171875,395.4823913574219
52,32,755.0,429.9788208007813,427.7999877929688
52,33,4246.0,91.47904205322266,374.2225646972656
52,34,5603.0,364.6037902832031,434.2409362792969
52,35,5251.0,38.22205352783203,164.54713439941406
52,36,5171.0,152.58982849121094,168.09127807617188
52,37,4137.0,53.18636703491211,442.1708984375
52,38,1472.0,229.2092437744141,451.6175231933594
52,39,2618.0,477.6650085449219,446.907958984375
52,40,1836.0,422.8251647949219,456.8180847167969
52,41,3211.0,165.34506225585938,485.4851989746094
52,42,1619.0,85.0228500366211,485.4354553222656
52,43,0.0,0.0,0.0
52,44,3034.0,93.96604919433594,196.151611328125
52,45,4052.0,444.5653991699219,184.05552673339844
52,46,2098.0,16.284080505371094,410.9237365722656
52,47,2119.0,119.8796615600586,476.49267578125
52,48,1298.0,272.70184326171875,488.7056884765625
52,49,3102.0,228.8207550048828,486.2601623535156
52,50,1503.0,371.8103942871094,488.2648010253906
52,51,0.0,0.0,0.0
52,52,1566.0,51.11111068725586,58.20561981201172
52,53,1622.0,374.0980224609375,287.1935729980469
52,54,2592.0,422.3070983886719,492.5482177734375
52,55,2368.0,322.3302307128906,493.7107238769531
52,56,0.0,0.0,0.0
52,57,0.0,0.0,0.0
52,58,3254.0,124.85587310791016,321.0937194824219
52,59,0.0,0.0,0.0
52,60,536.0,284.94775390625,268.1473999023437
52,61,3186.0,268.5015563964844,347.8455810546875
52,62,2309.0,483.4187927246094,490.494140625
52,63,0.0,0.0,0.0
52,64,544.0,206.77757263183597,35.132354736328125
52,65,2703.0,30.55678939819336,488.4801940917969
52,66,0.0,0.0,0.0
52,67,2352.0,35.293792724609375,373.4528198242188
52,68,5264.0,136.66603088378906,416.04046630859375
52,69,2186.0,294.293701171875,454.5100708007813
52,70,0.0,0.0,0.0
52,71,4805.0,187.48866271972656,324.1240234375
52,72,794.0,168.16751098632812,443.5365295410156
52,73,0.0,0.0,0.0
52,74,2740.0,94.73868560791016,47.756568908691406
52,75,6337.0,462.8799133300781,381.4603271484375
52,76,0.0,0.0,0.0
52,77,2447.0,18.79730224609375,72.43604278564453
52,78,3398.0,364.62005615234375,345.3375549316406
52,79,0.0,0.0,0.0
52,80,3422.0,23.391292572021484,228.21624755859372
52,81,0.0,0.0,0.0
52,82,0.0,0.0,0.0
52,83,5321.0,96.10261535644533,257.9637145996094
52,84,4695.0,402.0353698730469,37.97593307495117
52,85,215.0,4.897674560546875,122.13953399658205
52,86,0.0,0.0,0.0
52,87,4972.0,403.0802612304688,224.38494873046875
52,88,3119.0,146.15774536132812,19.711767196655277
52,89,4370.0,484.55950927734375,136.48077392578125
52,90,6926.0,40.30941390991211,308.0492248535156
52,91,0.0,0.0,0.0
52,92,2560.0,465.462890625,16.465625762939453
52,93,4786.0,336.8932189941406,218.8499755859375
52,94,4722.0,311.1575622558594,312.844970703125
52,95,4664.0,268.8246154785156,34.75407409667969
52,96,1309.0,210.8067169189453,12.660809516906738
52,97,2104.0,26.776615142822266,18.447242736816406
52,98,0.0,0.0,0.0
52,99,801.0,500.8214721679688,313.9638061523437
52,100,2112.0,229.41856384277344,349.3522644042969
52,101,0.0,0.0,0.0
52,102,646.0,502.7724609375,422.3126831054688
52,103,0.0,0.0,0.0
52,104,1166.0,75.54717254638672,13.738422393798828
52,105,407.0,502.9656066894531,30.71990203857422
52,106,1151.0,495.6281433105469,274.1424865722656
52,107,0.0,0.0,0.0
52,108,0.0,0.0,0.0
52,109,0.0,0.0,0.0
52,110,0.0,0.0,0.0
52,111,0.0,0.0,0.0
52,112,0.0,0.0,0.0
52,113,0.0,0.0,0.0
52,114,0.0,0.0,0.0
52,115,0.0,0.0,0.0
52,116,0.0,0.0,0.0
52,117,0.0,0.0,0.0
52,118,0.0,0.0,0.0
52,119,0.0,0.0,0.0
52,120,0.0,0.0,0.0
52,121,0.0,0.0,0.0
52,122,0.0,0.0,0.0
52,123,0.0,0.0,0.0
52,124,0.0,0.0,0.0
52,125,0.0,0.0,0.0
52,126,0.0,0.0,0.0
52,127,725.0,499.3930969238281,345.7296447753906
52,128,0.0,0.0,0.0
52,129,0.0,0.0,0.0
52,130,0.0,0.0,0.0
52,131,0.0,0.0,0.0
52,132,0.0,0.0,0.0
53,0,1039.0,366.7892150878906,265.4937438964844
53,1,2142.0,311.6288452148437,258.7100830078125
53,2,4149.0,417.1267700195313,324.1725769042969
53,3,5767.0,163.40003967285156,77.41581726074219
53,4,0.0,0.0,0.0
53,5,0.0,0.0,0.0
53,6,1676.0,470.377685546875,309.1241149902344
53,7,2709.0,234.9789581298828,74.89811706542969
53,8,2377.0,379.82330322265625,90.8603286743164
53,9,7017.0,302.6103820800781,118.3205108642578
53,10,3255.0,337.34747314453125,162.54071044921875
53,11,3221.0,196.7845458984375,216.8717803955078
53,12,6402.0,239.3448944091797,260.358642578125
53,13,2740.0,453.69964599609375,263.859130859375
53,14,0.0,0.0,0.0
53,15,5414.0,333.8529663085937,39.204837799072266
53,16,4365.0,472.69232177734375,68.42474365234375
53,17,6382.0,92.49874877929688,116.74005126953124
53,18,1079.0,428.7571716308594,92.15291595458984
53,19,4275.0,401.9204711914063,139.0039825439453
53,20,5411.0,214.94992065429688,133.93328857421875
53,21,0.0,0.0,0.0
53,22,0.0,0.0,0.0
53,23,4179.0,264.75067138671875,191.39913940429688
53,24,2755.0,491.2225036621094,216.36587524414065
53,25,4039.0,153.9239959716797,253.06858825683597
53,26,1746.0,400.2709045410156,387.119140625
53,27,6149.0,221.87835693359372,412.6705017089844
53,28,0.0,0.0,0.0
53,29,1051.0,26.11703109741211,111.83824920654295
53,30,1238.0,139.2075958251953,363.3263244628906
53,31,4847.0,309.0214538574219,396.139892578125
53,32,839.0,429.8939208984375,429.9952392578125
53,33,3842.0,90.8815689086914,375.5887451171875
53,34,5607.0,363.907958984375,434.8899536132813
53,35,5193.0,36.70132827758789,164.82418823242188
53,36,5160.0,153.57363891601562,169.6773223876953
53,37,4181.0,51.71346664428711,441.8782653808594
53,38,1259.0,227.88641357421875,453.0937194824219
53,39,2638.0,475.83245849609375,448.4609680175781
53,40,1541.0,420.4406127929688,457.48150634765625
53,41,3268.0,164.64596557617188,484.9265747070313
53,42,1651.0,85.03694915771484,485.1605224609375
53,43,0.0,0.0,0.0
53,44,3101.0,93.86585235595705,196.49435424804688
53,45,4075.0,443.7526245117188,185.094970703125
53,46,2013.0,15.73770523071289,410.7014465332031
53,47,2008.0,119.5199203491211,478.7858581542969
53,48,1335.0,272.8861389160156,488.746826171875
53,49,3118.0,228.2982635498047,486.4041137695313
53,50,1349.0,372.489990234375,488.1252746582031
53,51,0.0,0.0,0.0
53,52,1488.0,51.70429992675781,60.28091430664063
53,53,1652.0,373.0599365234375,288.03631591796875
53,54,2643.0,421.8441162109375,491.6163330078125
53,55,2473.0,324.1710510253906,493.3615112304688
53,56,0.0,0.0,0.0
53,57,0.0,0.0,0.0
53,58,3232.0,123.6800765991211,321.5166931152344
53,59,0.0,0.0,0.0
53,60,330.0,285.8484802246094,264.3393859863281
53,61,3536.0,268.0712585449219,348.3192749023437
53,62,2295.0,484.0108947753906,490.65185546875
53,63,0.0,0.0,0.0
53,64,690.0,206.61593627929688,36.21159362792969
53,65,2701.0,30.64161491394043,489.3946838378906
53,66,0.0,0.0,0.0
53,67,2331.0,36.35607147216797,373.8206787109375
53,68,6405.0,140.15628051757812,418.95751953125
53,69,2090.0,293.52154541015625,454.9219970703125
53,70,0.0,0.0,0.0
53,71,4910.0,187.28778076171875,325.6698608398437
53,72,0.0,0.0,0.0
53,73,0.0,0.0,0.0
53,74,2592.0,95.0412826538086,50.278934478759766
53,75,6342.0,462.5906677246094,382.0365905761719
53,76,0.0,0.0,0.0
53,77,2436.0,18.592365264892575,73.06937408447266
53,78,3755.0,365.0061340332031,348.9518127441406
53,79,0.0,0.0,0.0
53,80,3404.0,23.311397552490234,228.6686248779297
53,81,0.0,0.0,0.0
53,82,0.0,0.0,0.0
53,83,5413.0,96.0968017578125,258.8233947753906
53,84,4559.0,402.0052795410156,37.62491607666016
53,85,0.0,0.0,0.0
53,86,0.0,0.0,0.0
53,87,5146.0,404.9358825683594,228.38943481445312
53,88,3304.0,146.26966857910156,20.243038177490234
53,89,4414.0,484.2763977050781,136.20140075683594
53,90,7016.0,40.02964782714844,309.1190185546875
53,91,0.0,0.0,0.0
53,92,2677.0,466.1195373535156,17.075458526611328
53,93,4746.0,338.27117919921875,219.07290649414065
53,94,4689.0,311.1542053222656,312.69696044921875
53,95,4812.0,269.5267944335937,36.29738235473633
53,96,1293.0,212.2064971923828,12.57463264465332
53,97,2115.0,25.992435455322266,19.635461807250977
53,98,0.0,0.0,0.0
53,99,1034.0,499.7524108886719,318.2882080078125
53,100,2064.0,229.2790679931641,349.6841125488281
53,101,0.0,0.0,0.0
53,102,717.0,502.6318054199219,423.4992980957031
53,103,0.0,0.0,0.0
53,104,1454.0,74.59559631347656,15.393397331237791
53,105,392.0,503.2193908691406,34.05867385864258
53,106,1308.0,494.1200256347656,274.4273681640625
53,107,289.0,448.1383972167969,114.59861755371094
53,108,0.0,0.0,0.0
53,109,0.0,0.0,0.0
53,110,0.0,0.0,0.0
53,111,0.0,0.0,0.0
53,112,0.0,0.0,0.0
53,113,0.0,0.0,0.0
53,114,0.0,0.0,0.0
53,115,0.0,0.0,0.0
53,116,0.0,0.0,0.0
53,117,0.0,0.0,0.0
53,118,0.0,0.0,0.0
53,119,0.0,0.0,0.0
53,120,0.0,0.0,0.0
53,121,0.0,0.0,0.0
53,122,0.0,0.0,0.0
53,123,0.0,0.0,0.0
53,124,0.0,0.0,0.0
53,125,0.0,0.0,0.0
53,126,0.0,0.0,0.0
53,127,673.0,499.47845458984375,351.7488708496094
53,128,0.0,0.0,0.0
53,129,0.0,0.0,0.0
53,130,0.0,0.0,0.0
53,131,0.0,0.0,0.0
53,132,0.0,0.0,0.0
54,0,865.0,359.2693786621094,265.7664794921875
54,1,2017.0,310.85968017578125,259.7848205566406
54,2,4073.0,417.8293762207031,324.6584777832031
54,3,5929.0,163.3498077392578,79.1214370727539
54,4,0.0,0.0,0.0
54,5,0.0,0.0,0.0
54,6,1691.0,470.4512023925781,307.5889892578125
54,7,2728.0,235.0751495361328,75.31597900390625
54,8,2480.0,380.8959655761719,91.29757690429688
54,9,6923.0,303.43072509765625,119.26996612548828
54,10,2940.0,339.1537475585937,161.42823791503906
54,11,3020.0,197.19073486328125,217.74205017089844
54,12,6336.0,238.7395782470703,259.8045959472656
54,13,2563.0,453.3156433105469,264.6246643066406
54,14,0.0,0.0,0.0
54,15,5649.0,334.5946044921875,40.22198486328125
54,16,4118.0,471.9839782714844,68.86109924316406
54,17,6234.0,92.20901489257812,119.07186126708984
54,18,1009.0,427.8988952636719,90.6600570678711
54,19,4082.0,401.9561462402344,138.81773376464844
54,20,5283.0,215.9367828369141,134.02044677734375
54,21,0.0,0.0,0.0
54,22,0.0,0.0,0.0
54,23,4345.0,264.739013671875,191.4075927734375
54,24,2854.0,490.854248046875,215.1510162353516
54,25,4029.0,154.81011962890625,252.25588989257807
54,26,1671.0,400.7702026367188,386.5481872558594
54,27,6027.0,219.39340209960935,410.57623291015625
54,28,0.0,0.0,0.0
54,29,0.0,0.0,0.0
54,30,1050.0,134.4647674560547,364.26666259765625
54,31,4790.0,307.2340393066406,397.67474365234375
54,32,1015.0,430.0581359863281,431.6975402832031
54,33,3395.0,90.04241180419922,375.37054443359375
54,34,5678.0,363.9723510742188,434.0514221191406
54,35,5255.0,36.00532913208008,164.55966186523438
54,36,5219.0,154.4226837158203,170.68116760253906
54,37,4300.0,51.916046142578125,442.37255859375
54,38,1346.0,234.0007476806641,449.6694030761719
54,39,2597.0,476.0743103027344,448.5294494628906
54,40,1411.0,419.3564758300781,459.153076171875
54,41,3291.0,163.57916259765625,484.391357421875
54,42,1659.0,86.91681671142578,488.7130737304688
54,43,0.0,0.0,0.0
54,44,3078.0,94.04548645019533,197.6215057373047
54,45,4143.0,442.3318786621094,185.35699462890625
54,46,2011.0,15.187966346740724,409.51416015625
54,47,1634.0,119.93084716796876,480.2423400878906
54,48,1265.0,272.3636474609375,490.0339965820313
54,49,3398.0,226.58946228027344,484.5450134277344
54,50,1341.0,371.5495910644531,487.5361633300781
54,51,0.0,0.0,0.0
54,52,1491.0,52.39235305786133,61.406436920166016
54,53,2040.0,374.5357971191406,288.1014709472656
54,54,2673.0,421.288818359375,492.0157165527344
54,55,2526.0,323.8333435058594,493.1785583496094
54,56,0.0,0.0,0.0
54,57,0.0,0.0,0.0
54,58,0.0,0.0,0.0
54,59,0.0,0.0,0.0
54,60,442.0,284.04071044921875,268.3959350585937
54,61,3817.0,267.6054382324219,345.5533142089844
54,62,2310.0,483.58831787109375,490.51861572265625
54,63,0.0,0.0,0.0
54,64,627.0,206.6443328857422,36.69058990478516
54,65,2771.0,28.64561462402344,488.6676330566406
54,66,0.0,0.0,0.0
54,67,2273.0,36.88385391235352,373.3119201660156
54,68,6865.0,136.82579040527344,419.3637390136719
54,69,2017.0,293.1893920898437,456.5220642089844
54,70,0.0,0.0,0.0
54,71,7876.0,160.5999298095703,324.5486145019531
54,72,0.0,0.0,0.0
54,73,0.0,0.0,0.0
54,74,2504.0,95.4600601196289,53.676116943359375
54,75,6345.0,462.22174072265625,381.8036193847656
54,76,0.0,0.0,0.0
54,77,3480.0,21.21293067932129,83.6227035522461
54,78,3719.0,364.4751281738281,351.25732421875
54,79,0.0,0.0,0.0
54,80,3493.0,24.12052726745605,229.2877197265625
54,81,0.0,0.0,0.0
54,82,0.0,0.0,0.0
54,83,5504.0,96.67496490478516,260.7367248535156
54,84,4381.0,403.1944885253906,36.91600036621094
54,85,0.0,0.0,0.0
54,86,0.0,0.0,0.0
54,87,5158.0,405.20025634765625,229.545166015625
54,88,3483.0,146.54722595214844,20.907838821411133
54,89,4456.0,484.3765563964844,135.41448974609375
54,90,7091.0,40.73402786254883,310.3377380371094
54,91,0.0,0.0,0.0
54,92,2757.0,466.2346801757813,17.179180145263672
54,93,5023.0,337.7266540527344,217.7899627685547
54,94,4505.0,313.0583801269531,313.6432800292969
54,95,4866.0,269.73345947265625,36.73324966430664
54,96,1301.0,213.8255157470703,13.059185028076172
54,97,2076.0,25.669557571411133,19.528902053833008
54,98,0.0,0.0,0.0
54,99,1002.0,499.8592834472656,317.41717529296875
54,100,2186.0,227.8394317626953,348.9661560058594
54,101,0.0,0.0,0.0
54,102,662.0,502.6314086914063,423.58306884765625
54,103,0.0,0.0,0.0
54,104,1642.0,75.02070617675781,17.155298233032227
54,105,473.0,503.2938537597656,37.89006423950195
54,106,1338.0,493.4118041992188,273.9006042480469
54,107,453.0,446.9006652832031,114.1788101196289
54,108,0.0,0.0,0.0
54,109,0.0,0.0,0.0
54,110,0.0,0.0,0.0
54,111,0.0,0.0,0.0
54,112,0.0,0.0,0.0
54,113,0.0,0.0,0.0
54,114,0.0,0.0,0.0
54,115,0.0,0.0,0.0
54,116,0.0,0.0,0.0
54,117,0.0,0.0,0.0
54,118,0.0,0.0,0.0
54,119,0.0,0.0,0.0
54,120,0.0,0.0,0.0
54,121,0.0,0.0,0.0
54,122,0.0,0.0,0.0
54,123,0.0,0.0,0.0
54,124,0.0,0.0,0.0
54,125,0.0,0.0,0.0
54,126,0.0,0.0,0.0
54,127,720.0,498.8333435058594,351.45416259765625
54,128,0.0,0.0,0.0
54,129,0.0,0.0,0.0
54,130,0.0,0.0,0.0
54,131,0.0,0.0,0.0
54,132,0.0,0.0,0.0
55,0,1024.0,361.0537109375,266.017578125
55,1,1911.0,310.2250061035156,259.07586669921875
55,2,3947.0,417.2966918945313,325.9498291015625
55,3,6117.0,163.5458526611328,80.2823257446289
55,4,0.0,0.0,0.0
55,5,0.0,0.0,0.0
55,6,1672.0,469.4270324707031,307.0795593261719
55,7,2884.0,234.9563140869141,77.27392578125
55,8,2747.0,382.8587646484375,93.10739135742188
55,9,6963.0,303.9639587402344,119.6517333984375
55,10,3398.0,340.7778015136719,163.1153564453125
55,11,2706.0,197.0321502685547,220.1836700439453
55,12,6284.0,238.46371459960935,258.5089111328125
55,13,2914.0,452.1118774414063,263.62799072265625
55,14,0.0,0.0,0.0
55,15,5860.0,336.413818359375,40.48805618286133
55,16,3881.0,471.2586975097656,70.06441497802734
55,17,6210.0,92.54959869384766,121.29339599609376
55,18,1427.0,435.3342590332031,100.51927185058594
55,19,3599.0,403.73046875,139.45901489257812
55,20,5145.0,215.6363525390625,137.16053771972656
55,21,0.0,0.0,0.0
55,22,0.0,0.0,0.0
55,23,4053.0,264.6365661621094,189.8050842285156
55,24,2976.0,491.0661926269531,215.97715759277344
55,25,4172.0,155.11936950683594,252.4688415527344
55,26,1692.0,400.455078125,387.7825012207031
55,27,5582.0,218.4910430908203,409.9184875488281
55,28,0.0,0.0,0.0
55,29,0.0,0.0,0.0
55,30,1173.0,130.77835083007812,364.3631591796875
55,31,4536.0,305.6842956542969,398.85845947265625
55,32,1229.0,428.467041015625,432.6989440917969
55,33,2832.0,90.09180450439452,376.7051696777344
55,34,5703.0,362.3840026855469,434.7308349609375
55,35,5249.0,35.35435485839844,164.49037170410156
55,36,5121.0,155.8367462158203,171.99942016601562
55,37,4375.0,51.55085754394531,440.7117614746094
55,38,1910.0,234.09580993652344,449.2942504882813
55,39,2654.0,474.16351318359375,449.6695556640625
55,40,1068.0,416.7181701660156,459.2771606445313
55,41,3259.0,162.7732391357422,483.6667785644531
55,42,1633.0,85.2890396118164,490.928955078125
55,43,0.0,0.0,0.0
55,44,3200.0,94.34468841552734,198.76031494140625
55,45,4174.0,440.4863586425781,185.22592163085935
55,46,1879.0,14.039915084838867,407.6897277832031
55,47,1559.0,120.03720092773438,482.6876220703125
55,48,1254.0,271.6602783203125,490.9768676757813
55,49,3255.0,225.9029235839844,485.73486328125
55,50,1398.0,371.3719482421875,487.2210388183594
55,51,0.0,0.0,0.0
55,52,1436.0,51.71378707885742,65.76950073242188
55,53,1981.0,373.6138305664063,290.2670288085937
55,54,2774.0,421.9934997558594,490.8716735839844
55,55,2531.0,322.659423828125,493.3058166503906
55,56,0.0,0.0,0.0
55,57,0.0,0.0,0.0
55,58,0.0,0.0,0.0
55,59,0.0,0.0,0.0
55,60,722.0,283.427978515625,266.08447265625
55,61,4024.0,268.8663024902344,344.4783935546875
55,62,2233.0,484.6990661621094,490.5611267089844
55,63,0.0,0.0,0.0
55,64,631.0,206.34864807128903,36.58795547485352
55,65,2795.0,27.654741287231445,487.66009521484375
55,66,0.0,0.0,0.0
55,67,2422.0,38.616844177246094,372.8575439453125
55,68,7090.0,135.12750244140625,420.4586791992188
55,69,1864.0,293.2054748535156,456.5751037597656
55,70,0.0,0.0,0.0
55,71,7751.0,160.15817260742188,324.809326171875
55,72,0.0,0.0,0.0
55,73,0.0,0.0,0.0
55,74,2381.0,94.61612701416016,57.194034576416016
55,75,6351.0,462.48291015625,381.3418273925781
55,76,0.0,0.0,0.0
55,77,3327.0,20.757740020751957,83.63540649414062
55,78,3838.0,363.5461120605469,352.45233154296875
55,79,0.0,0.0,0.0
55,80,3467.0,24.40813446044922,229.5416717529297
55,81,0.0,0.0,0.0
55,82,0.0,0.0,0.0
55,83,5598.0,94.75955963134766,262.1884460449219
55,84,4051.0,404.68304443359375,36.83781814575195
55,85,0.0,0.0,0.0
55,86,0.0,0.0,0.0
55,87,4883.0,403.5426940917969,229.94859313964844
55,88,3583.0,146.0376739501953,21.687971115112305
55,89,4512.0,484.1708679199219,135.8858642578125
55,90,7017.0,41.14949417114258,312.3011169433594
55,91,0.0,0.0,0.0
55,92,2943.0,464.9306945800781,17.678558349609375
55,93,4759.0,336.585205078125,219.79638671875
55,94,4302.0,314.752197265625,314.03765869140625
55,95,4962.0,270.00665283203125,37.445587158203125
55,96,1324.0,213.7545318603516,13.07703971862793
55,97,2015.0,24.07146453857422,20.60396957397461
55,98,0.0,0.0,0.0
55,99,1095.0,499.14154052734375,319.0054931640625
55,100,2515.0,226.85923767089844,348.5940246582031
55,101,0.0,0.0,0.0
55,102,704.0,502.3622131347656,424.5340881347656
55,103,0.0,0.0,0.0
55,104,2141.0,73.82998657226562,19.043437957763672
55,105,626.0,503.0718994140625,42.58466339111328
55,106,1236.0,493.4190979003906,275.83172607421875
55,107,0.0,0.0,0.0
55,108,0.0,0.0,0.0
55,109,0.0,0.0,0.0
55,110,0.0,0.0,0.0
55,111,0.0,0.0,0.0
55,112,0.0,0.0,0.0
55,113,0.0,0.0,0.0
55,114,0.0,0.0,0.0
55,115,0.0,0.0,0.0
55,116,0.0,0.0,0.0
55,117,0.0,0.0,0.0
55,118,0.0,0.0,0.0
55,119,0.0,0.0,0.0
55,120,0.0,0.0,0.0
55,121,0.0,0.0,0.0
55,122,0.0,0.0,0.0
55,123,0.0,0.0,0.0
55,124,0.0,0.0,0.0
55,125,0.0,0.0,0.0
55,126,0.0,0.0,0.0
55,127,670.0,498.73431396484375,352.5492553710937
55,128,0.0,0.0,0.0
55,129,0.0,0.0,0.0
55,130,0.0,0.0,0.0
55,131,0.0,0.0,0.0
55,132,0.0,0.0,0.0
56,0,1075.0,362.11627197265625,264.7013854980469
56,1,1795.0,311.74151611328125,260.1192321777344
56,2,3678.0,417.320556640625,327.8341369628906
56,3,6104.0,163.4121856689453,81.11730194091797
56,4,0.0,0.0,0.0
56,5,0.0,0.0,0.0
56,6,1714.0,468.510498046875,306.9784240722656
56,7,2927.0,234.9412384033203,79.40656280517578
56,8,2780.0,382.61474609375,95.78165435791016
56,9,6946.0,305.6229553222656,121.21336364746094
56,10,3226.0,343.2349548339844,163.87538146972656
56,11,2637.0,198.10353088378903,222.52825927734372
56,12,6012.0,238.5362548828125,258.56719970703125
56,13,2981.0,449.7638244628906,264.5947570800781
56,14,0.0,0.0,0.0
56,15,6116.0,336.7818908691406,40.76258850097656
56,16,3805.0,471.1621398925781,69.56951141357422
56,17,6165.0,92.76560974121094,122.9636688232422
56,18,1501.0,434.3377685546875,102.22451782226562
56,19,3193.0,403.6564331054688,140.32821655273438
56,20,5240.0,216.49046325683597,138.35743713378906
56,21,0.0,0.0,0.0
56,22,0.0,0.0,0.0
56,23,3957.0,264.63885498046875,189.7503204345703
56,24,3078.0,490.8807678222656,216.4337158203125
56,25,4254.0,155.35284423828125,252.7049865722656
56,26,1745.0,400.1180419921875,388.958740234375
56,27,5938.0,219.88059997558597,413.08740234375
56,28,0.0,0.0,0.0
56,29,0.0,0.0,0.0
56,30,1501.0,128.88607788085938,364.142578125
56,31,4270.0,304.9245910644531,398.91943359375
56,32,1342.0,426.9187927246094,433.8233947753906
56,33,2389.0,88.39933013916016,380.6835632324219
56,34,5721.0,361.4831237792969,434.8390197753906
56,35,5250.0,35.275047302246094,166.63638305664062
56,36,5189.0,156.86605834960938,173.20022583007812
56,37,4335.0,50.25790023803711,440.12109375
56,38,1540.0,237.92013549804688,450.3045349121094
56,39,2668.0,471.5224914550781,450.5554809570313
56,40,893.0,413.8913879394531,460.8331604003906
56,41,3348.0,161.97491455078125,483.6275329589844
56,42,1573.0,85.43038940429688,491.3522033691406
56,43,0.0,0.0,0.0
56,44,3231.0,95.0507583618164,200.1535186767578
56,45,4288.0,439.447998046875,185.8943634033203
56,46,1736.0,13.968894004821776,407.5057678222656
56,47,1365.0,119.34725189208984,485.5369873046875
56,48,1276.0,272.1810302734375,491.3785400390625
56,49,3330.0,226.10931396484372,484.98138427734375
56,50,1410.0,371.8999938964844,488.239013671875
56,51,0.0,0.0,0.0
56,52,1203.0,52.05403137207031,68.8778076171875
56,53,2033.0,372.9488525390625,290.8721008300781
56,54,2665.0,421.8896789550781,490.5763549804688
56,55,2514.0,323.312255859375,492.8611755371094
56,56,0.0,0.0,0.0
56,57,0.0,0.0,0.0
56,58,0.0,0.0,0.0
56,59,0.0,0.0,0.0
56,60,1047.0,283.0506286621094,261.81756591796875
56,61,4202.0,269.8165283203125,341.5504455566406
56,62,1881.0,481.3774719238281,493.745361328125
56,63,0.0,0.0,0.0
56,64,616.0,207.00973510742188,37.00324630737305
56,65,2821.0,28.1435661315918,487.5253601074219
56,66,0.0,0.0,0.0
56,67,2580.0,37.862789154052734,372.0123901367188
56,68,7345.0,133.77793884277344,421.9071350097656
56,69,1776.0,294.104736328125,456.4656677246094
56,70,0.0,0.0,0.0
56,71,7540.0,158.5828857421875,325.0736083984375
56,72,0.0,0.0,0.0
56,73,0.0,0.0,0.0
56,74,2404.0,92.9242935180664,59.16472625732422
56,75,6454.0,463.1216430664063,381.3813171386719
56,76,0.0,0.0,0.0
56,77,3498.0,21.59977149963379,84.96969604492188
56,78,3924.0,363.6888427734375,353.1322631835937
56,79,0.0,0.0,0.0
56,80,3381.0,24.322389602661133,230.6918029785156
56,81,0.0,0.0,0.0
56,82,0.0,0.0,0.0
56,83,5574.0,93.9479751586914,263.6248779296875
56,84,3969.0,405.0015258789063,38.05845260620117
56,85,0.0,0.0,0.0
56,86,0.0,0.0,0.0
56,87,4611.0,403.3179321289063,230.7256622314453
56,88,3779.0,146.58639526367188,22.6499080657959
56,89,4689.0,483.39837646484375,134.9759063720703
56,90,6946.0,41.70587539672852,312.9347839355469
56,91,0.0,0.0,0.0
56,92,3016.0,463.6031188964844,17.610410690307617
56,93,4753.0,337.18829345703125,219.5806884765625
56,94,4123.0,317.32354736328125,314.7737121582031
56,95,5017.0,269.7341003417969,38.69264602661133
56,96,1374.0,215.1739501953125,12.967248916625977
56,97,2075.0,24.21445846557617,21.460241317749023
56,98,0.0,0.0,0.0
56,99,1154.0,499.6291198730469,318.1906433105469
56,100,2848.0,226.6323699951172,348.68048095703125
56,101,0.0,0.0,0.0
56,102,766.0,503.06396484375,429.98040771484375
56,103,0.0,0.0,0.0
56,104,2306.0,73.72550201416016,20.24067687988281
56,105,628.0,503.1831359863281,41.03662490844727
56,106,1254.0,492.8150024414063,276.0079650878906
56,107,0.0,0.0,0.0
56,108,0.0,0.0,0.0
56,109,0.0,0.0,0.0
56,110,378.0,503.4259338378906,476.1428527832031
56,111,0.0,0.0,0.0
56,112,0.0,0.0,0.0
56,113,0.0,0.0,0.0
56,114,0.0,0.0,0.0
56,115,0.0,0.0,0.0
56,116,0.0,0.0,0.0
56,117,0.0,0.0,0.0
56,118,0.0,0.0,0.0
56,119,0.0,0.0,0.0
56,120,0.0,0.0,0.0
56,121,0.0,0.0,0.0
56,122,0.0,0.0,0.0
56,123,0.0,0.0,0.0
56,124,0.0,0.0,0.0
56,125,0.0,0.0,0.0
56,126,0.0,0.0,0.0
56,127,661.0,498.9742736816406,352.5189208984375
56,128,0.0,0.0,0.0
56,129,0.0,0.0,0.0
56,130,0.0,0.0,0.0
56,131,0.0,0.0,0.0
56,132,0.0,0.0,0.0
57,0,1009.0,364.3904724121094,263.3300170898437
57,1,1728.0,310.9803161621094,260.15972900390625
57,2,3451.0,416.66937255859375,327.9637756347656
57,3,6249.0,162.92271423339844,82.37126159667969
57,4,0.0,0.0,0.0
57,5,0.0,0.0,0.0
57,6,1713.0,466.6882629394531,306.4874572753906
57,7,2885.0,234.93621826171875,79.53414154052734
57,8,3010.0,381.5013427734375,103.3475112915039
57,9,6782.0,304.14361572265625,121.69109344482422
57,10,3309.0,339.90087890625,165.51617431640625
57,11,2524.0,197.9381866455078,224.01901245117188
57,12,5877.0,237.591796875,259.24383544921875
57,13,2829.0,446.5977478027344,266.1208801269531
57,14,0.0,0.0,0.0
57,15,6393.0,338.7941589355469,41.29078674316406
57,16,3450.0,469.4588317871094,69.74405670166016
57,17,6073.0,92.46253967285156,124.0592803955078
57,18,1866.0,434.2824096679688,106.13880157470705
57,19,2809.0,401.4375305175781,145.8874969482422
57,20,5151.0,216.04660034179688,139.1850128173828
57,21,0.0,0.0,0.0
57,22,0.0,0.0,0.0
57,23,4111.0,263.6565246582031,190.9452667236328
57,24,3276.0,490.4004821777344,218.7878570556641
57,25,4194.0,155.19480895996094,254.16094970703125
57,26,1868.0,398.3324279785156,388.033203125
57,27,5335.0,218.5510711669922,414.5806884765625
57,28,324.0,260.8240661621094,393.4969177246094
57,29,0.0,0.0,0.0
57,30,1376.0,127.67877960205078,365.28271484375
57,31,3933.0,304.2336730957031,398.7403869628906
57,32,1397.0,425.77880859375,433.9828186035156
57,33,2713.0,87.47216796875,378.2687072753906
57,34,5773.0,360.52935791015625,435.2622680664063
57,35,5183.0,35.5367546081543,166.7864227294922
57,36,5291.0,156.85598754882812,174.062744140625
57,37,4247.0,49.38803863525391,441.5914611816406
57,38,2122.0,240.9825592041016,450.3492126464844
57,39,2711.0,470.9136962890625,449.82958984375
57,40,872.0,412.7293701171875,461.9724731445313
57,41,3522.0,159.8321990966797,483.25921630859375
57,42,1602.0,84.87328338623047,491.1754150390625
57,43,0.0,0.0,0.0
57,44,3147.0,96.163330078125,200.9447021484375
57,45,4400.0,438.9172668457031,186.105224609375
57,46,1701.0,13.725455284118652,408.37213134765625
57,47,1019.0,117.42884826660156,488.0569152832031
57,48,1231.0,272.2128295898437,492.3720703125
57,49,3141.0,225.1996154785156,486.7710876464844
57,50,1445.0,371.34808349609375,488.5937805175781
57,51,0.0,0.0,0.0
57,52,1093.0,52.11893844604492,71.38883972167969
57,53,2391.0,368.9640197753906,290.9623718261719
57,54,2627.0,422.3391723632813,491.2002258300781
57,55,2311.0,323.76287841796875,493.3647766113281
57,56,0.0,0.0,0.0
57,57,0.0,0.0,0.0
57,58,0.0,0.0,0.0
57,59,0.0,0.0,0.0
57,60,1153.0,282.69384765625,264.8759765625
57,61,4230.0,268.97802734375,339.8661804199219
57,62,1763.0,480.171875,494.1247863769531
57,63,0.0,0.0,0.0
57,64,589.0,206.8539886474609,37.65025329589844
57,65,2647.0,27.79448509216309,487.4151916503906
57,66,0.0,0.0,0.0
57,67,2862.0,37.65024566650391,371.487060546875
57,68,7529.0,133.82188415527344,422.2657775878906
57,69,1783.0,295.73638916015625,458.1749877929688
57,70,0.0,0.0,0.0
57,71,7547.0,156.94992065429688,325.9736328125
57,72,0.0,0.0,0.0
57,73,0.0,0.0,0.0
57,74,2326.0,90.9737777709961,59.74806594848633
57,75,6547.0,462.73834228515625,381.2999877929688
57,76,0.0,0.0,0.0
57,77,3392.0,22.10436248779297,87.56898498535156
57,78,4026.0,361.7806701660156,353.89666748046875
57,79,0.0,0.0,0.0
57,80,3512.0,25.223804473876957,230.54299926757807
57,81,0.0,0.0,0.0
57,82,0.0,0.0,0.0
57,83,5602.0,93.35415649414062,264.35791015625
57,84,3684.0,404.7646484375,41.48126983642578
57,85,0.0,0.0,0.0
57,86,0.0,0.0,0.0
57,87,4350.0,403.6409301757813,231.7292022705078
57,88,4024.0,145.89413452148438,23.25571632385254
57,89,4739.0,483.83056640625,134.5961151123047
57,90,6385.0,39.2368049621582,311.1249694824219
57,91,0.0,0.0,0.0
57,92,3308.0,460.6191101074219,17.99213981628418
57,93,4583.0,337.5910949707031,221.13812255859372
57,94,3812.0,316.545654296875,315.9433288574219
57,95,5120.0,270.23028564453125,39.076759338378906
57,96,1391.0,215.39251708984372,13.620416641235352
57,97,2246.0,23.29162979125977,23.684328079223636
57,98,0.0,0.0,0.0
57,99,1246.0,498.8202209472656,319.0657958984375
57,100,3024.0,225.1699676513672,349.9646301269531
57,101,0.0,0.0,0.0
57,102,649.0,503.4807434082031,428.9460754394531
57,103,0.0,0.0,0.0
57,104,2346.0,71.87425231933594,21.32736587524414
57,105,877.0,502.6260070800781,43.82554244995117
57,106,1262.0,491.9461059570313,276.8510437011719
57,107,0.0,0.0,0.0
57,108,0.0,0.0,0.0
57,109,0.0,0.0,0.0
57,110,612.0,502.8790893554688,475.7434692382813
57,111,0.0,0.0,0.0
57,112,0.0,0.0,0.0
57,113,0.0,0.0,0.0
57,114,0.0,0.0,0.0
57,115,0.0,0.0,0.0
57,116,0.0,0.0,0.0
57,117,0.0,0.0,0.0
57,118,0.0,0.0,0.0
57,119,0.0,0.0,0.0
57,120,0.0,0.0,0.0
57,121,0.0,0.0,0.0
57,122,0.0,0.0,0.0
57,123,0.0,0.0,0.0
57,124,0.0,0.0,0.0
57,125,0.0,0.0,0.0
57,126,0.0,0.0,0.0
57,127,679.0,498.1899719238281,353.1325378417969
57,128,0.0,0.0,0.0
57,129,0.0,0.0,0.0
57,130,0.0,0.0,0.0
57,131,0.0,0.0,0.0
57,132,0.0,0.0,0.0
58,0,877.0,370.33294677734375,262.7502746582031
58,1,2133.0,321.4214782714844,266.0797119140625
58,2,3277.0,416.7241516113281,328.5794982910156
58,3,6549.0,162.4296875,82.88150787353516
58,4,0.0,0.0,0.0
58,5,0.0,0.0,0.0
58,6,1724.0,464.7343444824219,306.5440979003906
58,7,2873.0,234.9422149658203,80.3915786743164
58,8,3275.0,381.5196838378906,104.76122283935548
58,9,6839.0,302.66326904296875,122.3550262451172
58,10,3107.0,338.4174499511719,166.13099670410156
58,11,2677.0,198.8868103027344,224.7119903564453
58,12,5604.0,236.25196838378903,260.5565795898437
58,13,2905.0,441.6791687011719,267.1879577636719
58,14,0.0,0.0,0.0
58,15,6555.0,339.8947448730469,41.77467727661133
58,16,3331.0,467.5187683105469,70.50555419921875
58,17,5809.0,91.5828857421875,126.52401733398438
58,18,1397.0,437.1116638183594,105.6535415649414
58,19,3281.0,401.80706787109375,145.70741271972656
58,20,5056.0,216.53244018554688,140.57318115234375
58,21,0.0,0.0,0.0
58,22,0.0,0.0,0.0
58,23,3993.0,265.56500244140625,192.29576110839844
58,24,3763.0,489.1817626953125,223.2984313964844
58,25,4170.0,154.689453125,255.39976501464844
58,26,1923.0,398.6099853515625,388.8252868652344
58,27,4977.0,216.7703399658203,417.1131286621094
58,28,483.0,256.96893310546875,396.685302734375
58,29,0.0,0.0,0.0
58,30,1273.0,127.545166015625,366.76275634765625
58,31,4067.0,303.6749572753906,397.1925354003906
58,32,1412.0,424.81585693359375,433.3321533203125
58,33,2964.0,85.9311752319336,380.2874450683594
58,34,5552.0,360.9643249511719,434.73236083984375
58,35,5515.0,35.34505844116211,162.94052124023438
58,36,5467.0,156.82733154296875,174.5110626220703
58,37,3981.0,48.23963928222656,441.1690673828125
58,38,2124.0,242.3243865966797,450.2702331542969
58,39,2825.0,470.47503662109375,451.2293701171875
58,40,915.0,412.4601135253906,462.0076599121094
58,41,3673.0,159.48516845703125,482.64251708984375
58,42,1752.0,85.24714660644531,490.2545776367188
58,43,0.0,0.0,0.0
58,44,3143.0,96.52433776855467,202.89468383789065
58,45,4460.0,437.8526916503906,186.11412048339844
58,46,1641.0,13.611822128295898,408.61669921875
58,47,834.0,117.96522521972656,488.46282958984375
58,48,1171.0,272.0990600585937,492.8497009277344
58,49,3101.0,225.82618713378903,486.7400817871094
58,50,1493.0,370.7568664550781,488.7682495117188
58,51,0.0,0.0,0.0
58,52,959.0,51.440040588378906,77.2095947265625
58,53,1949.0,374.0585021972656,293.5946655273437
58,54,2497.0,421.49017333984375,491.5951232910156
58,55,2280.0,323.4662170410156,493.23333740234375
58,56,0.0,0.0,0.0
58,57,0.0,0.0,0.0
58,58,0.0,0.0,0.0
58,59,0.0,0.0,0.0
58,60,1624.0,282.7001342773437,262.8817749023437
58,61,4159.0,269.5503845214844,339.572265625
58,62,2012.0,481.7112426757813,493.3911437988281
58,63,0.0,0.0,0.0
58,64,558.0,207.6666717529297,38.39068222045898
58,65,2716.0,28.449926376342773,486.8943176269531
58,66,0.0,0.0,0.0
58,67,2951.0,36.008811950683594,370.4873046875
58,68,7451.0,133.9527587890625,422.16064453125
58,69,1998.0,297.3318176269531,457.8593444824219
58,70,0.0,0.0,0.0
58,71,7599.0,154.55165100097656,326.7456359863281
58,72,0.0,0.0,0.0
58,73,0.0,0.0,0.0
58,74,2467.0,89.12525177001953,62.14025115966797
58,75,6441.0,462.6154174804688,380.8801574707031
58,76,0.0,0.0,0.0
58,77,2891.0,20.020408630371094,83.08197784423828
58,78,3991.0,362.49560546875,354.21649169921875
58,79,0.0,0.0,0.0
58,80,3650.0,25.832876205444336,230.09588623046875
58,81,0.0,0.0,0.0
58,82,0.0,0.0,0.0
58,83,5524.0,92.09323120117188,265.6544189453125
58,84,3381.0,405.453125,42.63176727294922
58,85,0.0,0.0,0.0
58,86,0.0,0.0,0.0
58,87,3810.0,402.9201965332031,231.57716369628903
58,88,4046.0,146.0736541748047,23.494068145751957
58,89,4777.0,483.59368896484375,134.97865295410156
58,90,6031.0,38.02569961547852,310.6310729980469
58,91,0.0,0.0,0.0
58,92,3557.0,460.3365173339844,18.380096435546875
58,93,4517.0,337.9134521484375,221.6533050537109
58,94,3679.0,318.0777282714844,315.3707580566406
58,95,5108.0,270.4269714355469,39.13566970825195
58,96,1447.0,216.0421600341797,13.977885246276855
58,97,2223.0,22.837156295776367,24.982006072998047
58,98,0.0,0.0,0.0
58,99,1344.0,498.2440490722656,320.1934509277344
58,100,3334.0,224.6511688232422,350.7201538085937
58,101,0.0,0.0,0.0
58,102,774.0,502.7312622070313,429.3888854980469
58,103,0.0,0.0,0.0
58,104,2577.0,71.04423522949219,22.23670959472656
58,105,940.0,501.5925598144531,48.66914749145508
58,106,1117.0,490.0635681152344,280.2649841308594
58,107,0.0,0.0,0.0
58,108,0.0,0.0,0.0
58,109,0.0,0.0,0.0
58,110,267.0,503.681640625,474.2771606445313
58,111,0.0,0.0,0.0
58,112,0.0,0.0,0.0
58,113,0.0,0.0,0.0
58,114,0.0,0.0,0.0
58,115,0.0,0.0,0.0
58,116,0.0,0.0,0.0
58,117,0.0,0.0,0.0
58,118,0.0,0.0,0.0
58,119,0.0,0.0,0.0
58,120,0.0,0.0,0.0
58,121,0.0,0.0,0.0
58,122,0.0,0.0,0.0
58,123,0.0,0.0,0.0
58,124,0.0,0.0,0.0
58,125,0.0,0.0,0.0
58,126,0.0,0.0,0.0
58,127,609.0,498.67486572265625,354.6387634277344
58,128,0.0,0.0,0.0
58,129,0.0,0.0,0.0
58,130,0.0,0.0,0.0
58,131,0.0,0.0,0.0
58,132,0.0,0.0,0.0
59,0,1121.0,367.9919738769531,263.53790283203125
59,1,2162.0,323.3487548828125,269.09527587890625
59,2,3179.0,415.85845947265625,330.2796325683594
59,3,6683.0,162.76821899414062,83.36390686035156
59,4,0.0,0.0,0.0
59,5,0.0,0.0,0.0
59,6,1821.0,462.0647888183594,308.9598999023437
59,7,2784.0,235.349853515625,81.41020202636719
59,8,3209.0,381.0601501464844,105.01277923583984
59,9,6820.0,302.8717041015625,124.0756607055664
59,10,3184.0,339.75469970703125,166.50564575195312
59,11,2624.0,198.9268341064453,226.73208618164065
59,12,4918.0,234.6645050048828,262.1533203125
59,13,2687.0,436.5790710449219,269.6177978515625
59,14,0.0,0.0,0.0
59,15,6651.0,340.2041931152344,41.24988555908203
59,16,3124.0,468.0368041992188,71.59923553466797
59,17,5582.0,91.2094268798828,128.9507293701172
59,18,2072.0,432.8059997558594,107.28861236572266
59,19,2344.0,400.8677368164063,147.3468475341797
59,20,5174.0,216.79763793945312,141.42694091796875
59,21,0.0,0.0,0.0
59,22,0.0,0.0,0.0
59,23,4101.0,264.790771484375,195.0612030029297
59,24,4085.0,487.7104187011719,225.5620574951172
59,25,4341.0,154.92259216308594,256.03570556640625
59,26,1803.0,399.8324890136719,389.0399475097656
59,27,4574.0,216.9711456298828,420.9359436035156
59,28,441.0,253.1383209228516,398.149658203125
59,29,0.0,0.0,0.0
59,30,1251.0,124.851318359375,366.71783447265625
59,31,4022.0,302.216796875,396.9306335449219
59,32,1534.0,423.9393615722656,432.79986572265625
59,33,2830.0,85.05724334716797,380.8148498535156
59,34,5545.0,359.7338256835937,434.1466064453125
59,35,5542.0,34.85871505737305,162.5979766845703
59,36,5572.0,156.6288604736328,175.62060546875
59,37,4047.0,47.68149185180664,441.4625549316406
59,38,2232.0,242.85484313964844,449.2468566894531
59,39,2730.0,468.997802734375,450.2739868164063
59,40,922.0,411.0553283691406,461.99456787109375
59,41,3741.0,158.48997497558594,482.3870544433594
59,42,1860.0,84.69731140136719,490.4704284667969
59,43,0.0,0.0,0.0
59,44,3082.0,95.59085083007812,203.69175720214844
59,45,4549.0,436.5653991699219,187.0274810791016
59,46,1680.0,14.60535717010498,407.8797607421875
59,47,763.0,117.46002960205078,487.3761596679688
59,48,1165.0,271.6549377441406,493.9390563964844
59,49,2960.0,225.25912475585935,487.77197265625
59,50,1391.0,370.9712524414063,488.2156677246094
59,51,0.0,0.0,0.0
59,52,932.0,51.07081604003906,79.33476257324219
59,53,1593.0,375.9704895019531,295.03326416015625
59,54,2556.0,420.8705139160156,491.5555419921875
59,55,2196.0,325.5888061523437,493.263671875
59,56,0.0,0.0,0.0
59,57,0.0,0.0,0.0
59,58,0.0,0.0,0.0
59,59,0.0,0.0,0.0
59,60,2007.0,280.6761474609375,263.9307556152344
59,61,4241.0,269.5003662109375,340.1747131347656
59,62,1909.0,479.9187927246094,493.6348876953125
59,63,0.0,0.0,0.0
59,64,421.0,208.50831604003903,38.63182830810547
59,65,2597.0,27.63573265075684,487.705810546875
59,66,0.0,0.0,0.0
59,67,1242.0,53.38325119018555,376.7044982910156
59,68,7471.0,134.36460876464844,421.952880859375
59,69,2133.0,296.229736328125,459.794189453125
59,70,0.0,0.0,0.0
59,71,7739.0,153.87672424316406,327.944580078125
59,72,0.0,0.0,0.0
59,73,0.0,0.0,0.0
59,74,2609.0,89.2142562866211,65.09390258789062
59,75,5811.0,460.2452392578125,381.1480102539063
59,76,0.0,0.0,0.0
59,77,2770.0,19.62238311767578,83.08158874511719
59,78,4161.0,361.6015319824219,355.3403015136719
59,79,0.0,0.0,0.0
59,80,3564.0,25.22362518310547,230.15235900878903
59,81,0.0,0.0,0.0
59,82,0.0,0.0,0.0
59,83,5597.0,90.10702514648438,266.1858215332031
59,84,3220.0,406.2307434082031,44.73881912231445
59,85,0.0,0.0,0.0
59,86,0.0,0.0,0.0
59,87,3905.0,400.4407043457031,229.2189483642578
59,88,4263.0,145.778564453125,23.69856834411621
59,89,4807.0,483.6773376464844,136.22445678710938
59,90,5686.0,37.87179183959961,309.9096069335937
59,91,0.0,0.0,0.0
59,92,3226.0,452.3890380859375,20.01177978515625
59,93,4457.0,337.1637878417969,221.47386169433597
59,94,3534.0,318.81268310546875,315.1519470214844
59,95,5264.0,270.8763427734375,40.86360168457031
59,96,1574.0,216.3392639160156,14.811944007873535
59,97,2268.0,22.87433815002441,25.981922149658203
59,98,0.0,0.0,0.0
59,99,1303.0,498.6009216308594,320.0084533691406
59,100,3602.0,223.12521362304688,351.9589233398437
59,101,0.0,0.0,0.0
59,102,748.0,502.04010009765625,428.75
59,103,0.0,0.0,0.0
59,104,2601.0,70.27527618408203,23.74125289916992
59,105,963.0,501.7217102050781,52.74351119995117
59,106,1287.0,486.812744140625,281.7777709960937
59,107,0.0,0.0,0.0
59,108,0.0,0.0,0.0
59,109,0.0,0.0,0.0
59,110,560.0,503.0321350097656,474.77142333984375
59,111,0.0,0.0,0.0
59,112,0.0,0.0,0.0
59,113,0.0,0.0,0.0
59,114,0.0,0.0,0.0
59,115,0.0,0.0,0.0
59,116,0.0,0.0,0.0
59,117,606.0,500.6171569824219,15.056105613708496
59,118,0.0,0.0,0.0
59,119,0.0,0.0,0.0
59,120,0.0,0.0,0.0
59,121,0.0,0.0,0.0
59,122,0.0,0.0,0.0
59,123,0.0,0.0,0.0
59,124,0.0,0.0,0.0
59,125,0.0,0.0,0.0
59,126,0.0,0.0,0.0
59,127,1077.0,499.4308166503906,365.5608215332031
59,128,0.0,0.0,0.0
59,129,0.0,0.0,0.0
59,130,0.0,0.0,0.0
59,131,0.0,0.0,0.0
59,132,1855.0,22.96388053894043,363.2603759765625
60,0,1213.0,367.2770080566406,263.27947998046875
60,1,2124.0,325.20904541015625,271.8564147949219
60,2,3167.0,415.2412414550781,328.7552795410156
60,3,6710.0,162.474365234375,84.45960998535156
60,4,0.0,0.0,0.0
60,5,0.0,0.0,0.0
60,6,1782.0,461.479248046875,309.3378295898437
60,7,2703.0,235.1638946533203,83.40214538574219
60,8,3093.0,380.5063171386719,107.9573211669922
60,9,6964.0,301.8760681152344,125.03589630126952
60,10,3472.0,342.66705322265625,167.5293731689453
60,11,3089.0,201.4188995361328,226.1505279541016
60,12,4267.0,234.4030914306641,262.2020263671875
60,13,2426.0,432.9967041015625,270.6059265136719
60,14,0.0,0.0,0.0
60,15,6682.0,339.23345947265625,41.73825073242188
60,16,2976.0,463.6965637207031,71.56149291992188
60,17,5407.0,91.57037353515624,131.7100067138672
60,18,1998.0,432.00048828125,110.4089126586914
60,19,2175.0,400.0059814453125,151.64920043945312
60,20,5212.0,217.24424743652344,143.61416625976562
60,21,0.0,0.0,0.0
60,22,0.0,0.0,0.0
60,23,3655.0,269.2875366210937,197.3980865478516
60,24,4210.0,486.403564453125,227.0817108154297
60,25,4429.0,154.96070861816406,256.4499816894531
60,26,1805.0,401.4764404296875,390.1290893554688
60,27,4798.0,215.71612548828125,422.6715393066406
60,28,464.0,255.92025756835935,399.2543029785156
60,29,0.0,0.0,0.0
60,30,1261.0,121.6661376953125,366.6820068359375
60,31,3510.0,303.2846069335937,394.5988464355469
60,32,1585.0,423.1318664550781,433.25048828125
60,33,2541.0,83.90357971191406,382.5726013183594
60,34,5400.0,358.3346252441406,433.7540588378906
60,35,5500.0,34.61836242675781,163.16600036621094
60,36,5495.0,157.03330993652344,175.96888732910156
60,37,4018.0,46.89347839355469,440.6908874511719
60,38,1997.0,243.2208251953125,451.0035095214844
60,39,2544.0,468.5220031738281,449.460693359375
60,40,1070.0,408.6981201171875,463.5186767578125
60,41,3718.0,158.28160095214844,482.6716003417969
60,42,1837.0,83.46162414550781,490.1268310546875
60,43,0.0,0.0,0.0
60,44,3153.0,95.59054565429688,205.15794372558597
60,45,4505.0,437.7436218261719,187.5283050537109
60,46,1615.0,14.053250312805176,407.6551208496094
60,47,867.0,116.606689453125,487.9723205566406
60,48,1202.0,271.0282897949219,493.4900207519531
60,49,2798.0,226.3645477294922,488.3595275878906
60,50,1397.0,369.8138732910156,488.46527099609375
60,51,0.0,0.0,0.0
60,52,974.0,51.3172492980957,82.5020523071289
60,53,1461.0,376.96234130859375,295.63653564453125
60,54,2432.0,421.37994384765625,491.5678405761719
60,55,2165.0,325.0175476074219,492.9436340332031
60,56,0.0,0.0,0.0
60,57,0.0,0.0,0.0
60,58,0.0,0.0,0.0
60,59,0.0,0.0,0.0
60,60,2346.0,279.1120910644531,264.70458984375
60,61,4312.0,270.4366760253906,339.6048278808594
60,62,2602.0,484.56341552734375,488.46002197265625
60,63,0.0,0.0,0.0
60,64,555.0,209.38919067382807,38.80900955200195
60,65,2630.0,27.866539001464844,487.95703125
60,66,0.0,0.0,0.0
60,67,1008.0,54.33035659790039,378.7291564941406
60,68,7546.0,133.58428955078125,421.9231262207031
60,69,2595.0,293.98883056640625,454.5961608886719
60,70,0.0,0.0,0.0
60,71,7836.0,152.62991333007812,328.2491149902344
60,72,0.0,0.0,0.0
60,73,0.0,0.0,0.0
60,74,2559.0,88.18014526367188,69.31575012207031
60,75,5940.0,460.34173583984375,380.9183349609375
60,76,0.0,0.0,0.0
60,77,2831.0,19.818084716796875,82.67537689208984
60,78,4321.0,361.6280822753906,356.5697631835937
60,79,0.0,0.0,0.0
60,80,3513.0,25.32877922058105,230.22857666015625
60,81,0.0,0.0,0.0
60,82,0.0,0.0,0.0
60,83,5657.0,88.1419448852539,267.9803771972656
60,84,3150.0,403.2311096191406,49.7447624206543
60,85,0.0,0.0,0.0
60,86,0.0,0.0,0.0
60,87,3663.0,400.9710693359375,229.99044799804688
60,88,4391.0,145.7977752685547,24.86677360534668
60,89,4910.0,483.5745544433594,135.55885314941406
60,90,5567.0,37.303035736083984,311.5467834472656
60,91,0.0,0.0,0.0
60,92,3492.0,447.2096252441406,20.80125999450684
60,93,4349.0,336.2786865234375,222.7893829345703
60,94,3352.0,319.7255249023437,315.35919189453125
60,95,5114.0,271.2721862792969,41.41298294067383
60,96,1685.0,218.3163146972656,14.843916893005373
60,97,2046.0,22.249755859375,26.80254173278809
60,98,0.0,0.0,0.0
60,99,1385.0,498.560302734375,320.49169921875
60,100,3881.0,222.6171112060547,351.4413757324219
60,101,0.0,0.0,0.0
60,102,719.0,501.20306396484375,428.0458984375
60,103,0.0,0.0,0.0
60,104,2981.0,70.55518341064453,24.356592178344727
60,105,1184.0,500.9881896972656,57.065879821777344
60,106,1382.0,484.2112731933594,281.8422546386719
60,107,0.0,0.0,0.0
60,108,0.0,0.0,0.0
60,109,0.0,0.0,0.0
60,110,0.0,0.0,0.0
60,111,0.0,0.0,0.0
60,112,0.0,0.0,0.0
60,113,0.0,0.0,0.0
60,114,0.0,0.0,0.0
60,115,0.0,0.0,0.0
60,116,0.0,0.0,0.0
60,117,753.0,498.6826171875,15.812748908996582
60,118,0.0,0.0,0.0
60,119,0.0,0.0,0.0
60,120,0.0,0.0,0.0
60,121,0.0,0.0,0.0
60,122,0.0,0.0,0.0
60,123,0.0,0.0,0.0
60,124,0.0,0.0,0.0
60,125,0.0,0.0,0.0
60,126,0.0,0.0,0.0
60,127,1049.0,500.4146728515625,366.7264099121094
60,128,0.0,0.0,0.0
60,129,0.0,0.0,0.0
60,130,0.0,0.0,0.0
60,131,0.0,0.0,0.0
60,132,2006.0,24.52991104125977,364.4531555175781
61,0,1259.0,365.5949096679688,262.9515380859375
61,1,2028.0,325.7470397949219,273.65484619140625
61,2,3086.0,414.1487426757813,328.39630126953125
61,3,6846.0,161.6275177001953,85.88299560546875
61,4,0.0,0.0,0.0
61,5,0.0,0.0,0.0
61,6,1722.0,459.7433166503906,309.3983764648437
61,7,2767.0,235.7777404785156,84.78496551513672
61,8,3181.0,378.44671630859375,109.65199279785156
61,9,6810.0,301.1922302246094,126.039794921875
61,10,3446.0,341.4515380859375,168.4428253173828
61,11,3110.0,199.362060546875,230.44630432128903
61,12,4057.0,231.9134826660156,264.96746826171875
61,13,2515.0,432.1761474609375,269.1073608398437
61,14,0.0,0.0,0.0
61,15,6532.0,339.3233337402344,42.195499420166016
61,16,2706.0,464.2346496582031,74.94678497314453
61,17,5096.0,91.74705505371094,133.44760131835938
61,18,2077.0,430.6759643554688,111.86856079101562
61,19,2083.0,400.6730651855469,151.83004760742188
61,20,5251.0,216.99485778808597,144.79623413085938
61,21,0.0,0.0,0.0
61,22,0.0,0.0,0.0
61,23,3812.0,266.79119873046875,199.0306854248047
61,24,4242.0,486.05963134765625,226.8917999267578
61,25,4457.0,152.92214965820312,259.0477905273437
61,26,1822.0,399.6383056640625,390.0916442871094
61,27,4883.0,215.15789794921875,424.9920043945313
61,28,548.0,255.97262573242188,402.788330078125
61,29,1523.0,25.37032127380371,130.2685546875
61,30,1428.0,122.62464904785156,367.149169921875
61,31,3604.0,300.5530090332031,396.7735900878906
61,32,1633.0,422.0110168457031,433.2014770507813
61,33,2629.0,82.99505615234375,382.4613952636719
61,34,5466.0,356.340087890625,434.6156311035156
61,35,3987.0,38.958866119384766,175.8321990966797
61,36,5600.0,156.1898193359375,178.04750061035156
61,37,3773.0,46.98833847045898,440.6575622558594
61,38,1752.0,241.81678771972656,452.1421203613281
61,39,2538.0,469.7222290039063,450.1434326171875
61,40,1251.0,410.26458740234375,464.8736877441406
61,41,3463.0,157.65000915527344,483.1394653320313
61,42,1773.0,81.84432983398438,490.45404052734375
61,43,0.0,0.0,0.0
61,44,2924.0,96.43331146240234,205.1662139892578
61,45,4374.0,436.5747680664063,188.85208129882807
61,46,1530.0,13.667973518371582,409.4137268066406
61,47,997.0,116.45336151123048,489.2076110839844
61,48,1186.0,269.3937683105469,493.8153381347656
61,49,2774.0,224.9279022216797,488.8666076660156
61,50,1491.0,369.9094543457031,489.7229919433594
61,51,0.0,0.0,0.0
61,52,1095.0,50.63835525512695,82.3031997680664
61,53,1505.0,376.6631164550781,296.6737670898437
61,54,2044.0,420.8263244628906,492.4461975097656
61,55,2119.0,323.37139892578125,492.5814208984375
61,56,0.0,0.0,0.0
61,57,0.0,0.0,0.0
61,58,0.0,0.0,0.0
61,59,0.0,0.0,0.0
61,60,2515.0,277.4302062988281,265.9260559082031
61,61,4413.0,272.8984680175781,339.4831237792969
61,62,2619.0,481.9847412109375,489.4749755859375
61,63,0.0,0.0,0.0
61,64,601.0,209.7970123291016,40.62395858764648
61,65,2452.0,28.76835250854492,485.5240478515625
61,66,0.0,0.0,0.0
61,67,878.0,55.94419097900391,377.4681091308594
61,68,7575.0,132.64053344726562,423.2362976074219
61,69,2316.0,292.63946533203125,458.8009643554688
61,70,0.0,0.0,0.0
61,71,7559.0,153.0293731689453,329.5372314453125
61,72,0.0,0.0,0.0
61,73,0.0,0.0,0.0
61,74,2534.0,86.0793228149414,73.62470245361328
61,75,6012.0,458.5166320800781,381.2867736816406
61,76,0.0,0.0,0.0
61,77,2627.0,19.42101287841797,83.72744750976562
61,78,4292.0,360.1964111328125,357.7171630859375
61,79,0.0,0.0,0.0
61,80,3605.0,26.424409866333008,229.13064575195312
61,81,0.0,0.0,0.0
61,82,0.0,0.0,0.0
61,83,5631.0,85.65850067138672,268.9447631835937
61,84,2876.0,403.28997802734375,54.17176818847656
61,85,0.0,0.0,0.0
61,86,0.0,0.0,0.0
61,87,3741.0,397.18310546875,227.8577880859375
61,88,4503.0,144.820556640625,25.473018646240234
61,89,4908.0,483.10736083984375,136.92645263671875
61,90,5281.0,36.67392349243164,310.8269348144531
61,91,0.0,0.0,0.0
61,92,3816.0,446.31158447265625,24.09486389160156
61,93,4246.0,333.4705505371094,224.38671875
61,94,3066.0,321.0600280761719,314.8440856933594
61,95,5087.0,272.9581298828125,42.45429611206055
61,96,1908.0,219.21278381347656,15.986372947692873
61,97,2291.0,22.643386840820312,27.571365356445312
61,98,0.0,0.0,0.0
61,99,1530.0,497.5169982910156,321.09869384765625
61,100,4000.0,223.57000732421875,352.7569885253906
61,101,0.0,0.0,0.0
61,102,732.0,500.9685668945313,428.6120300292969
61,103,0.0,0.0,0.0
61,104,2981.0,71.98054504394531,25.39013671875
61,105,1285.0,500.5774230957031,58.98054504394531
61,106,1486.0,483.7388916015625,281.84185791015625
61,107,0.0,0.0,0.0
61,108,0.0,0.0,0.0
61,109,0.0,0.0,0.0
61,110,0.0,0.0,0.0
61,111,316.0,387.9715270996094,7.9113922119140625
61,112,0.0,0.0,0.0
61,113,0.0,0.0,0.0
61,114,0.0,0.0,0.0
61,115,0.0,0.0,0.0
61,116,0.0,0.0,0.0
61,117,823.0,497.369384765625,16.64034080505371
61,118,0.0,0.0,0.0
61,119,0.0,0.0,0.0
61,120,0.0,0.0,0.0
61,121,0.0,0.0,0.0
61,122,0.0,0.0,0.0
61,123,0.0,0.0,0.0
61,124,0.0,0.0,0.0
61,125,0.0,0.0,0.0
61,126,0.0,0.0,0.0
61,127,1155.0,499.9688415527344,369.3818054199219
61,128,0.0,0.0,0.0
61,129,0.0,0.0,0.0
61,130,0.0,0.0,0.0
61,131,0.0,0.0,0.0
61,132,2402.0,25.817235946655277,365.4450378417969
62,0,1482.0,363.4541015625,263.6416931152344
62,1,2035.0,323.115478515625,273.39361572265625
62,2,3015.0,412.5528869628906,331.6344909667969
62,3,7087.0,161.33384704589844,86.2119369506836
62,4,0.0,0.0,0.0
62,5,0.0,0.0,0.0
62,6,1809.0,455.58099365234375,309.6246643066406
62,7,2671.0,235.7764892578125,85.681396484375
62,8,3288.0,376.2329711914063,111.97262573242188
62,9,6548.0,299.8460693359375,127.02962493896484
62,10,3549.0,342.7041320800781,170.22738647460938
62,11,3169.0,198.9242706298828,234.22120666503903
62,12,3707.0,231.9295959472656,267.3436889648437
62,13,2576.0,431.3470458984375,267.9332275390625
62,14,0.0,0.0,0.0
62,15,6675.0,339.6230773925781,43.04029846191406
62,16,2492.0,463.8410949707031,76.29052734375
62,17,4819.0,92.2160186767578,135.15667724609375
62,18,2207.0,429.54779052734375,114.00951385498048
62,19,1709.0,399.7314147949219,151.26214599609375
62,20,5227.0,216.9378204345703,146.00057983398438
62,21,0.0,0.0,0.0
62,22,0.0,0.0,0.0
62,23,3965.0,265.4158935546875,199.89962768554688
62,24,4271.0,485.4364318847656,225.79302978515625
62,25,4672.0,151.96083068847656,259.5350952148437
62,26,1882.0,397.6955261230469,389.9468688964844
62,27,4719.0,216.08624267578125,427.5806274414063
62,28,673.0,255.0876617431641,403.2214050292969
62,29,1692.0,26.112293243408203,131.31619262695312
62,30,1344.0,118.2016372680664,365.9181518554688
62,31,3251.0,299.6877746582031,399.6539611816406
62,32,1696.0,420.5896301269531,432.0636901855469
62,33,2652.0,81.56561279296875,385.3861389160156
62,34,5397.0,355.7026062011719,433.7474670410156
62,35,3966.0,39.43444442749024,176.96722412109375
62,36,5576.0,157.10348510742188,178.01380920410156
62,37,3929.0,43.08501052856445,440.3031311035156
62,38,513.0,193.42105102539065,471.9512634277344
62,39,2722.0,471.2748107910156,451.1572265625
62,40,1345.0,410.4446105957031,464.6750793457031
62,41,3339.0,157.25247192382812,483.1584167480469
62,42,1927.0,81.5537109375,490.0166015625
62,43,0.0,0.0,0.0
62,44,3056.0,96.99574279785156,207.2889404296875
62,45,4394.0,434.29632568359375,188.8334045410156
62,46,1166.0,12.45368766784668,409.4202270507813
62,47,728.0,114.885986328125,482.25823974609375
62,48,1084.0,268.7730712890625,494.5728759765625
62,49,2951.0,225.84852600097656,487.28363037109375
62,50,1433.0,369.7278442382813,489.5052490234375
62,51,0.0,0.0,0.0
62,52,905.0,48.38784408569336,86.3359146118164
62,53,1469.0,376.78759765625,297.68414306640625
62,54,2067.0,420.26416015625,493.1388549804688
62,55,2222.0,323.24078369140625,492.7686767578125
62,56,0.0,0.0,0.0
62,57,0.0,0.0,0.0
62,58,0.0,0.0,0.0
62,59,0.0,0.0,0.0
62,60,2466.0,275.65167236328125,265.669921875
62,61,4716.0,274.31744384765625,340.4957580566406
62,62,2430.0,480.5057678222656,490.723876953125
62,63,0.0,0.0,0.0
62,64,506.0,209.1007843017578,41.25494003295898
62,65,2405.0,28.08191299438477,487.7999877929688
62,66,0.0,0.0,0.0
62,67,939.0,57.10436630249024,373.64642333984375
62,68,7743.0,132.9517059326172,422.6847534179688
62,69,3376.0,283.7953186035156,454.38330078125
62,70,0.0,0.0,0.0
62,71,7479.0,151.78660583496094,330.5667724609375
62,72,0.0,0.0,0.0
62,73,304.0,122.41776275634766,504.694091796875
62,74,2563.0,82.82598876953125,78.44713592529297
62,75,5888.0,458.3665161132813,381.517333984375
62,76,0.0,0.0,0.0
62,77,2498.0,18.76421165466309,83.72698211669922
62,78,4171.0,357.413330078125,357.3680114746094
62,79,0.0,0.0,0.0
62,80,3538.0,26.27812385559082,229.1837158203125
62,81,0.0,0.0,0.0
62,82,0.0,0.0,0.0
62,83,5582.0,83.50770568847656,271.4111328125
62,84,2673.0,402.4298400878906,57.87654495239258
62,85,0.0,0.0,0.0
62,86,0.0,0.0,0.0
62,87,3551.0,395.7273864746094,228.23486328125
62,88,4457.0,145.51402282714844,26.356517791748047
62,89,4941.0,482.6227416992188,137.90528869628906
62,90,4867.0,34.87220001220703,309.4399108886719
62,91,0.0,0.0,0.0
62,92,3950.0,443.8946838378906,26.348608016967773
62,93,4094.0,332.4679870605469,224.6827087402344
62,94,2950.0,321.8149108886719,313.9972839355469
62,95,5218.0,273.6209411621094,43.71061706542969
62,96,2078.0,220.0221405029297,17.19537925720215
62,97,2486.0,23.352373123168945,26.746580123901367
62,98,0.0,0.0,0.0
62,99,1632.0,497.1231689453125,321.751220703125
62,100,4185.0,221.92999267578125,353.72998046875
62,101,0.0,0.0,0.0
62,102,723.0,500.4010925292969,427.7925415039063
62,103,0.0,0.0,0.0
62,104,3296.0,73.48634338378906,27.71601867675781
62,105,1441.0,499.6807861328125,61.09576797485352
62,106,1721.0,482.1539916992188,281.1057434082031
62,107,0.0,0.0,0.0
62,108,0.0,0.0,0.0
62,109,0.0,0.0,0.0
62,110,0.0,0.0,0.0
62,111,484.0,389.82025146484375,7.913223266601562
62,112,0.0,0.0,0.0
62,113,0.0,0.0,0.0
62,114,0.0,0.0,0.0
62,115,0.0,0.0,0.0
62,116,0.0,0.0,0.0
62,117,992.0,495.2701721191406,16.802419662475586
62,118,0.0,0.0,0.0
62,119,0.0,0.0,0.0
62,120,0.0,0.0,0.0
62,121,0.0,0.0,0.0
62,122,0.0,0.0,0.0
62,123,0.0,0.0,0.0
62,124,0.0,0.0,0.0
62,125,0.0,0.0,0.0
62,126,0.0,0.0,0.0
62,127,1175.0,499.4119262695313,370.269775390625
62,128,0.0,0.0,0.0
62,129,0.0,0.0,0.0
62,130,0.0,0.0,0.0
62,131,0.0,0.0,0.0
62,132,2641.0,25.03597068786621,365.3392639160156
63,0,1588.0,362.8406677246094,262.5352783203125
63,1,2213.0,325.0600891113281,275.00360107421875
63,2,3198.0,412.2773742675781,333.2391967773437
63,3,6941.0,160.7974395751953,86.64154815673828
63,4,0.0,0.0,0.0
63,5,0.0,0.0,0.0
63,6,1652.0,455.5708312988281,310.074462890625
63,7,2794.0,235.8124542236328,88.54008483886719
63,8,3329.0,372.4869384765625,114.15470123291016
63,9,6059.0,297.9765625,128.8149871826172
63,10,3713.0,344.3547058105469,171.20603942871094
63,11,3225.0,198.81922912597656,235.3451232910156
63,12,3582.0,230.5840301513672,269.0050354003906
63,13,2512.0,430.3379821777344,269.98687744140625
63,14,0.0,0.0,0.0
63,15,6837.0,339.6990051269531,44.2422103881836
63,16,2402.0,464.38092041015625,80.8567886352539
63,17,5184.0,90.51774597167967,136.38812255859375
63,18,2515.0,429.0755615234375,115.28668212890624
63,19,1721.0,399.978515625,152.31434631347656
63,20,5293.0,216.49594116210935,146.8569793701172
63,21,0.0,0.0,0.0
63,22,0.0,0.0,0.0
63,23,3808.0,266.3035583496094,201.65676879882807
63,24,4562.0,484.1683349609375,226.37110900878903
63,25,4735.0,150.28807067871094,259.8095092773437
63,26,1989.0,395.6380004882813,391.1754760742188
63,27,4729.0,215.59927368164065,428.7272033691406
63,28,770.0,255.08441162109372,403.6947937011719
63,29,0.0,0.0,0.0
63,30,1332.0,113.659912109375,365.8408508300781
63,31,2504.0,301.4377136230469,400.8290710449219
63,32,1686.0,419.9608459472656,433.2153015136719
63,33,2660.0,79.55827331542969,387.9612731933594
63,34,5454.0,354.1080017089844,434.0190734863281
63,35,5325.0,34.721126556396484,164.94271850585938
63,36,5737.0,158.41554260253906,179.705078125
63,37,4894.0,34.72455978393555,435.28076171875
63,38,537.0,193.47299194335935,471.919921875
63,39,2977.0,471.8616027832031,453.1121826171875
63,40,1362.0,408.700439453125,465.901611328125
63,41,3333.0,156.07260131835938,483.2733154296875
63,42,1999.0,79.79640197753906,489.65032958984375
63,43,0.0,0.0,0.0
63,44,2951.0,96.1978988647461,209.3798675537109
63,45,4353.0,434.0631713867188,189.6432342529297
63,46,0.0,0.0,0.0
63,47,698.0,114.23065948486328,483.0558776855469
63,48,783.0,268.6219787597656,498.93359375
63,49,3053.0,226.94923400878903,486.7340393066406
63,50,1545.0,367.929443359375,489.7915954589844
63,51,0.0,0.0,0.0
63,52,548.0,46.53467178344727,99.06934356689452
63,53,1405.0,377.62347412109375,297.68896484375
63,54,2004.0,420.7939147949219,493.3023986816406
63,55,2076.0,320.5298767089844,493.50048828125
63,56,0.0,0.0,0.0
63,57,0.0,0.0,0.0
63,58,0.0,0.0,0.0
63,59,0.0,0.0,0.0
63,60,2474.0,274.6790771484375,264.7833557128906
63,61,5156.0,276.074462890625,342.7020874023437
63,62,1834.0,477.5376281738281,494.3718566894531
63,63,0.0,0.0,0.0
63,64,565.0,209.6141662597656,41.9716796875
63,65,1747.0,31.66456794738769,487.4831237792969
63,66,0.0,0.0,0.0
63,67,1046.0,57.00764846801758,370.4282836914063
63,68,7722.0,132.20046997070312,423.0222778320313
63,69,3696.0,283.5018920898437,453.3271179199219
63,70,0.0,0.0,0.0
63,71,7546.0,149.9581298828125,332.097412109375
63,72,0.0,0.0,0.0
63,73,308.0,121.32142639160156,504.6818237304688
63,74,2486.0,82.8608169555664,77.95816802978516
63,75,5917.0,458.1412963867188,382.8597412109375
63,76,0.0,0.0,0.0
63,77,2717.0,19.424732208251957,84.33161926269531
63,78,4175.0,355.09796142578125,356.9638366699219
63,79,0.0,0.0,0.0
63,80,3616.0,27.387998580932617,230.06610107421875
63,81,0.0,0.0,0.0
63,82,0.0,0.0,0.0
63,83,5390.0,82.64137268066406,273.4825744628906
63,84,2544.0,402.8113098144531,60.295989990234375
63,85,0.0,0.0,0.0
63,86,0.0,0.0,0.0
63,87,3116.0,397.506103515625,231.20025634765625
63,88,4536.0,146.08399963378906,27.04166603088379
63,89,4452.0,483.6167907714844,140.2093505859375
63,90,4659.0,33.17063903808594,308.89031982421875
63,91,0.0,0.0,0.0
63,92,4086.0,444.8426208496094,28.2026424407959
63,93,4171.0,333.28387451171875,223.7108612060547
63,94,2694.0,320.82666015625,311.7345886230469
63,95,5271.0,274.12994384765625,45.15253448486328
63,96,2159.0,221.09727478027344,18.026865005493164
63,97,2425.0,23.66762924194336,25.73814392089844
63,98,0.0,0.0,0.0
63,99,1752.0,496.4697570800781,323.40924072265625
63,100,4320.0,221.07986450195312,352.9115600585937
63,101,0.0,0.0,0.0
63,102,575.0,500.6034851074219,428.196533203125
63,103,0.0,0.0,0.0
63,104,3654.0,72.38724517822266,31.277231216430664
63,105,1710.0,498.2391662597656,62.31813049316406
63,106,1714.0,482.1365356445313,282.5746765136719
63,107,0.0,0.0,0.0
63,108,0.0,0.0,0.0
63,109,0.0,0.0,0.0
63,110,0.0,0.0,0.0
63,111,717.0,391.3598327636719,9.524407386779783
63,112,376.0,503.2287292480469,480.9920349121094
63,113,0.0,0.0,0.0
63,114,0.0,0.0,0.0
63,115,0.0,0.0,0.0
63,116,0.0,0.0,0.0
63,117,934.0,495.4079284667969,16.602783203125
63,118,0.0,0.0,0.0
63,119,0.0,0.0,0.0
63,120,0.0,0.0,0.0
63,121,0.0,0.0,0.0
63,122,0.0,0.0,0.0
63,123,0.0,0.0,0.0
63,124,0.0,0.0,0.0
63,125,0.0,0.0,0.0
63,126,0.0,0.0,0.0
63,127,1150.0,498.9539184570313,372.6434631347656
63,128,0.0,0.0,0.0
63,129,0.0,0.0,0.0
63,130,0.0,0.0,0.0
63,131,0.0,0.0,0.0
63,132,2662.0,23.735912322998047,367.2509460449219
64,0,1596.0,361.2775573730469,262.43170166015625
64,1,2231.0,325.02197265625,275.4486694335937
64,2,3344.0,412.18988037109375,333.125
64,3,6937.0,160.85238647460938,86.19158172607422
64,4,0.0,0.0,0.0
64,5,0.0,0.0,0.0
64,6,1441.0,457.2595520019531,311.74462890625
64,7,2457.0,235.14407348632807,88.59381103515625
64,8,4652.0,360.7721557617188,114.57888793945312
64,9,4668.0,285.073486328125,133.8772430419922
64,10,3788.0,344.4355773925781,171.967529296875
64,11,3439.0,197.04331970214844,236.3890686035156
64,12,3429.0,229.37649536132807,271.7308349609375
64,13,2483.0,427.8014526367188,271.5332336425781
64,14,0.0,0.0,0.0
64,15,6358.0,342.5902709960937,47.46602630615234
64,16,2380.0,465.1323547363281,83.59243774414062
64,17,5273.0,90.8259048461914,137.31784057617188
64,18,2563.0,429.0905151367188,117.91650390625
64,19,1607.0,398.2408142089844,153.03359985351562
64,20,5637.0,215.5048828125,146.56980895996094
64,21,0.0,0.0,0.0
64,22,0.0,0.0,0.0
64,23,3855.0,263.25396728515625,202.81375122070312
64,24,4683.0,482.1287536621094,226.471923828125
64,25,4662.0,150.26168823242188,261.6915588378906
64,26,2130.0,391.64788818359375,391.3835754394531
64,27,4459.0,214.15968322753903,428.0748901367188
64,28,1211.0,254.9859619140625,419.50042724609375
64,29,1557.0,25.323699951171875,133.36929321289062
64,30,1479.0,117.37863159179688,368.47802734375
64,31,1859.0,300.99676513671875,404.5599670410156
64,32,1745.0,417.7976989746094,433.8338012695313
64,33,2676.0,78.53624725341797,387.6961975097656
64,34,5449.0,351.5329284667969,433.7786865234375
64,35,3848.0,37.44022750854492,178.8406982421875
64,36,5468.0,156.17080688476562,180.2907867431641
64,37,4722.0,33.890724182128906,435.8059997558594
64,38,828.0,195.0181121826172,474.908203125
64,39,3625.0,474.9431762695313,449.3508911132813
64,40,1626.0,410.2453918457031,468.6882019042969
64,41,3369.0,153.51409912109375,483.1184387207031
64,42,2128.0,77.20958709716797,490.087890625
64,43,0.0,0.0,0.0
64,44,2883.0,96.04266357421876,210.4127655029297
64,45,4320.0,432.3673706054688,189.9243011474609
64,46,0.0,0.0,0.0
64,47,599.0,112.03172302246094,483.5208740234375
64,48,691.0,267.10565185546875,499.43560791015625
64,49,2772.0,227.5912628173828,488.2431335449219
64,50,1557.0,366.53948974609375,489.9209899902344
64,51,0.0,0.0,0.0
64,52,607.0,45.24546813964844,98.1334457397461
64,53,1462.0,377.4815368652344,298.575927734375
64,54,1651.0,417.1907958984375,496.1768493652344
64,55,2090.0,318.7923583984375,493.1961669921875
64,56,0.0,0.0,0.0
64,57,0.0,0.0,0.0
64,58,0.0,0.0,0.0
64,59,0.0,0.0,0.0
64,60,2664.0,273.9647216796875,264.6107482910156
64,61,5660.0,278.0188903808594,347.216796875
64,62,1660.0,471.1283264160156,494.8728942871094
64,63,0.0,0.0,0.0
64,64,474.0,211.2552795410156,42.94514846801758
64,65,1902.0,26.64353370666504,488.4653015136719
64,66,0.0,0.0,0.0
64,67,1246.0,55.21749496459961,368.2560119628906
64,68,7776.0,131.6383819580078,423.8671569824219
64,69,3313.0,284.7829895019531,457.0413513183594
64,70,0.0,0.0,0.0
64,71,7283.0,149.10133361816406,332.6835021972656
64,72,0.0,0.0,0.0
64,73,318.0,119.43081665039062,504.72955322265625
64,74,2548.0,82.50666809082031,79.14482116699219
64,75,5664.0,455.5330200195313,383.2309265136719
64,76,0.0,0.0,0.0
64,77,2485.0,17.987123489379883,85.39396667480469
64,78,4129.0,351.9723815917969,356.97821044921875
64,79,0.0,0.0,0.0
64,80,3567.0,28.17269325256348,231.5870513916016
64,81,0.0,0.0,0.0
64,82,0.0,0.0,0.0
64,83,6311.0,77.3959732055664,277.4328918457031
64,84,2522.0,401.0915832519531,63.331085205078125
64,85,0.0,0.0,0.0
64,86,0.0,0.0,0.0
64,87,3032.0,395.6540222167969,231.456787109375
64,88,4587.0,146.55374145507812,26.64573860168457
64,89,4361.0,484.0683288574219,142.20729064941406
64,90,3654.0,28.73015785217285,311.9830322265625
64,91,0.0,0.0,0.0
64,92,4393.0,442.59027099609375,30.264057159423828
64,93,4051.0,331.8780517578125,223.40606689453125
64,94,2392.0,322.05810546875,311.1329345703125
64,95,5373.0,274.1943054199219,46.75674819946289
64,96,2255.0,222.11485290527344,18.80133056640625
64,97,2481.0,23.82547378540039,26.625150680541992
64,98,0.0,0.0,0.0
64,99,1876.0,496.0,323.2686462402344
64,100,4480.0,221.6466522216797,352.68438720703125
64,101,0.0,0.0,0.0
64,102,0.0,0.0,0.0
64,103,0.0,0.0,0.0
64,104,3693.0,71.01895141601562,32.82994842529297
64,105,1761.0,497.8830261230469,63.275978088378906
64,106,1876.0,480.9488220214844,281.7292175292969
64,107,0.0,0.0,0.0
64,108,0.0,0.0,0.0
64,109,0.0,0.0,0.0
64,110,0.0,0.0,0.0
64,111,544.0,391.5845642089844,8.428308486938477
64,112,733.0,502.8403930664063,486.9986267089844
64,113,558.0,313.6272277832031,10.761649131774902
64,114,0.0,0.0,0.0
64,115,0.0,0.0,0.0
64,116,0.0,0.0,0.0
64,117,1000.0,493.8599853515625,17.038000106811523
64,118,0.0,0.0,0.0
64,119,0.0,0.0,0.0
64,120,0.0,0.0,0.0
64,121,0.0,0.0,0.0
64,122,0.0,0.0,0.0
64,123,0.0,0.0,0.0
64,124,0.0,0.0,0.0
64,125,0.0,0.0,0.0
64,126,0.0,0.0,0.0
64,127,1448.0,497.2534484863281,376.1284484863281
64,128,0.0,0.0,0.0
64,129,0.0,0.0,0.0
64,130,0.0,0.0,0.0
64,131,0.0,0.0,0.0
64,132,2526.0,22.112035751342773,368.1318359375
65,0,1536.0,361.4283752441406,261.4173278808594
65,1,2156.0,326.5639953613281,278.0106811523437
65,2,3115.0,410.0362854003906,337.297607421875
65,3,7053.0,161.00453186035156,86.5426025390625
65,4,0.0,0.0,0.0
65,5,0.0,0.0,0.0
65,6,1869.0,451.9903564453125,313.3097839355469
65,7,2118.0,239.88055419921875,89.75448608398438
65,8,4177.0,361.5233459472656,116.08570861816406
65,9,4815.0,286.0882568359375,133.8660430908203
65,10,3775.0,341.9287414550781,172.1999969482422
65,11,3565.0,197.7206115722656,237.3023834228516
65,12,3150.0,229.971435546875,272.5295104980469
65,13,2354.0,425.5960083007813,271.7200622558594
65,14,0.0,0.0,0.0
65,15,5989.0,343.216064453125,49.80698013305664
65,16,2659.0,468.1707458496094,86.79353332519531
65,17,5064.0,90.97412872314452,140.5807647705078
65,18,2642.0,427.80810546875,118.26570892333984
65,19,1926.0,396.922119140625,158.659912109375
65,20,6015.0,214.30490112304688,144.89077758789062
65,21,0.0,0.0,0.0
65,22,0.0,0.0,0.0
65,23,3755.0,263.8700256347656,203.82823181152344
65,24,4644.0,480.7532348632813,227.364990234375
65,25,4981.0,151.39730834960938,264.4288330078125
65,26,2204.0,390.0399169921875,392.496826171875
65,27,4363.0,213.4247131347656,429.1278991699219
65,28,1109.0,254.02073669433597,419.59423828125
65,29,1655.0,25.079757690429688,134.25196838378906
65,30,1386.0,114.87590026855467,367.1500854492188
65,31,2473.0,298.73553466796875,405.2062377929688
65,32,1772.0,416.0552978515625,435.2477416992188
65,33,2732.0,77.243408203125,385.3334655761719
65,34,5200.0,350.94366455078125,433.5021057128906
65,35,3847.0,36.15492630004883,180.7834625244141
65,36,5405.0,155.6553192138672,181.2236785888672
65,37,4652.0,33.62037658691406,435.9989318847656
65,38,775.0,191.5535430908203,475.3083801269531
65,39,3217.0,469.87347412109375,453.7799072265625
65,40,1782.0,409.5078430175781,471.4377136230469
65,41,3225.0,152.37953186035156,483.7119445800781
65,42,2278.0,74.67866516113281,489.0996398925781
65,43,0.0,0.0,0.0
65,44,2897.0,96.75526428222656,211.32827758789065
65,45,4127.0,432.00726318359375,191.6072235107422
65,46,0.0,0.0,0.0
65,47,653.0,110.983154296875,481.3981628417969
65,48,741.0,266.1511535644531,499.6720581054688
65,49,2767.0,225.74449157714844,487.6479797363281
65,50,1665.0,365.6276245117188,489.9195251464844
65,51,0.0,0.0,0.0
65,52,0.0,0.0,0.0
65,53,1502.0,378.8035888671875,297.50732421875
65,54,1288.0,416.9270324707031,497.7911376953125
65,55,2020.0,317.839599609375,493.6935729980469
65,56,0.0,0.0,0.0
65,57,0.0,0.0,0.0
65,58,0.0,0.0,0.0
65,59,0.0,0.0,0.0
65,60,2563.0,273.9606018066406,263.4752197265625
65,61,5943.0,278.6098022460937,343.2897644042969
65,62,1648.0,469.9253540039063,495.3640747070313
65,63,0.0,0.0,0.0
65,64,558.0,213.6254425048828,44.78494644165039
65,65,1719.0,25.73414802551269,488.6602783203125
65,66,0.0,0.0,0.0
65,67,1353.0,52.263858795166016,366.1736755371094
65,68,7991.0,132.24427795410156,422.1850891113281
65,69,3291.0,284.6444702148437,459.0647277832031
65,70,0.0,0.0,0.0
65,71,7057.0,147.4611053466797,332.67138671875
65,72,0.0,0.0,0.0
65,73,393.0,117.36895751953124,503.8244323730469
65,74,2838.0,81.83756256103516,82.48802185058594
65,75,5469.0,454.2322082519531,385.2055358886719
65,76,0.0,0.0,0.0
65,77,2588.0,18.02086639404297,84.83268737792969
65,78,3818.0,352.6246643066406,355.1380310058594
65,79,0.0,0.0,0.0
65,80,3474.0,28.668682098388672,233.66522216796875
65,81,0.0,0.0,0.0
65,82,0.0,0.0,0.0
65,83,5752.0,76.24913024902344,276.0507507324219
65,84,2642.0,400.6362609863281,65.26192474365234
65,85,0.0,0.0,0.0
65,86,0.0,0.0,0.0
65,87,2993.0,392.3822326660156,231.05111694335935
65,88,4536.0,147.05709838867188,26.908729553222656
65,89,4319.0,483.28802490234375,146.32484436035156
65,90,3791.0,30.5149040222168,312.6162109375
65,91,0.0,0.0,0.0
65,92,4436.0,442.7297058105469,30.835437774658203
65,93,3962.0,328.03131103515625,225.5620880126953
65,94,2072.0,324.5550231933594,310.5193176269531
65,95,5480.0,274.336669921875,47.696533203125
65,96,2238.0,221.77926635742188,18.414655685424805
65,97,2371.0,23.84816551208496,26.003795623779297
65,98,0.0,0.0,0.0
65,99,2012.0,495.66400146484375,322.8031921386719
65,100,4594.0,221.2847137451172,354.3652648925781
65,101,0.0,0.0,0.0
65,102,0.0,0.0,0.0
65,103,0.0,0.0,0.0
65,104,4390.0,68.35535430908203,40.62209701538086
65,105,1709.0,497.7220458984375,62.64423751831055
65,106,2004.0,479.3393249511719,280.5803527832031
65,107,0.0,0.0,0.0
65,108,0.0,0.0,0.0
65,109,0.0,0.0,0.0
65,110,0.0,0.0,0.0
65,111,694.0,392.1080627441406,9.325648307800291
65,112,753.0,502.4833984375,488.1819458007813
65,113,899.0,316.8843078613281,12.62958812713623
65,114,0.0,0.0,0.0
65,115,0.0,0.0,0.0
65,116,0.0,0.0,0.0
65,117,993.0,494.0352478027344,17.40684700012207
65,118,0.0,0.0,0.0
65,119,0.0,0.0,0.0
65,120,0.0,0.0,0.0
65,121,0.0,0.0,0.0
65,122,0.0,0.0,0.0
65,123,0.0,0.0,0.0
65,124,0.0,0.0,0.0
65,125,0.0,0.0,0.0
65,126,0.0,0.0,0.0
65,127,2153.0,498.0543518066406,391.3423156738281
65,128,0.0,0.0,0.0
65,129,0.0,0.0,0.0
65,130,0.0,0.0,0.0
65,131,0.0,0.0,0.0
65,132,2383.0,20.281578063964844,369.3898315429688
66,0,1610.0,361.2689514160156,260.86212158203125
66,1,1940.0,324.9082336425781,277.52783203125
66,2,2906.0,407.6242370605469,340.2147216796875
66,3,6991.0,161.4610137939453,86.92662048339844
66,4,0.0,0.0,0.0
66,5,0.0,0.0,0.0
66,6,2061.0,450.4356994628906,315.729248046875
66,7,2273.0,240.42015075683597,94.46634674072266
66,8,4178.0,359.9571533203125,117.92987060546876
66,9,4541.0,285.0035095214844,135.05857849121094
66,10,3637.0,339.4905090332031,173.30409240722656
66,11,3595.0,196.8025054931641,238.05563354492188
66,12,2992.0,228.35427856445312,273.4883117675781
66,13,2702.0,423.4996337890625,272.5555114746094
66,14,0.0,0.0,0.0
66,15,6245.0,341.45556640625,52.84675598144531
66,16,3223.0,468.1715698242188,89.8231430053711
66,17,5100.0,90.49705505371094,141.69039916992188
66,18,2471.0,426.105224609375,120.90894317626952
66,19,2285.0,395.4923400878906,163.94091796875
66,20,5751.0,213.11911010742188,145.98904418945312
66,21,0.0,0.0,0.0
66,22,0.0,0.0,0.0
66,23,3859.0,261.8665466308594,203.90826416015625
66,24,4617.0,479.4830017089844,224.54537963867188
66,25,5062.0,149.1483612060547,263.9844055175781
66,26,2209.0,388.08148193359375,392.1625061035156
66,27,3013.0,216.1344146728516,434.6524963378906
66,28,1336.0,250.3009033203125,426.5531311035156
66,29,1655.0,24.277341842651367,135.22055053710938
66,30,1654.0,112.37606048583984,366.26361083984375
66,31,3173.0,296.2051696777344,410.1024169921875
66,32,1879.0,414.1617736816406,434.9489135742188
66,33,2478.0,75.21549987792969,387.1226806640625
66,34,4759.0,351.3467102050781,433.0930786132813
66,35,3834.0,35.47313690185547,182.15675354003903
66,36,5346.0,154.826416015625,181.4470672607422
66,37,4611.0,33.099979400634766,435.8544921875
66,38,961.0,193.83871459960935,476.0842895507813
66,39,3204.0,469.0305786132813,455.3601684570313
66,40,2455.0,412.6790161132813,477.95355224609375
66,41,3215.0,151.99191284179688,483.5492858886719
66,42,2225.0,73.54741668701172,489.1964111328125
66,43,0.0,0.0,0.0
66,44,2963.0,95.62166595458984,212.76544189453125
66,45,3730.0,431.6356506347656,191.7399444580078
66,46,0.0,0.0,0.0
66,47,810.0,110.19629669189452,480.892578125
66,48,762.0,264.63385009765625,499.4632568359375
66,49,2448.0,225.7716522216797,489.3839721679688
66,50,1742.0,362.5700378417969,488.4862365722656
66,51,0.0,0.0,0.0
66,52,753.0,46.0889778137207,99.18592071533205
66,53,1502.0,375.9161071777344,298.87548828125
66,54,705.0,405.6780090332031,501.8439636230469
66,55,1868.0,316.9271850585937,495.236083984375
66,56,0.0,0.0,0.0
66,57,0.0,0.0,0.0
66,58,0.0,0.0,0.0
66,59,0.0,0.0,0.0
66,60,2757.0,272.7442932128906,263.0047302246094
66,61,5895.0,278.11602783203125,341.84002685546875
66,62,1608.0,468.6517333984375,495.1150512695313
66,63,0.0,0.0,0.0
66,64,569.0,215.3919219970703,47.88752365112305
66,65,1768.0,24.556560516357425,489.02093505859375
66,66,0.0,0.0,0.0
66,67,1603.0,52.169681549072266,362.2682495117188
66,68,7827.0,130.3107147216797,422.9333190917969
66,69,2973.0,287.3491516113281,463.0780334472656
66,70,0.0,0.0,0.0
66,71,7143.0,147.93545532226562,333.0828857421875
66,72,1162.0,198.81411743164065,417.5189208984375
66,73,372.0,116.7741928100586,504.2956848144531
66,74,2864.0,83.98219299316406,81.7070541381836
66,75,5501.0,453.5246276855469,386.0376281738281
66,76,0.0,0.0,0.0
66,77,2255.0,17.569400787353516,88.27361297607422
66,78,3813.0,349.2955627441406,355.1796569824219
66,79,0.0,0.0,0.0
66,80,3339.0,28.093141555786133,235.0440216064453
66,81,0.0,0.0,0.0
66,82,0.0,0.0,0.0
66,83,5873.0,73.83296203613281,279.63153076171875
66,84,2683.0,401.5333557128906,67.13790893554688
66,85,0.0,0.0,0.0
66,86,0.0,0.0,0.0
66,87,2662.0,392.2975158691406,232.5762634277344
66,88,4518.0,148.10867309570312,26.944887161254883
66,89,3997.0,481.767822265625,149.2977294921875
66,90,3180.0,25.33490562438965,310.8754577636719
66,91,0.0,0.0,0.0
66,92,4324.0,442.6209411621094,30.72270965576172
66,93,4000.0,327.7127380371094,225.71774291992188
66,94,1971.0,325.96295166015625,310.00811767578125
66,95,4475.0,273.5047912597656,54.8694953918457
66,96,2310.0,221.24632263183597,19.488311767578125
66,97,2583.0,22.615949630737305,28.193572998046875
66,98,0.0,0.0,0.0
66,99,1941.0,496.070068359375,321.66717529296875
66,100,4698.0,221.17837524414065,355.77117919921875
66,101,0.0,0.0,0.0
66,102,741.0,500.9905395507813,431.9622192382813
66,103,0.0,0.0,0.0
66,104,3979.0,71.1708984375,33.03015899658203
66,105,1769.0,497.96722412109375,62.883548736572266
66,106,2300.0,479.8291320800781,278.41522216796875
66,107,0.0,0.0,0.0
66,108,0.0,0.0,0.0
66,109,0.0,0.0,0.0
66,110,0.0,0.0,0.0
66,111,829.0,392.2605590820313,10.268999099731444
66,112,688.0,502.0596008300781,491.9665832519531
66,113,991.0,316.7568054199219,13.487386703491213
66,114,836.0,272.12799072265625,8.177033424377441
66,115,0.0,0.0,0.0
66,116,0.0,0.0,0.0
66,117,867.0,492.0553588867188,18.40599822998047
66,118,0.0,0.0,0.0
66,119,0.0,0.0,0.0
66,120,0.0,0.0,0.0
66,121,0.0,0.0,0.0
66,122,0.0,0.0,0.0
66,123,0.0,0.0,0.0
66,124,0.0,0.0,0.0
66,125,0.0,0.0,0.0
66,126,0.0,0.0,0.0
66,127,1724.0,496.1427001953125,376.8828430175781
66,128,0.0,0.0,0.0
66,129,0.0,0.0,0.0
66,130,0.0,0.0,0.0
66,131,0.0,0.0,0.0
66,132,2265.0,19.84282493591309,368.8958129882813
67,0,1769.0,357.7331848144531,261.8377685546875
67,1,1537.0,318.1899719238281,275.8763732910156
67,2,2823.0,406.72760009765625,343.6397399902344
67,3,7045.0,162.20184326171875,88.12235260009766
67,4,0.0,0.0,0.0
67,5,0.0,0.0,0.0
67,6,2535.0,447.1925048828125,316.803955078125
67,7,2601.0,237.2452850341797,97.14109802246094
67,8,3915.0,359.242919921875,119.06257629394533
67,9,4521.0,284.8232727050781,136.79141235351562
67,10,3517.0,337.8927917480469,173.20130920410156
67,11,3968.0,198.4349822998047,236.03829956054688
67,12,2747.0,227.78521728515625,273.73681640625
67,13,2692.0,422.68017578125,271.4910888671875
67,14,0.0,0.0,0.0
67,15,6285.0,340.89959716796875,54.1536979675293
67,16,3493.0,469.6793518066406,95.97309112548828
67,17,5002.0,90.62674713134766,142.3778533935547
67,18,2595.0,426.03814697265625,124.63892364501952
67,19,2455.0,393.47210693359375,167.51039123535156
67,20,5055.0,212.97625732421875,148.98080444335938
67,21,0.0,0.0,0.0
67,22,0.0,0.0,0.0
67,23,3534.0,262.8964233398437,204.5891265869141
67,24,4639.0,478.8836059570313,223.2713928222656
67,25,5414.0,145.79737854003906,263.6943054199219
67,26,2350.0,383.8242492675781,392.52978515625
67,27,2915.0,218.32212829589844,436.5660400390625
67,28,1429.0,250.9398193359375,427.8516540527344
67,29,1590.0,23.727672576904297,136.6421356201172
67,30,1757.0,111.8850326538086,366.1434326171875
67,31,2712.0,297.8746337890625,411.8805236816406
67,32,1856.0,412.5711059570313,437.0280151367188
67,33,2383.0,73.68653106689453,386.4716796875
67,34,4689.0,349.7933349609375,434.4954223632813
67,35,3801.0,35.017364501953125,183.152587890625
67,36,5461.0,154.96759033203125,182.69493103027344
67,37,4620.0,33.70346450805664,437.1562805175781
67,38,1216.0,190.75,478.6957092285156
67,39,3249.0,470.0747985839844,455.29638671875
67,40,3236.0,411.1940612792969,484.062744140625
67,41,3043.0,149.26651000976562,483.8662414550781
67,42,2131.0,73.30877685546875,490.4706726074219
67,43,0.0,0.0,0.0
67,44,2895.0,94.73298645019533,212.29913330078125
67,45,3433.0,430.7075500488281,193.09524536132807
67,46,0.0,0.0,0.0
67,47,1177.0,110.63551330566406,487.1300048828125
67,48,761.0,263.653076171875,500.7056579589844
67,49,2133.0,224.3497467041016,491.2794189453125
67,50,1709.0,362.249267578125,489.6454162597656
67,51,0.0,0.0,0.0
67,52,1034.0,46.3974838256836,100.63636016845705
67,53,1771.0,373.1818237304688,300.1259155273437
67,54,0.0,0.0,0.0
67,55,1752.0,316.6518249511719,495.0804748535156
67,56,0.0,0.0,0.0
67,57,0.0,0.0,0.0
67,58,0.0,0.0,0.0
67,59,0.0,0.0,0.0
67,60,2796.0,271.1466369628906,263.6670227050781
67,61,6146.0,278.767822265625,344.7435607910156
67,62,1512.0,469.21429443359375,494.9054260253906
67,63,0.0,0.0,0.0
67,64,700.0,213.37286376953125,48.45428466796875
67,65,1643.0,24.631162643432617,488.6500244140625
67,66,0.0,0.0,0.0
67,67,1799.0,51.84102249145508,361.9721984863281
67,68,7790.0,128.9387664794922,423.2856140136719
67,69,3068.0,285.4781494140625,464.4687194824219
67,70,0.0,0.0,0.0
67,71,7130.0,147.25904846191406,333.1347961425781
67,72,1537.0,199.23292541503903,418.2055969238281
67,73,0.0,0.0,0.0
67,74,2841.0,86.00386810302734,82.46920013427734
67,75,5487.0,452.4219055175781,388.9243774414063
67,76,0.0,0.0,0.0
67,77,2083.0,17.57705307006836,90.47527313232422
67,78,3616.0,348.0746765136719,354.90679931640625
67,79,0.0,0.0,0.0
67,80,3245.0,27.556856155395508,235.7808990478516
67,81,0.0,0.0,0.0
67,82,0.0,0.0,0.0
67,83,5583.0,70.44152069091797,281.20220947265625
67,84,2698.0,400.3358154296875,70.1649398803711
67,85,0.0,0.0,0.0
67,86,0.0,0.0,0.0
67,87,2610.0,391.9203186035156,234.09349060058597
67,88,4429.0,146.30096435546875,26.82795143127441
67,89,3500.0,481.6262817382813,154.02542114257812
67,90,2865.0,22.68760871887207,309.5804443359375
67,91,0.0,0.0,0.0
67,92,4615.0,441.2238464355469,33.207149505615234
67,93,4158.0,325.5892333984375,225.1120758056641
67,94,1979.0,326.3375549316406,310.1333923339844
67,95,4545.0,273.2893371582031,55.6446647644043
67,96,2479.0,221.0552673339844,19.736989974975582
67,97,2644.0,22.10779190063477,29.984493255615234
67,98,0.0,0.0,0.0
67,99,1951.0,496.34033203125,320.47564697265625
67,100,4830.0,221.27618408203125,354.7917175292969
67,101,0.0,0.0,0.0
67,102,0.0,0.0,0.0
67,103,0.0,0.0,0.0
67,104,4047.0,70.796142578125,33.88633728027344
67,105,1782.0,497.27386474609375,65.82884216308594
67,106,2337.0,480.4056396484375,277.8121643066406
67,107,0.0,0.0,0.0
67,108,0.0,0.0,0.0
67,109,0.0,0.0,0.0
67,110,0.0,0.0,0.0
67,111,920.0,391.3608703613281,11.096738815307615
67,112,764.0,501.5222473144531,491.7840270996094
67,113,1039.0,316.249267578125,13.648700714111328
67,114,743.0,271.61102294921875,7.845221996307373
67,115,0.0,0.0,0.0
67,116,0.0,0.0,0.0
67,117,1066.0,492.1979370117188,19.75328254699707
67,118,0.0,0.0,0.0
67,119,0.0,0.0,0.0
67,120,0.0,0.0,0.0
67,121,0.0,0.0,0.0
67,122,0.0,0.0,0.0
67,123,0.0,0.0,0.0
67,124,0.0,0.0,0.0
67,125,0.0,0.0,0.0
67,126,0.0,0.0,0.0
67,127,2447.0,496.9640502929688,390.5807189941406
67,128,0.0,0.0,0.0
67,129,0.0,0.0,0.0
67,130,0.0,0.0,0.0
67,131,0.0,0.0,0.0
67,132,2254.0,18.971162796020508,367.89752197265625
68,0,1774.0,355.1274108886719,263.58624267578125
68,1,1534.0,315.4341735839844,276.5749816894531
68,2,2879.0,407.2726745605469,344.3365783691406
68,3,7049.0,162.31338500976562,87.96141052246094
68,4,0.0,0.0,0.0
68,5,0.0,0.0,0.0
68,6,2623.0,448.2840270996094,321.0869140625
68,7,2913.0,234.73257446289065,99.5008544921875
68,8,3970.0,357.5035400390625,121.03475952148438
68,9,4245.0,283.74371337890625,138.1441650390625
68,10,3501.0,334.9200134277344,174.75721740722656
68,11,4431.0,198.47348022460935,234.0629730224609
68,12,2768.0,226.66184997558597,276.0292663574219
68,13,2845.0,421.6302185058594,273.5490417480469
68,14,0.0,0.0,0.0
68,15,6558.0,340.6273193359375,54.76730728149414
68,16,3526.0,470.22943115234375,100.41179656982422
68,17,4876.0,90.7577896118164,143.7391357421875
68,18,2687.0,426.44622802734375,127.05582427978516
68,19,2461.0,391.6444396972656,168.95164489746094
68,20,5152.0,215.90431213378903,154.2003173828125
68,21,0.0,0.0,0.0
68,22,0.0,0.0,0.0
68,23,2871.0,263.2466125488281,208.3002471923828
68,24,4612.0,477.05419921875,224.86990356445312
68,25,5330.0,145.63226318359375,265.058349609375
68,26,2663.0,379.025146484375,393.5628967285156
68,27,2983.0,216.03553771972656,434.6815185546875
68,28,1636.0,248.6619873046875,432.7127075195313
68,29,1601.0,23.9088077545166,135.95440673828125
68,30,1854.0,112.10787200927734,366.0911560058594
68,31,2342.0,296.0320129394531,413.4641418457031
68,32,1892.0,411.4915466308594,436.9143676757813
68,33,2395.0,72.79373931884766,384.19622802734375
68,34,4389.0,348.03326416015625,435.8004150390625
68,35,3828.0,33.88897705078125,183.4247589111328
68,36,5302.0,152.49905395507812,181.5697784423828
68,37,4410.0,33.553741455078125,436.7593994140625
68,38,1731.0,190.7331085205078,481.7804870605469
68,39,3482.0,471.77685546875,454.6582336425781
68,40,3181.0,411.0345764160156,483.8522338867188
68,41,2942.0,146.96023559570312,483.5690002441406
68,42,2168.0,72.28044128417969,489.90081787109375
68,43,0.0,0.0,0.0
68,44,2747.0,94.56170654296876,211.92974853515625
68,45,3535.0,429.0656433105469,195.32192993164065
68,46,0.0,0.0,0.0
68,47,1231.0,109.22745513916016,486.2510070800781
68,48,809.0,262.4684753417969,500.3498229980469
68,49,1738.0,227.262939453125,491.2922973632813
68,50,1726.0,362.6407775878906,488.7746276855469
68,51,0.0,0.0,0.0
68,52,876.0,45.755706787109375,100.33904266357422
68,53,1734.0,374.3102722167969,300.9798278808594
68,54,0.0,0.0,0.0
68,55,1727.0,317.5998840332031,495.5118713378906
68,56,0.0,0.0,0.0
68,57,0.0,0.0,0.0
68,58,0.0,0.0,0.0
68,59,0.0,0.0,0.0
68,60,2693.0,269.8689270019531,263.6264343261719
68,61,6122.0,277.9568786621094,344.7401123046875
68,62,1529.0,468.20208740234375,494.733154296875
68,63,0.0,0.0,0.0
68,64,522.0,214.07470703125,51.12451934814453
68,65,1776.0,23.107545852661133,488.2443542480469
68,66,0.0,0.0,0.0
68,67,1608.0,49.64552307128906,364.9266052246094
68,68,7538.0,126.7265853881836,423.421875
68,69,3169.0,285.28179931640625,464.3259582519531
68,70,0.0,0.0,0.0
68,71,7005.0,146.92776489257812,333.91021728515625
68,72,1488.0,194.684814453125,412.9227294921875
68,73,0.0,0.0,0.0
68,74,3049.0,84.33748626708984,85.56674194335938
68,75,5054.0,451.5433349609375,392.2916564941406
68,76,0.0,0.0,0.0
68,77,2103.0,18.189252853393555,90.21160125732422
68,78,3002.0,353.3334350585937,354.031982421875
68,79,0.0,0.0,0.0
68,80,3193.0,28.10679626464844,235.9755706787109
68,81,0.0,0.0,0.0
68,82,0.0,0.0,0.0
68,83,5841.0,70.33196258544922,280.79815673828125
68,84,2750.0,399.777099609375,72.83309173583984
68,85,0.0,0.0,0.0
68,86,0.0,0.0,0.0
68,87,2712.0,387.1474914550781,233.9845123291016
68,88,4558.0,143.99342346191406,27.01118850708008
68,89,3312.0,483.1914367675781,157.98580932617188
68,90,2832.0,22.43114471435547,310.25634765625
68,91,0.0,0.0,0.0
68,92,4794.0,440.5525512695313,35.76053237915039
68,93,3961.0,321.7222900390625,226.14845275878903
68,94,2755.0,324.6417541503906,326.492919921875
68,95,5152.0,273.29931640625,50.66944885253906
68,96,2826.0,221.1733856201172,21.78945541381836
68,97,2142.0,17.232492446899414,32.07283020019531
68,98,0.0,0.0,0.0
68,99,1947.0,496.3903503417969,321.50128173828125
68,100,4754.0,222.0574188232422,354.8666381835937
68,101,0.0,0.0,0.0
68,102,0.0,0.0,0.0
68,103,0.0,0.0,0.0
68,104,4434.0,66.17591094970703,33.08119201660156
68,105,1833.0,497.2242126464844,68.24113464355469
68,106,2438.0,481.378173828125,278.4786682128906
68,107,0.0,0.0,0.0
68,108,0.0,0.0,0.0
68,109,0.0,0.0,0.0
68,110,0.0,0.0,0.0
68,111,930.0,391.6978454589844,11.20322608947754
68,112,732.0,501.2991943359375,493.3019104003906
68,113,1066.0,312.30767822265625,13.71857452392578
68,114,0.0,0.0,0.0
68,115,0.0,0.0,0.0
68,116,0.0,0.0,0.0
68,117,1033.0,489.9767761230469,22.30396842956543
68,118,0.0,0.0,0.0
68,119,0.0,0.0,0.0
68,120,0.0,0.0,0.0
68,121,0.0,0.0,0.0
68,122,0.0,0.0,0.0
68,123,0.0,0.0,0.0
68,124,0.0,0.0,0.0
68,125,0.0,0.0,0.0
68,126,0.0,0.0,0.0
68,127,2348.0,496.2376403808594,388.0050964355469
68,128,0.0,0.0,0.0
68,129,0.0,0.0,0.0
68,130,0.0,0.0,0.0
68,131,0.0,0.0,0.0
68,132,2280.0,18.55219268798828,368.1565856933594
69,0,1590.0,353.68365478515625,265.36602783203125
69,1,1591.0,313.2268981933594,275.98114013671875
69,2,3686.0,410.9045104980469,337.743896484375
69,3,6847.0,160.81495666503906,89.1480941772461
69,4,0.0,0.0,0.0
69,5,0.0,0.0,0.0
69,6,1405.0,458.53948974609375,326.6768798828125
69,7,3080.0,235.88864135742188,101.65194702148438
69,8,3791.0,355.0878295898437,124.4887924194336
69,9,3665.0,282.2742004394531,141.86712646484375
69,10,3704.0,328.130126953125,177.313720703125
69,11,4338.0,197.1638946533203,234.3849639892578
69,12,2733.0,225.27880859375,276.6202087402344
69,13,3002.0,420.7655029296875,275.12091064453125
69,14,0.0,0.0,0.0
69,15,7186.0,338.7852783203125,56.62816619873047
69,16,3440.0,470.2374877929688,101.97557830810548
69,17,4734.0,91.71314239501952,145.4856414794922
69,18,2706.0,424.6614990234375,129.47190856933594
69,19,2540.0,390.0354309082031,171.28306579589844
69,20,5310.0,216.3896484375,156.67588806152344
69,21,0.0,0.0,0.0
69,22,0.0,0.0,0.0
69,23,2412.0,257.9432067871094,213.15174865722656
69,24,4328.0,474.8865661621094,227.2201995849609
69,25,5340.0,147.2279052734375,268.6445617675781
69,26,2605.0,379.5343627929688,394.5236206054688
69,27,3320.0,217.8786163330078,433.5262145996094
69,28,1425.0,250.6350860595703,429.95648193359375
69,29,1804.0,24.265522003173828,137.49945068359375
69,30,1836.0,110.92919158935548,365.7756042480469
69,31,2398.0,295.5062561035156,412.97955322265625
69,32,1906.0,410.86724853515625,437.5571899414063
69,33,2332.0,70.94511413574219,384.1582336425781
69,34,4413.0,347.8506774902344,436.409912109375
69,35,3731.0,33.12731170654297,185.91905212402344
69,36,5369.0,150.9638671875,181.8798675537109
69,37,4618.0,33.50043487548828,436.197265625
69,38,1891.0,190.5557861328125,482.83502197265625
69,39,3624.0,472.9050903320313,455.5353088378906
69,40,3104.0,411.84954833984375,484.3292541503906
69,41,2834.0,146.3948516845703,483.3818054199219
69,42,2138.0,72.21281433105469,490.8152465820313
69,43,0.0,0.0,0.0
69,44,2812.0,94.00640106201172,213.0931701660156
69,45,3419.0,428.5873107910156,196.8768615722656
69,46,0.0,0.0,0.0
69,47,1324.0,109.38594818115234,484.6684265136719
69,48,860.0,261.1430358886719,499.9674377441406
69,49,1560.0,227.5564117431641,491.2532043457031
69,50,1760.0,363.2255554199219,490.3068237304688
69,51,0.0,0.0,0.0
69,52,860.0,43.82558059692383,102.39070129394533
69,53,1678.0,372.9457702636719,302.0160827636719
69,54,0.0,0.0,0.0
69,55,1638.0,316.73504638671875,494.8840026855469
69,56,0.0,0.0,0.0
69,57,0.0,0.0,0.0
69,58,0.0,0.0,0.0
69,59,0.0,0.0,0.0
69,60,2654.0,268.5097961425781,264.1217041015625
69,61,5839.0,278.5413513183594,342.6754455566406
69,62,2067.0,478.6792602539063,495.16400146484375
69,63,0.0,0.0,0.0
69,64,991.0,212.57618713378903,52.20988845825195
69,65,1657.0,22.99456787109375,487.73626708984375
69,66,0.0,0.0,0.0
69,67,1725.0,49.02782440185547,360.88580322265625
69,68,7414.0,124.52333068847656,423.3150939941406
69,69,3248.0,284.8094177246094,464.32080078125
69,70,0.0,0.0,0.0
69,71,6832.0,146.32611083984375,335.4060363769531
69,72,1725.0,191.4724578857422,412.7037658691406
69,73,0.0,0.0,0.0
69,74,3145.0,81.7860107421875,89.07058715820312
69,75,5098.0,449.7224426269531,391.5982666015625
69,76,0.0,0.0,0.0
69,77,2075.0,17.149879455566406,88.59373474121094
69,78,1989.0,362.3685302734375,350.40020751953125
69,79,0.0,0.0,0.0
69,80,2916.0,27.876543045043945,236.88031005859372
69,81,0.0,0.0,0.0
69,82,0.0,0.0,0.0
69,83,6091.0,69.69922637939453,282.0500793457031
69,84,2827.0,398.0523376464844,76.09515380859375
69,85,0.0,0.0,0.0
69,86,0.0,0.0,0.0
69,87,2736.0,385.5577392578125,235.25621032714844
69,88,4554.0,143.6622772216797,27.455642700195312
69,89,3699.0,482.9534912109375,161.12355041503906
69,90,2274.0,19.642040252685547,304.41864013671875
69,91,0.0,0.0,0.0
69,92,5003.0,440.70697021484375,37.87847137451172
69,93,3971.0,322.295654296875,226.2984161376953
69,94,3825.0,327.247314453125,337.9210510253906
69,95,4694.0,274.21026611328125,55.27950668334961
69,96,3013.0,224.31629943847656,21.02223777770996
69,97,1526.0,13.89056396484375,32.97903060913086
69,98,0.0,0.0,0.0
69,99,2108.0,495.4933471679688,323.0137634277344
69,100,4707.0,223.7578125,353.5137023925781
69,101,0.0,0.0,0.0
69,102,0.0,0.0,0.0
69,103,0.0,0.0,0.0
69,104,5046.0,63.15180206298828,33.510501861572266
69,105,1862.0,496.3517761230469,68.51127624511719
69,106,2656.0,479.7582702636719,279.4164123535156
69,107,0.0,0.0,0.0
69,108,0.0,0.0,0.0
69,109,0.0,0.0,0.0
69,110,0.0,0.0,0.0
69,111,1030.0,392.1329956054688,12.767961502075195
69,112,0.0,0.0,0.0
69,113,1055.0,307.2492980957031,13.113743782043455
69,114,0.0,0.0,0.0
69,115,0.0,0.0,0.0
69,116,0.0,0.0,0.0
69,117,1502.0,492.6458129882813,18.16977310180664
69,118,0.0,0.0,0.0
69,119,0.0,0.0,0.0
69,120,0.0,0.0,0.0
69,121,0.0,0.0,0.0
69,122,0.0,0.0,0.0
69,123,0.0,0.0,0.0
69,124,0.0,0.0,0.0
69,125,0.0,0.0,0.0
69,126,0.0,0.0,0.0
69,127,2387.0,495.0439758300781,388.6723937988281
69,128,0.0,0.0,0.0
69,129,0.0,0.0,0.0
69,130,0.0,0.0,0.0
69,131,0.0,0.0,0.0
69,132,2344.0,16.802900314331055,362.41253662109375
70,0,1546.0,350.686279296875,267.1836853027344
70,1,1513.0,310.59552001953125,275.7686767578125
70,2,3568.0,410.3433227539063,338.5134582519531
70,3,6609.0,160.5575714111328,92.58965301513672
70,4,0.0,0.0,0.0
70,5,0.0,0.0,0.0
70,6,1244.0,457.1551513671875,328.3255615234375
70,7,3024.0,235.42063903808597,104.2790985107422
70,8,4135.0,353.4919128417969,127.3540496826172
70,9,3304.0,282.5257263183594,142.08201599121094
70,10,3243.0,321.8205261230469,179.20506286621094
70,11,3969.0,194.2030792236328,236.3222503662109
70,12,2594.0,222.8033905029297,278.6996765136719
70,13,2952.0,417.8922729492188,274.6297302246094
70,14,0.0,0.0,0.0
70,15,6844.0,338.8302307128906,55.89962005615234
70,16,3463.0,471.3390197753906,104.05746459960938
70,17,4732.0,90.73224639892578,147.69737243652344
70,18,3616.0,416.0362243652344,134.9493865966797
70,19,2127.0,385.3079528808594,186.55758666992188
70,20,5243.0,217.28076171875,158.80564880371094
70,21,0.0,0.0,0.0
70,22,0.0,0.0,0.0
70,23,2790.0,254.14910888671875,213.0512542724609
70,24,4470.0,476.8762817382813,225.51454162597656
70,25,5271.0,145.2525177001953,269.1529235839844
70,26,2804.0,379.2999267578125,395.86767578125
70,27,2912.0,215.16998291015625,433.3540649414063
70,28,1835.0,248.03651428222656,430.2969970703125
70,29,1857.0,23.730749130249023,140.0296173095703
70,30,2109.0,109.71170806884766,365.729736328125
70,31,2567.0,295.7132873535156,412.2154235839844
70,32,1912.0,411.1888122558594,439.6966552734375
70,33,2176.0,69.70358276367188,387.691162109375
70,34,3988.0,348.9360656738281,435.7116394042969
70,35,3525.0,32.50297927856445,188.1914825439453
70,36,5568.0,148.4874267578125,183.41683959960935
70,37,4289.0,32.89065170288086,436.8414611816406
70,38,1583.0,184.0555877685547,483.3562927246094
70,39,3585.0,472.1570434570313,457.0393371582031
70,40,3006.0,409.8503112792969,485.6982727050781
70,41,2644.0,145.70196533203125,484.3717956542969
70,42,2278.0,71.3617172241211,490.0895385742188
70,43,0.0,0.0,0.0
70,44,2545.0,92.19410705566406,214.80943298339844
70,45,3236.0,429.1708984375,197.58621215820312
70,46,0.0,0.0,0.0
70,47,1175.0,106.56595611572266,471.9753112792969
70,48,759.0,260.11199951171875,500.4479675292969
70,49,1894.0,223.94403076171875,489.7618713378906
70,50,1858.0,360.0403747558594,488.5914916992188
70,51,0.0,0.0,0.0
70,52,964.0,42.27800750732422,102.55290222167967
70,53,1696.0,372.9934997558594,302.1574401855469
70,54,0.0,0.0,0.0
70,55,1324.0,315.85650634765625,498.5823364257813
70,56,0.0,0.0,0.0
70,57,0.0,0.0,0.0
70,58,0.0,0.0,0.0
70,59,0.0,0.0,0.0
70,60,2968.0,265.89892578125,265.7240600585937
70,61,5501.0,279.3524780273437,343.890380859375
70,62,2104.0,478.2114868164063,495.7818298339844
70,63,0.0,0.0,0.0
70,64,1613.0,214.0570373535156,53.32796096801758
70,65,1715.0,21.43790054321289,487.5737609863281
70,66,0.0,0.0,0.0
70,67,2124.0,46.0164794921875,364.9435119628906
70,68,7053.0,124.44009399414062,422.8501281738281
70,69,3778.0,287.93487548828125,465.8562622070313
70,70,0.0,0.0,0.0
70,71,7143.0,148.22091674804688,335.63671875
70,72,1826.0,190.4770050048828,415.6987915039063
70,73,417.0,113.48680877685548,502.3069458007813
70,74,3057.0,80.31010437011719,93.32384490966795
70,75,5261.0,450.1417846679688,392.4031677246094
70,76,0.0,0.0,0.0
70,77,1936.0,15.706094741821287,89.01549530029297
70,78,1786.0,364.73291015625,350.2665100097656
70,79,0.0,0.0,0.0
70,80,2786.0,28.776382446289062,237.0681915283203
70,81,0.0,0.0,0.0
70,82,0.0,0.0,0.0
70,83,6639.0,64.83190155029297,286.5782470703125
70,84,2826.0,397.2395629882813,78.33014678955078
70,85,0.0,0.0,0.0
70,86,0.0,0.0,0.0
70,87,2748.0,383.1932373046875,235.2994842529297
70,88,4777.0,144.1515655517578,29.877328872680664
70,89,3437.0,481.3337097167969,161.27523803710938
70,90,1465.0,11.060750961303713,292.6040954589844
70,91,0.0,0.0,0.0
70,92,5122.0,439.2500915527344,40.74541091918945
70,93,3776.0,320.4984130859375,227.68167114257807
70,94,3984.0,328.5936279296875,337.39508056640625
70,95,4912.0,276.323486328125,58.29275131225586
70,96,2888.0,225.8393402099609,20.157201766967773
70,97,1723.0,15.539175987243652,32.622169494628906
70,98,0.0,0.0,0.0
70,99,2179.0,494.5543823242188,323.2221069335937
70,100,4571.0,225.77772521972656,353.7070617675781
70,101,0.0,0.0,0.0
70,102,0.0,0.0,0.0
70,103,0.0,0.0,0.0
70,104,5209.0,65.60740661621094,34.95315933227539
70,105,1707.0,496.50439453125,71.24311828613281
70,106,3044.0,475.7933654785156,280.44744873046875
70,107,0.0,0.0,0.0
70,108,2.0,236.5,300.5
70,109,0.0,0.0,0.0
70,110,0.0,0.0,0.0
70,111,1132.0,391.4523010253906,15.180212020874023
70,112,0.0,0.0,0.0
70,113,955.0,308.6942443847656,13.334031105041504
70,114,0.0,0.0,0.0
70,115,3.0,1.0,393.0
70,116,0.0,0.0,0.0
70,117,1808.0,491.38385009765625,20.732301712036133
70,118,0.0,0.0,0.0
70,119,0.0,0.0,0.0
70,120,0.0,0.0,0.0
70,121,0.0,0.0,0.0
70,122,0.0,0.0,0.0
70,123,0.0,0.0,0.0
70,124,0.0,0.0,0.0
70,125,0.0,0.0,0.0
70,126,0.0,0.0,0.0
70,127,2345.0,494.86822509765625,388.7027587890625
70,128,0.0,0.0,0.0
70,129,0.0,0.0,0.0
70,130,0.0,0.0,0.0
70,131,0.0,0.0,0.0
70,132,2241.0,16.31102180480957,359.27264404296875
71,0,1599.0,346.0112609863281,269.59600830078125
71,1,1278.0,307.587646484375,275.70343017578125
71,2,2630.0,404.3041687011719,345.8741455078125
71,3,6610.0,159.85643005371094,94.71588134765624
71,4,0.0,0.0,0.0
71,5,0.0,0.0,0.0
71,6,1354.0,431.676513671875,317.50811767578125
71,7,2939.0,234.0177001953125,106.2194595336914
71,8,4127.0,351.9629211425781,128.48486328125
71,9,3309.0,281.8482971191406,142.82562255859375
71,10,2564.0,313.5003967285156,180.1361083984375
71,11,3958.0,192.5098571777344,238.0204620361328
71,12,2738.0,220.14682006835935,278.910888671875
71,13,3125.0,418.3052673339844,273.3788757324219
71,14,0.0,0.0,0.0
71,15,6904.0,337.4831848144531,57.679317474365234
71,16,2986.0,471.8335571289063,109.73509979248048
71,17,4953.0,90.07793426513672,149.48858642578125
71,18,3640.0,415.6266479492188,136.30055236816406
71,19,2774.0,378.9441223144531,185.2260284423828
71,20,5034.0,215.6513671875,160.21136474609375
71,21,0.0,0.0,0.0
71,22,0.0,0.0,0.0
71,23,2992.0,254.9826202392578,212.4184417724609
71,24,4121.0,474.4945373535156,228.58189392089844
71,25,4863.0,142.96524047851562,269.25457763671875
71,26,2803.0,377.70068359375,395.2500915527344
71,27,2982.0,216.2689514160156,432.8652038574219
71,28,1550.0,247.7006378173828,432.4135437011719
71,29,1997.0,24.131196975708008,140.18226623535156
71,30,2234.0,110.4574737548828,365.6472778320313
71,31,2657.0,295.9378967285156,413.02935791015625
71,32,1784.0,411.19281005859375,441.6070556640625
71,33,2122.0,69.06927490234375,386.2605895996094
71,34,3839.0,350.2675170898437,434.4933471679688
71,35,3395.0,31.385862350463867,188.30014038085935
71,36,5670.0,145.9093475341797,184.89259338378903
71,37,4077.0,32.69291305541992,437.7044372558594
71,38,1874.0,182.9135589599609,483.66595458984375
71,39,3661.0,472.5069580078125,459.0049133300781
71,40,3008.0,408.9537963867188,486.6402893066406
71,41,2519.0,142.7943572998047,483.7788696289063
71,42,2418.0,68.81017303466797,489.6009216308594
71,43,0.0,0.0,0.0
71,44,2105.0,90.605224609375,217.3890686035156
71,45,3206.0,427.7167663574219,199.2439117431641
71,46,0.0,0.0,0.0
71,47,1204.0,104.68853759765624,470.6179504394531
71,48,656.0,259.23779296875,501.375
71,49,1775.0,224.82760620117188,490.2242126464844
71,50,2045.0,356.20343017578125,487.3564758300781
71,51,0.0,0.0,0.0
71,52,1025.0,40.219512939453125,103.6282958984375
71,53,1641.0,373.12005615234375,301.95733642578125
71,54,0.0,0.0,0.0
71,55,1067.0,312.3730163574219,500.3533325195313
71,56,0.0,0.0,0.0
71,57,0.0,0.0,0.0
71,58,0.0,0.0,0.0
71,59,0.0,0.0,0.0
71,60,3094.0,265.8128662109375,266.3051147460937
71,61,5237.0,278.931640625,344.9014587402344
71,62,1904.0,478.35345458984375,496.6948547363281
71,63,0.0,0.0,0.0
71,64,1998.0,212.5150146484375,53.70920944213867
71,65,1646.0,19.015796661376957,488.4197998046875
71,66,0.0,0.0,0.0
71,67,2542.0,39.54051971435547,367.867431640625
71,68,7045.0,123.46060943603516,422.3890686035156
71,69,4089.0,287.89434814453125,467.1819458007813
71,70,0.0,0.0,0.0
71,71,7097.0,147.49880981445312,335.0447998046875
71,72,1984.0,190.5559539794922,414.9002075195313
71,73,480.0,111.69166564941406,501.7791748046875
71,74,2775.0,79.49981689453125,93.85441589355467
71,75,6324.0,449.7153625488281,386.4677429199219
71,76,0.0,0.0,0.0
71,77,1704.0,14.313966751098633,88.97769927978516
71,78,1644.0,365.2396545410156,349.4744567871094
71,79,0.0,0.0,0.0
71,80,2720.0,29.48823547363281,236.2801513671875
71,81,0.0,0.0,0.0
71,82,0.0,0.0,0.0
71,83,6508.0,66.31884002685547,283.5062866210937
71,84,2803.0,396.783447265625,79.70780944824219
71,85,0.0,0.0,0.0
71,86,0.0,0.0,0.0
71,87,2735.0,380.8299865722656,235.9733123779297
71,88,4953.0,141.96971130371094,30.239450454711918
71,89,3786.0,482.9881286621094,165.1312713623047
71,90,1641.0,12.715417861938477,295.7720947265625
71,91,0.0,0.0,0.0
71,92,5323.0,439.7841491699219,46.091678619384766
71,93,3633.0,320.74566650390625,228.65538024902344
71,94,4206.0,327.7037658691406,337.4203491210937
71,95,4596.0,275.6390380859375,61.52197647094727
71,96,2984.0,227.88673400878903,19.330093383789062
71,97,1835.0,15.43978214263916,31.446866989135746
71,98,0.0,0.0,0.0
71,99,2198.0,493.2374877929688,322.0868835449219
71,100,4722.0,226.76026916503903,352.806640625
71,101,0.0,0.0,0.0
71,102,0.0,0.0,0.0
71,103,0.0,0.0,0.0
71,104,5332.0,64.96455383300781,36.72974395751953
71,105,1648.0,495.5667419433594,73.96480560302734
71,106,2877.0,477.4713134765625,281.08551025390625
71,107,0.0,0.0,0.0
71,108,0.0,0.0,0.0
71,109,0.0,0.0,0.0
71,110,0.0,0.0,0.0
71,111,1341.0,390.9075317382813,17.24235725402832
71,112,0.0,0.0,0.0
71,113,1166.0,304.3207397460937,13.423670768737791
71,114,0.0,0.0,0.0
71,115,0.0,0.0,0.0
71,116,2.0,12.0,459.5
71,117,2272.0,488.7262268066406,22.99515914916992
71,118,0.0,0.0,0.0
71,119,0.0,0.0,0.0
71,120,0.0,0.0,0.0
71,121,0.0,0.0,0.0
71,122,0.0,0.0,0.0
71,123,0.0,0.0,0.0
71,124,0.0,0.0,0.0
71,125,0.0,0.0,0.0
71,126,0.0,0.0,0.0
71,127,2528.0,494.45648193359375,387.7642517089844
71,128,0.0,0.0,0.0
71,129,0.0,0.0,0.0
71,130,0.0,0.0,0.0
71,131,0.0,0.0,0.0
71,132,1954.0,15.633572578430176,356.15966796875
72,0,1615.0,343.0272521972656,271.6972045898437
72,1,1268.0,302.931396484375,276.619873046875
72,2,2500.0,403.8528137207031,347.22198486328125
72,3,6070.0,157.6817169189453,99.23706817626952
72,4,0.0,0.0,0.0
72,5,0.0,0.0,0.0
72,6,1543.0,429.6804809570313,318.123779296875
72,7,2987.0,232.22732543945312,107.59089660644533
72,8,3991.0,351.08819580078125,129.52243041992188
72,9,3922.0,281.9296264648437,149.316162109375
72,10,2103.0,319.8259582519531,183.27151489257807
72,11,3683.0,190.62503051757807,239.36817932128903
72,12,2923.0,216.68663024902344,278.70611572265625
72,13,2635.0,414.2269592285156,274.6891784667969
72,14,0.0,0.0,0.0
72,15,7195.0,337.098388671875,58.57415008544922
72,16,2945.0,471.8848876953125,111.11714935302734
72,17,5110.0,90.91604614257812,153.8962860107422
72,18,3790.0,413.2619934082031,137.418212890625
72,19,2849.0,379.9554138183594,188.7037506103516
72,20,5107.0,214.0765686035156,162.56040954589844
72,21,0.0,0.0,0.0
72,22,0.0,0.0,0.0
72,23,2790.0,254.7003631591797,212.76487731933597
72,24,4285.0,475.0798034667969,230.3867034912109
72,25,4542.0,140.0352325439453,269.470703125
72,26,2913.0,377.60247802734375,395.0799865722656
72,27,2781.0,215.5828857421875,433.6033935546875
72,28,1292.0,245.3614501953125,430.2329711914063
72,29,2070.0,23.209178924560547,140.29469299316406
72,30,2485.0,110.56096649169922,365.0096435546875
72,31,2767.0,294.56414794921875,413.3364562988281
72,32,1792.0,412.2293395996094,443.4821472167969
72,33,2083.0,68.9073486328125,384.5928955078125
72,34,3684.0,351.296142578125,434.1579895019531
72,35,3367.0,31.139293670654297,189.5755920410156
72,36,5373.0,146.3914031982422,187.7191467285156
72,37,3983.0,32.614864349365234,436.4464111328125
72,38,1960.0,183.05357360839844,483.5760192871094
72,39,3439.0,472.9200439453125,459.6911926269531
72,40,2972.0,408.5195007324219,487.077392578125
72,41,2421.0,142.85667419433594,484.6385803222656
72,42,3044.0,75.17181396484375,490.3580932617188
72,43,0.0,0.0,0.0
72,44,1782.0,93.68798828125,218.3703765869141
72,45,3240.0,427.20123291015625,200.4922790527344
72,46,0.0,0.0,0.0
72,47,1328.0,105.5429229736328,467.7823791503906
72,48,608.0,258.1019592285156,501.2927551269531
72,49,1729.0,224.7553558349609,490.6575927734375
72,50,2214.0,354.5009155273437,487.2181701660156
72,51,0.0,0.0,0.0
72,52,1005.0,36.97014999389648,103.86268615722656
72,53,1623.0,372.9328308105469,302.9229736328125
72,54,0.0,0.0,0.0
72,55,1225.0,308.4122314453125,498.5959167480469
72,56,0.0,0.0,0.0
72,57,0.0,0.0,0.0
72,58,0.0,0.0,0.0
72,59,0.0,0.0,0.0
72,60,2985.0,262.62579345703125,266.4231262207031
72,61,5217.0,278.3663024902344,345.2545471191406
72,62,1692.0,475.1814270019531,497.5827331542969
72,63,0.0,0.0,0.0
72,64,2583.0,210.12350463867188,53.73441696166992
72,65,1653.0,19.10042381286621,488.4277038574219
72,66,0.0,0.0,0.0
72,67,2669.0,37.24128723144531,367.9786376953125
72,68,6885.0,123.90530395507812,422.1173706054688
72,69,4167.0,284.9282531738281,464.8509826660156
72,70,0.0,0.0,0.0
72,71,7110.0,147.58734130859375,334.2590637207031
72,72,2055.0,190.6277313232422,415.073974609375
72,73,0.0,0.0,0.0
72,74,2905.0,77.12220001220703,98.56076049804688
72,75,6373.0,449.3770446777344,387.5196838378906
72,76,0.0,0.0,0.0
72,77,1552.0,12.681700706481934,86.27835083007812
72,78,1581.0,365.0164489746094,348.741943359375
72,79,0.0,0.0,0.0
72,80,2854.0,31.350385665893555,236.6278839111328
72,81,0.0,0.0,0.0
72,82,0.0,0.0,0.0
72,83,6468.0,64.56230926513672,284.303955078125
72,84,2654.0,396.0968322753906,82.73738098144531
72,85,0.0,0.0,0.0
72,86,0.0,0.0,0.0
72,87,2865.0,377.3741760253906,237.29913330078125
72,88,5678.0,139.37847900390625,32.71803283691406
72,89,3815.0,481.9266052246094,166.20314025878906
72,90,1424.0,10.46629238128662,292.8834228515625
72,91,0.0,0.0,0.0
72,92,5225.0,439.5638427734375,47.89837265014648
72,93,3494.0,316.9164428710937,231.4338836669922
72,94,4254.0,327.13446044921875,338.5011901855469
72,95,4225.0,275.4061584472656,66.79621124267578
72,96,2962.0,231.00607299804688,18.789669036865234
72,97,1619.0,14.562692642211914,26.61148834228516
72,98,0.0,0.0,0.0
72,99,2191.0,493.7412109375,322.6690979003906
72,100,4743.0,227.0177154541016,352.2523803710937
72,101,0.0,0.0,0.0
72,102,0.0,0.0,0.0
72,103,0.0,0.0,0.0
72,104,5427.0,61.59775161743164,39.55076599121094
72,105,1742.0,494.0688781738281,74.4540786743164
72,106,3123.0,473.0858154296875,281.5728454589844
72,107,0.0,0.0,0.0
72,108,0.0,0.0,0.0
72,109,0.0,0.0,0.0
72,110,0.0,0.0,0.0
72,111,1563.0,392.32757568359375,19.69289779663086
72,112,0.0,0.0,0.0
72,113,1474.0,298.7333679199219,12.917231559753418
72,114,0.0,0.0,0.0
72,115,0.0,0.0,0.0
72,116,0.0,0.0,0.0
72,117,2359.0,488.3098754882813,23.027978897094727
72,118,0.0,0.0,0.0
72,119,252.0,504.5873107910156,487.1230163574219
72,120,0.0,0.0,0.0
72,121,0.0,0.0,0.0
72,122,0.0,0.0,0.0
72,123,0.0,0.0,0.0
72,124,0.0,0.0,0.0
72,125,0.0,0.0,0.0
72,126,0.0,0.0,0.0
72,127,2589.0,493.9652404785156,389.5218200683594
72,128,0.0,0.0,0.0
72,129,0.0,0.0,0.0
72,130,0.0,0.0,0.0
72,131,0.0,0.0,0.0
72,132,1772.0,14.48024845123291,355.4870300292969
73,0,2087.0,332.1902160644531,274.27215576171875
73,1,595.0,294.0672302246094,273.7747802734375
73,2,2255.0,403.5973510742188,351.2625427246094
73,3,5768.0,156.50953674316406,102.94417572021484
73,4,0.0,0.0,0.0
73,5,0.0,0.0,0.0
73,6,3517.0,439.5317077636719,332.4051818847656
73,7,3114.0,229.63841247558597,111.01252746582033
73,8,4121.0,350.0426940917969,130.7723846435547
73,9,3881.0,280.4668884277344,149.7132110595703
73,10,2029.0,316.4903869628906,184.6761932373047
73,11,2854.0,187.08514404296875,237.11317443847656
73,12,3609.0,208.5311737060547,282.2097473144531
73,13,2683.0,411.9284362792969,275.43756103515625
73,14,0.0,0.0,0.0
73,15,7123.0,336.3383483886719,59.99494552612305
73,16,2917.0,470.0349731445313,111.9084701538086
73,17,5420.0,89.17306518554688,156.209228515625
73,18,3546.0,414.9007263183594,136.63253784179688
73,19,3539.0,380.2540283203125,186.16868591308597
73,20,4925.0,212.31390380859372,165.64588928222656
73,21,0.0,0.0,0.0
73,22,0.0,0.0,0.0
73,23,3025.0,249.80992126464844,213.87669372558597
73,24,4437.0,474.6067199707031,230.56570434570312
73,25,4554.0,137.14141845703125,269.64404296875
73,26,2952.0,374.3482360839844,394.2405090332031
73,27,2692.0,212.7213897705078,437.052734375
73,28,2609.0,249.40858459472656,441.0808715820313
73,29,2611.0,21.048641204833984,139.0819549560547
73,30,2558.0,111.42689514160156,365.6356506347656
73,31,2793.0,293.9992980957031,413.6226196289063
73,32,1852.0,413.0302429199219,446.7742919921875
73,33,2247.0,67.27903747558594,381.412109375
73,34,3605.0,351.7381286621094,435.19915771484375
73,35,3052.0,29.953474044799805,192.461669921875
73,36,5233.0,145.6640625,189.4689483642578
73,37,4032.0,31.521577835083008,436.2723083496094
73,38,1916.0,182.75521850585935,486.0819396972656
73,39,3720.0,477.5545654296875,463.9962463378906
73,40,2861.0,407.4792175292969,487.79693603515625
73,41,2390.0,141.69540405273438,484.0824279785156
73,42,2668.0,67.15067291259766,487.6203002929688
73,43,0.0,0.0,0.0
73,44,1525.0,94.693115234375,220.08328247070312
73,45,3006.0,427.268798828125,204.1284027099609
73,46,0.0,0.0,0.0
73,47,1422.0,105.3164520263672,466.7095642089844
73,48,543.0,257.0902404785156,501.4843444824219
73,49,1565.0,225.4370574951172,491.7380065917969
73,50,2202.0,353.1993713378906,486.0490417480469
73,51,0.0,0.0,0.0
73,52,0.0,0.0,0.0
73,53,1631.0,372.6167907714844,303.9503479003906
73,54,0.0,0.0,0.0
73,55,1335.0,308.6913757324219,499.4996337890625
73,56,0.0,0.0,0.0
73,57,0.0,0.0,0.0
73,58,0.0,0.0,0.0
73,59,0.0,0.0,0.0
73,60,3029.0,261.0828552246094,266.4985046386719
73,61,4971.0,276.87164306640625,344.0347900390625
73,62,1466.0,471.8656311035156,497.7380676269531
73,63,0.0,0.0,0.0
73,64,2907.0,209.04058837890625,55.6198844909668
73,65,1551.0,18.763378143310547,490.7601623535156
73,66,0.0,0.0,0.0
73,67,2572.0,33.55404281616211,368.7542724609375
73,68,4148.0,142.34909057617188,419.481201171875
73,69,3050.0,293.3006591796875,467.5311584472656
73,70,0.0,0.0,0.0
73,71,6915.0,147.22183227539062,336.7456359863281
73,72,2176.0,189.7215118408203,418.5491638183594
73,73,0.0,0.0,0.0
73,74,3043.0,74.77587890625,97.96483612060548
73,75,4838.0,445.7718200683594,405.4623718261719
73,76,0.0,0.0,0.0
73,77,2364.0,22.11844253540039,87.01776885986328
73,78,1546.0,364.7457885742188,348.51422119140625
73,79,0.0,0.0,0.0
73,80,2966.0,32.52326202392578,237.39244079589844
73,81,0.0,0.0,0.0
73,82,0.0,0.0,0.0
73,83,6251.0,64.18476867675781,284.6326904296875
73,84,2519.0,395.7967529296875,82.17467498779297
73,85,0.0,0.0,0.0
73,86,0.0,0.0,0.0
73,87,2785.0,375.2262268066406,237.8290863037109
73,88,5974.0,136.5838623046875,34.579345703125
73,89,3746.0,481.68206787109375,166.6185302734375
73,90,1278.0,10.015649795532228,292.9076538085937
73,91,0.0,0.0,0.0
73,92,5025.0,438.4358215332031,49.488555908203125
73,93,3507.0,316.3227844238281,232.68777465820312
73,94,4521.0,325.0398254394531,338.1844787597656
73,95,4438.0,274.0151062011719,65.7967529296875
73,96,2964.0,227.0651092529297,17.920377731323242
73,97,1356.0,14.309734344482422,22.52433586120605
73,98,0.0,0.0,0.0
73,99,2238.0,493.4057312011719,321.8672790527344
73,100,4723.0,227.07516479492188,353.1388854980469
73,101,0.0,0.0,0.0
73,102,0.0,0.0,0.0
73,103,0.0,0.0,0.0
73,104,5121.0,60.3823471069336,39.18766021728516
73,105,1782.0,495.404052734375,79.92704772949219
73,106,3113.0,471.8056640625,281.6598205566406
73,107,0.0,0.0,0.0
73,108,0.0,0.0,0.0
73,109,1.0,294.0,293.0
73,110,0.0,0.0,0.0
73,111,1752.0,391.4075317382813,22.156963348388672
73,112,0.0,0.0,0.0
73,113,1549.0,300.40283203125,13.243382453918455
73,114,0.0,0.0,0.0
73,115,0.0,0.0,0.0
73,116,0.0,0.0,0.0
73,117,2672.0,486.0845947265625,24.230165481567383
73,118,0.0,0.0,0.0
73,119,0.0,0.0,0.0
73,120,2493.0,87.37786102294922,427.4645080566406
73,121,470.0,109.8574447631836,501.41064453125
73,122,0.0,0.0,0.0
73,123,0.0,0.0,0.0
73,124,0.0,0.0,0.0
73,125,0.0,0.0,0.0
73,126,0.0,0.0,0.0
73,127,2756.0,493.9499206542969,388.9981994628906
73,128,0.0,0.0,0.0
73,129,0.0,0.0,0.0
73,130,0.0,0.0,0.0
73,131,0.0,0.0,0.0
73,132,1711.0,13.992402076721191,350.253662109375
74,0,1979.0,330.4249572753906,273.8266906738281
74,1,532.0,290.518798828125,276.3364562988281
74,2,2103.0,402.3043212890625,352.9053649902344
74,3,5670.0,154.9613800048828,105.6141128540039
74,4,0.0,0.0,0.0
74,5,0.0,0.0,0.0
74,6,3310.0,435.82415771484375,328.956787109375
74,7,3360.0,229.76547241210935,113.99018096923828
74,8,4473.0,348.8495483398437,132.56539916992188
74,9,3666.0,279.7978820800781,153.44435119628906
74,10,1772.0,313.2466125488281,186.9006805419922
74,11,2710.0,185.41033935546875,238.25830078125
74,12,3902.0,205.38800048828125,283.4730834960937
74,13,2739.0,409.81781005859375,275.078857421875
74,14,0.0,0.0,0.0
74,15,7527.0,335.0421142578125,59.18493270874024
74,16,2823.0,469.1360168457031,113.89656066894533
74,17,5125.0,88.51629638671875,158.6444854736328
74,18,3939.0,411.7042541503906,139.09190368652344
74,19,3329.0,377.8723449707031,189.5470123291016
74,20,4838.0,211.89913940429688,167.8257598876953
74,21,0.0,0.0,0.0
74,22,0.0,0.0,0.0
74,23,2895.0,245.88186645507807,215.4131317138672
74,24,4377.0,473.4973754882813,230.57962036132807
74,25,4419.0,134.43470764160156,269.910400390625
74,26,3076.0,372.1066284179688,394.178466796875
74,27,2893.0,216.07086181640625,435.4559326171875
74,28,2396.0,251.7404022216797,440.5304565429688
74,29,2682.0,23.03243827819824,141.1483917236328
74,30,2593.0,109.73197174072266,366.881591796875
74,31,2847.0,292.0340576171875,414.7731018066406
74,32,1901.0,414.8143005371094,448.7980041503906
74,33,2086.0,65.7435302734375,379.68695068359375
74,34,3686.0,353.0406799316406,437.2514953613281
74,35,2973.0,28.35586929321289,194.1089782714844
74,36,5216.0,144.6551055908203,189.9689483642578
74,37,4172.0,31.86001968383789,434.9920959472656
74,38,2186.0,183.7035675048828,485.0928649902344
74,39,3782.0,478.9775390625,463.2755126953125
74,40,2769.0,407.9895324707031,488.9371643066406
74,41,2278.0,141.40298461914062,483.7796325683594
74,42,2783.0,66.18792724609375,487.1825256347656
74,43,0.0,0.0,0.0
74,44,1442.0,95.34535217285156,221.01318359375
74,45,2883.0,426.183837890625,205.4398193359375
74,46,0.0,0.0,0.0
74,47,1520.0,104.836181640625,466.8796081542969
74,48,425.0,257.3952941894531,501.9646911621094
74,49,1550.0,227.55935668945312,492.4470825195313
74,50,2235.0,351.7722473144531,487.0339965820313
74,51,0.0,0.0,0.0
74,52,0.0,0.0,0.0
74,53,1507.0,370.2335815429688,303.6483154296875
74,54,0.0,0.0,0.0
74,55,1211.0,304.3236999511719,499.7233581542969
74,56,0.0,0.0,0.0
74,57,0.0,0.0,0.0
74,58,0.0,0.0,0.0
74,59,0.0,0.0,0.0
74,60,3079.0,258.5566711425781,267.6625671386719
74,61,4808.0,277.1129455566406,344.5380554199219
74,62,1456.0,471.33447265625,498.1339416503906
74,63,0.0,0.0,0.0
74,64,3265.0,208.96876525878903,57.0030632019043
74,65,1488.0,17.984542846679688,491.1679992675781
74,66,0.0,0.0,0.0
74,67,3895.0,24.32323455810547,362.4621276855469
74,68,3764.0,142.3583984375,420.9133911132813
74,69,2903.0,294.2376708984375,467.9900207519531
74,70,0.0,0.0,0.0
74,71,7054.0,148.03330993652344,339.3936767578125
74,72,2281.0,188.38536071777344,421.6462097167969
74,73,466.0,110.57939910888672,502.0879821777344
74,74,3221.0,73.53927612304688,99.34927368164062
74,75,5246.0,444.9588317871094,402.0478515625
74,76,0.0,0.0,0.0
74,77,1394.0,16.072452545166016,77.06169128417969
74,78,1602.0,364.1828918457031,348.471923828125
74,79,0.0,0.0,0.0
74,80,2866.0,33.195743560791016,237.4581298828125
74,81,0.0,0.0,0.0
74,82,0.0,0.0,0.0
74,83,6530.0,63.1384391784668,286.1859130859375
74,84,2185.0,395.6681823730469,83.27322387695312
74,85,0.0,0.0,0.0
74,86,0.0,0.0,0.0
74,87,2647.0,374.2005920410156,238.60748291015625
74,88,6453.0,134.4951171875,36.05718231201172
74,89,3737.0,480.4800720214844,167.89537048339844
74,90,1284.0,9.992990493774414,293.4431457519531
74,91,1.0,468.0,356.0
74,92,5034.0,437.217529296875,50.75685501098633
74,93,3623.0,316.3199157714844,233.49655151367188
74,94,4644.0,323.5658874511719,337.7323303222656
74,95,4617.0,273.7987976074219,65.74832153320312
74,96,2624.0,223.66958618164065,17.355182647705078
74,97,0.0,0.0,0.0
74,98,0.0,0.0,0.0
74,99,2155.0,493.5034790039063,318.9972229003906
74,100,4472.0,227.63998413085935,352.8307189941406
74,101,0.0,0.0,0.0
74,102,0.0,0.0,0.0
74,103,0.0,0.0,0.0
74,104,5651.0,50.01557159423828,37.04459381103516
74,105,1814.0,495.1146545410156,84.08875274658203
74,106,3276.0,470.3733215332031,281.81103515625
74,107,0.0,0.0,0.0
74,108,0.0,0.0,0.0
74,109,0.0,0.0,0.0
74,110,0.0,0.0,0.0
74,111,1937.0,391.3856506347656,24.045948028564453
74,112,0.0,0.0,0.0
74,113,1098.0,295.5082092285156,12.99544620513916
74,114,0.0,0.0,0.0
74,115,0.0,0.0,0.0
74,116,0.0,0.0,0.0
74,117,2893.0,484.501220703125,27.133079528808597
74,118,0.0,0.0,0.0
74,119,0.0,0.0,0.0
74,120,2559.0,88.15084075927734,425.5584106445313
74,121,0.0,0.0,0.0
74,122,0.0,0.0,0.0
74,123,997.0,31.015045166015625,103.87562561035156
74,124,0.0,0.0,0.0
74,125,0.0,0.0,0.0
74,126,0.0,0.0,0.0
74,127,2763.0,493.67425537109375,386.3123474121094
74,128,0.0,0.0,0.0
74,129,0.0,0.0,0.0
74,130,0.0,0.0,0.0
74,131,0.0,0.0,0.0
74,132,0.0,0.0,0.0
75,0,2584.0,332.52398681640625,267.8111572265625
75,1,539.0,290.2634582519531,277.523193359375
75,2,1283.0,408.2509765625,367.5682067871094
75,3,6016.0,152.68417358398438,104.74551391601562
75,4,0.0,0.0,0.0
75,5,0.0,0.0,0.0
75,6,4586.0,427.4792785644531,332.3373413085937
75,7,3333.0,230.8334808349609,115.36363983154295
75,8,3071.0,337.3367004394531,149.49072265625
75,9,3288.0,280.0264587402344,154.14903259277344
75,10,1606.0,312.0404663085937,188.8399810791016
75,11,2525.0,183.23208618164065,238.6550445556641
75,12,4195.0,201.31704711914065,284.0121459960937
75,13,2618.0,407.7215576171875,276.4446105957031
75,14,0.0,0.0,0.0
75,15,7241.0,335.4461975097656,61.76812744140625
75,16,2941.0,468.21966552734375,112.57123565673828
75,17,5111.0,87.9156723022461,161.86068725585938
75,18,3635.0,413.1738586425781,140.32049560546875
75,19,3337.0,376.2730102539063,190.24392700195312
75,20,5212.0,210.58767700195312,168.07501220703125
75,21,0.0,0.0,0.0
75,22,0.0,0.0,0.0
75,23,2998.0,244.5256805419922,215.73683166503903
75,24,4311.0,472.9072265625,231.6968231201172
75,25,4080.0,132.24632263183594,270.2740173339844
75,26,2968.0,371.2483215332031,393.8136901855469
75,27,3291.0,217.1312713623047,433.12701416015625
75,28,2103.0,253.0618133544922,445.5496826171875
75,29,2994.0,24.047094345092773,139.8523712158203
75,30,2698.0,108.2568588256836,366.7127380371094
75,31,2996.0,294.0881042480469,415.13616943359375
75,32,1586.0,417.1519470214844,455.8581237792969
75,33,2521.0,60.60333251953125,373.8123779296875
75,34,3506.0,354.9061584472656,438.0276794433594
75,35,3000.0,28.64033317565918,196.052001953125
75,36,5061.0,143.78285217285156,190.6484832763672
75,37,4279.0,32.17714309692383,435.9805908203125
75,38,2107.0,181.364501953125,485.4783935546875
75,39,4121.0,476.9507446289063,467.8959045410156
75,40,2522.0,405.3318786621094,490.3941345214844
75,41,2114.0,141.3070068359375,484.5544128417969
75,42,3191.0,73.49702453613281,489.72015380859375
75,43,0.0,0.0,0.0
75,44,1345.0,95.3524169921875,222.12045288085935
75,45,2929.0,423.9812316894531,206.82383728027344
75,46,0.0,0.0,0.0
75,47,1578.0,106.16603088378906,466.06781005859375
75,48,210.0,253.87619018554688,504.028564453125
75,49,1683.0,226.6957855224609,493.1419982910156
75,50,2500.0,347.7972106933594,487.67279052734375
75,51,0.0,0.0,0.0
75,52,0.0,0.0,0.0
75,53,1472.0,369.15625,303.3559875488281
75,54,0.0,0.0,0.0
75,55,905.0,290.7469482421875,502.1690673828125
75,56,0.0,0.0,0.0
75,57,0.0,0.0,0.0
75,58,0.0,0.0,0.0
75,59,0.0,0.0,0.0
75,60,3113.0,257.26470947265625,267.9861755371094
75,61,4756.0,276.0155639648437,345.3793029785156
75,62,1051.0,467.7507019042969,499.3862915039063
75,63,0.0,0.0,0.0
75,64,3320.0,209.54608154296875,57.4174690246582
75,65,1425.0,18.002105712890625,492.1473693847656
75,66,0.0,0.0,0.0
75,67,3221.0,19.11269760131836,365.0810241699219
75,68,3759.0,142.5009307861328,421.1859436035156
75,69,3178.0,293.408447265625,470.1824951171875
75,70,0.0,0.0,0.0
75,71,7157.0,146.28880310058594,339.2630920410156
75,72,2226.0,187.6006317138672,420.4959716796875
75,73,0.0,0.0,0.0
75,74,3551.0,68.44071960449219,98.79695892333984
75,75,5408.0,441.7930908203125,407.7124633789063
75,76,0.0,0.0,0.0
75,77,1419.0,17.997886657714844,90.02677917480469
75,78,1642.0,363.96527099609375,348.0669860839844
75,79,0.0,0.0,0.0
75,80,2699.0,31.44720268249512,239.4082946777344
75,81,0.0,0.0,0.0
75,82,0.0,0.0,0.0
75,83,6536.0,61.87377548217773,285.65008544921875
75,84,3948.0,382.0683898925781,98.22188568115234
75,85,0.0,0.0,0.0
75,86,0.0,0.0,0.0
75,87,2696.0,372.1502075195313,239.845703125
75,88,6834.0,130.6158905029297,35.844017028808594
75,89,3919.0,480.8578796386719,169.22250366210938
75,90,1160.0,9.39310359954834,293.8275756835937
75,91,0.0,0.0,0.0
75,92,4746.0,435.9816589355469,51.777286529541016
75,93,2905.0,307.76763916015625,230.5335693359375
75,94,4637.0,322.4994506835937,338.2812194824219
75,95,4661.0,275.06500244140625,65.2821273803711
75,96,3114.0,227.99807739257807,17.771997451782227
75,97,0.0,0.0,0.0
75,98,0.0,0.0,0.0
75,99,2114.0,493.78759765625,317.9058532714844
75,100,4426.0,227.56280517578125,353.248291015625
75,101,0.0,0.0,0.0
75,102,0.0,0.0,0.0
75,103,0.0,0.0,0.0
75,104,3760.0,48.70797729492188,47.8526611328125
75,105,1705.0,496.33197021484375,86.46275329589844
75,106,3318.0,467.6929016113281,280.6711730957031
75,107,0.0,0.0,0.0
75,108,0.0,0.0,0.0
75,109,0.0,0.0,0.0
75,110,0.0,0.0,0.0
75,111,1989.0,388.8541870117188,28.380090713500977
75,112,0.0,0.0,0.0
75,113,1108.0,306.8709411621094,14.062273979187012
75,114,0.0,0.0,0.0
75,115,0.0,0.0,0.0
75,116,0.0,0.0,0.0
75,117,3253.0,483.6194152832031,28.748231887817383
75,118,0.0,0.0,0.0
75,119,0.0,0.0,0.0
75,120,2634.0,87.67539978027344,426.0778198242188
75,121,0.0,0.0,0.0
75,122,0.0,0.0,0.0
75,123,0.0,0.0,0.0
75,124,1711.0,39.344825744628906,12.43191146850586
75,125,261.0,407.9655151367188,5.107279777526856
75,126,426.0,10.103286743164062,29.171361923217773
75,127,3089.0,493.3124084472656,385.97991943359375
75,128,0.0,0.0,0.0
75,129,0.0,0.0,0.0
75,130,0.0,0.0,0.0
75,131,0.0,0.0,0.0
75,132,0.0,0.0,0.0
76,0,2959.0,329.0628662109375,268.0206298828125
76,1,496.0,287.7963562011719,280.5362854003906
76,2,1501.0,408.8194580078125,370.02532958984375
76,3,6040.0,152.0773162841797,106.16258239746094
76,4,0.0,0.0,0.0
76,5,0.0,0.0,0.0
76,6,4251.0,425.6443176269531,329.9642333984375
76,7,3323.0,231.12489318847656,118.47367095947266
76,8,3261.0,337.1861267089844,153.00367736816406
76,9,3111.0,278.5316467285156,154.43618774414062
76,10,1321.0,307.72900390625,190.812255859375
76,11,2579.0,184.9705352783203,235.3063201904297
76,12,3822.0,201.46519470214844,285.5502319335937
76,13,2624.0,406.884521484375,275.14862060546875
76,14,0.0,0.0,0.0
76,15,6907.0,332.3480529785156,66.0473403930664
76,16,3137.0,465.8345642089844,111.92445373535156
76,17,4953.0,85.98970031738281,164.87380981445312
76,18,3432.0,413.6768798828125,141.41171264648438
76,19,3607.0,376.3365783691406,190.71859741210935
76,20,5102.0,209.54782104492188,170.10545349121094
76,21,0.0,0.0,0.0
76,22,0.0,0.0,0.0
76,23,2694.0,247.2071228027344,216.1440277099609
76,24,4485.0,473.65374755859375,232.64503479003903
76,25,4536.0,134.54078674316406,272.03680419921875
76,26,2794.0,370.7852478027344,394.4320068359375
76,27,3812.0,215.7040863037109,428.6734008789063
76,28,2025.0,254.17727661132807,450.5471496582031
76,29,2605.0,24.791170120239254,145.96621704101562
76,30,2723.0,106.87954711914062,366.0025634765625
76,31,3031.0,294.518310546875,414.555908203125
76,32,1553.0,417.4893798828125,458.095947265625
76,33,2903.0,54.81295394897461,372.0747375488281
76,34,3862.0,354.3635559082031,439.8956604003906
76,35,2812.0,27.432432174682617,197.6842041015625
76,36,5018.0,144.00558471679688,189.0753326416016
76,37,4082.0,33.240570068359375,436.0923461914063
76,38,2086.0,182.59971618652344,488.0278015136719
76,39,5166.0,474.6658935546875,474.9041748046875
76,40,2355.0,404.7112426757813,491.4157104492188
76,41,1989.0,141.65158081054688,484.771240234375
76,42,3319.0,72.19042205810547,489.171142578125
76,43,0.0,0.0,0.0
76,44,1327.0,96.70308685302734,222.6435546875
76,45,2619.0,425.2500915527344,207.5929718017578
76,46,0.0,0.0,0.0
76,47,1642.0,106.6224136352539,466.42083740234375
76,48,0.0,0.0,0.0
76,49,1682.0,229.49642944335935,494.0487365722656
76,50,2594.0,344.4907531738281,489.4787902832031
76,51,0.0,0.0,0.0
76,52,0.0,0.0,0.0
76,53,1539.0,368.79791259765625,304.2787475585937
76,54,0.0,0.0,0.0
76,55,811.0,289.1097412109375,502.4993896484375
76,56,0.0,0.0,0.0
76,57,0.0,0.0,0.0
76,58,0.0,0.0,0.0
76,59,0.0,0.0,0.0
76,60,3262.0,254.30563354492188,268.2605895996094
76,61,4623.0,274.9364013671875,345.94439697265625
76,62,0.0,0.0,0.0
76,63,0.0,0.0,0.0
76,64,3710.0,209.40673828125,58.82075500488281
76,65,1436.0,17.074512481689453,491.83984375
76,66,0.0,0.0,0.0
76,67,2755.0,15.582576751708984,368.8257751464844
76,68,3494.0,140.34259033203125,420.3125305175781
76,69,2910.0,290.3044738769531,471.3670043945313
76,70,0.0,0.0,0.0
76,71,7186.0,145.1010284423828,339.5617980957031
76,72,2334.0,184.59939575195312,428.0329895019531
76,73,0.0,0.0,0.0
76,74,2793.0,65.48371124267578,107.39241027832033
76,75,5742.0,442.72119140625,406.6091918945313
76,76,0.0,0.0,0.0
76,77,2048.0,18.2431640625,93.041015625
76,78,1636.0,364.0941467285156,348.9327697753906
76,79,0.0,0.0,0.0
76,80,2674.0,30.727375030517575,240.2666473388672
76,81,0.0,0.0,0.0
76,82,0.0,0.0,0.0
76,83,6640.0,60.01069259643555,285.7725830078125
76,84,4055.0,381.0835876464844,100.73711395263672
76,85,0.0,0.0,0.0
76,86,0.0,0.0,0.0
76,87,2646.0,372.0808715820313,240.94029235839844
76,88,6745.0,117.09518432617188,42.072052001953125
76,89,3908.0,480.0033264160156,169.05706787109375
76,90,962.0,8.386693954467773,295.26300048828125
76,91,0.0,0.0,0.0
76,92,4172.0,436.7600708007813,52.76030731201172
76,93,2916.0,306.9715270996094,229.38751220703125
76,94,4619.0,321.8837280273437,340.5440673828125
76,95,6394.0,265.730224609375,52.60838317871094
76,96,0.0,0.0,0.0
76,97,0.0,0.0,0.0
76,98,0.0,0.0,0.0
76,99,2078.0,493.32916259765625,315.9860534667969
76,100,4345.0,227.63682556152344,353.1843566894531
76,101,0.0,0.0,0.0
76,102,0.0,0.0,0.0
76,103,0.0,0.0,0.0
76,104,4002.0,42.72413635253906,49.75062561035156
76,105,1563.0,496.5623779296875,88.77351379394531
76,106,3132.0,464.2854309082031,281.8253479003906
76,107,0.0,0.0,0.0
76,108,0.0,0.0,0.0
76,109,0.0,0.0,0.0
76,110,0.0,0.0,0.0
76,111,2504.0,384.7983093261719,32.25958633422852
76,112,0.0,0.0,0.0
76,113,1201.0,307.1390380859375,14.039966583251951
76,114,0.0,0.0,0.0
76,115,0.0,0.0,0.0
76,116,0.0,0.0,0.0
76,117,3497.0,483.11724853515625,30.706892013549805
76,118,2163.0,185.48497009277344,16.57189178466797
76,119,0.0,0.0,0.0
76,120,2658.0,88.51354217529297,424.9985046386719
76,121,0.0,0.0,0.0
76,122,0.0,0.0,0.0
76,123,0.0,0.0,0.0
76,124,1531.0,40.5571517944336,13.29261875152588
76,125,566.0,409.9964599609375,8.008833885192871
76,126,0.0,0.0,0.0
76,127,3045.0,492.7060852050781,384.3205261230469
76,128,0.0,0.0,0.0
76,129,0.0,0.0,0.0
76,130,0.0,0.0,0.0
76,131,0.0,0.0,0.0
76,132,0.0,0.0,0.0
77,0,2409.0,331.40679931640625,266.9813232421875
77,1,963.0,293.241943359375,279.0353088378906
77,2,942.0,408.1794128417969,373.9713439941406
77,3,6366.0,152.380615234375,112.00895690917967
77,4,0.0,0.0,0.0
77,5,0.0,0.0,0.0
77,6,4725.0,424.607421875,331.78179931640625
77,7,3362.0,229.89231872558597,123.27840423583984
77,8,3190.0,332.9463806152344,153.3338623046875
77,9,2884.0,275.7957763671875,157.0856475830078
77,10,999.0,307.7177124023437,191.0680694580078
77,11,2479.0,183.3505401611328,235.7147979736328
77,12,4378.0,194.5756072998047,285.1423034667969
77,13,2798.0,403.9371032714844,274.4324645996094
77,14,0.0,0.0,0.0
77,15,7150.0,333.2647399902344,67.8376235961914
77,16,3359.0,464.291748046875,111.41053771972656
77,17,4303.0,85.82151794433594,167.38926696777344
77,18,3692.0,412.2091064453125,143.30877685546875
77,19,3514.0,372.3804931640625,191.0062561035156
77,20,4935.0,207.5011138916016,173.45774841308594
77,21,0.0,0.0,0.0
77,22,0.0,0.0,0.0
77,23,2761.0,249.8790283203125,215.2662048339844
77,24,4384.0,472.5809631347656,233.64666748046875
77,25,3978.0,128.43515014648438,269.65008544921875
77,26,2918.0,371.4468688964844,393.7306518554688
77,27,3142.0,213.0267333984375,430.9700927734375
77,28,2389.0,252.3884429931641,444.8961791992188
77,29,2964.0,25.715925216674805,146.93353271484375
77,30,2852.0,104.80014038085938,365.0473327636719
77,31,3014.0,293.0126037597656,415.25482177734375
77,32,1353.0,421.0036926269531,460.74945068359375
77,33,2811.0,52.68267440795898,370.9847106933594
77,34,4082.0,352.9517517089844,438.7099609375
77,35,2767.0,24.93097305297852,200.7119598388672
77,36,3975.0,143.3207550048828,194.1202545166016
77,37,4010.0,32.5750617980957,435.6643371582031
77,38,2206.0,180.8291015625,487.1568298339844
77,39,5247.0,473.92681884765625,474.5193481445313
77,40,2303.0,404.0008544921875,491.6652221679688
77,41,1936.0,139.90650939941406,484.8445129394531
77,42,2755.0,61.69183349609375,486.1255798339844
77,43,0.0,0.0,0.0
77,44,1827.0,97.08428955078124,220.8609771728516
77,45,2729.0,425.2810668945313,206.30743408203125
77,46,0.0,0.0,0.0
77,47,1586.0,104.88965606689452,467.6185302734375
77,48,0.0,0.0,0.0
77,49,1767.0,230.15054321289065,493.7600402832031
77,50,2942.0,339.905517578125,489.0941467285156
77,51,0.0,0.0,0.0
77,52,0.0,0.0,0.0
77,53,2244.0,358.42291259765625,306.95721435546875
77,54,0.0,0.0,0.0
77,55,155.0,295.7096862792969,503.5935363769531
77,56,0.0,0.0,0.0
77,57,0.0,0.0,0.0
77,58,0.0,0.0,0.0
77,59,0.0,0.0,0.0
77,60,3314.0,252.2178649902344,268.7896728515625
77,61,4455.0,274.3326721191406,345.3124694824219
77,62,0.0,0.0,0.0
77,63,0.0,0.0,0.0
77,64,3997.0,208.25669860839844,61.74155426025391
77,65,1333.0,16.04951286315918,492.5641479492188
77,66,0.0,0.0,0.0
77,67,2565.0,15.13060474395752,370.5629577636719
77,68,2884.0,136.16712951660156,420.8450012207031
77,69,3042.0,287.173583984375,476.6814575195313
77,70,0.0,0.0,0.0
77,71,7157.0,144.9932861328125,339.5179443359375
77,72,3134.0,180.85960388183597,426.0401916503906
77,73,626.0,105.62460327148438,501.2332153320313
77,74,3154.0,63.51141357421875,111.81515502929688
77,75,5607.0,438.4399719238281,407.4975891113281
77,76,0.0,0.0,0.0
77,77,1214.0,15.373147010803224,95.64909362792967
77,78,1607.0,365.0286254882813,350.27130126953125
77,79,0.0,0.0,0.0
77,80,2308.0,32.41377639770508,239.4605712890625
77,81,0.0,0.0,0.0
77,82,0.0,0.0,0.0
77,83,6530.0,58.01010894775391,286.3182373046875
77,84,4020.0,381.7442932128906,101.30696868896484
77,85,0.0,0.0,0.0
77,86,0.0,0.0,0.0
77,87,2677.0,369.3362121582031,239.9730987548828
77,88,4961.0,113.33904266357422,61.09735870361328
77,89,3935.0,480.5240173339844,169.8043212890625
77,90,1068.0,8.685393333435059,295.0177917480469
77,91,0.0,0.0,0.0
77,92,3844.0,435.1415100097656,51.60171508789063
77,93,2952.0,304.7025756835937,229.6761474609375
77,94,3942.0,316.9705810546875,346.9840087890625
77,95,4240.0,274.1922302246094,73.00023651123047
77,96,3534.0,236.69949340820312,19.794849395751957
77,97,0.0,0.0,0.0
77,98,0.0,0.0,0.0
77,99,1943.0,493.7071533203125,314.7452392578125
77,100,4419.0,227.2491455078125,353.662353515625
77,101,0.0,0.0,0.0
77,102,0.0,0.0,0.0
77,103,0.0,0.0,0.0
77,104,3318.0,30.201929092407227,54.56027603149414
77,105,1391.0,497.0280456542969,90.14737701416016
77,106,3260.0,464.7429504394531,281.4819030761719
77,107,0.0,0.0,0.0
77,108,0.0,0.0,0.0
77,109,0.0,0.0,0.0
77,110,0.0,0.0,0.0
77,111,2264.0,382.4284362792969,30.32508850097656
77,112,0.0,0.0,0.0
77,113,1257.0,308.1241149902344,13.35401725769043
77,114,0.0,0.0,0.0
77,115,0.0,0.0,0.0
77,116,0.0,0.0,0.0
77,117,3818.0,481.590087890625,32.2933464050293
77,118,1787.0,164.61163330078125,21.322328567504883
77,119,0.0,0.0,0.0
77,120,2856.0,88.71253204345703,424.1761169433594
77,121,0.0,0.0,0.0
77,122,2317.0,97.39922332763672,16.285282135009766
77,123,0.0,0.0,0.0
77,124,2159.0,44.45854568481445,22.727651596069336
77,125,661.0,408.3645935058594,9.039334297180176
77,126,0.0,0.0,0.0
77,127,3510.0,491.7575378417969,385.1846008300781
77,128,0.0,0.0,0.0
77,129,0.0,0.0,0.0
77,130,0.0,0.0,0.0
77,131,0.0,0.0,0.0
77,132,0.0,0.0,0.0
78,0,2450.0,330.74041748046875,263.7301940917969
78,1,1025.0,296.94732666015625,281.7873229980469
78,2,855.0,407.0257263183594,378.5590515136719
78,3,6047.0,154.07408142089844,115.22887420654295
78,4,0.0,0.0,0.0
78,5,0.0,0.0,0.0
78,6,5003.0,424.437744140625,332.96661376953125
78,7,3430.0,229.3717193603516,123.59912872314452
78,8,3409.0,328.61602783203125,154.8119659423828
78,9,2684.0,272.0711669921875,156.92510986328125
78,10,1407.0,301.14215087890625,194.21534729003903
78,11,2309.0,183.4131622314453,234.1641387939453
78,12,4359.0,191.809814453125,284.4432067871094
78,13,3001.0,402.7094421386719,273.7447509765625
78,14,0.0,0.0,0.0
78,15,7202.0,333.3315734863281,66.86212158203125
78,16,3391.0,464.367431640625,112.89413452148438
78,17,4430.0,85.94334411621094,169.02166748046875
78,18,3595.0,410.9026489257813,144.61251831054688
78,19,3089.0,365.7983093261719,191.6105499267578
78,20,4757.0,205.975830078125,174.80239868164062
78,21,0.0,0.0,0.0
78,22,0.0,0.0,0.0
78,23,2464.0,245.2548675537109,217.3689117431641
78,24,4567.0,471.6441955566406,235.0341644287109
78,25,4076.0,127.63395690917967,269.76080322265625
78,26,2668.0,369.2998352050781,391.9722595214844
78,27,3347.0,210.4317321777344,428.76068115234375
78,28,2407.0,250.01080322265625,440.7864685058594
78,29,4127.0,22.89580726623535,138.226806640625
78,30,2859.0,104.09233856201172,364.8835144042969
78,31,3170.0,291.237548828125,414.72113037109375
78,32,1187.0,424.6301574707031,460.9241638183594
78,33,2612.0,51.10873031616211,369.6726684570313
78,34,3760.0,354.2013244628906,436.78802490234375
78,35,2996.0,25.113819122314453,207.67022705078125
78,36,3824.0,141.80413818359375,195.62814331054688
78,37,4025.0,32.03726577758789,433.9207458496094
78,38,2140.0,178.4210205078125,487.8583984375
78,39,5102.0,473.8929748535156,474.8049926757813
78,40,2313.0,405.17681884765625,491.7366943359375
78,41,1867.0,137.8623504638672,485.1858520507813
78,42,3641.0,66.44410705566406,488.2881164550781
78,43,0.0,0.0,0.0
78,44,1825.0,94.4465789794922,225.2021942138672
78,45,3098.0,421.3292541503906,204.3101959228516
78,46,0.0,0.0,0.0
78,47,1681.0,103.40036010742188,466.0059509277344
78,48,0.0,0.0,0.0
78,49,1833.0,228.3666076660156,494.1080322265625
78,50,3348.0,338.721923828125,488.2858276367188
78,51,0.0,0.0,0.0
78,52,0.0,0.0,0.0
78,53,2432.0,356.7240905761719,306.57977294921875
78,54,0.0,0.0,0.0
78,55,0.0,0.0,0.0
78,56,0.0,0.0,0.0
78,57,0.0,0.0,0.0
78,58,0.0,0.0,0.0
78,59,0.0,0.0,0.0
78,60,3497.0,251.35287475585935,269.1615600585937
78,61,4409.0,274.1531066894531,342.7334899902344
78,62,0.0,0.0,0.0
78,63,0.0,0.0,0.0
78,64,4120.0,207.64781188964844,62.31602096557617
78,65,1119.0,14.397676467895508,493.9052734375
78,66,0.0,0.0,0.0
78,67,2438.0,15.80229663848877,372.1497192382813
78,68,2781.0,134.28765869140625,419.7950439453125
78,69,3419.0,286.9739685058594,475.8364868164063
78,70,0.0,0.0,0.0
78,71,7186.0,144.36807250976562,340.1202392578125
78,72,3201.0,177.81661987304688,428.4417419433594
78,73,0.0,0.0,0.0
78,74,3540.0,57.55141067504883,108.22853088378906
78,75,6038.0,437.376953125,410.7598571777344
78,76,0.0,0.0,0.0
78,77,0.0,0.0,0.0
78,78,1698.0,364.7326354980469,351.0376892089844
78,79,0.0,0.0,0.0
78,80,1755.0,36.49458694458008,241.6700897216797
78,81,0.0,0.0,0.0
78,82,0.0,0.0,0.0
78,83,6300.0,55.57317352294922,289.0501708984375
78,84,3340.0,374.1634826660156,109.49401092529295
78,85,0.0,0.0,0.0
78,86,0.0,0.0,0.0
78,87,2445.0,368.0875244140625,239.2061309814453
78,88,5726.0,110.56077575683594,65.06671142578125
78,89,3783.0,478.2574768066406,170.08114624023438
78,90,1044.0,8.049808502197266,293.6063232421875
78,91,0.0,0.0,0.0
78,92,4397.0,430.7746276855469,57.72686004638672
78,93,2679.0,302.02203369140625,230.33706665039065
78,94,3681.0,315.7142028808594,350.8880615234375
78,95,4213.0,276.367919921875,70.15428161621094
78,96,3602.0,237.6910095214844,23.041088104248047
78,97,0.0,0.0,0.0
78,98,0.0,0.0,0.0
78,99,1941.0,493.5950622558594,313.2658386230469
78,100,4199.0,227.68516540527344,351.2948303222656
78,101,0.0,0.0,0.0
78,102,0.0,0.0,0.0
78,103,0.0,0.0,0.0
78,104,3715.0,34.74750900268555,48.155853271484375
78,105,1301.0,497.0699462890625,92.38201141357422
78,106,2920.0,464.1667785644531,282.6239624023437
78,107,0.0,0.0,0.0
78,108,0.0,0.0,0.0
78,109,0.0,0.0,0.0
78,110,0.0,0.0,0.0
78,111,2258.0,382.3175354003906,33.31930923461914
78,112,0.0,0.0,0.0
78,113,911.0,310.8397216796875,12.278814315795898
78,114,0.0,0.0,0.0
78,115,0.0,0.0,0.0
78,116,0.0,0.0,0.0
78,117,4022.0,481.21331787109375,33.22600555419922
78,118,1091.0,166.92575073242188,31.762603759765625
78,119,0.0,0.0,0.0
78,120,2760.0,87.32536315917969,423.8612365722656
78,121,0.0,0.0,0.0
78,122,1953.0,89.4731216430664,17.818740844726562
78,123,0.0,0.0,0.0
78,124,0.0,0.0,0.0
78,125,826.0,408.3171997070313,12.790556907653809
78,126,0.0,0.0,0.0
78,127,3450.0,491.74462890625,382.2052307128906
78,128,1324.0,151.8844451904297,10.044562339782717
78,129,170.0,504.6588134765625,200.18235778808597
78,130,0.0,0.0,0.0
78,131,0.0,0.0,0.0
78,132,0.0,0.0,0.0
79,0,2362.0,333.61981201171875,261.7375183105469
79,1,953.0,300.0545654296875,280.9003295898437
79,2,381.0,409.073486328125,386.4986877441406
79,3,6736.0,153.33892822265625,116.53087615966795
79,4,0.0,0.0,0.0
79,5,0.0,0.0,0.0
79,6,4761.0,425.0794067382813,332.8968811035156
79,7,3585.0,232.21925354003903,125.72692108154295
79,8,3595.0,323.8653564453125,154.3379669189453
79,9,2105.0,272.4028625488281,155.85653686523438
79,10,1382.0,298.0166320800781,194.419677734375
79,11,2381.0,184.7950439453125,234.13397216796875
79,12,4415.0,190.0867462158203,286.2733764648437
79,13,3279.0,397.55078125,274.4153747558594
79,14,0.0,0.0,0.0
79,15,7408.0,333.76971435546875,66.65119171142578
79,16,3946.0,465.0349731445313,112.29903411865234
79,17,4586.0,85.32359313964844,168.08416748046875
79,18,3522.0,407.0085144042969,144.82395935058594
79,19,3142.0,361.8376770019531,192.01495361328125
79,20,4578.0,206.34600830078125,175.22412109375
79,21,0.0,0.0,0.0
79,22,0.0,0.0,0.0
79,23,2517.0,244.6630859375,217.14183044433597
79,24,4712.0,472.4556579589844,235.9794158935547
79,25,4073.0,126.68082427978516,271.3250732421875
79,26,2656.0,369.6984252929688,392.3162536621094
79,27,3358.0,206.73883056640625,428.0946960449219
79,28,2289.0,248.96897888183597,439.48187255859375
79,29,3673.0,26.14783477783203,149.0732421875
79,30,3012.0,103.40371704101562,365.0458068847656
79,31,3150.0,290.0577697753906,415.6993713378906
79,32,1259.0,424.9459838867188,461.1532897949219
79,33,2631.0,49.12162780761719,367.5921630859375
79,34,4018.0,352.5137023925781,436.9813232421875
79,35,2374.0,25.251474380493164,206.92922973632807
79,36,3690.0,142.03712463378906,197.7918701171875
79,37,3761.0,31.42674827575684,430.69183349609375
79,38,2399.0,183.59983825683597,485.0291748046875
79,39,5062.0,473.3204345703125,474.8897705078125
79,40,2304.0,403.9327392578125,491.2026977539063
79,41,1855.0,137.90782165527344,485.375732421875
79,42,3116.0,54.47721481323242,483.5523071289063
79,43,0.0,0.0,0.0
79,44,2158.0,91.06533813476562,224.48655700683597
79,45,3343.0,419.4068298339844,204.43344116210935
79,46,0.0,0.0,0.0
79,47,1662.0,102.97232055664062,465.5950622558594
79,48,131.0,251.0381622314453,506.4503784179688
79,49,1633.0,225.8738555908203,492.09674072265625
79,50,3077.0,339.0256652832031,490.60546875
79,51,0.0,0.0,0.0
79,52,0.0,0.0,0.0
79,53,2210.0,357.3932189941406,308.3271484375
79,54,0.0,0.0,0.0
79,55,0.0,0.0,0.0
79,56,0.0,0.0,0.0
79,57,0.0,0.0,0.0
79,58,0.0,0.0,0.0
79,59,0.0,0.0,0.0
79,60,3681.0,251.10595703125,270.90789794921875
79,61,4454.0,275.0098876953125,341.7916564941406
79,62,0.0,0.0,0.0
79,63,0.0,0.0,0.0
79,64,4761.0,203.10459899902344,58.70867538452149
79,65,1059.0,14.415486335754396,494.3616638183594
79,66,0.0,0.0,0.0
79,67,2233.0,15.090909004211426,372.6041259765625
79,68,2837.0,131.7536163330078,419.2939758300781
79,69,3594.0,286.3920288085937,476.6474609375
79,70,0.0,0.0,0.0
79,71,7280.0,141.39944458007812,339.3145751953125
79,72,3002.0,174.71185302734375,425.6082763671875
79,73,0.0,0.0,0.0
79,74,3600.0,54.26583480834961,103.5633316040039
79,75,6061.0,436.5753173828125,409.5646057128906
79,76,0.0,0.0,0.0
79,77,0.0,0.0,0.0
79,78,2103.0,370.7389526367188,353.7465515136719
79,79,0.0,0.0,0.0
79,80,1832.0,27.66866874694824,243.1462860107422
79,81,0.0,0.0,0.0
79,82,0.0,0.0,0.0
79,83,5857.0,54.59501266479492,286.9677429199219
79,84,3377.0,376.4764709472656,107.87088775634766
79,85,0.0,0.0,0.0
79,86,0.0,0.0,0.0
79,87,2025.0,366.16888427734375,234.8632049560547
79,88,6297.0,111.30347442626952,60.6585693359375
79,89,3603.0,474.8126525878906,170.11546325683594
79,90,1069.0,8.573432922363281,296.2628479003906
79,91,0.0,0.0,0.0
79,92,4018.0,431.9402770996094,54.97187805175781
79,93,2717.0,299.5564880371094,231.7294769287109
79,94,3873.0,316.18048095703125,350.59771728515625
79,95,3837.0,277.3268127441406,70.79827880859375
79,96,3930.0,239.4228973388672,24.102035522460938
79,97,0.0,0.0,0.0
79,98,0.0,0.0,0.0
79,99,1998.0,492.4989929199219,312.3092956542969
79,100,4141.0,227.9468688964844,352.155517578125
79,101,0.0,0.0,0.0
79,102,0.0,0.0,0.0
79,103,0.0,0.0,0.0
79,104,3577.0,34.94464492797852,41.30668258666992
79,105,1166.0,495.7770080566406,86.60891723632812
79,106,2772.0,458.8279113769531,283.64141845703125
79,107,0.0,0.0,0.0
79,108,0.0,0.0,0.0
79,109,0.0,0.0,0.0
79,110,0.0,0.0,0.0
79,111,2080.0,382.3014526367188,31.516826629638672
79,112,0.0,0.0,0.0
79,113,547.0,308.9232177734375,12.45155429840088
79,114,0.0,0.0,0.0
79,115,0.0,0.0,0.0
79,116,0.0,0.0,0.0
79,117,3801.0,480.6714172363281,31.942646026611328
79,118,0.0,0.0,0.0
79,119,0.0,0.0,0.0
79,120,2672.0,84.18038940429688,425.1751403808594
79,121,0.0,0.0,0.0
79,122,1475.0,93.7708511352539,16.901695251464844
79,123,0.0,0.0,0.0
79,124,0.0,0.0,0.0
79,125,887.0,409.0326843261719,19.969560623168945
79,126,0.0,0.0,0.0
79,127,3483.0,491.0120544433594,381.8877258300781
79,128,1195.0,161.2811737060547,11.664435386657717
79,129,320.0,502.5812377929688,196.7406311035156
79,130,824.0,9.031553268432615,90.55097198486328
79,131,787.0,101.48284912109376,499.57177734375
79,132,0.0,0.0,0.0
