frame,label,area,centroid_x,centroid_y
0,0,2665.0,20.75909996032715,34.40074920654297
0,1,3198.0,73.48030090332031,19.590368270874023
0,2,3357.0,155.17068481445312,18.68185806274414
0,3,3634.0,242.9265289306641,26.759218215942383
0,4,3213.0,297.92437744140625,30.807344436645508
0,5,5065.0,360.8728637695313,30.604541778564453
0,6,5482.0,417.970458984375,45.950931549072266
0,7,800.0,483.9912414550781,8.762499809265137
0,8,3484.0,488.4925231933594,53.23851776123047
0,9,4389.0,183.4014587402344,60.96104049682617
0,10,1908.0,92.6771469116211,56.12997817993164
0,11,3959.0,241.48497009277344,103.26092529296876
0,12,2424.0,130.6452178955078,83.91295623779297
0,13,2288.0,440.970703125,84.24868774414062
0,14,1707.0,29.615114212036133,73.41710662841797
0,15,2281.0,311.1253967285156,89.45506286621094
0,16,1011.0,357.8536071777344,86.55192565917969
0,17,6815.0,53.0066032409668,124.97344207763672
0,18,1427.0,97.28801727294922,98.89698791503906
0,19,1509.0,486.8813781738281,104.49900817871094
0,20,2808.0,444.2799072265625,136.77920532226562
0,21,3099.0,185.9344940185547,116.6731185913086
0,22,6921.0,340.9800720214844,148.7847137451172
0,23,2195.0,140.370849609375,140.9193572998047
0,24,1700.0,287.83941650390625,146.1117706298828
0,25,612.0,7.168300628662109,142.4084930419922
0,26,2288.0,484.1241149902344,151.45716857910156
0,27,2826.0,106.6740951538086,172.4104766845703
0,28,1765.0,189.61245727539065,156.52804565429688
0,29,3961.0,379.4857482910156,188.0396423339844
0,30,8513.0,234.5315399169922,211.69564819335935
0,31,2909.0,272.8171081542969,180.92127990722656
0,32,5402.0,38.32598876953125,197.7823028564453
0,33,1647.0,497.8494262695313,190.7735290527344
0,34,3581.0,449.3406982421875,199.46942138671875
0,35,3014.0,151.05972290039062,207.30856323242188
0,36,2179.0,377.9031677246094,231.41624450683597
0,37,4440.0,322.1641845703125,259.40045166015625
0,38,2312.0,105.13494873046876,231.86764526367188
0,39,8589.0,408.5386047363281,274.1945495605469
0,40,1987.0,492.0925903320313,246.9340667724609
0,41,1899.0,37.13901901245117,244.6998443603516
0,42,2842.0,165.15481567382812,260.6375732421875
0,43,2880.0,226.99131774902344,261.34130859375
0,44,665.0,6.645112991333008,269.783447265625
0,45,2277.0,112.45718383789062,273.1954345703125
0,46,1096.0,19.38047409057617,293.621337890625
0,47,8339.0,466.6644592285156,321.6507873535156
0,48,2381.0,272.64971923828125,299.39520263671875
0,49,1850.0,178.270263671875,307.2518920898437
0,50,7138.0,50.58559799194336,333.7544250488281
0,51,2718.0,119.78844451904295,321.076171875
0,52,1433.0,312.0230407714844,347.3126220703125
0,53,2372.0,370.6897277832031,340.8524475097656
0,54,3377.0,165.3745880126953,354.19158935546875
0,55,2250.0,218.8782196044922,307.5506591796875
0,56,5999.0,256.2115478515625,358.1185302734375
0,57,1601.0,397.78076171875,378.8544616699219
0,58,2342.0,122.91033172607422,372.7083740234375
0,59,1843.0,198.46121215820312,382.1524658203125
0,60,2216.0,344.9372863769531,380.2346496582031
0,61,1022.0,17.68101692199707,382.378662109375
0,62,1911.0,79.63422393798828,387.0617370605469
0,63,7125.0,460.8885498046875,435.64111328125
0,64,2294.0,303.9032287597656,408.8605041503906
0,65,1939.0,354.6998596191406,417.4692993164063
0,66,2695.0,49.64007568359375,416.2359924316406
0,67,3771.0,216.840087890625,431.0935974121094
0,68,1932.0,423.1858215332031,397.939453125
0,69,2453.0,117.9029769897461,421.9559631347656
0,70,2075.0,164.64627075195312,425.0843505859375
0,71,2608.0,20.32246971130371,445.5831909179688
0,72,1691.0,375.7350769042969,437.8219909667969
0,73,3427.0,295.4327392578125,453.5199890136719
0,74,4048.0,391.582275390625,478.2761840820313
0,75,753.0,503.362548828125,460.2921752929688
0,76,1618.0,69.17552185058594,460.46478271484375
0,77,1983.0,120.19566345214844,461.04638671875
0,78,2734.0,180.0040283203125,479.1726379394531
0,79,2301.0,226.4958648681641,489.8052978515625
0,80,2520.0,329.11151123046875,491.3277893066406
0,81,1867.0,274.2571105957031,490.9405517578125
0,82,1115.0,25.13632202148437,484.6582946777344
0,83,2751.0,471.8255310058594,494.8091735839844
0,84,2154.0,128.0,495.3992614746094
0,85,1793.0,67.94757080078125,495.5114440917969
0,86,1561.0,274.3632202148437,90.88020324707033
0,87,411.0,507.4525451660156,385.0875854492188
0,88,1201.0,477.2423095703125,376.4554443359375
0,89,0.0,0.0,0.0
0,90,0.0,0.0,0.0
0,91,0.0,0.0,0.0
0,92,1842.0,402.0439758300781,115.4706802368164
0,93,0.0,0.0,0.0
0,94,1846.0,331.6289367675781,321.8775634765625
0,95,0.0,0.0,0.0
0,96,1452.0,266.3636474609375,415.1515197753906
0,97,0.0,0.0,0.0
0,98,0.0,0.0,0.0
0,99,0.0,0.0,0.0
0,100,0.0,0.0,0.0
0,101,1868.0,57.6070671081543,272.2601623535156
0,102,0.0,0.0,0.0
0,103,501.0,18.157684326171875,504.670654296875
0,104,0.0,0.0,0.0
0,105,0.0,0.0,0.0
0,106,0.0,0.0,0.0
0,107,0.0,0.0,0.0
0,108,0.0,0.0,0.0
0,109,0.0,0.0,0.0
0,110,0.0,0.0,0.0
0,111,0.0,0.0,0.0
0,112,0.0,0.0,0.0
0,113,0.0,0.0,0.0
0,114,0.0,0.0,0.0
0,115,0.0,0.0,0.0
0,116,0.0,0.0,0.0
0,117,0.0,0.0,0.0
0,118,0.0,0.0,0.0
0,119,0.0,0.0,0.0
0,120,0.0,0.0,0.0
1,0,2474.0,22.132577896118164,31.28173065185547
1,1,2888.0,72.98857116699219,18.004501342773438
1,2,2568.0,150.88784790039062,15.294781684875488
1,3,3446.0,242.2397003173828,24.855484008789062
1,4,3117.0,298.1748352050781,29.918190002441406
1,5,4759.0,359.38348388671875,30.212860107421875
1,6,5210.0,419.6694946289063,40.952781677246094
1,7,616.0,489.2402648925781,7.564935207366943
1,8,3650.0,485.7917785644531,50.9684944152832
1,9,4990.0,183.0172271728516,55.28837585449219
1,10,1935.0,90.24392700195312,52.84909439086914
1,11,4263.0,241.4766540527344,102.15857696533205
1,12,2273.0,129.0167236328125,77.32247924804688
1,13,1956.0,439.8527526855469,81.09764862060547
1,14,1525.0,25.04262351989746,69.39803314208984
1,15,2094.0,308.87725830078125,86.60840606689453
1,16,982.0,365.33197021484375,83.16598510742188
1,17,7044.0,50.99375534057617,121.04869079589844
1,18,1356.0,96.5744857788086,94.8185806274414
1,19,1427.0,480.9292297363281,100.29572296142578
1,20,2324.0,441.9199523925781,131.49053955078125
1,21,2434.0,186.9880828857422,109.73007202148438
1,22,7499.0,339.6498107910156,144.01412963867188
1,23,3009.0,144.07777404785156,135.26654052734375
1,24,1516.0,287.78033447265625,144.3970947265625
1,25,483.0,6.38095235824585,140.27536010742188
1,26,1642.0,497.8714904785156,133.93971252441406
1,27,3054.0,105.35166931152344,167.82972717285156
1,28,2143.0,189.07652282714844,155.62762451171875
1,29,3493.0,376.18408203125,187.03549194335935
1,30,8387.0,237.1317443847656,208.86122131347656
1,31,2508.0,268.7137145996094,172.19337463378906
1,32,5275.0,36.30824661254883,195.36834716796875
1,33,1495.0,497.5310974121094,189.40133666992188
1,34,5070.0,449.5242614746094,182.62387084960935
1,35,2901.0,149.5977325439453,206.67459106445312
1,36,2181.0,378.364501953125,228.12196350097656
1,37,4570.0,320.765869140625,257.8980407714844
1,38,2366.0,101.15637969970705,228.2620391845703
1,39,8253.0,409.3736877441406,269.4216613769531
1,40,2379.0,490.1160278320313,242.34005737304688
1,41,1826.0,35.32530212402344,243.19058227539065
1,42,2931.0,163.51962280273438,259.24395751953125
1,43,3193.0,226.9423675537109,257.9993591308594
1,44,506.0,6.584980010986328,265.8201599121094
1,45,2309.0,111.64616394042967,270.49761962890625
1,46,1663.0,22.910402297973636,288.1040344238281
1,47,8856.0,464.2264099121094,321.0546569824219
1,48,2271.0,270.4302062988281,295.1356201171875
1,49,1556.0,176.72044372558594,304.2564392089844
1,50,7032.0,49.83447265625,332.7006530761719
1,51,2693.0,119.85406494140624,317.1930847167969
1,52,1740.0,309.67413330078125,340.90057373046875
1,53,2992.0,370.9949951171875,335.28875732421875
1,54,2696.0,168.3112030029297,345.6958312988281
1,55,2268.0,216.41622924804688,306.7323608398437
1,56,6023.0,255.5769500732422,354.84442138671875
1,57,1495.0,395.82073974609375,383.149169921875
1,58,3280.0,126.72286224365234,370.6463317871094
1,59,1798.0,199.573974609375,377.62347412109375
1,60,1978.0,345.89129638671875,376.578857421875
1,61,1097.0,19.40382957458496,383.2388305664063
1,62,1704.0,77.01819610595703,386.2012939453125
1,63,7299.0,461.4534912109375,432.2804565429688
1,64,2565.0,306.1664733886719,406.18011474609375
1,65,1882.0,355.5951232910156,415.9452819824219
1,66,1846.0,58.61050796508789,417.4853820800781
1,67,3663.0,217.2582550048828,426.49029541015625
1,68,1714.0,420.1983642578125,400.33837890625
1,69,2736.0,117.90606689453124,418.5080261230469
1,70,2095.0,165.37135314941406,423.830078125
1,71,3388.0,20.88990592956543,438.9964599609375
1,72,1140.0,374.97369384765625,434.4903564453125
1,73,3159.0,293.3295288085937,449.1215515136719
1,74,4132.0,393.4121398925781,474.1168823242188
1,75,653.0,503.4961853027344,459.8836059570313
1,76,1667.0,70.43671417236328,459.090576171875
1,77,1937.0,120.27362060546876,459.8157043457031
1,78,3022.0,180.8676300048828,476.4622802734375
1,79,2449.0,227.6961975097656,488.5242919921875
1,80,3479.0,329.7142944335937,487.41448974609375
1,81,1829.0,272.9158020019531,488.6156311035156
1,82,957.0,26.60292625427246,483.8213195800781
1,83,3017.0,470.278076171875,494.1620788574219
1,84,1512.0,134.2890167236328,490.91998291015625
1,85,1745.0,68.44985961914062,494.30657958984375
1,86,1415.0,274.738525390625,86.25865936279297
1,87,499.0,506.4729309082031,382.55511474609375
1,88,1010.0,476.1485290527344,374.4010009765625
1,89,772.0,114.7305679321289,504.09326171875
1,90,0.0,0.0,0.0
1,91,0.0,0.0,0.0
1,92,2031.0,401.4977722167969,112.54258728027344
1,93,0.0,0.0,0.0
1,94,1549.0,332.5519714355469,321.5765075683594
1,95,0.0,0.0,0.0
1,96,1364.0,267.0953063964844,412.3328552246094
1,97,0.0,0.0,0.0
1,98,0.0,0.0,0.0
1,99,0.0,0.0,0.0
1,100,0.0,0.0,0.0
1,101,1494.0,62.2603759765625,269.1151123046875
1,102,0.0,0.0,0.0
1,103,662.0,19.610271453857425,503.4471435546875
1,104,0.0,0.0,0.0
1,105,0.0,0.0,0.0
1,106,0.0,0.0,0.0
1,107,0.0,0.0,0.0
1,108,0.0,0.0,0.0
1,109,0.0,0.0,0.0
1,110,0.0,0.0,0.0
1,111,0.0,0.0,0.0
1,112,0.0,0.0,0.0
1,113,0.0,0.0,0.0
1,114,0.0,0.0,0.0
1,115,0.0,0.0,0.0
1,116,0.0,0.0,0.0
1,117,0.0,0.0,0.0
1,118,0.0,0.0,0.0
1,119,0.0,0.0,0.0
1,120,0.0,0.0,0.0
2,0,2235.0,21.24474334716797,29.525279998779297
2,1,2787.0,71.87442016601562,17.055255889892578
2,2,2419.0,152.23521423339844,14.27077293395996
2,3,3095.0,239.71664428710935,23.5279483795166
2,4,3060.0,295.5568542480469,26.99150276184082
2,5,4364.0,360.1844787597656,27.75320816040039
2,6,4568.0,427.20751953125,34.65696334838867
2,7,0.0,0.0,0.0
2,8,3723.0,486.7249450683594,40.10609817504883
2,9,5071.0,180.49655151367188,54.0266227722168
2,10,1809.0,88.4991683959961,50.26313018798828
2,11,3220.0,242.95217895507807,107.1090087890625
2,12,2337.0,127.10183715820312,75.4574203491211
2,13,1818.0,440.9823913574219,81.71836853027344
2,14,1266.0,25.460506439208984,63.7788314819336
2,15,2617.0,308.4260559082031,79.17156982421875
2,16,1584.0,371.8364868164063,74.81944274902344
2,17,7125.0,47.951438903808594,116.50021362304688
2,18,1305.0,93.30804443359376,90.39769744873048
2,19,1670.0,483.3437194824219,94.92035675048828
2,20,2469.0,446.0635986328125,130.20494079589844
2,21,2269.0,185.19039916992188,107.5575180053711
2,22,7406.0,338.7088928222656,140.32217407226562
2,23,2831.0,141.4729766845703,132.96644592285156
2,24,1379.0,288.0094299316406,140.49093627929688
2,25,371.0,6.053908348083496,139.7223663330078
2,26,1409.0,497.5521545410156,129.05393981933594
2,27,3330.0,104.06275939941406,164.56185913085938
2,28,2588.0,193.2561798095703,149.13369750976562
2,29,3389.0,371.4703369140625,182.9696044921875
2,30,8738.0,235.4351043701172,208.27603149414065
2,31,2884.0,271.828369140625,171.75970458984375
2,32,5461.0,35.27705383300781,193.65464782714844
2,33,1384.0,498.7059326171875,180.37571716308597
2,34,4767.0,447.8078308105469,178.93203735351562
2,35,2895.0,147.9046630859375,203.79653930664065
2,36,3139.0,379.2867126464844,223.22555541992188
2,37,4167.0,320.6337890625,257.14013671875
2,38,2269.0,99.32349395751952,225.58969116210935
2,39,6558.0,415.105224609375,259.4185791015625
2,40,2832.0,488.8343811035156,235.8788909912109
2,41,1822.0,36.32930755615234,243.3051605224609
2,42,2656.0,161.29104614257812,255.7899169921875
2,43,3062.0,225.36642456054688,256.3478088378906
2,44,0.0,0.0,0.0
2,45,2281.0,110.84612274169922,266.7816772460937
2,46,2187.0,20.863740921020508,280.83172607421875
2,47,8344.0,465.9319152832031,315.7682189941406
2,48,2185.0,269.7313537597656,292.5826110839844
2,49,1518.0,173.82740783691406,297.7476806640625
2,50,7213.0,49.05864334106445,330.5160217285156
2,51,2608.0,119.08243560791016,312.6483764648437
2,52,1604.0,309.8734436035156,338.6091003417969
2,53,4490.0,374.48284912109375,325.3169250488281
2,54,3309.0,168.8890838623047,345.86944580078125
2,55,2299.0,213.9925994873047,302.67291259765625
2,56,6350.0,255.6724395751953,351.810546875
2,57,1915.0,404.2349853515625,373.24072265625
2,58,3120.0,121.59358978271484,365.5859069824219
2,59,1682.0,200.3162841796875,378.4512634277344
2,60,2029.0,347.0872497558594,375.3119812011719
2,61,895.0,17.079330444335938,381.9899291992188
2,62,1696.0,75.09493255615234,384.1986999511719
2,63,7091.0,462.2532653808594,428.7447509765625
2,64,2597.0,305.2002258300781,403.388916015625
2,65,1750.0,355.6902770996094,412.4845581054688
2,66,1814.0,59.84288787841797,416.0203857421875
2,67,3560.0,218.34634399414065,424.5643310546875
2,68,1283.0,419.3585205078125,399.6687316894531
2,69,2869.0,119.44928741455078,414.9243774414063
2,70,2075.0,165.80145263671875,421.56048583984375
2,71,3530.0,20.899433135986328,437.3436279296875
2,72,1077.0,379.4419555664063,426.2572021484375
2,73,3396.0,296.0344543457031,446.50146484375
2,74,4601.0,393.7654724121094,470.7378845214844
2,75,812.0,502.6046752929688,456.4556579589844
2,76,1662.0,69.24970245361328,457.1949462890625
2,77,2000.0,119.0530014038086,457.510986328125
2,78,2982.0,181.26828002929688,473.02783203125
2,79,2597.0,228.30882263183597,486.7489318847656
2,80,3795.0,328.0611267089844,485.69775390625
2,81,1706.0,272.2813720703125,489.15533447265625
2,82,934.0,26.839401245117188,483.724853515625
2,83,3242.0,468.2507629394531,493.8374328613281
2,84,1601.0,140.85321044921875,490.9000549316406
2,85,1745.0,66.98051452636719,493.071044921875
2,86,1977.0,258.0065612792969,73.24178314208984
2,87,742.0,503.41510009765625,372.7169799804688
2,88,995.0,465.79095458984375,371.8582763671875
2,89,1118.0,113.39981842041016,501.7638549804688
2,90,0.0,0.0,0.0
2,91,0.0,0.0,0.0
2,92,2215.0,402.5331726074219,106.33995819091795
2,93,0.0,0.0,0.0
2,94,1500.0,331.2453308105469,320.148681640625
2,95,0.0,0.0,0.0
2,96,1214.0,266.3665466308594,410.9093933105469
2,97,0.0,0.0,0.0
2,98,0.0,0.0,0.0
2,99,0.0,0.0,0.0
2,100,0.0,0.0,0.0
2,101,1137.0,64.08354949951172,267.0211181640625
2,102,0.0,0.0,0.0
2,103,654.0,18.9678897857666,503.4923400878906
2,104,0.0,0.0,0.0
2,105,0.0,0.0,0.0
2,106,0.0,0.0,0.0
2,107,0.0,0.0,0.0
2,108,0.0,0.0,0.0
2,109,0.0,0.0,0.0
2,110,0.0,0.0,0.0
2,111,0.0,0.0,0.0
2,112,0.0,0.0,0.0
2,113,0.0,0.0,0.0
2,114,0.0,0.0,0.0
2,115,0.0,0.0,0.0
2,116,0.0,0.0,0.0
2,117,0.0,0.0,0.0
2,118,0.0,0.0,0.0
2,119,0.0,0.0,0.0
2,120,0.0,0.0,0.0
3,0,2204.0,20.41061782836914,30.56624412536621
3,1,2538.0,68.29472351074219,15.708037376403809
3,2,1532.0,136.1690673828125,12.714752197265623
3,3,2657.0,240.0888214111328,22.53293228149414
3,4,3057.0,293.9977111816406,26.11808967590332
3,5,3915.0,360.25848388671875,24.775222778320312
3,6,4394.0,425.22552490234375,33.36754608154297
3,7,0.0,0.0,0.0
3,8,3514.0,485.8380737304688,36.56402969360352
3,9,5878.0,180.15005493164065,44.873085021972656
3,10,1729.0,85.45864868164062,46.49566268920898
3,11,3205.0,241.76629638671875,103.87145233154295
3,12,2193.0,123.0761489868164,69.02325439453125
3,13,2849.0,443.0793151855469,82.51737213134766
3,14,810.0,24.708641052246094,61.22468948364258
3,15,2527.0,307.576171875,75.65967559814453
3,16,1483.0,366.1065368652344,71.15779113769531
3,17,7211.0,44.78893280029297,113.08195495605467
3,18,1354.0,90.56868743896484,87.84046936035156
3,19,1151.0,495.0321350097656,87.43006134033203
3,20,2590.0,449.2884216308594,127.15714263916016
3,21,2412.0,182.6044769287109,101.0414581298828
3,22,7353.0,337.57159423828125,135.68380737304688
3,23,3071.0,138.10940551757812,127.5486831665039
3,24,1388.0,286.5677185058594,139.21829223632812
3,25,273.0,5.0,140.3369903564453
3,26,1515.0,497.1861267089844,128.4026336669922
3,27,3261.0,101.69027709960938,160.81048583984375
3,28,2576.0,193.52212524414065,142.83773803710938
3,29,3275.0,366.7215270996094,181.0903778076172
3,30,8939.0,232.78543090820312,202.1775360107422
3,31,2593.0,272.2591552734375,169.09217834472656
3,32,5306.0,34.301544189453125,191.9374237060547
3,33,1416.0,497.8976135253906,180.1885528564453
3,34,4771.0,443.0350036621094,175.3219451904297
3,35,2874.0,146.90744018554688,199.57167053222656
3,36,3958.0,379.7574462890625,222.0245056152344
3,37,4116.0,318.552734375,257.0702209472656
3,38,2501.0,98.98560333251952,222.0419769287109
3,39,3759.0,426.0720825195313,247.8228302001953
3,40,3188.0,486.4203186035156,233.38771057128903
3,41,1753.0,38.140899658203125,240.84368896484372
3,42,2541.0,161.0228271484375,252.39669799804688
3,43,3310.0,228.34591674804688,253.06887817382807
3,44,0.0,0.0,0.0
3,45,2328.0,109.99054718017578,264.1778259277344
3,46,2315.0,21.19222450256348,278.2159729003906
3,47,8106.0,466.1841735839844,312.0265197753906
3,48,2131.0,267.0023498535156,290.3106384277344
3,49,1957.0,174.71128845214844,295.6039733886719
3,50,7335.0,48.44649124145508,329.7436828613281
3,51,2355.0,119.29341888427734,307.91973876953125
3,52,1719.0,311.04248046875,334.4101257324219
3,53,6268.0,379.5820007324219,309.1705627441406
3,54,3343.0,170.76397705078125,346.2070007324219
3,55,1746.0,213.97537231445312,295.15692138671875
3,56,6568.0,256.3941955566406,347.6892395019531
3,57,1976.0,405.6224670410156,364.951416015625
3,58,3289.0,120.18607330322266,358.8485717773437
3,59,1947.0,200.8541412353516,376.4889526367188
3,60,2037.0,349.4717712402344,373.2778625488281
3,61,738.0,17.788618087768555,381.9444580078125
3,62,1658.0,74.30216979980469,382.4927673339844
3,63,6136.0,459.7337036132813,426.240234375
3,64,2451.0,307.7388916015625,399.94329833984375
3,65,1686.0,355.1002502441406,411.1636962890625
3,66,1750.0,60.33200073242188,414.9622802734375
3,67,3403.0,219.565673828125,421.5462951660156
3,68,1832.0,424.20416259765625,390.7527160644531
3,69,3195.0,120.43411254882812,412.5151672363281
3,70,1961.0,167.04437255859375,421.4400939941406
3,71,3550.0,20.62957763671875,434.66986083984375
3,72,1312.0,378.4527587890625,422.7088317871094
3,73,3411.0,295.07037353515625,442.6441040039063
3,74,4704.0,395.0956726074219,467.54400634765625
3,75,1319.0,500.76953125,450.6322937011719
3,76,1684.0,69.22981262207031,455.5552368164063
3,77,1911.0,118.85138702392578,456.1182556152344
3,78,2887.0,180.82264709472656,469.28369140625
3,79,3074.0,225.3506774902344,485.7449645996094
3,80,3952.0,328.73406982421875,485.1141052246094
3,81,1903.0,272.7640686035156,487.2685241699219
3,82,826.0,26.02542304992676,480.9878845214844
3,83,3501.0,464.0245666503906,493.8774719238281
3,84,1568.0,144.9432373046875,491.6026916503906
3,85,1805.0,66.7584457397461,491.1390686035156
3,86,1998.0,260.5460510253906,73.34534454345703
3,87,1317.0,500.7342529296875,374.8117065429688
3,88,475.0,469.01263427734375,369.4800109863281
3,89,1284.0,108.02725982666016,497.6869201660156
3,90,0.0,0.0,0.0
3,91,0.0,0.0,0.0
3,92,2077.0,399.4626770019531,106.40587615966795
3,93,0.0,0.0,0.0
3,94,1330.0,332.87518310546875,318.0014953613281
3,95,0.0,0.0,0.0
3,96,1189.0,268.2396850585937,406.27838134765625
3,97,0.0,0.0,0.0
3,98,0.0,0.0,0.0
3,99,0.0,0.0,0.0
3,100,0.0,0.0,0.0
3,101,1047.0,63.71060180664063,265.98663330078125
3,102,0.0,0.0,0.0
3,103,850.0,21.102352142333984,501.9529418945313
3,104,0.0,0.0,0.0
3,105,0.0,0.0,0.0
3,106,0.0,0.0,0.0
3,107,0.0,0.0,0.0
3,108,0.0,0.0,0.0
3,109,0.0,0.0,0.0
3,110,0.0,0.0,0.0
3,111,0.0,0.0,0.0
3,112,0.0,0.0,0.0
3,113,0.0,0.0,0.0
3,114,0.0,0.0,0.0
3,115,0.0,0.0,0.0
3,116,0.0,0.0,0.0
3,117,0.0,0.0,0.0
3,118,0.0,0.0,0.0
3,119,0.0,0.0,0.0
3,120,0.0,0.0,0.0
4,0,1832.0,18.714519500732425,27.18395233154297
4,1,2263.0,66.14450073242188,13.982324600219728
4,2,807.0,125.34696197509766,10.27509307861328
4,3,2244.0,240.5971527099609,21.107397079467773
4,4,2848.0,293.8532409667969,22.919944763183597
4,5,3783.0,360.383544921875,24.165212631225582
4,6,3777.0,423.4869079589844,31.466243743896484
4,7,0.0,0.0,0.0
4,8,3471.0,484.3932495117188,32.91674041748047
4,9,6225.0,177.21751403808594,38.35389709472656
4,10,1807.0,82.66187286376953,43.53237533569336
4,11,3246.0,242.2677154541016,98.30467987060548
4,12,2239.0,120.68959045410156,63.95578384399414
4,13,2711.0,446.4138793945313,77.35079193115234
4,14,934.0,25.874732971191406,55.502140045166016
4,15,2555.0,304.7424621582031,71.94559478759766
4,16,1710.0,368.3076171875,68.85438537597656
4,17,7220.0,41.59515380859375,110.5059585571289
4,18,1299.0,88.48652648925781,85.79061126708984
4,19,901.0,496.4595031738281,78.2774658203125
4,20,2428.0,453.9567565917969,121.90692138671876
4,21,2688.0,182.8017120361328,95.54501342773438
4,22,7532.0,337.74334716796875,131.66888427734375
4,23,3302.0,136.44851684570312,123.50968933105467
4,24,1722.0,287.8525085449219,143.23402404785156
4,25,21.0,0.0,135.85714721679688
4,26,1661.0,496.7573852539063,119.64599609375
4,27,3362.0,99.72784423828124,158.3521728515625
4,28,2710.0,192.48634338378903,139.87896728515625
4,29,2821.0,358.97198486328125,181.00177001953125
4,30,9088.0,228.30897521972656,198.2306365966797
4,31,2413.0,269.5975952148437,164.69705200195312
4,32,5241.0,33.45048522949219,189.7525329589844
4,33,1643.0,496.11077880859375,173.38404846191406
4,34,5177.0,437.2789306640625,167.72608947753906
4,35,2629.0,144.81893920898438,199.4758453369141
4,36,4924.0,384.8395690917969,216.9195709228516
4,37,4210.0,315.6961975097656,256.4603271484375
4,38,2555.0,98.17259979248048,218.2919769287109
4,39,2462.0,428.3363037109375,246.08367919921875
4,40,3577.0,485.2999572753906,231.1710968017578
4,41,1606.0,39.11893081665039,237.9296417236328
4,42,2538.0,161.6737518310547,251.80023193359372
4,43,3225.0,227.87628173828125,250.94883728027344
4,44,0.0,0.0,0.0
4,45,2343.0,109.58087921142578,260.8420715332031
4,46,2575.0,21.8780574798584,275.50018310546875
4,47,8067.0,463.6998901367188,309.5697326660156
4,48,2022.0,264.6815185546875,287.5336303710937
4,49,1656.0,173.14431762695312,294.07489013671875
4,50,7096.0,49.13937377929688,326.7574768066406
4,51,2381.0,118.3910140991211,303.5858764648437
4,52,1931.0,315.0502319335937,332.08233642578125
4,53,6783.0,381.6124267578125,303.5322265625
4,54,3650.0,170.9446563720703,344.87945556640625
4,55,1780.0,211.9820251464844,292.4134826660156
4,56,6736.0,257.3959350585937,343.9043884277344
4,57,1879.0,405.3033447265625,364.5369873046875
4,58,3257.0,119.00829315185548,353.860595703125
4,59,1860.0,201.86398315429688,374.9951477050781
4,60,2009.0,350.4295654296875,370.2797546386719
4,61,770.0,18.05974006652832,376.658447265625
4,62,1555.0,73.50739288330078,380.2681579589844
4,63,5475.0,457.0984497070313,423.9569091796875
4,64,1886.0,315.09967041015625,396.7847290039063
4,65,1711.0,353.13385009765625,411.5774536132813
4,66,1726.0,60.924102783203125,412.7497253417969
4,67,3215.0,219.8874053955078,417.8357849121094
4,68,1389.0,423.1223754882813,389.0216064453125
4,69,3600.0,120.69194793701172,409.90277099609375
4,70,1823.0,168.7262725830078,419.78607177734375
4,71,3766.0,21.02920913696289,431.3587341308594
4,72,1294.0,379.0355529785156,416.1035461425781
4,73,3380.0,291.2130126953125,440.3636169433594
4,74,5107.0,394.9026794433594,462.5621643066406
4,75,1691.0,498.4766540527344,447.45654296875
4,76,1620.0,68.44937896728516,454.748779296875
4,77,1818.0,117.79207611083984,454.4263000488281
4,78,3047.0,178.97341918945312,465.92584228515625
4,79,2872.0,230.76461791992188,480.0093994140625
4,80,4057.0,328.72564697265625,483.5511474609375
4,81,1962.0,273.0443420410156,487.8287353515625
4,82,877.0,25.45039939880371,480.0273742675781
4,83,2728.0,475.9186096191406,490.7833557128906
4,84,1571.0,135.67601013183594,487.2679748535156
4,85,1799.0,65.74208068847656,490.82269287109375
4,86,1794.0,260.7619934082031,68.50780487060547
4,87,1892.0,497.2944030761719,372.7938537597656
4,88,516.0,460.4844970703125,366.2848815917969
4,89,1247.0,109.09061431884766,499.929443359375
4,90,1112.0,423.7958679199219,499.4478454589844
4,91,757.0,186.5376434326172,504.3421325683594
4,92,1997.0,401.5343017578125,103.2598876953125
4,93,0.0,0.0,0.0
4,94,1067.0,335.63543701171875,307.1855773925781
4,95,0.0,0.0,0.0
4,96,1833.0,277.0872802734375,400.4462585449219
4,97,0.0,0.0,0.0
4,98,0.0,0.0,0.0
4,99,0.0,0.0,0.0
4,100,0.0,0.0,0.0
4,101,900.0,64.32221984863281,262.4333190917969
4,102,0.0,0.0,0.0
4,103,858.0,21.205127716064453,501.7144470214844
4,104,0.0,0.0,0.0
4,105,0.0,0.0,0.0
4,106,0.0,0.0,0.0
4,107,0.0,0.0,0.0
4,108,0.0,0.0,0.0
4,109,0.0,0.0,0.0
4,110,0.0,0.0,0.0
4,111,0.0,0.0,0.0
4,112,0.0,0.0,0.0
4,113,0.0,0.0,0.0
4,114,0.0,0.0,0.0
4,115,0.0,0.0,0.0
4,116,0.0,0.0,0.0
4,117,0.0,0.0,0.0
4,118,0.0,0.0,0.0
4,119,0.0,0.0,0.0
4,120,0.0,0.0,0.0
5,0,1684.0,18.3028507232666,25.26009559631348
5,1,2079.0,65.78162384033203,12.701298713684082
5,2,3.0,113.0,0.0
5,3,2024.0,241.6936798095703,21.301877975463867
5,4,2988.0,294.2884826660156,22.960508346557617
5,5,3599.0,360.3917846679688,23.637399673461918
5,6,3669.0,423.8999633789063,29.84055519104004
5,7,0.0,0.0,0.0
5,8,2851.0,484.4216003417969,27.701156616210938
5,9,7175.0,173.0013885498047,34.869266510009766
5,10,1773.0,80.8353042602539,40.2182731628418
5,11,3112.0,241.0186309814453,95.0713348388672
5,12,2186.0,117.40027618408205,60.680694580078125
5,13,2692.0,450.500732421875,74.06835174560547
5,14,963.0,24.799585342407227,53.13811111450195
5,15,2337.0,305.1664428710937,71.58793640136719
5,16,1736.0,368.71197509765625,67.30242156982422
5,17,6851.0,39.96905517578125,107.73828887939452
5,18,1348.0,86.66468811035156,83.85459899902344
5,19,1147.0,496.8814392089844,70.94419860839844
5,20,2227.0,452.15625,119.2721176147461
5,21,2766.0,182.0549468994141,94.34490203857422
5,22,7381.0,337.52716064453125,129.0919952392578
5,23,3119.0,133.61045837402344,120.03655242919922
5,24,1417.0,286.70782470703125,133.98941040039062
5,25,0.0,0.0,0.0
5,26,1623.0,494.8293151855469,113.68699645996094
5,27,3583.0,98.1970443725586,154.49790954589844
5,28,2696.0,187.38316345214844,137.71290588378906
5,29,2134.0,358.1181030273437,178.11668395996094
5,30,9164.0,228.44566345214844,195.5657958984375
5,31,3258.0,275.22344970703125,166.3689422607422
5,32,5206.0,31.78505516052246,187.3492126464844
5,33,1655.0,495.9214477539063,164.2839813232422
5,34,5046.0,435.6700439453125,161.82540893554688
5,35,2464.0,142.375,195.1883087158203
5,36,5552.0,385.5317077636719,212.5558319091797
5,37,3817.0,316.93292236328125,255.2567443847656
5,38,2574.0,96.19075012207033,214.98562622070312
5,39,2298.0,429.466064453125,244.92254638671875
5,40,4139.0,484.0799560546875,227.1273193359375
5,41,1197.0,49.55555725097656,235.0100250244141
5,42,2830.0,161.486572265625,248.72967529296875
5,43,3238.0,228.24798583984372,247.77207946777344
5,44,0.0,0.0,0.0
5,45,2413.0,108.61748504638672,258.3837585449219
5,46,3205.0,22.65397834777832,269.4352722167969
5,47,7604.0,463.1108703613281,306.8014221191406
5,48,1295.0,279.8077087402344,282.13360595703125
5,49,1633.0,172.96142578125,292.6564636230469
5,50,6793.0,49.67363357543945,324.19195556640625
5,51,2232.0,120.12141418457033,300.4623718261719
5,52,1751.0,316.2535705566406,328.415771484375
5,53,7120.0,381.4567565917969,301.3955078125
5,54,3451.0,173.2550048828125,342.333251953125
5,55,2637.0,222.7853546142578,288.01934814453125
5,56,6900.0,258.69781494140625,340.4405822753906
5,57,1556.0,405.6548767089844,362.1735229492188
5,58,3554.0,119.00563049316406,350.66796875
5,59,1773.0,203.70162963867188,371.6914978027344
5,60,2096.0,351.27813720703125,369.781005859375
5,61,995.0,21.577890396118164,374.4411926269531
5,62,1443.0,72.84268951416016,377.4698486328125
5,63,4495.0,457.0705261230469,422.15863037109375
5,64,1964.0,313.71893310546875,392.2311706542969
5,65,1265.0,352.2142333984375,408.02923583984375
5,66,1560.0,62.7910270690918,411.60833740234375
5,67,3152.0,220.09136962890625,414.2604675292969
5,68,1688.0,423.8056945800781,385.6285400390625
5,69,4076.0,123.70387268066406,406.2097778320313
5,70,1602.0,170.2272186279297,419.8002624511719
5,71,3877.0,21.46195602416992,428.5816345214844
5,72,1586.0,376.0586242675781,414.4873962402344
5,73,3685.0,291.3712463378906,435.7704162597656
5,74,5536.0,396.8598327636719,458.5265502929688
5,75,2201.0,496.408447265625,442.7869262695313
5,76,1732.0,69.28694915771484,453.0611877441406
5,77,1851.0,119.11561584472656,452.6936645507813
5,78,3205.0,179.44711303710938,464.6446228027344
5,79,3062.0,234.14434814453125,475.40234375
5,80,4361.0,327.90484619140625,482.1355285644531
5,81,1755.0,272.674072265625,489.7857666015625
5,82,870.0,24.850574493408203,478.5770263671875
5,83,2770.0,475.28411865234375,490.18304443359375
5,84,1492.0,137.5770721435547,487.2975769042969
5,85,1791.0,65.5360107421875,489.177001953125
5,86,1749.0,264.50830078125,70.1337890625
5,87,2156.0,495.5616760253906,367.995361328125
5,88,532.0,457.4248046875,363.3251953125
5,89,1445.0,108.16677856445312,499.2629699707031
5,90,1274.0,422.5125732421875,498.9693908691406
5,91,947.0,191.8711700439453,503.2016906738281
5,92,2216.0,402.4377136230469,98.56047058105467
5,93,55.0,510.1091003417969,306.6000061035156
5,94,997.0,335.68505859375,307.4413146972656
5,95,0.0,0.0,0.0
5,96,1465.0,275.5761108398437,395.6443786621094
5,97,0.0,0.0,0.0
5,98,0.0,0.0,0.0
5,99,0.0,0.0,0.0
5,100,0.0,0.0,0.0
5,101,725.0,66.54896545410156,261.1710205078125
5,102,0.0,0.0,0.0
5,103,955.0,21.59371757507324,500.8020935058594
5,104,0.0,0.0,0.0
5,105,0.0,0.0,0.0
5,106,0.0,0.0,0.0
5,107,0.0,0.0,0.0
5,108,0.0,0.0,0.0
5,109,0.0,0.0,0.0
5,110,0.0,0.0,0.0
5,111,0.0,0.0,0.0
5,112,0.0,0.0,0.0
5,113,0.0,0.0,0.0
5,114,0.0,0.0,0.0
5,115,0.0,0.0,0.0
5,116,0.0,0.0,0.0
5,117,0.0,0.0,0.0
5,118,0.0,0.0,0.0
5,119,0.0,0.0,0.0
5,120,0.0,0.0,0.0
6,0,1612.0,18.503101348876957,23.826303482055664
6,1,1827.0,64.89600372314453,11.29173469543457
6,2,0.0,0.0,0.0
6,3,1957.0,241.2023468017578,21.39550399780273
6,4,2944.0,293.2123107910156,22.61820602416992
6,5,3478.0,362.2044372558594,21.83122444152832
6,6,3169.0,423.580322265625,27.976333618164062
6,7,0.0,0.0,0.0
6,8,2848.0,482.85394287109375,27.0625
6,9,7077.0,173.2299041748047,33.91012954711914
6,10,1886.0,78.70042419433594,37.75609588623047
6,11,2791.0,241.69866943359372,91.85775756835938
6,12,2064.0,115.5876922607422,57.544090270996094
6,13,3080.0,447.0587768554688,71.84415435791016
6,14,804.0,22.952735900878903,50.36442947387695
6,15,2170.0,304.0230407714844,67.5700454711914
6,16,1577.0,363.6588439941406,61.77615737915039
6,17,6699.0,38.49081802368164,104.40125274658205
6,18,1252.0,84.63018798828125,81.2412109375
6,19,1010.0,498.6911010742188,65.30297088623047
6,20,1995.0,451.688232421875,114.4706802368164
6,21,3109.0,182.62013244628903,92.34705352783205
6,22,7540.0,335.81353759765625,126.08607482910156
6,23,3212.0,129.54296875,115.48225402832033
6,24,1442.0,283.7038879394531,127.22676849365234
6,25,0.0,0.0,0.0
6,26,1666.0,494.9957885742188,109.14045715332033
6,27,3551.0,96.4176254272461,152.59927368164062
6,28,2413.0,182.8545379638672,134.3141326904297
6,29,2121.0,353.6610107421875,178.60867309570312
6,30,9420.0,222.461669921875,189.75180053710935
6,31,3440.0,277.7235412597656,168.25784301757812
6,32,5078.0,30.62800407409668,184.8176422119141
6,33,1557.0,496.2042541503906,159.54849243164062
6,34,5469.0,435.6044921875,157.81715393066406
6,35,2494.0,141.98556518554688,193.2501983642578
6,36,5898.0,384.6588745117188,211.3394317626953
6,37,3690.0,314.5284423828125,253.1233062744141
6,38,2696.0,94.85719299316406,211.6569061279297
6,39,2417.0,430.15472412109375,248.00621032714844
6,40,4403.0,483.2164306640625,223.44265747070312
6,41,968.0,53.1497917175293,231.2045440673828
6,42,2600.0,160.07192993164062,246.8934631347656
6,43,3047.0,229.03707885742188,245.63800048828125
6,44,0.0,0.0,0.0
6,45,2492.0,108.34229278564452,256.1998291015625
6,46,3531.0,22.97394561767578,266.8872985839844
6,47,6622.0,457.7112731933594,306.310791015625
6,48,1551.0,278.1115417480469,279.7027587890625
6,49,1623.0,173.26309204101562,289.689453125
6,50,6613.0,49.93089294433594,322.4344482421875
6,51,2167.0,121.3511734008789,297.2953491210937
6,52,1652.0,317.1525573730469,328.4067687988281
6,53,7258.0,380.4461364746094,301.5339050292969
6,54,3356.0,174.87127685546875,338.7637023925781
6,55,2541.0,221.2699737548828,284.0735778808594
6,56,7053.0,258.1912536621094,337.9963073730469
6,57,1008.0,402.5129089355469,363.05950927734375
6,58,3431.0,118.009033203125,345.0967712402344
6,59,1587.0,203.32009887695312,369.213623046875
6,60,2223.0,351.8753967285156,369.48626708984375
6,61,1004.0,23.24103546142578,373.0139465332031
6,62,1477.0,73.37169647216797,375.5328369140625
6,63,3945.0,455.5026550292969,425.2134399414063
6,64,1726.0,314.5567932128906,389.9808654785156
6,65,1349.0,351.4321594238281,407.8814086914063
6,66,1588.0,64.3658676147461,411.0522766113281
6,67,3146.0,219.87413024902344,410.3537902832031
6,68,1986.0,425.6445007324219,383.185302734375
6,69,4630.0,126.4561538696289,401.8380126953125
6,70,1498.0,172.61614990234375,419.6502075195313
6,71,3917.0,21.58769416809082,425.9509887695313
6,72,1383.0,378.0925598144531,410.98480224609375
6,73,3727.0,293.1379089355469,434.6219482421875
6,74,5610.0,396.0260314941406,455.7976684570313
6,75,2597.0,493.7681884765625,441.5167541503906
6,76,1625.0,68.4178466796875,451.3538513183594
6,77,1771.0,118.2066650390625,450.0186462402344
6,78,3216.0,177.79913330078125,463.7751770019531
6,79,3144.0,233.6533050537109,470.1994323730469
6,80,4565.0,326.3886108398437,481.2076721191406
6,81,1761.0,268.9483337402344,493.3798828125
6,82,1022.0,24.42367935180664,478.119384765625
6,83,2623.0,476.4624328613281,491.15325927734375
6,84,1269.0,139.57289123535156,484.61859130859375
6,85,1807.0,65.587158203125,487.9900512695313
6,86,1471.0,265.73895263671875,68.98504638671875
6,87,2496.0,492.9495239257813,365.93548583984375
6,88,585.0,456.4222106933594,361.3641052246094
6,89,1860.0,109.05860137939452,495.7569885253906
6,90,1472.0,421.8709106445313,497.4606018066406
6,91,1127.0,193.7364654541016,502.8420715332031
6,92,2291.0,397.6634521484375,95.81012725830078
6,93,863.0,504.5330200195313,301.2757873535156
6,94,1044.0,335.0057373046875,303.3476867675781
6,95,0.0,0.0,0.0
6,96,1681.0,277.30517578125,393.6763916015625
6,97,0.0,0.0,0.0
6,98,0.0,0.0,0.0
6,99,0.0,0.0,0.0
6,100,0.0,0.0,0.0
6,101,746.0,65.83244323730469,258.89813232421875
6,102,0.0,0.0,0.0
6,103,943.0,22.17603302001953,501.1908874511719
6,104,0.0,0.0,0.0
6,105,0.0,0.0,0.0
6,106,0.0,0.0,0.0
6,107,0.0,0.0,0.0
6,108,0.0,0.0,0.0
6,109,0.0,0.0,0.0
6,110,0.0,0.0,0.0
6,111,0.0,0.0,0.0
6,112,0.0,0.0,0.0
6,113,0.0,0.0,0.0
6,114,0.0,0.0,0.0
6,115,0.0,0.0,0.0
6,116,0.0,0.0,0.0
6,117,0.0,0.0,0.0
6,118,0.0,0.0,0.0
6,119,0.0,0.0,0.0
6,120,0.0,0.0,0.0
7,0,1685.0,18.88368034362793,23.52166175842285
7,1,1522.0,63.7871208190918,10.003942489624023
7,2,0.0,0.0,0.0
7,3,1521.0,242.1078186035156,18.873109817504883
7,4,2882.0,294.03192138671875,21.32789802551269
7,5,3235.0,366.3709411621094,19.223493576049805
7,6,2463.0,423.7190551757813,25.86682891845703
7,7,0.0,0.0,0.0
7,8,2205.0,484.0684814453125,19.900226593017575
7,9,7165.0,172.75408935546875,32.16873550415039
7,10,1776.0,76.5608139038086,34.77421188354492
7,11,2869.0,243.97560119628903,90.86720275878906
7,12,2121.0,113.29702758789062,56.02074432373047
7,13,3706.0,447.3335266113281,64.14166259765625
7,14,632.0,24.822784423828125,48.25
7,15,1807.0,306.5677795410156,63.06862258911133
7,16,1650.0,361.7999877929688,56.11818313598633
7,17,6660.0,37.321773529052734,101.62492370605467
7,18,1003.0,81.80059814453125,76.97806549072266
7,19,1339.0,498.0418090820313,64.25690460205078
7,20,1702.0,456.1380615234375,107.47767639160156
7,21,2878.0,181.5993804931641,88.27727508544922
7,22,7103.0,335.5235900878906,120.98944091796876
7,23,3202.0,126.92317199707033,111.8272933959961
7,24,942.0,287.1093444824219,123.46602630615234
7,25,0.0,0.0,0.0
7,26,1396.0,494.7084655761719,110.04727935791016
7,27,3840.0,95.1234359741211,149.2976531982422
7,28,2398.0,182.71226501464844,126.6284408569336
7,29,2006.0,350.642578125,176.58624267578125
7,30,11116.0,222.6977386474609,182.3990631103516
7,31,3099.0,289.94580078125,173.7831573486328
7,32,4887.0,30.02823829650879,182.5207672119141
7,33,1568.0,494.9024353027344,154.33609008789062
7,34,6163.0,432.5591430664063,152.080810546875
7,35,2454.0,140.4405059814453,192.14588928222656
7,36,6375.0,383.6465759277344,210.30023193359372
7,37,3583.0,313.22607421875,252.8590545654297
7,38,2624.0,92.71150970458984,209.89596557617188
7,39,2314.0,430.0566101074219,249.7627410888672
7,40,4763.0,481.90826416015625,219.87088012695312
7,41,930.0,52.42042922973633,228.4032287597656
7,42,2300.0,158.077392578125,243.35565185546875
7,43,2890.0,223.9944610595703,243.1536407470703
7,44,0.0,0.0,0.0
7,45,2504.0,108.78474426269533,254.00360107421875
7,46,3774.0,23.34022331237793,265.9735107421875
7,47,5432.0,457.6798706054688,303.14892578125
7,48,1777.0,275.11480712890625,276.6842956542969
7,49,2042.0,176.19931030273438,283.8868713378906
7,50,6061.0,50.13248825073242,319.7861633300781
7,51,2045.0,120.31442260742188,293.6503601074219
7,52,1779.0,317.06744384765625,327.92974853515625
7,53,7146.0,380.6876525878906,300.68316650390625
7,54,2924.0,176.50479125976562,332.11114501953125
7,55,1910.0,221.09686279296875,282.2628173828125
7,56,7354.0,256.3279724121094,335.2677307128906
7,57,1210.0,407.4388427734375,356.5595092773437
7,58,3924.0,120.15188598632812,341.18756103515625
7,59,1432.0,204.0858917236328,368.68505859375
7,60,2165.0,354.0097045898437,367.11224365234375
7,61,1209.0,22.29032325744629,370.044677734375
7,62,1654.0,74.30108642578125,372.4449768066406
7,63,3927.0,456.8940734863281,423.3053283691406
7,64,1374.0,318.14190673828125,383.9949035644531
7,65,1480.0,350.19189453125,408.1040649414063
7,66,1456.0,64.1456069946289,409.3399658203125
7,67,3085.0,218.90599060058597,409.3108520507813
7,68,2346.0,429.6824340820313,377.7016296386719
7,69,5008.0,128.301513671875,399.6076354980469
7,70,1526.0,173.54718017578125,417.4023742675781
7,71,3795.0,21.858497619628903,423.4748229980469
7,72,1051.0,382.6784057617188,401.2759399414063
7,73,3547.0,297.402587890625,431.0766906738281
7,74,6076.0,395.6010437011719,452.7569274902344
7,75,2732.0,493.61273193359375,441.5369567871094
7,76,1894.0,69.99049377441406,450.36431884765625
7,77,1596.0,120.00501251220705,448.7136535644531
7,78,2903.0,178.99896240234375,460.7120361328125
7,79,3125.0,235.9676818847656,464.376953125
7,80,4807.0,324.1358337402344,479.5631408691406
7,81,1935.0,266.97674560546875,495.3250732421875
7,82,1077.0,23.696378707885746,475.6703796386719
7,83,2554.0,476.4921569824219,492.02545166015625
7,84,1311.0,144.14187622070312,482.7093811035156
7,85,1691.0,64.54051208496094,487.418701171875
7,86,2102.0,267.7159729003906,66.94005584716797
7,87,2429.0,492.3561096191406,363.5401306152344
7,88,417.0,459.3669128417969,352.7985534667969
7,89,2270.0,110.73524475097656,494.0960388183594
7,90,1557.0,420.6454772949219,496.589599609375
7,91,1395.0,195.9906768798828,500.5318908691406
7,92,2286.0,395.1076049804688,92.57698822021484
7,93,1382.0,501.4435729980469,295.81622314453125
7,94,995.0,334.9859313964844,303.3457336425781
7,95,41.0,510.1463317871094,93.19512176513672
7,96,2035.0,281.4083557128906,391.69140625
7,97,0.0,0.0,0.0
7,98,0.0,0.0,0.0
7,99,0.0,0.0,0.0
7,100,0.0,0.0,0.0
7,101,762.0,65.79920959472656,257.39764404296875
7,102,0.0,0.0,0.0
7,103,1061.0,22.725730895996094,500.3638000488281
7,104,0.0,0.0,0.0
7,105,0.0,0.0,0.0
7,106,0.0,0.0,0.0
7,107,0.0,0.0,0.0
7,108,0.0,0.0,0.0
7,109,0.0,0.0,0.0
7,110,0.0,0.0,0.0
7,111,0.0,0.0,0.0
7,112,0.0,0.0,0.0
7,113,0.0,0.0,0.0
7,114,0.0,0.0,0.0
7,115,0.0,0.0,0.0
7,116,0.0,0.0,0.0
7,117,0.0,0.0,0.0
7,118,0.0,0.0,0.0
7,119,0.0,0.0,0.0
7,120,0.0,0.0,0.0
8,0,1622.0,18.312576293945312,23.139949798583984
8,1,1365.0,60.5076904296875,9.71941375732422
8,2,0.0,0.0,0.0
8,3,1373.0,240.16824340820312,18.07720375061035
8,4,2711.0,292.4784240722656,19.439321517944336
8,5,3102.0,367.2775573730469,17.876853942871094
8,6,2221.0,424.3048095703125,25.42998695373535
8,7,0.0,0.0,0.0
8,8,2040.0,483.5896911621094,17.354902267456055
8,9,7168.0,171.3539276123047,31.23409652709961
8,10,1481.0,74.3153305053711,31.564483642578125
8,11,2893.0,243.0777740478516,88.71897888183594
8,12,1956.0,111.55419158935548,51.8829231262207
8,13,3495.0,450.28326416015625,60.01945495605469
8,14,601.0,23.642263412475582,47.73543930053711
8,15,1894.0,306.7413024902344,59.84794235229492
8,16,1657.0,361.3735656738281,52.44960784912109
8,17,6201.0,34.906951904296875,100.67617797851562
8,18,1313.0,76.18583679199219,70.31226348876953
8,19,1178.0,499.2657165527344,59.66298675537109
8,20,1444.0,457.6869812011719,101.88711547851562
8,21,2368.0,179.5536346435547,83.8935775756836
8,22,6425.0,336.0320739746094,117.2589874267578
8,23,3274.0,127.86377716064452,108.14508056640624
8,24,1191.0,288.9873962402344,122.13685607910156
8,25,0.0,0.0,0.0
8,26,597.0,490.87939453125,119.313232421875
8,27,4474.0,94.91461944580078,144.45619201660156
8,28,2911.0,186.1597442626953,121.95465850830078
8,29,1800.0,342.87945556640625,175.00833129882812
8,30,10185.0,221.1122283935547,182.6326904296875
8,31,3312.0,281.1068725585937,162.3931121826172
8,32,4629.0,29.359472274780277,180.112548828125
8,33,1396.0,493.9283752441406,147.7521514892578
8,34,6698.0,430.96087646484375,148.49969482421875
8,35,2354.0,140.18223571777344,189.80755615234372
8,36,7273.0,382.2418518066406,208.0496368408203
8,37,3503.0,310.5760803222656,247.4918670654297
8,38,2527.0,91.54491424560548,207.8005523681641
8,39,2069.0,430.65924072265625,251.50314331054688
8,40,5053.0,481.4686279296875,215.68374633789065
8,41,1201.0,50.46128082275391,225.1490478515625
8,42,2403.0,158.22264099121094,239.8189697265625
8,43,2842.0,224.35784912109372,240.0978240966797
8,44,0.0,0.0,0.0
8,45,2419.0,107.92724609375,250.7779998779297
8,46,4106.0,24.69459342956543,266.4033203125
8,47,4504.0,453.7537841796875,303.9722595214844
8,48,1811.0,276.2407531738281,273.8188781738281
8,49,1961.0,173.4492645263672,279.9031066894531
8,50,5674.0,49.36394119262695,318.8138732910156
8,51,1853.0,117.55855560302734,288.3297424316406
8,52,1730.0,318.6988525390625,323.2207946777344
8,53,7203.0,381.518798828125,299.49493408203125
8,54,2783.0,177.55299377441406,327.9306640625
8,55,2097.0,220.8755340576172,279.8388061523437
8,56,7654.0,257.6763916015625,333.55865478515625
8,57,1261.0,404.5543212890625,358.3314819335937
8,58,4559.0,120.5628433227539,336.97564697265625
8,59,1549.0,203.65591430664065,365.7889099121094
8,60,2151.0,354.1329650878906,364.4774475097656
8,61,1134.0,23.478836059570312,369.1155090332031
8,62,1654.0,72.56832122802734,370.4637145996094
8,63,2703.0,447.8187255859375,433.5231323242188
8,64,1548.0,320.9173278808594,384.9308776855469
8,65,1328.0,354.8087463378906,406.25677490234375
8,66,1283.0,64.8222885131836,408.3179931640625
8,67,3111.0,218.47251892089844,407.9402160644531
8,68,2193.0,431.127685546875,376.1235656738281
8,69,5132.0,127.05962371826172,398.5674133300781
8,70,1562.0,173.50576782226562,415.0531311035156
8,71,3848.0,22.35109138488769,420.2211608886719
8,72,992.0,386.2076721191406,399.2489929199219
8,73,3543.0,297.4179992675781,427.9093933105469
8,74,5912.0,395.5040588378906,450.355224609375
8,75,4256.0,486.9269409179688,428.9229431152344
8,76,1981.0,69.90711975097656,448.5855712890625
8,77,1452.0,121.47865295410156,447.296142578125
8,78,2894.0,181.0995178222656,458.4488525390625
8,79,2881.0,237.85179138183597,461.345703125
8,80,5499.0,322.0892944335937,478.868896484375
8,81,1867.0,258.3283386230469,496.5345458984375
8,82,1165.0,23.13819694519043,474.2643737792969
8,83,2703.0,473.5024108886719,492.7332458496094
8,84,1116.0,148.10752868652344,480.3951721191406
8,85,1737.0,64.85204315185547,485.8209533691406
8,86,2195.0,268.3157043457031,65.00501251220703
8,87,2394.0,491.99749755859375,361.5614013671875
8,88,464.0,459.1702575683594,350.5387878417969
8,89,2654.0,111.51092529296876,492.0158386230469
8,90,1451.0,415.6636657714844,496.8669738769531
8,91,1539.0,192.8804473876953,499.3814086914063
8,92,2660.0,396.1266784667969,88.12480926513672
8,93,2201.0,496.7782897949219,293.44024658203125
8,94,1011.0,334.2571716308594,295.00592041015625
8,95,985.0,497.0314636230469,97.3025360107422
8,96,1977.0,282.1087646484375,389.3960571289063
8,97,0.0,0.0,0.0
8,98,0.0,0.0,0.0
8,99,0.0,0.0,0.0
8,100,0.0,0.0,0.0
8,101,517.0,68.5377197265625,255.775634765625
8,102,0.0,0.0,0.0
8,103,1087.0,22.74424934387207,500.2060852050781
8,104,0.0,0.0,0.0
8,105,0.0,0.0,0.0
8,106,0.0,0.0,0.0
8,107,0.0,0.0,0.0
8,108,0.0,0.0,0.0
8,109,0.0,0.0,0.0
8,110,0.0,0.0,0.0
8,111,0.0,0.0,0.0
8,112,0.0,0.0,0.0
8,113,0.0,0.0,0.0
8,114,0.0,0.0,0.0
8,115,0.0,0.0,0.0
8,116,0.0,0.0,0.0
8,117,0.0,0.0,0.0
8,118,0.0,0.0,0.0
8,119,0.0,0.0,0.0
8,120,0.0,0.0,0.0
9,0,1554.0,18.6492919921875,22.193050384521484
9,1,1309.0,59.556915283203125,9.59893035888672
9,2,0.0,0.0,0.0
9,3,946.0,238.0179748535156,13.336152076721191
9,4,2624.0,292.0030517578125,17.983612060546875
9,5,2986.0,370.8117980957031,16.511051177978516
9,6,1594.0,421.8444213867188,25.71016311645508
9,7,0.0,0.0,0.0
9,8,2023.0,479.20611572265625,15.089470863342283
9,9,6780.0,173.1610565185547,29.761798858642575
9,10,1222.0,76.30196380615234,27.56382942199707
9,11,3214.0,247.09552001953125,86.64312744140625
9,12,2059.0,111.7644500732422,48.192325592041016
9,13,3558.0,450.0432739257813,57.4302978515625
9,14,727.0,23.828060150146484,46.78129196166992
9,15,2149.0,305.836669921875,60.24616241455078
9,16,1652.0,360.1065368652344,48.72941970825195
9,17,5892.0,33.824676513671875,100.32331848144533
9,18,1471.0,72.23113250732422,65.83888244628906
9,19,1226.0,499.4323120117188,53.123165130615234
9,20,1511.0,459.4454040527344,101.1661148071289
9,21,2647.0,185.3868560791016,81.81148529052734
9,22,5873.0,335.26153564453125,113.15528869628906
9,23,3298.0,125.9320831298828,102.61157989501952
9,24,1151.0,287.6159973144531,121.44135284423828
9,25,0.0,0.0,0.0
9,26,0.0,0.0,0.0
9,27,4865.0,95.54080200195312,142.7455291748047
9,28,2826.0,182.47169494628903,119.56510925292967
9,29,2243.0,339.8648986816406,171.63040161132812
9,30,10607.0,221.20721435546875,180.85641479492188
9,31,3032.0,282.18701171875,161.72987365722656
9,32,4447.0,28.984033584594727,177.83201599121094
9,33,1889.0,493.4965515136719,138.7310791015625
9,34,6823.0,428.080322265625,146.5836181640625
9,35,2319.0,140.52651977539062,188.95773315429688
9,36,7405.0,382.6421203613281,207.43133544921875
9,37,3537.0,310.6053161621094,245.268310546875
9,38,2421.0,91.65386199951172,206.18711853027344
9,39,1824.0,431.6946411132813,250.67762756347656
9,40,5272.0,480.7409057617188,213.570556640625
9,41,1386.0,50.07575607299805,222.28787231445312
9,42,2479.0,159.16539001464844,239.615966796875
9,43,2723.0,223.37200927734372,239.9996337890625
9,44,0.0,0.0,0.0
9,45,2282.0,108.98554229736328,248.7515411376953
9,46,4566.0,25.640167236328125,267.5536499023437
9,47,3831.0,449.4693298339844,302.4930725097656
9,48,1706.0,281.3558044433594,272.92437744140625
9,49,1666.0,171.97959899902344,279.2262878417969
9,50,4913.0,51.27132034301758,316.32647705078125
9,51,1929.0,117.1907730102539,285.4815979003906
9,52,1534.0,321.687744140625,322.8624572753906
9,53,6776.0,382.8997802734375,296.3106689453125
9,54,2820.0,176.51028442382812,327.0489501953125
9,55,2436.0,223.0279083251953,279.0681457519531
9,56,7694.0,258.6730041503906,331.5770874023437
9,57,984.0,402.8211364746094,354.319091796875
9,58,4527.0,119.98078155517578,333.4793395996094
9,59,1673.0,204.36460876464844,365.0538024902344
9,60,2318.0,357.640625,361.49267578125
9,61,1333.0,21.28732109069824,364.7434387207031
9,62,1785.0,72.2537841796875,367.6638793945313
9,63,1333.0,445.53564453125,434.8364562988281
9,64,1554.0,321.5321655273437,378.0990905761719
9,65,1469.0,356.1034851074219,404.916259765625
9,66,1242.0,62.60144805908203,405.00885009765625
9,67,2708.0,222.8124084472656,406.9586486816406
9,68,2483.0,432.1308898925781,372.3435363769531
9,69,5482.0,126.76231384277344,397.3274230957031
9,70,1724.0,177.3022003173828,410.8091735839844
9,71,3675.0,22.05306053161621,418.41741943359375
9,72,867.0,389.046142578125,393.93310546875
9,73,3817.0,298.5166320800781,424.1653137207031
9,74,5814.0,396.4511413574219,446.1087036132813
9,75,5260.0,481.826416015625,424.0530395507813
9,76,1909.0,69.10948181152344,445.967529296875
9,77,1408.0,120.92613983154295,444.7919006347656
9,78,2796.0,183.48568725585935,456.7696838378906
9,79,2916.0,238.8202972412109,458.1405944824219
9,80,5602.0,320.55499267578125,477.3502197265625
9,81,2028.0,254.45167541503903,495.4664611816406
9,82,1330.0,23.394737243652344,472.4097595214844
9,83,2819.0,474.0120544433594,491.4419860839844
9,84,1360.0,147.21324157714844,476.4235229492188
9,85,1815.0,64.33113098144531,484.7019348144531
9,86,1913.0,265.7333984375,55.77679061889648
9,87,2180.0,493.1270751953125,358.66650390625
9,88,633.0,462.6871948242188,343.2748718261719
9,89,2869.0,112.03590393066406,491.1118774414063
9,90,1854.0,422.5857543945313,489.40667724609375
9,91,1484.0,192.89959716796875,498.3322143554688
9,92,2860.0,395.7734375,83.58671569824219
9,93,2675.0,493.9495239257813,292.32672119140625
9,94,1059.0,332.2445678710937,292.3238830566406
9,95,1120.0,496.6080322265625,94.01607513427734
9,96,1734.0,282.7681579589844,386.64013671875
9,97,474.0,375.6076049804688,505.3375549316406
9,98,0.0,0.0,0.0
9,99,0.0,0.0,0.0
9,100,295.0,6.711864471435547,502.322021484375
9,101,466.0,70.0622329711914,253.63519287109372
9,102,0.0,0.0,0.0
9,103,780.0,28.47820472717285,499.55511474609375
9,104,0.0,0.0,0.0
9,105,0.0,0.0,0.0
9,106,0.0,0.0,0.0
9,107,0.0,0.0,0.0
9,108,0.0,0.0,0.0
9,109,0.0,0.0,0.0
9,110,0.0,0.0,0.0
9,111,0.0,0.0,0.0
9,112,0.0,0.0,0.0
9,113,0.0,0.0,0.0
9,114,0.0,0.0,0.0
9,115,0.0,0.0,0.0
9,116,0.0,0.0,0.0
9,117,0.0,0.0,0.0
9,118,0.0,0.0,0.0
9,119,0.0,0.0,0.0
9,120,0.0,0.0,0.0
10,0,1423.0,17.725229263305664,20.392831802368164
10,1,1079.0,56.43373489379883,9.120481491088867
10,2,0.0,0.0,0.0
10,3,1526.0,246.3184814453125,24.99541282653809
10,4,2525.0,294.05584716796875,16.42851448059082
10,5,2699.0,374.8299255371094,14.95998477935791
10,6,1116.0,421.3351135253906,23.73566246032715
10,7,0.0,0.0,0.0
10,8,1955.0,475.7457885742188,13.902301788330078
10,9,6768.0,172.57994079589844,27.944887161254883
10,10,1071.0,75.13445281982422,22.89449119567871
10,11,2669.0,248.05694580078125,82.93443298339844
10,12,1776.0,107.9808578491211,43.24267959594727
10,13,3583.0,446.77252197265625,54.24867248535156
10,14,967.0,22.530506134033203,46.87590408325195
10,15,2115.0,308.7059020996094,55.26572036743164
10,16,1591.0,359.2338256835937,45.76932907104492
10,17,5525.0,32.48452377319336,101.64868927001952
10,18,1750.0,69.9662857055664,62.63314437866211
10,19,1414.0,498.828857421875,49.62446975708008
10,20,1486.0,456.5592346191406,97.1144027709961
10,21,2918.0,189.2703857421875,79.77141571044922
10,22,4925.0,335.1644592285156,111.48345184326172
10,23,3202.0,125.99937438964844,95.53841400146484
10,24,1595.0,293.5636291503906,113.73855590820312
10,25,0.0,0.0,0.0
10,26,0.0,0.0,0.0
10,27,5327.0,96.3778839111328,138.51361083984375
10,28,3005.0,185.2149810791016,116.5244598388672
10,29,2043.0,339.3186340332031,167.18551635742188
10,30,10998.0,220.3655242919922,175.15220642089844
10,31,2719.0,289.90106201171875,167.42442321777344
10,32,4084.0,28.777667999267575,175.80459594726562
10,33,1987.0,493.286865234375,134.8097686767578
10,34,6965.0,426.3603820800781,143.4941864013672
10,35,2243.0,139.66339111328125,188.3941192626953
10,36,7591.0,381.0213317871094,205.0555877685547
10,37,3284.0,301.9317932128906,238.59500122070312
10,38,2463.0,90.85302734375,203.79415893554688
10,39,1708.0,430.8507080078125,248.70608520507807
10,40,5458.0,479.28509521484375,210.68687438964844
10,41,1762.0,45.42168045043945,219.718505859375
10,42,2687.0,159.11387634277344,239.6687774658203
10,43,2688.0,223.5956115722656,237.0435333251953
10,44,0.0,0.0,0.0
10,45,2274.0,107.9261245727539,247.4868011474609
10,46,4734.0,25.75707626342773,270.9742431640625
10,47,3546.0,447.4173583984375,300.4980163574219
10,48,1364.0,280.2529296875,272.4142150878906
10,49,1023.0,166.6705780029297,281.55621337890625
10,50,4428.0,53.5587158203125,314.5740661621094
10,51,1982.0,118.31230926513672,283.4838562011719
10,52,1787.0,322.28204345703125,319.1343078613281
10,53,6782.0,382.35064697265625,293.1225280761719
10,54,2556.0,177.28404235839844,326.8697204589844
10,55,2990.0,215.41505432128903,276.3993225097656
10,56,7861.0,258.49267578125,329.256591796875
10,57,941.0,400.9797973632813,352.4463195800781
10,58,4764.0,120.80457305908205,331.3881225585937
10,59,1760.0,204.73068237304688,363.9744262695313
10,60,2210.0,356.2294006347656,358.42352294921875
10,61,1398.0,21.252504348754883,362.4620971679688
10,62,1723.0,71.3952407836914,365.85491943359375
10,63,1229.0,444.9381713867188,431.951171875
10,64,1897.0,319.9183044433594,378.44281005859375
10,65,1287.0,357.0621643066406,404.0233154296875
10,66,1285.0,64.3688735961914,403.834228515625
10,67,2367.0,224.7667999267578,406.1077270507813
10,68,2914.0,430.5439147949219,370.4076843261719
10,69,5655.0,127.42705535888672,396.1515502929688
10,70,1777.0,181.12380981445312,409.24029541015625
10,71,3599.0,22.50541877746582,415.4448547363281
10,72,1041.0,385.2190246582031,392.5869445800781
10,73,4238.0,298.6165771484375,422.0453186035156
10,74,5492.0,397.1700744628906,445.4905395507813
10,75,5405.0,481.82958984375,422.8345947265625
10,76,1821.0,68.0054931640625,443.3536376953125
10,77,1257.0,122.91249084472656,442.5258483886719
10,78,2704.0,184.2673797607422,454.2429809570313
10,79,2862.0,239.8494110107422,456.6785583496094
10,80,5331.0,321.9862976074219,475.9020690917969
10,81,2292.0,256.68280029296875,494.42584228515625
10,82,1356.0,22.44837760925293,469.3657836914063
10,83,1638.0,486.5299072265625,490.3742370605469
10,84,1394.0,147.8120574951172,475.3134765625
10,85,2013.0,63.97665023803711,483.4028930664063
10,86,1464.0,276.3797912597656,67.439208984375
10,87,2276.0,492.3919067382813,356.0430603027344
10,88,513.0,462.4795227050781,338.5730895996094
10,89,3190.0,113.01222229003906,488.6862182617188
10,90,3185.0,435.7064514160156,489.2116088867188
10,91,1647.0,194.0467529296875,496.5676879882813
10,92,3049.0,393.4103088378906,81.60118103027344
10,93,2966.0,492.3813171386719,288.8182678222656
10,94,1485.0,331.1279602050781,282.1144714355469
10,95,1105.0,494.9239807128906,91.64977264404295
10,96,1283.0,277.0483093261719,384.20263671875
10,97,708.0,371.8079223632813,503.677978515625
10,98,16.0,510.125,503.8125
10,99,0.0,0.0,0.0
10,100,230.0,6.743478298187256,504.40435791015625
10,101,437.0,67.5331802368164,251.62013244628903
10,102,0.0,0.0,0.0
10,103,923.0,25.104007720947266,497.5287170410156
10,104,0.0,0.0,0.0
10,105,0.0,0.0,0.0
10,106,0.0,0.0,0.0
10,107,0.0,0.0,0.0
10,108,0.0,0.0,0.0
10,109,0.0,0.0,0.0
10,110,0.0,0.0,0.0
10,111,0.0,0.0,0.0
10,112,0.0,0.0,0.0
10,113,0.0,0.0,0.0
10,114,0.0,0.0,0.0
10,115,0.0,0.0,0.0
10,116,0.0,0.0,0.0
10,117,0.0,0.0,0.0
10,118,0.0,0.0,0.0
10,119,0.0,0.0,0.0
10,120,0.0,0.0,0.0
11,0,1351.0,16.931901931762695,19.427831649780277
11,1,899.0,54.71635055541992,8.114571571350098
11,2,0.0,0.0,0.0
11,3,1396.0,243.35960388183597,19.787965774536133
11,4,2570.0,293.22607421875,17.722957611083984
11,5,2305.0,376.422119140625,12.786550521850586
11,6,934.0,431.5995788574219,13.796573638916016
11,7,0.0,0.0,0.0
11,8,1396.0,478.5694885253906,14.666905403137209
11,9,6169.0,171.17506408691406,25.883773803710938
11,10,1124.0,77.00889587402344,20.337188720703125
11,11,2446.0,250.60179138183597,78.99386596679688
11,12,1518.0,107.20289611816406,40.61198806762695
11,13,3905.0,443.1452026367188,49.01946258544922
11,14,1147.0,23.80383682250977,45.51961517333984
11,15,2203.0,310.4171447753906,55.77076721191406
11,16,1606.0,356.20733642578125,41.45579147338867
11,17,5263.0,31.829185485839844,101.04351043701172
11,18,1547.0,67.03296661376953,57.02908706665039
11,19,1418.0,499.8808288574219,41.90126800537109
11,20,1343.0,453.6999206542969,93.2956085205078
11,21,3558.0,190.2310333251953,76.69645690917969
11,22,4115.0,337.0284423828125,106.37618255615234
11,23,3422.0,123.22501373291016,91.32933807373048
11,24,1169.0,295.59967041015625,114.12403869628906
11,25,0.0,0.0,0.0
11,26,0.0,0.0,0.0
11,27,5536.0,94.06087493896484,136.42918395996094
11,28,3096.0,183.04005432128903,115.69831848144533
11,29,2200.0,337.5727233886719,165.98727416992188
11,30,10997.0,219.0930328369141,170.73519897460938
11,31,1967.0,287.32537841796875,144.821044921875
11,32,3702.0,29.25931930541992,171.62371826171875
11,33,2006.0,492.42523193359375,133.56280517578125
11,34,7235.0,424.8498840332031,140.1331024169922
11,35,2331.0,140.2938690185547,187.80137634277344
11,36,7625.0,381.04248046875,204.1682586669922
11,37,4752.0,295.83270263671875,224.0652313232422
11,38,2455.0,89.10875701904297,201.8093719482422
11,39,1475.0,430.8840637207031,249.17626953125
11,40,5728.0,477.6003723144531,208.96368408203125
11,41,2151.0,39.61971282958984,217.801025390625
11,42,2354.0,157.2306671142578,236.9490203857422
11,43,2468.0,220.59359741210935,235.3063201904297
11,44,0.0,0.0,0.0
11,45,2166.0,109.63019561767578,245.5133819580078
11,46,4877.0,26.762149810791016,271.95367431640625
11,47,3202.0,445.8950805664063,298.6761474609375
11,48,1691.0,270.25250244140625,269.6463623046875
11,49,1179.0,168.06869506835938,275.540283203125
11,50,3649.0,60.410247802734375,310.7928161621094
11,51,1987.0,117.3729248046875,281.0014953613281
11,52,1817.0,326.7187805175781,318.552001953125
11,53,7001.0,381.4796447753906,289.9140014648437
11,54,2521.0,178.2677459716797,322.8262634277344
11,55,2525.0,210.16554260253903,276.2138671875
11,56,7906.0,260.6517944335937,327.29217529296875
11,57,1032.0,391.9786682128906,358.18121337890625
11,58,4861.0,122.0329132080078,329.4544372558594
11,59,1976.0,203.67205810546875,362.6842041015625
11,60,1888.0,354.8765869140625,356.9957580566406
11,61,1883.0,19.067445755004883,352.8231506347656
11,62,1697.0,69.8497314453125,363.8114318847656
11,63,727.0,444.7042541503906,436.2077026367188
11,64,1906.0,320.9643249511719,376.2953796386719
11,65,958.0,354.6701354980469,402.8403015136719
11,66,1324.0,63.59743118286133,401.8187255859375
11,67,2436.0,224.88218688964844,405.0763549804688
11,68,3226.0,430.7070617675781,367.162109375
11,69,5938.0,127.29993438720705,395.1955261230469
11,70,1593.0,181.86378479003903,408.0533447265625
11,71,3503.0,22.299171447753903,413.2860412597656
11,72,1169.0,382.3310546875,395.33447265625
11,73,4537.0,298.7945861816406,419.2305603027344
11,74,5383.0,396.7005310058594,442.6888427734375
11,75,5883.0,479.7623596191406,422.7824096679688
11,76,1904.0,70.95903015136719,440.8103942871094
11,77,854.0,126.44847869873048,441.5714416503906
11,78,2701.0,183.76934814453125,451.8011779785156
11,79,2689.0,240.94644165039065,454.2413635253906
11,80,4916.0,323.6542053222656,473.5286865234375
11,81,2923.0,261.3551025390625,493.8717041015625
11,82,1542.0,22.58690071105957,467.9176330566406
11,83,607.0,482.1729736328125,482.9456481933594
11,84,1699.0,144.44615173339844,471.4991149902344
11,85,1975.0,64.6683578491211,480.6825256347656
11,86,1598.0,276.5331726074219,66.36170196533203
11,87,2223.0,492.974365234375,356.4489440917969
11,88,571.0,464.6532287597656,333.71978759765625
11,89,3175.0,112.10960388183594,489.3338623046875
11,90,3576.0,435.9832153320313,486.0603942871094
11,91,1809.0,193.74737548828125,495.40960693359375
11,92,3241.0,390.7688903808594,76.80160522460938
11,93,3209.0,491.5724487304688,287.45465087890625
11,94,1598.0,328.7909851074219,281.7171325683594
11,95,1437.0,493.3917846679688,89.24286651611328
11,96,1116.0,275.0376281738281,380.7052001953125
11,97,856.0,373.4228820800781,502.0841064453125
11,98,859.0,491.7403869628906,501.6961669921875
11,99,0.0,0.0,0.0
11,100,248.0,7.060483932495117,504.1693420410156
11,101,509.0,70.35559844970703,250.85264587402344
11,102,0.0,0.0,0.0
11,103,986.0,27.72413825988769,498.19573974609375
11,104,0.0,0.0,0.0
11,105,0.0,0.0,0.0
11,106,0.0,0.0,0.0
11,107,0.0,0.0,0.0
11,108,0.0,0.0,0.0
11,109,0.0,0.0,0.0
11,110,0.0,0.0,0.0
11,111,0.0,0.0,0.0
11,112,0.0,0.0,0.0
11,113,0.0,0.0,0.0
11,114,0.0,0.0,0.0
11,115,0.0,0.0,0.0
11,116,0.0,0.0,0.0
11,117,0.0,0.0,0.0
11,118,0.0,0.0,0.0
11,119,0.0,0.0,0.0
11,120,0.0,0.0,0.0
12,0,1265.0,16.70276641845703,19.18023681640625
12,1,779.0,50.455711364746094,7.34788179397583
12,2,0.0,0.0,0.0
12,3,2043.0,251.40626525878903,22.376895904541016
12,4,1720.0,300.6959228515625,13.258721351623535
12,5,1752.0,373.3008117675781,10.34360694885254
12,6,720.0,435.0916748046875,7.648611068725586
12,7,0.0,0.0,0.0
12,8,999.0,483.0840759277344,11.41141128540039
12,9,5913.0,170.0301055908203,24.15474319458008
12,10,999.0,75.70570373535156,16.620620727539062
12,11,2516.0,249.6764678955078,77.2174072265625
12,12,1345.0,104.22750854492188,37.3040885925293
12,13,4561.0,441.7154235839844,43.047359466552734
12,14,1146.0,21.991273880004883,46.22600173950195
12,15,1993.0,311.4576110839844,51.24937438964844
12,16,1720.0,355.6564025878906,37.50697708129883
12,17,4937.0,30.254608154296875,101.568359375
12,18,1901.0,65.38506317138672,52.93529891967773
12,19,1372.0,499.5714416503906,40.342567443847656
12,20,1400.0,453.0785827636719,90.34642791748048
12,21,3615.0,189.5991668701172,74.05725860595703
12,22,3918.0,334.0750427246094,106.74323272705078
12,23,1777.0,128.2943115234375,76.55205535888672
12,24,1224.0,298.2597961425781,116.91748046875
12,25,0.0,0.0,0.0
12,26,0.0,0.0,0.0
12,27,7540.0,98.7193603515625,127.6653823852539
12,28,3047.0,182.04759216308597,113.08565521240234
12,29,2110.0,338.0834045410156,164.7966766357422
12,30,9815.0,211.88609313964844,166.04095458984375
12,31,2253.0,284.49578857421875,141.87127685546875
12,32,3315.0,29.52518844604492,168.0009002685547
12,33,2319.0,490.8607177734375,131.39068603515625
12,34,7134.0,422.3624877929688,138.1997528076172
12,35,2246.0,139.9171905517578,187.20169067382807
12,36,7732.0,381.6485900878906,203.82553100585935
12,37,5859.0,289.0442199707031,218.88650512695312
12,38,2533.0,88.24240112304688,201.551513671875
12,39,1336.0,432.9588317871094,249.48876953125
12,40,5676.0,477.1252746582031,206.4034576416016
12,41,2588.0,37.66460418701172,215.8902587890625
12,42,2592.0,160.03433227539062,233.3800201416016
12,43,2068.0,223.72775268554688,233.01885986328125
12,44,0.0,0.0,0.0
12,45,1956.0,108.17893981933594,244.44580078125
12,46,4739.0,26.508968353271484,272.53387451171875
12,47,2808.0,443.1652526855469,298.1623840332031
12,48,1529.0,261.13995361328125,264.4885559082031
12,49,1315.0,167.8463897705078,270.8106384277344
12,50,3563.0,58.44429016113281,311.59527587890625
12,51,1980.0,115.64393615722656,278.1661682128906
12,52,2207.0,321.2229309082031,312.50927734375
12,53,5847.0,386.3685607910156,290.6280212402344
12,54,2268.0,179.28880310058594,319.5419006347656
12,55,2305.0,205.8980407714844,275.3878479003906
12,56,7696.0,259.32574462890625,323.536376953125
12,57,1323.0,395.0899353027344,352.9327392578125
12,58,5241.0,123.35718536376952,327.603515625
12,59,2095.0,204.26205444335935,360.5116882324219
12,60,2107.0,355.5965881347656,355.2325439453125
12,61,1529.0,15.809679985046388,350.3368225097656
12,62,1900.0,68.04737091064453,362.7594604492188
12,63,940.0,442.4946899414063,434.4425659179688
12,64,1547.0,322.3147888183594,372.3581237792969
12,65,1052.0,356.8175048828125,402.7243347167969
12,66,1300.0,63.90922927856445,400.096923828125
12,67,2196.0,226.6001892089844,404.5036315917969
12,68,3213.0,431.0812377929688,364.1655883789063
12,69,6053.0,128.01173400878906,394.6393432617188
12,70,1804.0,184.629150390625,407.1031188964844
12,71,3539.0,22.67674446105957,410.7914733886719
12,72,855.0,382.5637512207031,392.1695861816406
12,73,5035.0,301.6256103515625,417.5104370117188
12,74,4865.0,396.55950927734375,439.1802673339844
12,75,6079.0,479.2025146484375,422.0611877441406
12,76,1568.0,72.05931091308594,436.77679443359375
12,77,791.0,131.89254760742188,440.1668701171875
12,78,2570.0,186.7198486328125,450.6591491699219
12,79,2512.0,243.2997589111328,452.007568359375
12,80,4238.0,327.450927734375,471.9771118164063
12,81,3597.0,265.82373046875,490.9724731445313
12,82,1756.0,23.927677154541016,465.0632019042969
12,83,454.0,480.7445068359375,480.4581604003906
12,84,1233.0,151.29278564453125,468.9943237304688
12,85,2239.0,64.25100708007812,478.0187683105469
12,86,1704.0,280.5821533203125,64.55105590820312
12,87,2226.0,493.1873168945313,356.1185913085937
12,88,667.0,465.223388671875,328.0809631347656
12,89,4017.0,114.97386169433594,485.8645629882813
12,90,3728.0,434.9055786132813,484.8232421875
12,91,1922.0,195.24766540527344,494.3527526855469
12,92,3595.0,387.3315734863281,75.4940185546875
12,93,3538.0,490.1998291015625,284.1718444824219
12,94,2456.0,333.5223999023437,269.8485412597656
12,95,1390.0,493.1575622558594,86.22661590576172
12,96,1419.0,275.4045104980469,377.310791015625
12,97,1180.0,372.4906921386719,499.9076232910156
12,98,966.0,489.10247802734375,501.3561096191406
12,99,16.0,510.875,484.9375
12,100,286.0,7.842657566070557,503.8321533203125
12,101,527.0,68.5958251953125,251.2466735839844
12,102,0.0,0.0,0.0
12,103,885.0,27.08700561523437,498.0384216308594
12,104,0.0,0.0,0.0
12,105,0.0,0.0,0.0
12,106,0.0,0.0,0.0
12,107,0.0,0.0,0.0
12,108,0.0,0.0,0.0
12,109,0.0,0.0,0.0
12,110,0.0,0.0,0.0
12,111,0.0,0.0,0.0
12,112,0.0,0.0,0.0
12,113,0.0,0.0,0.0
12,114,0.0,0.0,0.0
12,115,0.0,0.0,0.0
12,116,0.0,0.0,0.0
12,117,0.0,0.0,0.0
12,118,0.0,0.0,0.0
12,119,0.0,0.0,0.0
12,120,0.0,0.0,0.0
13,0,1306.0,17.861408233642578,17.4578857421875
13,1,517.0,50.330753326416016,6.17988395690918
13,2,0.0,0.0,0.0
13,3,1952.0,250.9082946777344,22.7658805847168
13,4,1403.0,297.0898132324219,11.081254005432127
13,5,1526.0,373.0275268554688,8.760812759399414
13,6,338.0,438.5266418457031,3.71005916595459
13,7,0.0,0.0,0.0
13,8,0.0,0.0,0.0
13,9,5639.0,171.092041015625,22.88455390930176
13,10,1073.0,74.41658782958984,15.518173217773438
13,11,2119.0,252.27842712402344,78.86644744873047
13,12,1264.0,105.7144012451172,34.09968185424805
13,13,5619.0,444.1318664550781,36.2786979675293
13,14,1258.0,22.064388275146484,45.62400817871094
13,15,2313.0,310.3186340332031,50.80760955810547
13,16,1844.0,353.0395812988281,34.00596618652344
13,17,4651.0,27.800687789916992,102.70372009277344
13,18,1783.0,62.507572174072266,50.81043243408203
13,19,1611.0,499.3091125488281,33.11173248291016
13,20,1395.0,451.9261779785156,88.23011016845703
13,21,4117.0,192.27520751953125,72.46951293945312
13,22,3288.0,334.1046142578125,103.95620727539062
13,23,2208.0,123.01087188720705,73.11322784423828
13,24,1436.0,299.97772216796875,121.18384552001952
13,25,0.0,0.0,0.0
13,26,0.0,0.0,0.0
13,27,7895.0,95.99911499023438,127.76998138427734
13,28,2831.0,180.0155487060547,111.70399475097656
13,29,2448.0,339.0261535644531,159.12989807128906
13,30,9763.0,208.5487060546875,163.65635681152344
13,31,2013.0,280.0769958496094,136.59066772460938
13,32,2464.0,30.709821701049805,163.02435302734375
13,33,2654.0,489.8541870117188,128.63526916503906
13,34,7096.0,420.8414611816406,136.621337890625
13,35,1868.0,137.92611694335938,186.59849548339844
13,36,7493.0,382.3992919921875,203.66835021972656
13,37,6437.0,286.4921569824219,214.8839569091797
13,38,2519.0,88.19253540039062,201.3560943603516
13,39,1252.0,434.2867431640625,247.85862731933597
13,40,5554.0,476.902587890625,203.62908935546875
13,41,3253.0,35.55179977416992,210.9182281494141
13,42,2507.0,159.24810791015625,231.20462036132807
13,43,1646.0,219.66038513183597,228.0054626464844
13,44,0.0,0.0,0.0
13,45,1539.0,107.37686920166016,240.01364135742188
13,46,5064.0,27.421010971069336,273.11474609375
13,47,2490.0,444.487548828125,294.75543212890625
13,48,1590.0,256.4169921875,262.2660522460937
13,49,1542.0,171.7399444580078,268.79571533203125
13,50,3366.0,59.6910285949707,308.6310119628906
13,51,1832.0,113.36244201660156,271.4012145996094
13,52,2062.0,323.2119445800781,308.3894348144531
13,53,5761.0,388.0123291015625,287.8651428222656
13,54,2710.0,179.2686309814453,322.8734436035156
13,55,2093.0,207.4228363037109,269.8160400390625
13,56,8195.0,260.636962890625,321.51373291015625
13,57,663.0,400.7692260742188,343.9019470214844
13,58,5674.0,123.45858001708984,322.2929077148437
13,59,1693.0,211.2037811279297,358.5251159667969
13,60,2984.0,361.8616027832031,355.0154113769531
13,61,1325.0,14.9358491897583,348.6724548339844
13,62,2113.0,67.15333557128906,361.4495849609375
13,63,943.0,441.8928833007813,426.5641479492188
13,64,1869.0,320.7758178710937,373.8384094238281
13,65,1066.0,358.4493408203125,403.0956726074219
13,66,1151.0,64.79930114746094,398.7801818847656
13,67,1978.0,227.0020294189453,403.1637878417969
13,68,3894.0,431.31689453125,361.9293823242188
13,69,6053.0,128.9699249267578,393.1429138183594
13,70,1922.0,185.4906311035156,404.42041015625
13,71,3095.0,23.143457412719727,402.6546020507813
13,72,645.0,381.9876098632813,392.3550415039063
13,73,4758.0,302.1101379394531,417.16058349609375
13,74,4493.0,397.5101318359375,436.3211669921875
13,75,5026.0,478.2861022949219,417.5905151367188
13,76,1767.0,72.16581726074219,434.4731140136719
13,77,808.0,131.8985137939453,439.6361389160156
13,78,2626.0,187.63861083984372,447.7619934082031
13,79,2291.0,244.58489990234372,449.2374572753906
13,80,3938.0,328.4080810546875,468.5281982421875
13,81,4155.0,267.53887939453125,489.11865234375
13,82,2398.0,22.41826438903809,460.17388916015625
13,83,350.0,479.0542907714844,481.2171325683594
13,84,912.0,159.88047790527344,471.4144592285156
13,85,2142.0,66.47199249267578,475.5938415527344
13,86,1748.0,279.86669921875,63.26716232299805
13,87,2347.0,493.3822021484375,355.4281921386719
13,88,532.0,464.768798828125,327.1710510253906
13,89,4596.0,119.0250244140625,484.6677551269531
13,90,3937.0,435.0921936035156,481.9900817871094
13,91,1852.0,198.3763427734375,492.3498840332031
13,92,3680.0,384.5412902832031,73.65489196777344
13,93,3784.0,488.6910705566406,281.59381103515625
13,94,2603.0,333.0553283691406,266.3515319824219
13,95,1315.0,492.6494445800781,82.10189819335938
13,96,1359.0,271.1118469238281,378.841064453125
13,97,1613.0,371.2194519042969,497.4928588867188
13,98,898.0,484.9532165527344,502.8719482421875
13,99,895.0,500.6849060058594,475.9765319824219
13,100,358.0,11.293295860290527,504.7122802734375
13,101,388.0,73.35051727294922,248.15463256835935
13,102,0.0,0.0,0.0
13,103,910.0,31.841758728027344,497.3230895996094
13,104,0.0,0.0,0.0
13,105,0.0,0.0,0.0
13,106,0.0,0.0,0.0
13,107,0.0,0.0,0.0
13,108,0.0,0.0,0.0
13,109,0.0,0.0,0.0
13,110,0.0,0.0,0.0
13,111,0.0,0.0,0.0
13,112,0.0,0.0,0.0
13,113,0.0,0.0,0.0
13,114,0.0,0.0,0.0
13,115,0.0,0.0,0.0
13,116,0.0,0.0,0.0
13,117,0.0,0.0,0.0
13,118,0.0,0.0,0.0
13,119,0.0,0.0,0.0
13,120,0.0,0.0,0.0
14,0,1228.0,17.345277786254883,16.493484497070312
14,1,279.0,44.72760009765625,4.078853130340576
14,2,0.0,0.0,0.0
14,3,1689.0,249.71876525878903,23.689165115356445
14,4,1486.0,291.8351135253906,11.23687744140625
14,5,956.0,374.2081604003906,7.334728240966797
14,6,0.0,0.0,0.0
14,7,0.0,0.0,0.0
14,8,0.0,0.0,0.0
14,9,5419.0,169.24119567871094,20.69108772277832
14,10,1081.0,68.982421875,13.51711368560791
14,11,2279.0,253.9732360839844,76.9806900024414
14,12,887.0,99.4802703857422,29.08906364440918
14,13,5829.0,444.1217956542969,31.878538131713867
14,14,1160.0,21.37586212158203,43.17068862915039
14,15,1860.0,311.3747253417969,48.3725814819336
14,16,1929.0,348.2472839355469,26.760498046875
14,17,4796.0,26.546497344970703,104.05817413330078
14,18,1775.0,59.72845077514648,47.9808464050293
14,19,1584.0,499.7398986816406,33.18623733520508
14,20,1453.0,452.5382080078125,85.61872100830078
14,21,4418.0,192.5889587402344,69.9391098022461
14,22,3084.0,329.976318359375,100.85084533691406
14,23,2682.0,121.3165512084961,67.39261627197266
14,24,1347.0,298.9376525878906,121.75946807861328
14,25,0.0,0.0,0.0
14,26,0.0,0.0,0.0
14,27,8146.0,94.75227355957033,126.49018096923828
14,28,2478.0,175.53268432617188,109.7498016357422
14,29,2586.0,343.14617919921875,152.18212890625
14,30,9952.0,208.1295166015625,160.84927368164062
14,31,1694.0,276.9232482910156,130.0011749267578
14,32,1694.0,31.49822998046875,159.3524169921875
14,33,2986.0,488.95111083984375,127.00033569335938
14,34,6944.0,419.9773864746094,134.73458862304688
14,35,1930.0,137.64404296875,183.0388641357422
14,36,7010.0,386.63909912109375,202.35549926757807
14,37,7524.0,288.0849304199219,210.8438262939453
14,38,2350.0,87.81361389160156,200.771484375
14,39,1331.0,435.038330078125,248.4785919189453
14,40,5471.0,476.9787902832031,202.7369842529297
14,41,3858.0,35.09020233154297,206.06272888183597
14,42,2323.0,155.83985900878906,230.4821319580078
14,43,1722.0,215.0662078857422,225.9459991455078
14,44,0.0,0.0,0.0
14,45,1207.0,104.64291381835938,235.59983825683597
14,46,4964.0,26.613819122314453,273.75323486328125
14,47,2294.0,444.7035827636719,293.8779296875
14,48,1367.0,256.1294860839844,259.8200378417969
14,49,1644.0,172.97262573242188,267.6094970703125
14,50,3001.0,61.8040657043457,304.55548095703125
14,51,2019.0,114.84745025634766,266.90985107421875
14,52,1405.0,326.7843322753906,309.2547912597656
14,53,5235.0,389.5971374511719,286.445068359375
14,54,2765.0,179.523681640625,322.8846435546875
14,55,1984.0,208.40121459960935,266.25
14,56,8408.0,262.67303466796875,318.2096862792969
14,57,419.0,410.6873474121094,334.0572814941406
14,58,5735.0,124.26399230957033,320.6298217773437
14,59,1899.0,213.81622314453125,355.7535400390625
14,60,3841.0,363.1827697753906,352.08123779296875
14,61,1671.0,19.612207412719727,349.3818054199219
14,62,2135.0,70.2562026977539,358.2407531738281
14,63,585.0,443.7999877929688,425.986328125
14,64,1483.0,319.4322204589844,371.7532043457031
14,65,812.0,360.6785583496094,400.3263549804688
14,66,1219.0,64.66448211669922,395.8736572265625
14,67,1874.0,227.6072540283203,402.52880859375
14,68,4245.0,434.2621765136719,360.8963623046875
14,69,5855.0,128.52587890625,392.8826599121094
14,70,1979.0,185.22283935546875,401.210205078125
14,71,2653.0,23.607990264892575,397.6475830078125
14,72,840.0,386.1166687011719,391.1380920410156
14,73,5320.0,303.0620422363281,412.7460632324219
14,74,4135.0,400.33978271484375,432.5944519042969
14,75,4838.0,479.7449340820313,418.8055114746094
14,76,1719.0,72.95753479003906,432.1861572265625
14,77,814.0,135.3009796142578,438.9877014160156
14,78,2413.0,192.8023223876953,443.9316101074219
14,79,2137.0,244.6934967041016,448.32427978515625
14,80,4246.0,331.5306091308594,467.2734375
14,81,4433.0,267.33905029296875,487.0442199707031
14,82,2777.0,23.031328201293945,453.222900390625
14,83,298.0,476.7684631347656,475.3758239746094
14,84,1193.0,161.96144104003906,466.1777038574219
14,85,2205.0,65.57097625732422,474.1968383789063
14,86,1712.0,283.0753479003906,60.83469772338867
14,87,2294.0,494.0169982910156,354.9359130859375
14,88,468.0,468.6687927246094,326.0662536621094
14,89,4818.0,118.96160125732422,484.3763122558594
14,90,4192.0,434.7063598632813,479.3590087890625
14,91,1892.0,198.56871032714844,491.9017028808594
14,92,4438.0,382.4866943359375,69.83460998535156
14,93,3805.0,488.49066162109375,280.0354919433594
14,94,3406.0,334.0135192871094,264.0317077636719
14,95,1101.0,492.6239929199219,80.2334213256836
14,96,1151.0,266.91485595703125,375.58209228515625
14,97,1769.0,373.0084838867188,496.0192260742188
14,98,1034.0,483.8907165527344,501.5
14,99,849.0,500.5618286132813,477.0694885253906
14,100,493.0,11.423934936523438,502.2535400390625
14,101,565.0,73.3575210571289,247.57522583007807
14,102,0.0,0.0,0.0
14,103,871.0,32.0252571105957,496.3869018554688
14,104,0.0,0.0,0.0
14,105,0.0,0.0,0.0
14,106,0.0,0.0,0.0
14,107,0.0,0.0,0.0
14,108,0.0,0.0,0.0
14,109,0.0,0.0,0.0
14,110,0.0,0.0,0.0
14,111,0.0,0.0,0.0
14,112,0.0,0.0,0.0
14,113,0.0,0.0,0.0
14,114,0.0,0.0,0.0
14,115,0.0,0.0,0.0
14,116,0.0,0.0,0.0
14,117,0.0,0.0,0.0
14,118,0.0,0.0,0.0
14,119,0.0,0.0,0.0
14,120,0.0,0.0,0.0
15,0,1303.0,19.519569396972656,14.128166198730469
15,1,0.0,0.0,0.0
15,2,0.0,0.0,0.0
15,3,1347.0,250.654052734375,20.15070533752441
15,4,1437.0,291.4342346191406,11.38204574584961
15,5,827.0,371.8815002441406,7.1717047691345215
15,6,0.0,0.0,0.0
15,7,0.0,0.0,0.0
15,8,0.0,0.0,0.0
15,9,4723.0,168.98220825195312,17.887359619140625
15,10,1082.0,66.66173553466797,11.620147705078123
15,11,2622.0,254.1765899658203,71.53470611572266
15,12,644.0,97.07608795166016,23.04503059387207
15,13,5646.0,444.1190185546875,29.955543518066406
15,14,1056.0,20.573863983154297,41.01041793823242
15,15,2230.0,312.2062683105469,54.24080657958984
15,16,1829.0,346.27008056640625,24.22252655029297
15,17,4678.0,24.83903312683105,104.2259521484375
15,18,1744.0,55.60149002075195,45.48566436767578
15,19,1563.0,499.9897766113281,33.47920608520508
15,20,1880.0,451.7526550292969,83.70744323730469
15,21,4869.0,192.64407348632807,65.67385864257812
15,22,2056.0,327.17120361328125,105.36089324951172
15,23,3292.0,115.92891693115234,60.8575325012207
15,24,1043.0,297.3461303710937,116.4669189453125
15,25,0.0,0.0,0.0
15,26,0.0,0.0,0.0
15,27,8161.0,91.99019622802734,126.01213073730467
15,28,2751.0,173.8913116455078,108.393310546875
15,29,3165.0,346.38134765625,148.7409210205078
15,30,9616.0,206.0325469970703,159.32176208496094
15,31,1536.0,271.4192810058594,120.82486724853516
15,32,1434.0,32.31032180786133,157.7315216064453
15,33,3187.0,488.4339599609375,124.1251983642578
15,34,6574.0,418.3191223144531,134.7214813232422
15,35,2048.0,137.1044921875,181.6181640625
15,36,6633.0,391.3312377929688,204.6702880859375
15,37,8822.0,288.7239990234375,204.75946044921875
15,38,2404.0,84.1967544555664,198.34442138671875
15,39,1221.0,435.6019592285156,247.67649841308597
15,40,5400.0,477.53167724609375,200.0357360839844
15,41,3898.0,33.2244758605957,206.4771728515625
15,42,2232.0,153.31944274902344,229.5438995361328
15,43,1502.0,210.67843627929688,222.5692443847656
15,44,0.0,0.0,0.0
15,45,1203.0,101.97257232666016,233.4472198486328
15,46,4600.0,25.325653076171875,274.8565368652344
15,47,2449.0,445.9346618652344,289.6353759765625
15,48,1429.0,255.50804138183597,257.4947509765625
15,49,1736.0,174.4049530029297,264.1255798339844
15,50,3325.0,60.160301208496094,304.3822631835937
15,51,2273.0,116.48746490478516,267.5468444824219
15,52,1112.0,331.7733764648437,315.443359375
15,53,4636.0,390.1248779296875,283.9434814453125
15,54,2685.0,179.4376220703125,321.1657409667969
15,55,2043.0,207.7038726806641,264.099365234375
15,56,8874.0,263.88720703125,315.0611877441406
15,57,363.0,410.85400390625,328.9311218261719
15,58,5657.0,124.2975082397461,321.9349365234375
15,59,1839.0,213.904296875,354.9070129394531
15,60,4087.0,364.8561401367188,347.2652282714844
15,61,1471.0,19.12032699584961,350.7742919921875
15,62,2027.0,69.85199737548828,355.9649658203125
15,63,727.0,441.8445739746094,423.0660095214844
15,64,1915.0,321.4704895019531,373.86370849609375
15,65,942.0,366.9617919921875,400.61041259765625
15,66,1094.0,65.6517333984375,394.3043823242188
15,67,1815.0,229.35592651367188,400.349853515625
15,68,4882.0,434.8138122558594,358.87628173828125
15,69,5571.0,127.4121322631836,391.522705078125
15,70,2259.0,185.2784423828125,399.1261596679688
15,71,2655.0,25.330320358276367,395.09869384765625
15,72,648.0,385.94134521484375,389.45062255859375
15,73,5389.0,303.1955871582031,413.6622619628906
15,74,3425.0,399.44671630859375,431.1894836425781
15,75,4396.0,479.65673828125,415.489990234375
15,76,1493.0,74.90354919433594,429.5478820800781
15,77,1106.0,135.93942260742188,438.1971130371094
15,78,2385.0,193.3337554931641,442.5953979492188
15,79,1951.0,243.1742706298828,447.1470947265625
15,80,4116.0,332.58892822265625,466.0087585449219
15,81,4818.0,268.05792236328125,486.3796081542969
15,82,3115.0,23.64141273498535,450.7990417480469
15,83,486.0,477.3024597167969,467.2757263183594
15,84,1158.0,163.1096649169922,468.0319519042969
15,85,2224.0,68.34532165527344,470.9388427734375
15,86,1448.0,284.3280334472656,58.02347946166992
15,87,2317.0,494.4488525390625,354.0440368652344
15,88,396.0,472.154052734375,321.1212158203125
15,89,4771.0,119.9222412109375,484.4259033203125
15,90,4277.0,433.7825622558594,477.0591430664063
15,91,1840.0,198.8625030517578,490.9869689941406
15,92,5041.0,379.1697998046875,68.10613250732422
15,93,3606.0,489.4389953613281,277.2745361328125
15,94,3392.0,336.071044921875,261.4778747558594
15,95,818.0,494.2677307128906,77.55501556396484
15,96,1067.0,266.1546325683594,374.6382446289063
15,97,1966.0,374.4196472167969,494.6261596679688
15,98,1274.0,483.0415954589844,499.2927856445313
15,99,899.0,501.45159912109375,472.1735229492188
15,100,752.0,15.19680881500244,500.6090393066406
15,101,637.0,67.94819641113281,248.9560394287109
15,102,8.0,165.75,507.125
15,103,801.0,39.96129989624024,495.6691589355469
15,104,0.0,0.0,0.0
15,105,0.0,0.0,0.0
15,106,0.0,0.0,0.0
15,107,0.0,0.0,0.0
15,108,0.0,0.0,0.0
15,109,0.0,0.0,0.0
15,110,0.0,0.0,0.0
15,111,0.0,0.0,0.0
15,112,0.0,0.0,0.0
15,113,0.0,0.0,0.0
15,114,0.0,0.0,0.0
15,115,0.0,0.0,0.0
15,116,0.0,0.0,0.0
15,117,0.0,0.0,0.0
15,118,0.0,0.0,0.0
15,119,0.0,0.0,0.0
15,120,0.0,0.0,0.0
16,0,1346.0,19.65898895263672,14.405646324157717
16,1,0.0,0.0,0.0
16,2,0.0,0.0,0.0
16,3,1485.0,255.10235595703125,21.325925827026367
16,4,1173.0,289.8815002441406,10.503836631774902
16,5,438.0,373.4109497070313,5.189497947692871
16,6,0.0,0.0,0.0
16,7,0.0,0.0,0.0
16,8,0.0,0.0,0.0
16,9,4555.0,167.9973602294922,16.822174072265625
16,10,708.0,68.15677642822266,8.699152946472168
16,11,1684.0,259.8099670410156,64.83016967773438
16,12,699.0,95.84263610839844,21.679542541503903
16,13,5646.0,442.6806640625,29.16666603088379
16,14,861.0,18.93379783630371,40.89198684692383
16,15,1826.0,311.8105163574219,49.529571533203125
16,16,2103.0,344.5030822753906,20.91107940673828
16,17,4532.0,24.847307205200195,103.4883041381836
16,18,2069.0,52.62735748291016,42.259063720703125
16,19,1536.0,499.7161560058594,31.77213478088379
16,20,1849.0,449.6046447753906,82.17144775390625
16,21,5921.0,199.54888916015625,65.61138153076172
16,22,1905.0,322.03936767578125,103.4157485961914
16,23,3398.0,115.56179809570312,60.98587417602539
16,24,958.0,294.7672119140625,114.72964477539062
16,25,0.0,0.0,0.0
16,26,0.0,0.0,0.0
16,27,8388.0,92.56497192382812,125.17608642578124
16,28,2513.0,175.62872314453125,107.36649322509766
16,29,3626.0,346.9053955078125,144.5184783935547
16,30,8717.0,207.0438232421875,155.46507263183594
16,31,1383.0,269.18798828125,115.95516967773438
16,32,1363.0,31.25898742675781,155.4526824951172
16,33,3795.0,487.3433532714844,120.20263671875
16,34,5778.0,419.168212890625,133.1673583984375
16,35,2426.0,141.4051971435547,179.29595947265625
16,36,6793.0,391.6687622070313,202.2804412841797
16,37,9070.0,288.1750793457031,199.6969146728516
16,38,1547.0,96.66645050048828,202.6386566162109
16,39,1183.0,434.7134399414063,246.4192657470703
16,40,5443.0,476.9127197265625,198.54823303222656
16,41,5216.0,38.38362884521485,203.77032470703125
16,42,2178.0,155.94261169433594,226.6593170166016
16,43,1566.0,217.25222778320312,220.5708770751953
16,44,0.0,0.0,0.0
16,45,1219.0,105.66693878173828,232.63330078125
16,46,4463.0,26.289043426513672,275.96392822265625
16,47,2462.0,444.05767822265625,285.7709045410156
16,48,1635.0,255.97308349609372,256.4911193847656
16,49,2298.0,180.72802734375,264.0961608886719
16,50,3217.0,58.38141250610352,305.1044311523437
16,51,2570.0,115.57237243652344,268.6820983886719
16,52,790.0,333.1822814941406,313.0037841796875
16,53,3251.0,392.6625671386719,274.5865783691406
16,54,2932.0,183.14393615722656,315.40826416015625
16,55,1173.0,212.8456878662109,250.58226013183597
16,56,8516.0,267.1876525878906,311.90606689453125
16,57,513.0,411.78363037109375,326.15203857421875
16,58,5666.0,125.89251708984376,321.53125
16,59,2199.0,214.6102752685547,351.7339782714844
16,60,4926.0,368.9523010253906,341.2001647949219
16,61,1584.0,23.66729736328125,351.7266540527344
16,62,1975.0,73.33417510986328,355.582275390625
16,63,780.0,443.035888671875,422.4666748046875
16,64,2369.0,318.79315185546875,368.8509826660156
16,65,937.0,368.6595458984375,401.692626953125
16,66,1025.0,67.20487976074219,395.55804443359375
16,67,1880.0,229.6638336181641,399.4351196289063
16,68,5176.0,434.74322509765625,359.7190856933594
16,69,5293.0,126.98602294921876,390.6837463378906
16,70,2391.0,184.7511444091797,397.2358703613281
16,71,2585.0,25.20270729064941,392.3427429199219
16,72,453.0,386.5871887207031,389.6379699707031
16,73,5893.0,302.0503845214844,411.8488159179688
16,74,2962.0,399.5813598632813,428.1471862792969
16,75,3697.0,479.1825866699219,413.1368713378906
16,76,1159.0,81.34857940673828,427.835205078125
16,77,987.0,136.48936462402344,436.2107543945313
16,78,2422.0,193.38026428222656,441.9694519042969
16,79,1810.0,244.9674072265625,446.62542724609375
16,80,3837.0,336.0714111328125,462.5764770507813
16,81,4851.0,267.96783447265625,485.5398864746094
16,82,3578.0,26.336780548095703,447.2979431152344
16,83,518.0,475.2664184570313,466.2876586914063
16,84,1075.0,164.1888427734375,466.2669677734375
16,85,2548.0,69.3795166015625,470.9627075195313
16,86,1394.0,287.3737487792969,61.08536529541016
16,87,2476.0,494.6090393066406,353.8235168457031
16,88,517.0,470.2166442871094,318.4777526855469
16,89,4834.0,122.1429443359375,482.78900146484375
16,90,4358.0,432.2115783691406,474.3790588378906
16,91,1791.0,201.41653442382807,488.61083984375
16,92,5405.0,377.2266540527344,67.2627182006836
16,93,3595.0,488.7947082519531,275.9329528808594
16,94,3760.0,338.83111572265625,263.3188781738281
16,95,570.0,494.7403564453125,71.34736633300781
16,96,697.0,259.6054382324219,372.4892272949219
16,97,2406.0,367.1213684082031,496.2975769042969
16,98,1433.0,481.4605712890625,499.1277160644531
16,99,1264.0,500.1155090332031,464.3014221191406
16,100,678.0,14.76548671722412,501.5103149414063
16,101,612.0,69.18791198730469,247.9084930419922
16,102,195.0,173.62564086914062,507.041015625
16,103,867.0,37.98962020874024,494.68743896484375
16,104,0.0,0.0,0.0
16,105,0.0,0.0,0.0
16,106,0.0,0.0,0.0
16,107,0.0,0.0,0.0
16,108,0.0,0.0,0.0
16,109,0.0,0.0,0.0
16,110,0.0,0.0,0.0
16,111,0.0,0.0,0.0
16,112,0.0,0.0,0.0
16,113,0.0,0.0,0.0
16,114,0.0,0.0,0.0
16,115,0.0,0.0,0.0
16,116,0.0,0.0,0.0
16,117,0.0,0.0,0.0
16,118,0.0,0.0,0.0
16,119,0.0,0.0,0.0
16,120,0.0,0.0,0.0
17,0,1594.0,15.85947322845459,22.31995010375977
17,1,0.0,0.0,0.0
17,2,0.0,0.0,0.0
17,3,1283.0,255.4333648681641,18.378019332885746
17,4,1091.0,290.0054931640625,10.896425247192385
17,5,410.0,374.0829162597656,6.38048791885376
17,6,0.0,0.0,0.0
17,7,0.0,0.0,0.0
17,8,0.0,0.0,0.0
17,9,3834.0,172.71543884277344,14.713354110717772
17,10,563.0,71.8490219116211,6.655417442321777
17,11,1457.0,262.2230529785156,62.33562088012695
17,12,818.0,98.71638488769533,18.645477294921875
17,13,5538.0,441.3797302246094,28.818527221679688
17,14,740.0,33.70000076293945,27.50540542602539
17,15,1103.0,311.90118408203125,52.40435028076172
17,16,2273.0,340.3251342773437,20.95952415466309
17,17,4483.0,24.237340927124023,102.2252960205078
17,18,1871.0,52.304649353027344,41.400856018066406
17,19,1719.0,498.8609619140625,32.77545166015625
17,20,2039.0,446.3109436035156,82.12751007080078
17,21,6470.0,200.04019165039065,63.117000579833984
17,22,1648.0,320.7930908203125,99.53458404541016
17,23,3918.0,113.64905548095705,58.5533447265625
17,24,931.0,296.3276062011719,112.4994659423828
17,25,0.0,0.0,0.0
17,26,0.0,0.0,0.0
17,27,8416.0,92.62689971923828,125.14579010009766
17,28,2353.0,177.01954650878906,106.39396667480467
17,29,3819.0,347.4103088378906,144.06808471679688
17,30,8468.0,206.1679229736328,152.44732666015625
17,31,1575.0,271.21270751953125,114.8019027709961
17,32,1323.0,30.59108161926269,154.89266967773438
17,33,4144.0,485.7842712402344,120.94184112548828
17,34,5011.0,416.7308044433594,132.1023712158203
17,35,2239.0,139.53863525390625,178.39883422851562
17,36,6148.0,396.0693054199219,201.7526092529297
17,37,8782.0,288.20233154296875,197.2082672119141
17,38,1363.0,99.10931396484376,204.0454864501953
17,39,982.0,434.3798522949219,245.7220001220703
17,40,5628.0,475.0426330566406,197.27096557617188
17,41,5800.0,38.3653450012207,204.83621215820312
17,42,1964.0,154.15733337402344,223.34571838378903
17,43,2264.0,217.414306640625,217.6890411376953
17,44,0.0,0.0,0.0
17,45,1265.0,104.66798400878906,232.00474548339844
17,46,4134.0,27.020076751708984,278.6756286621094
17,47,2479.0,445.8059692382813,284.7143859863281
17,48,1111.0,268.4410400390625,257.3222351074219
17,49,2505.0,181.88902282714844,260.0778503417969
17,50,2528.0,53.26502990722656,312.5597229003906
17,51,3328.0,111.68148803710938,268.1400146484375
17,52,702.0,330.52423095703125,312.0726623535156
17,53,2850.0,398.26666259765625,275.39404296875
17,54,2972.0,184.26077270507807,312.18975830078125
17,55,1535.0,223.11204528808597,250.34136962890625
17,56,8195.0,268.1160583496094,310.3634033203125
17,57,879.0,415.59613037109375,322.2411804199219
17,58,5464.0,127.74578857421876,322.02984619140625
17,59,2268.0,216.5485076904297,349.23590087890625
17,60,5095.0,368.6661376953125,340.6661376953125
17,61,1724.0,25.25870132446289,350.7035827636719
17,62,1973.0,75.19412231445312,352.7876281738281
17,63,728.0,442.6661987304688,421.554931640625
17,64,2161.0,316.5381774902344,366.3516845703125
17,65,837.0,367.3225708007813,398.1720581054688
17,66,1521.0,75.04667663574219,394.1919860839844
17,67,1675.0,230.1020965576172,398.1522521972656
17,68,5076.0,437.3033752441406,361.4454345703125
17,69,4388.0,130.0474090576172,387.9056396484375
17,70,2792.0,184.8563690185547,394.8692626953125
17,71,2403.0,24.95172691345215,389.8543395996094
17,72,289.0,385.16607666015625,388.740478515625
17,73,6687.0,305.9633483886719,411.24749755859375
17,74,2559.0,401.3044128417969,423.3110656738281
17,75,3300.0,478.4993896484375,413.4281921386719
17,76,1150.0,80.6208724975586,424.6043395996094
17,77,966.0,136.69979858398438,432.4430541992188
17,78,2250.0,193.18133544921875,439.4813232421875
17,79,1639.0,244.02317810058597,444.2586975097656
17,80,4244.0,335.4432067871094,466.5506591796875
17,81,5017.0,268.697021484375,484.459228515625
17,82,3841.0,26.946367263793945,445.1770324707031
17,83,446.0,472.6972961425781,465.145751953125
17,84,1101.0,167.85104370117188,465.5958251953125
17,85,2559.0,70.35169982910156,468.5935974121094
17,86,1704.0,287.81866455078125,55.31044769287109
17,87,2464.0,495.4070739746094,355.3478088378906
17,88,525.0,473.1466674804688,318.0133361816406
17,89,5145.0,122.97881317138672,480.3607482910156
17,90,4593.0,429.9187927246094,472.1889953613281
17,91,1905.0,204.52598571777344,485.8840026855469
17,92,5735.0,374.4341735839844,67.75483703613281
17,93,3573.0,488.7271118164063,274.353759765625
17,94,4999.0,343.5717163085937,256.5509033203125
17,95,493.0,492.5943298339844,71.71602630615234
17,96,661.0,255.93495178222656,369.6868286132813
17,97,1968.0,376.4242858886719,494.3196105957031
17,98,1586.0,481.1683349609375,498.1046752929688
17,99,1484.0,498.3753356933594,460.3436584472656
17,100,839.0,17.176401138305664,500.69964599609375
17,101,642.0,70.18224334716797,249.1339569091797
17,102,329.0,173.85105895996094,505.7386169433594
17,103,801.0,42.53932571411133,495.44818115234375
17,104,0.0,0.0,0.0
17,105,0.0,0.0,0.0
17,106,0.0,0.0,0.0
17,107,0.0,0.0,0.0
17,108,0.0,0.0,0.0
17,109,0.0,0.0,0.0
17,110,0.0,0.0,0.0
17,111,0.0,0.0,0.0
17,112,0.0,0.0,0.0
17,113,0.0,0.0,0.0
17,114,0.0,0.0,0.0
17,115,0.0,0.0,0.0
17,116,0.0,0.0,0.0
17,117,0.0,0.0,0.0
17,118,0.0,0.0,0.0
17,119,0.0,0.0,0.0
17,120,0.0,0.0,0.0
18,0,1259.0,14.102461814880373,18.690229415893555
18,1,0.0,0.0,0.0
18,2,0.0,0.0,0.0
18,3,1235.0,255.6283416748047,18.587854385375977
18,4,866.0,285.34295654296875,9.83602809906006
18,5,179.0,379.0055847167969,2.8994412422180176
18,6,0.0,0.0,0.0
18,7,0.0,0.0,0.0
18,8,0.0,0.0,0.0
18,9,3298.0,174.3302001953125,12.879624366760254
18,10,539.0,67.39703369140625,6.9220781326293945
18,11,1345.0,262.84832763671875,61.94498062133789
18,12,1072.0,106.41324615478516,18.1641788482666
18,13,5394.0,441.9454956054688,28.74860954284668
18,14,853.0,28.801876068115234,30.35169982910156
18,15,844.0,307.2784423828125,45.169429779052734
18,16,2793.0,340.3902587890625,19.65986442565918
18,17,4586.0,23.70867919921875,103.0318374633789
18,18,1800.0,49.9638900756836,40.383888244628906
18,19,1655.0,498.7565002441406,31.27371597290039
18,20,1937.0,445.7563171386719,82.00154876708984
18,21,6941.0,199.8933868408203,61.20400619506836
18,22,1455.0,318.5821228027344,91.37800598144533
18,23,3877.0,109.44132232666016,55.19963836669922
18,24,1018.0,298.3565673828125,112.34479522705078
18,25,0.0,0.0,0.0
18,26,0.0,0.0,0.0
18,27,8463.0,91.61739349365234,123.30403137207033
18,28,2479.0,177.24002075195312,105.59782409667967
18,29,4339.0,348.3109130859375,142.7948760986328
18,30,7893.0,207.2353973388672,151.4226531982422
18,31,1545.0,272.9844665527344,114.59417724609376
18,32,894.0,28.79194641113281,154.54251098632812
18,33,4391.0,483.5959777832031,121.76793670654295
18,34,4205.0,416.24066162109375,130.1678924560547
18,35,2526.0,140.6769561767578,172.70664978027344
18,36,5845.0,398.6951293945313,200.8034210205078
18,37,8935.0,285.959716796875,195.1540069580078
18,38,1128.0,104.18085479736328,203.36790466308597
18,39,768.0,434.2291564941406,245.171875
18,40,5896.0,473.44573974609375,196.67758178710935
18,41,6631.0,40.9724006652832,204.0947113037109
18,42,2090.0,154.10191345214844,220.55455017089844
18,43,1844.0,217.50108337402344,215.88177490234372
18,44,0.0,0.0,0.0
18,45,757.0,108.70277404785156,229.54293823242188
18,46,3371.0,27.13616180419922,275.8312072753906
18,47,2436.0,444.75,282.9298095703125
18,48,627.0,287.4067077636719,263.1004638671875
18,49,2376.0,181.57408142089844,255.7373809814453
18,50,1551.0,62.02256774902344,305.9271545410156
18,51,4057.0,110.10352325439452,268.6021728515625
18,52,929.0,326.9687805175781,315.00537109375
18,53,2095.0,403.521728515625,274.414794921875
18,54,3372.0,185.9590759277344,308.0572509765625
18,55,2252.0,231.66030883789065,247.59857177734372
18,56,7804.0,266.89324951171875,307.7398681640625
18,57,989.0,411.78363037109375,321.2386169433594
18,58,5051.0,130.01089477539062,323.6073913574219
18,59,2175.0,218.6634521484375,349.8597717285156
18,60,5483.0,368.12200927734375,340.8800048828125
18,61,2989.0,25.739377975463867,338.6888732910156
18,62,2122.0,76.89773559570312,350.3204650878906
18,63,471.0,441.1486206054688,421.2038269042969
18,64,2228.0,315.60009765625,366.3765563964844
18,65,713.0,366.8667602539063,396.8457336425781
18,66,1435.0,74.07874298095703,393.4696960449219
18,67,1462.0,231.4644317626953,398.1785278320313
18,68,5363.0,439.3522338867188,362.9466857910156
18,69,4024.0,127.17619323730467,388.0288391113281
18,70,3331.0,184.46112060546875,390.91802978515625
18,71,2312.0,24.60856437683105,388.0886535644531
18,72,299.0,388.9163818359375,387.8494873046875
18,73,6115.0,299.55059814453125,408.2398986816406
18,74,2869.0,395.5054016113281,423.0986328125
18,75,2531.0,475.4116821289063,410.3062133789063
18,76,1027.0,81.3758544921875,421.5764465332031
18,77,1038.0,136.3448944091797,431.518310546875
18,78,2307.0,193.93540954589844,437.9895935058594
18,79,1388.0,244.96469116210935,442.2989807128906
18,80,4801.0,337.1551818847656,467.0050048828125
18,81,5186.0,267.9145812988281,483.0647888183594
18,82,3940.0,27.508628845214844,443.1644592285156
18,83,550.0,472.2981872558594,463.7799987792969
18,84,1026.0,165.66860961914062,463.117919921875
18,85,3272.0,72.65892791748047,469.2542724609375
18,86,1581.0,287.8184814453125,56.1606559753418
18,87,2378.0,496.1190185546875,355.07568359375
18,88,717.0,467.4351501464844,315.6513366699219
18,89,4712.0,125.77801513671876,480.4023742675781
18,90,4716.0,429.2103576660156,470.3695983886719
18,91,2105.0,203.6332550048828,484.3168640136719
18,92,6066.0,373.8175048828125,67.67408752441406
18,93,3566.0,488.6982727050781,274.1284484863281
18,94,5822.0,348.5724792480469,253.10443115234372
18,95,673.0,494.0222778320313,71.21990966796875
18,96,622.0,255.3778076171875,367.763671875
18,97,1668.0,379.6540832519531,495.2901611328125
18,98,1649.0,479.9066162109375,497.8853759765625
18,99,2075.0,497.425048828125,451.93109130859375
18,100,935.0,17.59893035888672,499.811767578125
18,101,893.0,71.09518432617188,247.6830902099609
18,102,379.0,172.87071228027344,505.5092468261719
18,103,645.0,40.67441940307617,494.2310180664063
18,104,0.0,0.0,0.0
18,105,0.0,0.0,0.0
18,106,0.0,0.0,0.0
18,107,0.0,0.0,0.0
18,108,0.0,0.0,0.0
18,109,0.0,0.0,0.0
18,110,0.0,0.0,0.0
18,111,0.0,0.0,0.0
18,112,0.0,0.0,0.0
18,113,0.0,0.0,0.0
18,114,0.0,0.0,0.0
18,115,0.0,0.0,0.0
18,116,0.0,0.0,0.0
18,117,0.0,0.0,0.0
18,118,0.0,0.0,0.0
18,119,0.0,0.0,0.0
18,120,0.0,0.0,0.0
19,0,1295.0,13.972972869873049,19.673358917236328
19,1,0.0,0.0,0.0
19,2,0.0,0.0,0.0
19,3,1018.0,251.47445678710935,14.709234237670898
19,4,610.0,283.2049255371094,7.6590166091918945
19,5,0.0,0.0,0.0
19,6,0.0,0.0,0.0
19,7,0.0,0.0,0.0
19,8,0.0,0.0,0.0
19,9,2668.0,173.96438598632812,11.09969997406006
19,10,295.0,69.11864471435547,5.027118682861328
19,11,1308.0,261.80352783203125,58.15290451049805
19,12,941.0,101.05207061767578,12.82359218597412
19,13,5259.0,441.7839965820313,28.54820251464844
19,14,743.0,35.7940788269043,21.331090927124023
19,15,678.0,305.07080078125,46.014747619628906
19,16,3328.0,341.10125732421875,19.530048370361328
19,17,4772.0,22.93503761291504,100.88662719726562
19,18,1709.0,50.39555358886719,38.349910736083984
19,19,1707.0,498.2355041503906,30.42647933959961
19,20,2312.0,442.4468078613281,85.20155334472656
19,21,7593.0,200.2950134277344,60.51995086669922
19,22,1453.0,316.703369140625,90.45079040527344
19,23,4570.0,108.92713165283205,53.73347854614258
19,24,481.0,292.6839904785156,92.63825225830078
19,25,0.0,0.0,0.0
19,26,0.0,0.0,0.0
19,27,8290.0,90.55030059814452,124.0138702392578
19,28,2484.0,179.8872833251953,106.65056610107422
19,29,5117.0,352.0895080566406,141.79910278320312
19,30,6904.0,207.3363342285156,149.8299560546875
19,31,2049.0,279.7886657714844,114.42459869384766
19,32,770.0,30.094804763793945,154.3259735107422
19,33,4541.0,482.3996887207031,122.9321746826172
19,34,2959.0,419.3775024414063,134.37850952148438
19,35,2874.0,142.36846923828125,170.59324645996094
19,36,5409.0,401.7604064941406,201.6934814453125
19,37,8367.0,286.3250732421875,190.6498107910156
19,38,1083.0,103.05540466308594,201.7830047607422
19,39,802.0,433.9812927246094,245.35037231445312
19,40,5832.0,473.5625915527344,196.78549194335935
19,41,6866.0,40.09088134765625,205.21934509277344
19,42,2177.0,154.4469451904297,218.7069396972656
19,43,2177.0,223.80247497558597,211.44189453125
19,44,0.0,0.0,0.0
19,45,631.0,108.21711730957033,227.28208923339844
19,46,2319.0,26.280292510986328,270.0172424316406
19,47,1656.0,438.238525390625,277.81280517578125
19,48,708.0,286.3714599609375,256.8262634277344
19,49,2715.0,183.34991455078125,253.8810272216797
19,50,1839.0,59.06634140014648,306.0559997558594
19,51,4509.0,109.32623291015624,267.88311767578125
19,52,1004.0,327.30377197265625,315.8296813964844
19,53,2292.0,399.7238159179688,275.08465576171875
19,54,3397.0,186.20635986328125,307.2007751464844
19,55,2207.0,232.2705078125,244.76075744628903
19,56,7518.0,269.2333068847656,305.1658630371094
19,57,645.0,411.91937255859375,316.3736572265625
19,58,4729.0,131.9217529296875,324.5068664550781
19,59,2576.0,222.08035278320312,346.9864196777344
19,60,5472.0,370.15570068359375,340.75457763671875
19,61,3389.0,24.58070182800293,331.1292419433594
19,62,2373.0,78.62747955322266,348.9675598144531
19,63,540.0,441.6166687011719,418.2148132324219
19,64,2615.0,313.8451232910156,368.2699890136719
19,65,865.0,369.0208129882813,394.1421813964844
19,66,1479.0,74.44827270507812,392.1981201171875
19,67,1313.0,232.5521697998047,396.7501831054688
19,68,5451.0,439.7602233886719,363.0146789550781
19,69,3610.0,125.72382354736328,387.88421630859375
19,70,3778.0,184.1122283935547,390.6691284179688
19,71,2292.0,25.063262939453125,385.86126708984375
19,72,261.0,393.1149291992188,387.2567138671875
19,73,6315.0,309.026123046875,410.745361328125
19,74,1759.0,403.1199645996094,419.5901184082031
19,75,1993.0,472.8434448242188,409.4877014160156
19,76,662.0,89.05589294433594,422.2386779785156
19,77,1056.0,135.2291717529297,429.8096618652344
19,78,2228.0,195.0727081298828,437.0628356933594
19,79,1451.0,246.88352966308597,438.9228210449219
19,80,5220.0,337.5484619140625,466.1233825683594
19,81,5120.0,266.6328125,483.0394592285156
19,82,4367.0,29.842912673950195,440.5688171386719
19,83,359.0,469.74652099609375,463.0055847167969
19,84,1232.0,166.8887939453125,464.5422058105469
19,85,3278.0,73.21415710449219,469.5536804199219
19,86,1748.0,284.4130554199219,46.76887893676758
19,87,2408.0,496.9534912109375,358.5876159667969
19,88,1430.0,459.8370666503906,309.4559326171875
19,89,4623.0,124.93727111816406,478.46917724609375
19,90,4928.0,428.3045959472656,469.01947021484375
19,91,2083.0,205.23907470703125,481.957275390625
19,92,6264.0,374.4444580078125,69.69603729248047
19,93,3857.0,486.3507995605469,274.5628662109375
19,94,6140.0,347.3309326171875,249.20260620117188
19,95,750.0,493.8893432617188,72.21333312988281
19,96,491.0,256.1629333496094,366.1955261230469
19,97,1569.0,379.291259765625,496.9107666015625
19,98,1683.0,479.1764831542969,497.58050537109375
19,99,2548.0,495.3288879394531,449.5141296386719
19,100,964.0,18.66182518005371,500.0020751953125
19,101,792.0,72.4368667602539,245.16162109375
19,102,515.0,173.124267578125,504.6698913574219
19,103,670.0,42.10149383544922,492.7567138671875
19,104,0.0,0.0,0.0
19,105,0.0,0.0,0.0
19,106,0.0,0.0,0.0
19,107,0.0,0.0,0.0
19,108,0.0,0.0,0.0
19,109,0.0,0.0,0.0
19,110,17.0,0.2352941185235977,484.1176452636719
19,111,0.0,0.0,0.0
19,112,0.0,0.0,0.0
19,113,0.0,0.0,0.0
19,114,0.0,0.0,0.0
19,115,0.0,0.0,0.0
19,116,0.0,0.0,0.0
19,117,0.0,0.0,0.0
19,118,0.0,0.0,0.0
19,119,0.0,0.0,0.0
19,120,0.0,0.0,0.0
20,0,1209.0,13.028949737548828,19.94044685363769
20,1,0.0,0.0,0.0
20,2,0.0,0.0,0.0
20,3,1043.0,252.2828369140625,17.89837074279785
20,4,927.0,282.2599792480469,9.60409927368164
20,5,0.0,0.0,0.0
20,6,0.0,0.0,0.0
20,7,0.0,0.0,0.0
20,8,0.0,0.0,0.0
20,9,2150.0,180.1167449951172,9.53255844116211
20,10,311.0,68.60128784179688,5.46945333480835
20,11,1001.0,262.0439453125,58.89510345458984
20,12,1189.0,114.05551147460938,13.898233413696287
20,13,5011.0,441.4951171875,27.39054107666016
20,14,740.0,36.477027893066406,18.210811614990234
20,15,310.0,317.1032409667969,61.79999923706055
20,16,3381.0,340.9127502441406,20.08666038513184
20,17,4784.0,22.3961124420166,100.16283416748048
20,18,1528.0,48.708770751953125,38.58835220336914
20,19,1730.0,497.9208068847656,30.48786163330078
20,20,2937.0,440.4698791503906,84.68914031982422
20,21,7862.0,200.26290893554688,59.12439727783203
20,22,1098.0,311.780517578125,95.34790802001952
20,23,4774.0,105.252197265625,51.14285659790039
20,24,483.0,287.4244384765625,82.78467559814453
20,25,0.0,0.0,0.0
20,26,0.0,0.0,0.0
20,27,8248.0,89.22672271728516,123.464599609375
20,28,2477.0,174.40855407714844,106.64513397216795
20,29,5940.0,358.9979858398437,140.54124450683594
20,30,6478.0,208.4593963623047,147.94798278808594
20,31,2360.0,280.7550964355469,113.78389739990234
20,32,557.0,29.68940734863281,153.7019805908203
20,33,4847.0,482.5617980957031,121.06581115722656
20,34,2031.0,423.2087707519531,138.39340209960938
20,35,3169.0,141.11044311523438,169.44493103027344
20,36,4412.0,407.0868225097656,203.9217987060547
20,37,8336.0,287.1969909667969,188.6344757080078
20,38,649.0,105.58551788330078,202.3913726806641
20,39,1143.0,432.6736755371094,248.2624664306641
20,40,5920.0,473.4244995117188,196.69813537597656
20,41,7233.0,41.19618225097656,204.53518676757807
20,42,2383.0,155.5161590576172,215.2014312744141
20,43,2058.0,225.96160888671875,209.4159393310547
20,44,0.0,0.0,0.0
20,45,784.0,106.78571319580078,226.7844390869141
20,46,1947.0,24.52542304992676,269.1468811035156
20,47,1634.0,432.2184753417969,281.1107788085937
20,48,1240.0,290.5072631835937,256.0242004394531
20,49,2052.0,176.6471710205078,252.50341796875
20,50,1085.0,63.03963088989258,301.75115966796875
20,51,5316.0,109.011474609375,270.7785949707031
20,52,673.0,333.5260009765625,306.5408630371094
20,53,1546.0,396.1293640136719,274.413330078125
20,54,4064.0,189.81594848632807,307.2197265625
20,55,2909.0,223.8380889892578,243.6679229736328
20,56,7303.0,274.5875549316406,303.1217346191406
20,57,648.0,412.9104919433594,314.5941467285156
20,58,3789.0,134.4228057861328,327.5542297363281
20,59,2213.0,224.9358367919922,345.9335632324219
20,60,5363.0,372.692138671875,337.9716491699219
20,61,4144.0,28.24541473388672,326.5646667480469
20,62,2675.0,80.45046997070312,345.2620544433594
20,63,520.0,442.7999877929688,418.8365478515625
20,64,2035.0,315.7341613769531,358.192626953125
20,65,841.0,364.9916687011719,391.3793029785156
20,66,1598.0,75.09386444091797,392.2121276855469
20,67,1025.0,233.754150390625,397.7268371582031
20,68,5877.0,440.73931884765625,363.604736328125
20,69,3218.0,125.69857025146484,386.0696105957031
20,70,4310.0,185.289794921875,388.7088317871094
20,71,2253.0,24.51442527770996,384.8033752441406
20,72,232.0,387.3922424316406,387.25
20,73,6767.0,304.743896484375,403.85546875
20,74,2282.0,398.1906127929688,421.0499572753906
20,75,1550.0,470.6638793945313,412.142578125
20,76,819.0,89.0048828125,419.2698364257813
20,77,1154.0,139.51039123535156,429.0372619628906
20,78,2098.0,196.0052490234375,436.8994140625
20,79,1433.0,247.59735107421875,436.5415344238281
20,80,5176.0,337.1473999023437,466.6443176269531
20,81,5249.0,267.6187744140625,481.8706359863281
20,82,4060.0,29.22906494140625,438.7948303222656
20,83,372.0,468.0860290527344,463.5188293457031
20,84,1000.0,167.4980010986328,463.6860046386719
20,85,4221.0,80.42146301269531,466.1343383789063
20,86,1902.0,290.18560791015625,48.58412170410156
20,87,2356.0,497.1744384765625,360.443115234375
20,88,1401.0,460.99072265625,308.9079284667969
20,89,3899.0,131.61451721191406,480.46295166015625
20,90,4909.0,426.9103698730469,468.9260559082031
20,91,2256.0,205.70346069335935,480.9410400390625
20,92,6219.0,371.9988708496094,69.67936706542969
20,93,3978.0,485.0412292480469,275.2579040527344
20,94,6320.0,353.054443359375,241.9974670410156
20,95,502.0,492.9103698730469,68.47012329101562
20,96,858.0,254.5233154296875,363.9440612792969
20,97,1567.0,383.3707580566406,495.0618896484375
20,98,1591.0,479.4971618652344,498.1609191894531
20,99,2880.0,494.0979309082031,447.9111022949219
20,100,945.0,21.63703727722168,501.6021118164063
20,101,732.0,68.75409698486328,244.8046417236328
20,102,557.0,174.11131286621094,504.4703674316406
20,103,835.0,43.380836486816406,492.04791259765625
20,104,21.0,0.0476190485060215,162.7142791748047
20,105,0.0,0.0,0.0
20,106,0.0,0.0,0.0
20,107,0.0,0.0,0.0
20,108,0.0,0.0,0.0
20,109,0.0,0.0,0.0
20,110,232.0,6.603448390960693,482.362060546875
20,111,0.0,0.0,0.0
20,112,0.0,0.0,0.0
20,113,0.0,0.0,0.0
20,114,0.0,0.0,0.0
20,115,0.0,0.0,0.0
20,116,0.0,0.0,0.0
20,117,0.0,0.0,0.0
20,118,0.0,0.0,0.0
20,119,0.0,0.0,0.0
20,120,0.0,0.0,0.0
21,0,1131.0,13.15738296508789,18.397878646850582
21,1,0.0,0.0,0.0
21,2,0.0,0.0,0.0
21,3,899.0,250.47386169433597,12.008898735046388
21,4,469.0,282.3688659667969,6.865671634674072
21,5,0.0,0.0,0.0
21,6,0.0,0.0,0.0
21,7,0.0,0.0,0.0
21,8,0.0,0.0,0.0
21,9,1716.0,179.78846740722656,7.882867336273193
21,10,307.0,65.49185943603516,3.3745927810668945
21,11,1136.0,262.7763977050781,57.26056289672852
21,12,721.0,116.42163848876952,10.221914291381836
21,13,4774.0,441.7670593261719,26.50963592529297
21,14,0.0,0.0,0.0
21,15,470.0,322.3680725097656,59.84042739868164
21,16,3465.0,340.1893310546875,18.8383846282959
21,17,4832.0,22.97226905822754,97.14735412597656
21,18,1827.0,42.17241287231445,31.4220027923584
21,19,1706.0,497.87689208984375,30.01582717895508
21,20,3309.0,440.4345703125,84.1269302368164
21,21,8079.0,198.74514770507807,55.79787063598633
21,22,1206.0,316.0762939453125,90.9054718017578
21,23,5858.0,101.69921112060548,48.33185577392578
21,24,694.0,289.5504455566406,77.91642761230469
21,25,0.0,0.0,0.0
21,26,0.0,0.0,0.0
21,27,7530.0,87.77423858642578,123.8223114013672
21,28,2646.0,174.4709014892578,105.27928924560548
21,29,6352.0,358.5974426269531,138.98976135253906
21,30,6251.0,207.2754821777344,146.04319763183594
21,31,2602.0,280.8900756835937,113.04342651367188
21,32,593.0,30.7082633972168,153.0219268798828
21,33,4858.0,483.3334655761719,120.67476654052734
21,34,2270.0,422.20263671875,138.86123657226562
21,35,3308.0,139.2823486328125,167.96493530273438
21,36,2079.0,422.5945129394531,208.7898101806641
21,37,8353.0,286.7045288085937,188.1671295166016
21,38,890.0,101.92134857177734,200.6337127685547
21,39,1197.0,430.2715148925781,249.57058715820312
21,40,5787.0,474.7414855957031,197.82443237304688
21,41,7075.0,40.3510971069336,206.104736328125
21,42,2304.0,155.60763549804688,212.47439575195312
21,43,2108.0,225.5891876220703,207.3766632080078
21,44,0.0,0.0,0.0
21,45,670.0,108.81642150878906,225.45523071289065
21,46,1735.0,26.660518646240234,268.47607421875
21,47,1318.0,424.9096984863281,291.7162475585937
21,48,2230.0,275.7533569335937,251.2457427978516
21,49,2063.0,176.92098999023438,251.51235961914065
21,50,810.0,64.3456802368164,298.7506103515625
21,51,6041.0,110.21205139160156,272.2372131347656
21,52,526.0,336.0094909667969,301.330810546875
21,53,1454.0,395.0123901367188,275.1334228515625
21,54,4664.0,194.18310546875,303.3666381835937
21,55,1978.0,211.02476501464844,237.34478759765625
21,56,6824.0,279.9444580078125,302.11004638671875
21,57,676.0,414.6656799316406,317.40679931640625
21,58,2483.0,142.771240234375,328.463134765625
21,59,2117.0,228.9522857666016,342.8153076171875
21,60,5563.0,373.2338562011719,340.1465148925781
21,61,4545.0,29.475248336791992,324.71002197265625
21,62,3559.0,89.44197845458984,343.6563720703125
21,63,487.0,439.4230041503906,418.8069763183594
21,64,1292.0,307.6160888671875,347.2438049316406
21,65,702.0,361.508544921875,390.9843444824219
21,66,1639.0,72.81208038330078,388.30810546875
21,67,1066.0,233.2279510498047,396.4071350097656
21,68,5407.0,441.6241760253906,363.4877014160156
21,69,2628.0,127.69710540771484,386.1118774414063
21,70,4797.0,184.26808166503903,385.940185546875
21,71,1971.0,22.54743766784668,382.93658447265625
21,72,337.0,388.8753662109375,389.00592041015625
21,73,7152.0,305.4184875488281,398.5281066894531
21,74,2229.0,397.1417541503906,418.7658081054688
21,75,1471.0,466.9694213867188,409.7273864746094
21,76,1146.0,93.15096282958984,416.1675415039063
21,77,1247.0,139.63031005859375,429.6174926757813
21,78,2007.0,200.7030334472656,434.8619689941406
21,79,1373.0,249.8572540283203,434.3408508300781
21,80,5615.0,339.9513854980469,466.1004333496094
21,81,5195.0,268.46295166015625,481.0313720703125
21,82,4146.0,29.598407745361328,435.8092041015625
21,83,437.0,465.9222106933594,461.16705322265625
21,84,1010.0,166.63168334960938,459.93365478515625
21,85,3875.0,77.41058349609375,465.0245056152344
21,86,2045.0,287.34033203125,41.586795806884766
21,87,2496.0,496.6538391113281,360.3289184570313
21,88,1220.0,460.5696716308594,308.5983581542969
21,89,4260.0,128.88052368164062,480.36431884765625
21,90,4795.0,424.7916564941406,468.1511840820313
21,91,2519.0,206.66256713867188,479.6994934082031
21,92,5405.0,375.2027893066406,66.19278717041016
21,93,4513.0,480.1471252441406,274.3450012207031
21,94,8388.0,365.0845336914063,230.42584228515625
21,95,442.0,493.1560974121094,66.14932250976562
21,96,902.0,255.7383575439453,362.6097412109375
21,97,1377.0,386.0501098632813,497.1067504882813
21,98,1538.0,476.6326293945313,499.189208984375
21,99,3297.0,492.7285461425781,447.9702758789063
21,100,1123.0,21.90560913085937,498.7960815429688
21,101,670.0,71.2432861328125,242.15074157714844
21,102,650.0,174.21231079101562,503.5630798339844
21,103,688.0,46.61773300170898,493.0247192382813
21,104,247.0,3.5627529621124268,162.62753295898438
21,105,0.0,0.0,0.0
21,106,0.0,0.0,0.0
21,107,0.0,0.0,0.0
21,108,0.0,0.0,0.0
21,109,0.0,0.0,0.0
21,110,282.0,7.131205558776856,480.85107421875
21,111,0.0,0.0,0.0
21,112,0.0,0.0,0.0
21,113,0.0,0.0,0.0
21,114,0.0,0.0,0.0
21,115,0.0,0.0,0.0
21,116,0.0,0.0,0.0
21,117,0.0,0.0,0.0
21,118,0.0,0.0,0.0
21,119,0.0,0.0,0.0
21,120,0.0,0.0,0.0
22,0,1085.0,12.232257843017578,18.918893814086918
22,1,0.0,0.0,0.0
22,2,0.0,0.0,0.0
22,3,1027.0,258.586181640625,9.672833442687988
22,4,0.0,0.0,0.0
22,5,0.0,0.0,0.0
22,6,0.0,0.0,0.0
22,7,0.0,0.0,0.0
22,8,0.0,0.0,0.0
22,9,1692.0,187.74822998046875,8.866430282592773
22,10,0.0,0.0,0.0
22,11,1166.0,263.61920166015625,57.68610763549805
22,12,605.0,124.978515625,7.484297752380371
22,13,4476.0,443.0037841796875,25.4644775390625
22,14,0.0,0.0,0.0
22,15,597.0,325.4355163574219,58.32663345336914
22,16,3684.0,336.8528747558594,18.108577728271484
22,17,4675.0,21.84042739868164,97.57240295410156
22,18,1899.0,42.13796615600586,26.699316024780277
22,19,1604.0,498.0423889160156,28.253740310668945
22,20,3560.0,441.0716247558594,83.5943832397461
22,21,7786.0,201.1985626220703,56.187129974365234
22,22,936.0,329.2628173828125,85.76923370361328
22,23,7114.0,101.82456970214844,47.9342155456543
22,24,575.0,290.085205078125,74.08695983886719
22,25,0.0,0.0,0.0
22,26,0.0,0.0,0.0
22,27,7074.0,84.49943542480469,124.9697494506836
22,28,3368.0,179.77316284179688,108.9043960571289
22,29,6287.0,360.6309814453125,138.91490173339844
22,30,4932.0,213.9758758544922,147.85238647460938
22,31,3303.0,286.06964111328125,109.61519622802734
22,32,518.0,37.09845733642578,153.53860473632812
22,33,5058.0,483.1779479980469,120.78094482421876
22,34,2032.0,422.3316955566406,138.54920959472656
22,35,4094.0,138.93453979492188,163.9035186767578
22,36,2058.0,424.8649291992188,203.7837677001953
22,37,8298.0,287.89227294921875,187.72113037109372
22,38,541.0,106.85581970214844,203.12939453125
22,39,1259.0,430.9245300292969,251.94677734375
22,40,5571.0,475.3527221679688,198.3846740722656
22,41,7263.0,41.84730911254883,206.6451873779297
22,42,2140.0,159.7345733642578,207.02243041992188
22,43,1622.0,234.9512939453125,207.91554260253903
22,44,0.0,0.0,0.0
22,45,691.0,120.19247436523438,224.71490478515625
22,46,1840.0,29.326629638671875,269.4940185546875
22,47,1285.0,420.016357421875,294.5424194335937
22,48,2669.0,272.4469909667969,252.2236785888672
22,49,2204.0,180.1932830810547,248.1742248535156
22,50,580.0,64.97930908203125,299.9258728027344
22,51,6502.0,110.98292541503906,271.9883117675781
22,52,675.0,339.8577880859375,297.26666259765625
22,53,1269.0,396.7486267089844,273.0047302246094
22,54,5220.0,195.29348754882807,300.44366455078125
22,55,1954.0,206.37820434570312,220.6095123291016
22,56,6473.0,283.18524169921875,301.8428955078125
22,57,450.0,420.2133483886719,319.2755432128906
22,58,1960.0,144.91734313964844,330.2862243652344
22,59,2257.0,230.7970733642578,342.198486328125
22,60,5521.0,374.4437561035156,340.8101806640625
22,61,4561.0,29.215961456298828,324.84234619140625
22,62,4067.0,93.09072875976562,343.85223388671875
22,63,458.0,441.9279479980469,419.3406066894531
22,64,1169.0,309.9136047363281,344.82550048828125
22,65,305.0,378.5868835449219,389.626220703125
22,66,1907.0,74.57420349121094,387.2417297363281
22,67,908.0,235.8017578125,396.2411804199219
22,68,5837.0,446.09576416015625,364.7515869140625
22,69,1942.0,130.13851928710938,387.30279541015625
22,70,5121.0,184.4768524169922,385.3499450683594
22,71,1784.0,21.20627784729004,382.0325012207031
22,72,288.0,395.9861145019531,383.7083435058594
22,73,8247.0,311.0379638671875,398.2020263671875
22,74,1992.0,401.2274169921875,416.383544921875
22,75,873.0,464.2840881347656,415.6345825195313
22,76,1055.0,93.19525909423828,414.12701416015625
22,77,1454.0,138.9367218017578,429.2551574707031
22,78,1890.0,201.161376953125,433.1666564941406
22,79,1472.0,253.0020446777344,433.3947143554688
22,80,6318.0,346.3838195800781,468.3597717285156
22,81,5079.0,269.0889892578125,480.8759460449219
22,82,4154.0,29.795860290527344,433.7563781738281
22,83,423.0,462.98345947265625,466.186767578125
22,84,832.0,169.0889434814453,458.7415771484375
22,85,4403.0,82.15171813964844,465.2066650390625
22,86,1979.0,287.500244140625,42.63971710205078
22,87,2136.0,498.51263427734375,361.3759460449219
22,88,1356.0,461.0324401855469,308.786865234375
22,89,3790.0,134.8601531982422,479.9585876464844
22,90,4005.0,428.1545715332031,467.43072509765625
22,91,2830.0,207.31201171875,479.0632629394531
22,92,5200.0,378.496337890625,64.00499725341797
22,93,4585.0,479.7417602539063,274.1568298339844
22,94,8478.0,366.8997497558594,230.66937255859372
22,95,418.0,495.155517578125,63.24641036987305
22,96,872.0,257.3658142089844,360.6307373046875
22,97,1161.0,394.0801086425781,495.3410949707031
22,98,1446.0,473.7143859863281,500.4737243652344
22,99,3869.0,490.7715148925781,447.3233337402344
22,100,934.0,19.80942153930664,501.0556640625
22,101,717.0,74.70851135253906,239.606689453125
22,102,573.0,174.29843139648438,504.0715637207031
22,103,1190.0,44.74369812011719,490.7369689941406
22,104,319.0,5.705328941345215,160.7115936279297
22,105,0.0,0.0,0.0
22,106,0.0,0.0,0.0
22,107,0.0,0.0,0.0
22,108,0.0,0.0,0.0
22,109,0.0,0.0,0.0
22,110,298.0,7.6442952156066895,478.2952880859375
22,111,0.0,0.0,0.0
22,112,0.0,0.0,0.0
22,113,0.0,0.0,0.0
22,114,0.0,0.0,0.0
22,115,0.0,0.0,0.0
22,116,0.0,0.0,0.0
22,117,0.0,0.0,0.0
22,118,0.0,0.0,0.0
22,119,0.0,0.0,0.0
22,120,0.0,0.0,0.0
23,0,1016.0,11.474409103393556,19.02066993713379
23,1,0.0,0.0,0.0
23,2,0.0,0.0,0.0
23,3,701.0,253.9757537841797,8.330955505371094
23,4,0.0,0.0,0.0
23,5,0.0,0.0,0.0
23,6,0.0,0.0,0.0
23,7,0.0,0.0,0.0
23,8,0.0,0.0,0.0
23,9,1669.0,184.75914001464844,8.750149726867676
23,10,0.0,0.0,0.0
23,11,912.0,263.8969421386719,55.85855102539063
23,12,0.0,0.0,0.0
23,13,4405.0,443.029296875,24.39750289916992
23,14,0.0,0.0,0.0
23,15,393.0,325.5038146972656,58.020355224609375
23,16,3668.0,337.1461181640625,17.717012405395508
23,17,4714.0,21.75286293029785,97.42214965820312
23,18,1797.0,40.08235931396485,26.13967704772949
23,19,1408.0,498.9410400390625,26.051136016845703
23,20,3713.0,439.8486328125,82.44196319580078
23,21,7437.0,202.54080200195312,53.01169967651367
23,22,928.0,323.3588256835937,83.14547729492188
23,23,8220.0,102.11070251464844,46.49489212036133
23,24,678.0,291.4822998046875,70.3185806274414
23,25,0.0,0.0,0.0
23,26,0.0,0.0,0.0
23,27,6228.0,82.26750183105469,126.00594329833984
23,28,4364.0,182.9676971435547,109.0914306640625
23,29,7194.0,366.7037658691406,136.7909393310547
23,30,3966.0,215.7292022705078,147.1550750732422
23,31,3793.0,286.2222595214844,110.70551300048828
23,32,536.0,33.832088470458984,152.63246154785156
23,33,5173.0,482.428955078125,120.6222686767578
23,34,1451.0,428.19091796875,144.2832489013672
23,35,4396.0,137.5338897705078,162.0973663330078
23,36,1992.0,423.6661682128906,205.312255859375
23,37,8038.0,287.9631652832031,187.72369384765625
23,38,696.0,104.68678283691406,200.44253540039065
23,39,761.0,430.642578125,247.6478271484375
23,40,5195.0,474.0821838378906,196.0346527099609
23,41,7221.0,41.454368591308594,206.2784881591797
23,42,1811.0,162.8906707763672,204.5742645263672
23,43,1778.0,237.61248779296875,208.47581481933597
23,44,0.0,0.0,0.0
23,45,917.0,125.5866928100586,221.55288696289065
23,46,1538.0,31.6833553314209,266.57086181640625
23,47,976.0,422.4866943359375,282.8381042480469
23,48,3180.0,270.46697998046875,252.8424530029297
23,49,2787.0,186.7832794189453,239.88841247558597
23,50,795.0,64.06289672851562,299.55596923828125
23,51,6592.0,113.03580474853516,271.217529296875
23,52,765.0,339.4627380371094,296.70587158203125
23,53,1104.0,397.9048767089844,278.3568725585937
23,54,5838.0,197.08102416992188,299.13189697265625
23,55,1245.0,206.0923767089844,200.4337310791016
23,56,5506.0,286.986572265625,301.7785949707031
23,57,826.0,418.6985473632813,310.7481689453125
23,58,1666.0,145.78392028808594,331.7112731933594
23,59,2132.0,234.2748565673828,337.9742126464844
23,60,5462.0,376.6206665039063,340.59521484375
23,61,4821.0,27.936113357543945,323.044189453125
23,62,4191.0,95.3347625732422,342.7816772460937
23,63,819.0,446.5469970703125,424.74847412109375
23,64,1142.0,314.7513122558594,344.79595947265625
23,65,580.0,389.501708984375,389.2120666503906
23,66,2368.0,76.51224517822266,388.6102294921875
23,67,946.0,236.0856170654297,392.8403930664063
23,68,6146.0,447.8683776855469,364.3319091796875
23,69,1685.0,130.3934783935547,387.845703125
23,70,5434.0,185.5960693359375,384.0846557617188
23,71,1573.0,20.06929397583008,381.2739868164063
23,72,317.0,405.5268249511719,400.1167297363281
23,73,8836.0,311.6042175292969,397.6551513671875
23,74,1444.0,400.5048522949219,421.8040161132813
23,75,707.0,469.7128601074219,405.609619140625
23,76,840.0,92.65714263916016,416.115478515625
23,77,1540.0,144.41883850097656,428.1597290039063
23,78,1720.0,205.0906982421875,432.4378051757813
23,79,1195.0,249.8309631347656,431.9690246582031
23,80,6361.0,345.9124450683594,469.8398132324219
23,81,4794.0,271.2421875,479.8487548828125
23,82,4003.0,29.20084953308105,431.5600891113281
23,83,390.0,463.7359008789063,463.8512878417969
23,84,742.0,167.66845703125,456.896240234375
23,85,5494.0,88.46414184570312,464.48052978515625
23,86,2139.0,284.22674560546875,35.56475067138672
23,87,1511.0,501.0218505859375,361.505615234375
23,88,1738.0,464.97064208984375,309.09552001953125
23,89,2860.0,142.69021606445312,482.4818115234375
23,90,4152.0,427.8706665039063,468.5132446289063
23,91,3301.0,209.8270263671875,477.9469909667969
23,92,5056.0,376.4440307617188,62.903282165527344
23,93,4981.0,479.7625122070313,268.9183044433594
23,94,8506.0,367.2576904296875,231.6716461181641
23,95,595.0,493.579833984375,60.50924301147461
23,96,963.0,260.06646728515625,355.38214111328125
23,97,1000.0,396.9630126953125,496.4169921875
23,98,1063.0,471.4797668457031,503.7384643554688
23,99,4287.0,490.4739990234375,448.910888671875
23,100,994.0,19.56438636779785,500.0824890136719
23,101,791.0,75.1630859375,239.33248901367188
23,102,576.0,175.23089599609375,504.0607604980469
23,103,1211.0,42.2452507019043,488.1238708496094
23,104,264.0,4.83712100982666,163.64772033691406
23,105,0.0,0.0,0.0
23,106,0.0,0.0,0.0
23,107,186.0,79.2741928100586,509.06451416015625
23,108,0.0,0.0,0.0
23,109,0.0,0.0,0.0
23,110,301.0,6.8903656005859375,476.3587951660156
23,111,0.0,0.0,0.0
23,112,0.0,0.0,0.0
23,113,0.0,0.0,0.0
23,114,0.0,0.0,0.0
23,115,0.0,0.0,0.0
23,116,0.0,0.0,0.0
23,117,0.0,0.0,0.0
23,118,0.0,0.0,0.0
23,119,0.0,0.0,0.0
23,120,0.0,0.0,0.0
24,0,966.0,10.966874122619627,18.65942001342773
24,1,0.0,0.0,0.0
24,2,0.0,0.0,0.0
24,3,923.0,257.4886169433594,9.52437686920166
24,4,0.0,0.0,0.0
24,5,0.0,0.0,0.0
24,6,0.0,0.0,0.0
24,7,0.0,0.0,0.0
24,8,0.0,0.0,0.0
24,9,1552.0,188.8086395263672,7.875
24,10,0.0,0.0,0.0
24,11,1183.0,270.5714416503906,60.49365997314453
24,12,0.0,0.0,0.0
24,13,3973.0,444.59124755859375,22.499622344970703
24,14,0.0,0.0,0.0
24,15,475.0,328.0126342773437,60.66947555541992
24,16,3732.0,340.6966857910156,18.08065414428711
24,17,4332.0,21.544090270996094,94.10157012939452
24,18,1448.0,36.65814971923828,22.71201705932617
24,19,1205.0,499.744384765625,23.550207138061523
24,20,4211.0,439.8121643066406,80.97268676757812
24,21,6615.0,202.94451904296875,49.94164657592773
24,22,625.0,324.9119873046875,83.2416000366211
24,23,8932.0,100.04254150390624,46.12158584594727
24,24,873.0,303.97137451171875,62.7044677734375
24,25,0.0,0.0,0.0
24,26,0.0,0.0,0.0
24,27,5182.0,78.03531646728516,123.76109313964844
24,28,5770.0,188.64141845703125,109.08041381835938
24,29,7168.0,368.09515380859375,134.30984497070312
24,30,2228.0,227.336181640625,147.73294067382812
24,31,4296.0,287.0807800292969,110.84776306152344
24,32,855.0,38.06549835205078,151.61988830566406
24,33,5165.0,482.3709716796875,120.32449340820312
24,34,1198.0,428.4566040039063,143.3990020751953
24,35,5846.0,138.82330322265625,157.68405151367188
24,36,1644.0,428.2785949707031,194.3777313232422
24,37,7710.0,288.7743225097656,186.96951293945312
24,38,608.0,102.75328826904295,198.55262756347656
24,39,993.0,433.1550903320313,242.05337524414065
24,40,4813.0,475.7213745117188,194.09288024902344
24,41,7000.0,42.23500061035156,207.02542114257807
24,42,1808.0,161.36062622070312,201.8998870849609
24,43,1824.0,233.24562072753903,199.41009521484372
24,44,0.0,0.0,0.0
24,45,1015.0,125.48768615722656,222.55763244628903
24,46,1457.0,33.452301025390625,266.26904296875
24,47,987.0,423.4012145996094,278.7142944335937
24,48,3328.0,274.0032958984375,252.10096740722656
24,49,3617.0,190.94000244140625,236.8495941162109
24,50,597.0,66.50418853759766,297.3081970214844
24,51,6458.0,113.00061798095705,271.4640808105469
24,52,568.0,341.6549377441406,296.28521728515625
24,53,1225.0,399.8955078125,278.9077453613281
24,54,6252.0,198.58653259277344,298.9672241210937
24,55,936.0,204.20298767089844,197.7628173828125
24,56,5400.0,288.64556884765625,303.0201721191406
24,57,796.0,421.7173461914063,310.33416748046875
24,58,1554.0,144.74581909179688,332.02703857421875
24,59,1621.0,233.22702026367188,339.1400451660156
24,60,4979.0,381.9758911132813,338.9461669921875
24,61,5112.0,28.735719680786133,321.35797119140625
24,62,4291.0,94.50221252441406,342.7450561523437
24,63,727.0,447.39752197265625,426.13616943359375
24,64,1301.0,328.6787109375,341.3282165527344
24,65,437.0,389.3981628417969,386.0480651855469
24,66,2456.0,77.12703704833984,388.29681396484375
24,67,897.0,235.9464874267578,393.1984252929688
24,68,6317.0,450.5945739746094,366.2651672363281
24,69,1373.0,131.3124542236328,386.7152099609375
24,70,5634.0,185.14732360839844,382.8810729980469
24,71,1410.0,18.50851058959961,380.5602722167969
24,72,596.0,402.486572265625,400.22314453125
24,73,8978.0,311.6136169433594,394.4351806640625
24,74,1364.0,396.8555603027344,421.1950073242188
24,75,619.0,472.3198852539063,403.9644470214844
24,76,802.0,91.87531280517578,413.9451293945313
24,77,1145.0,140.4890899658203,425.11529541015625
24,78,1804.0,202.48558044433597,429.9312744140625
24,79,1209.0,255.28121948242188,432.0190124511719
24,80,7379.0,350.7452087402344,470.1734619140625
24,81,4343.0,272.6817932128906,480.5698852539063
24,82,4016.0,29.04457092285156,430.3687744140625
24,83,356.0,462.1095581054688,467.1067504882813
24,84,832.0,167.79446411132812,452.3305358886719
24,85,5760.0,91.91059112548828,460.28662109375
24,86,1708.0,280.425048828125,32.081966400146484
24,87,1505.0,502.7030029296875,366.3940124511719
24,88,1771.0,463.1451110839844,308.57763671875
24,89,2623.0,146.8856201171875,483.7380981445313
24,90,3469.0,429.5384826660156,465.3554382324219
24,91,3789.0,213.0783843994141,475.6502990722656
24,92,4626.0,377.2241821289063,60.61543273925781
24,93,5030.0,480.6407470703125,268.5188903808594
24,94,9237.0,369.0174255371094,230.5761566162109
24,95,730.0,494.926025390625,57.18082046508789
24,96,1272.0,259.9072265625,354.65802001953125
24,97,700.0,406.6785583496094,500.1814270019531
24,98,1298.0,466.1810607910156,502.53851318359375
24,99,4154.0,489.1466064453125,451.6141052246094
24,100,1207.0,22.071250915527344,499.31732177734375
24,101,772.0,75.80052185058594,237.4520721435547
24,102,557.0,176.6175994873047,504.2297973632813
24,103,1030.0,41.61262130737305,484.7242736816406
24,104,579.0,7.013816833496094,161.59066772460938
24,105,39.0,0.3846153914928436,249.0769195556641
24,106,0.0,0.0,0.0
24,107,652.0,87.14110565185547,505.88189697265625
24,108,0.0,0.0,0.0
24,109,5.0,511.0,168.0
24,110,290.0,8.017241477966309,474.7999877929688
24,111,0.0,0.0,0.0
24,112,0.0,0.0,0.0
24,113,0.0,0.0,0.0
24,114,0.0,0.0,0.0
24,115,0.0,0.0,0.0
24,116,0.0,0.0,0.0
24,117,0.0,0.0,0.0
24,118,0.0,0.0,0.0
24,119,0.0,0.0,0.0
24,120,0.0,0.0,0.0
25,0,907.0,10.065049171447754,19.092613220214844
25,1,0.0,0.0,0.0
25,2,0.0,0.0,0.0
25,3,796.0,249.30276489257807,10.417085647583008
25,4,0.0,0.0,0.0
25,5,0.0,0.0,0.0
25,6,0.0,0.0,0.0
25,7,0.0,0.0,0.0
25,8,0.0,0.0,0.0
25,9,1318.0,184.5478057861328,7.3429436683654785
25,10,0.0,0.0,0.0
25,11,950.0,274.8863220214844,65.71157836914062
25,12,0.0,0.0,0.0
25,13,4002.0,444.9532775878906,22.584457397460938
25,14,0.0,0.0,0.0
25,15,699.0,329.1044311523437,60.42060089111328
25,16,3117.0,351.87615966796875,19.433429718017575
25,17,4293.0,22.214767456054688,93.13277435302734
25,18,1495.0,36.25551986694336,21.832107543945312
25,19,1154.0,499.859619140625,23.41074562072754
25,20,4635.0,439.06494140625,81.79568481445312
25,21,6393.0,202.13311767578125,46.703269958496094
25,22,1230.0,336.8788757324219,81.34634399414062
25,23,8770.0,99.42405700683594,45.87377548217773
25,24,823.0,301.3888244628906,55.05346298217773
25,25,0.0,0.0,0.0
25,26,0.0,0.0,0.0
25,27,4791.0,75.70507049560547,122.65142822265624
25,28,6234.0,191.52325439453125,106.9752960205078
25,29,7080.0,368.7087707519531,132.6963348388672
25,30,2107.0,219.7631683349609,149.84432983398438
25,31,4823.0,287.4577941894531,111.96350860595705
25,32,701.0,36.22396469116211,152.08702087402344
25,33,5083.0,481.5728759765625,121.80976104736328
25,34,1015.0,427.99310302734375,146.20196533203125
25,35,5700.0,133.00157165527344,153.8114013671875
25,36,1304.0,430.8972473144531,194.24539184570312
25,37,6304.0,292.4130859375,183.8128204345703
25,38,684.0,100.36695861816406,194.44297790527344
25,39,777.0,436.4581604003906,236.8262481689453
25,40,4399.0,476.0211486816406,194.6715087890625
25,41,6869.0,41.92953872680664,204.1467437744141
25,42,1497.0,159.03005981445312,198.13694763183597
25,43,2156.0,240.4234619140625,196.41558837890625
25,44,0.0,0.0,0.0
25,45,1051.0,127.41769409179688,219.4966735839844
25,46,1074.0,45.98603439331055,264.2392883300781
25,47,1786.0,419.7648315429688,278.8241882324219
25,48,3728.0,276.8135681152344,248.38546752929688
25,49,3374.0,189.7056884765625,233.94546508789065
25,50,483.0,65.26914978027344,296.8260803222656
25,51,6764.0,114.21732330322266,270.01080322265625
25,52,1438.0,334.5201721191406,296.0473022460937
25,53,1149.0,400.9225463867188,264.6431579589844
25,54,6674.0,199.1615295410156,296.3467102050781
25,55,1802.0,204.0077667236328,193.2530517578125
25,56,4444.0,282.6528015136719,301.6984558105469
25,57,793.0,426.4501953125,312.03277587890625
25,58,1136.0,147.68045043945312,333.2236022949219
25,59,1430.0,232.6286773681641,337.8433532714844
25,60,5069.0,382.8646545410156,339.2671203613281
25,61,5190.0,28.261079788208008,318.8524169921875
25,62,4688.0,97.07508850097656,340.4833679199219
25,63,851.0,448.09283447265625,430.2620544433594
25,64,1421.0,327.9225769042969,340.3272399902344
25,65,421.0,391.77197265625,386.4631958007813
25,66,2790.0,75.752685546875,386.3641662597656
25,67,916.0,236.41812133789065,393.5884399414063
25,68,6347.0,450.9993591308594,367.97210693359375
25,69,1003.0,132.1525421142578,383.8733825683594
25,70,5764.0,185.32650756835935,382.3820190429688
25,71,1288.0,17.1141300201416,379.7523193359375
25,72,448.0,401.3995666503906,400.53125
25,73,9651.0,315.5830383300781,394.7828063964844
25,74,1127.0,409.4054870605469,424.9928894042969
25,75,610.0,473.42132568359375,406.2983703613281
25,76,835.0,96.18203735351562,411.5413208007813
25,77,1340.0,144.70074462890625,423.578369140625
25,78,1582.0,202.49368286132807,430.6871032714844
25,79,1244.0,256.560302734375,430.96624755859375
25,80,7811.0,353.6170654296875,470.3323669433594
25,81,3977.0,274.8249816894531,480.0397338867188
25,82,3936.0,29.28023338317871,428.8310546875
25,83,653.0,460.3782653808594,469.2940368652344
25,84,763.0,169.59239196777344,454.2372131347656
25,85,5928.0,93.7744598388672,459.22552490234375
25,86,2801.0,284.35986328125,25.008211135864254
25,87,1328.0,502.7891540527344,368.8787536621094
25,88,2149.0,471.2405700683594,310.2745361328125
25,89,2545.0,146.97091674804688,483.4110107421875
25,90,2264.0,428.4165344238281,465.8489379882813
25,91,4154.0,216.23374938964844,475.6085815429688
25,92,3397.0,381.8872680664063,57.75890350341797
25,93,4790.0,479.9933166503906,264.7567749023437
25,94,9310.0,370.2932434082031,227.35134887695312
25,95,787.0,495.4599609375,58.067344665527344
25,96,1460.0,257.78973388671875,353.3965759277344
25,97,667.0,410.4527587890625,500.7451171875
25,98,1358.0,459.816650390625,499.910888671875
25,99,4119.0,490.3013000488281,453.8606567382813
25,100,1294.0,23.527048110961918,499.3469848632813
25,101,695.0,76.71942138671875,235.12950134277344
25,102,634.0,177.96214294433594,503.5141906738281
25,103,1237.0,41.058204650878906,481.8423461914063
25,104,541.0,6.634011268615723,153.93345642089844
25,105,616.0,9.722402572631836,256.85064697265625
25,106,35.0,510.6856994628906,498.2857055664063
25,107,606.0,87.63861083984375,505.86962890625
25,108,0.0,0.0,0.0
25,109,204.0,507.0343017578125,167.99510192871094
25,110,268.0,7.567163944244385,473.75
25,111,0.0,0.0,0.0
25,112,0.0,0.0,0.0
25,113,0.0,0.0,0.0
25,114,0.0,0.0,0.0
25,115,0.0,0.0,0.0
25,116,0.0,0.0,0.0
25,117,0.0,0.0,0.0
25,118,0.0,0.0,0.0
25,119,0.0,0.0,0.0
25,120,0.0,0.0,0.0
26,0,975.0,10.749743461608888,19.21640968322754
26,1,0.0,0.0,0.0
26,2,0.0,0.0,0.0
26,3,0.0,0.0,0.0
26,4,0.0,0.0,0.0
26,5,0.0,0.0,0.0
26,6,0.0,0.0,0.0
26,7,0.0,0.0,0.0
26,8,0.0,0.0,0.0
26,9,1239.0,181.49234008789065,6.5625505447387695
26,10,0.0,0.0,0.0
26,11,967.0,272.99688720703125,64.26887512207031
26,12,0.0,0.0,0.0
26,13,3851.0,444.2926635742188,21.61360740661621
26,14,0.0,0.0,0.0
26,15,788.0,339.5507507324219,57.61040496826172
26,16,3201.0,351.5163879394531,19.858793258666992
26,17,3788.0,20.899154663085938,90.52771759033205
26,18,1386.0,36.02813720703125,22.238094329833984
26,19,1074.0,499.5456237792969,21.30167579650879
26,20,5359.0,437.038818359375,81.33793640136719
26,21,5745.0,203.22610473632807,44.52776336669922
26,22,1272.0,332.7539367675781,79.37657165527344
26,23,9125.0,99.93621826171876,46.01731491088867
26,24,950.0,301.3105163574219,54.87789535522461
26,25,0.0,0.0,0.0
26,26,0.0,0.0,0.0
26,27,4244.0,71.61333465576172,118.46819305419922
26,28,6353.0,192.51612854003903,104.5052719116211
26,29,7227.0,368.8880615234375,132.0369415283203
26,30,1451.0,231.06822204589844,144.61611938476562
26,31,5000.0,288.814208984375,113.62860107421876
26,32,782.0,38.2148323059082,149.88235473632812
26,33,4775.0,480.8737182617188,121.88837432861328
26,34,927.0,428.6731262207031,146.8317108154297
26,35,6940.0,134.4397735595703,151.90316772460938
26,36,1361.0,430.22705078125,192.7935333251953
26,37,4579.0,299.21685791015625,181.7294158935547
26,38,887.0,93.2401351928711,189.0259246826172
26,39,1017.0,437.8505554199219,235.9036407470703
26,40,4098.0,474.7391357421875,195.92947387695312
26,41,6441.0,41.20524597167969,203.69631958007807
26,42,1714.0,157.47140502929688,199.81504821777344
26,43,3371.0,246.8935089111328,190.4728546142578
26,44,0.0,0.0,0.0
26,45,926.0,122.8747329711914,219.43736267089844
26,46,1105.0,44.879638671875,264.62261962890625
26,47,2023.0,422.9970397949219,274.5625305175781
26,48,4782.0,283.4826354980469,247.9564971923828
26,49,3553.0,191.5305328369141,230.75485229492188
26,50,559.0,67.63684844970703,297.4991149902344
26,51,6717.0,115.45868682861328,270.4790954589844
26,52,2367.0,322.85888671875,307.1174621582031
26,53,809.0,394.9233703613281,285.0309143066406
26,54,6876.0,199.6483459472656,295.0926513671875
26,55,1689.0,205.0076904296875,187.9715881347656
26,56,2630.0,275.48175048828125,298.9159545898437
26,57,880.0,428.0693054199219,311.72613525390625
26,58,967.0,148.01344299316406,334.79937744140625
26,59,1719.0,234.99884033203125,334.2402648925781
26,60,5077.0,383.8193664550781,339.426025390625
26,61,5081.0,27.996654510498047,318.7132568359375
26,62,4534.0,96.90185546875,339.4016418457031
26,63,911.0,447.7991333007813,430.9100036621094
26,64,1076.0,329.7509155273437,340.4033508300781
26,65,447.0,398.13421630859375,384.8926086425781
26,66,3010.0,72.2803955078125,385.1966857910156
26,67,862.0,239.40835571289065,391.6728515625
26,68,6308.0,452.27252197265625,370.2201843261719
26,69,1230.0,131.3455352783203,382.06341552734375
26,70,5815.0,186.73001098632807,382.26654052734375
26,71,1168.0,15.783390045166016,379.939208984375
26,72,504.0,404.8492126464844,401.2559509277344
26,73,10174.0,316.0338134765625,393.7756042480469
26,74,828.0,408.5591735839844,424.9239196777344
26,75,675.0,484.5511169433594,403.4074096679688
26,76,769.0,95.66840362548828,411.4733276367188
26,77,1635.0,146.83241271972656,423.6293640136719
26,78,1332.0,207.22222900390625,428.3318176269531
26,79,1214.0,258.2940673828125,433.1927490234375
26,80,7632.0,352.451904296875,470.2286376953125
26,81,3579.0,276.8116760253906,481.3646240234375
26,82,3823.0,28.572586059570312,428.9657287597656
26,83,681.0,458.82232666015625,471.6798706054688
26,84,680.0,170.60293579101562,451.0823669433594
26,85,6041.0,93.2221450805664,459.1650390625
26,86,3600.0,275.5447082519531,21.522499084472656
26,87,1242.0,503.7383117675781,371.0555419921875
26,88,1582.0,472.673828125,315.393798828125
26,89,2714.0,147.36550903320312,483.5570983886719
26,90,2042.0,425.6978454589844,459.81048583984375
26,91,4566.0,217.79281616210935,474.3896179199219
26,92,2631.0,382.3154602050781,56.53401565551758
26,93,5056.0,481.8455200195313,269.0302734375
26,94,9406.0,371.7327270507813,229.20252990722656
26,95,958.0,495.3914489746094,57.4164924621582
26,96,1417.0,258.8221740722656,350.33380126953125
26,97,1042.0,412.3359069824219,496.7073059082031
26,98,1408.0,458.7890625,499.8778381347656
26,99,3623.0,488.2978210449219,452.5663757324219
26,100,1360.0,22.67205810546875,497.7228088378906
26,101,840.0,78.1107177734375,235.25714111328125
26,102,630.0,178.94285583496094,503.6650695800781
26,103,1070.0,41.417755126953125,479.8775634765625
26,104,771.0,8.993515014648438,151.59922790527344
26,105,780.0,10.164102554321287,255.18077087402344
26,106,360.0,505.23333740234375,498.2361145019531
26,107,606.0,80.74917602539062,506.7986755371094
26,108,0.0,0.0,0.0
26,109,584.0,504.6832275390625,166.8356170654297
26,110,281.0,8.0,472.1281127929688
26,111,0.0,0.0,0.0
26,112,0.0,0.0,0.0
26,113,0.0,0.0,0.0
26,114,0.0,0.0,0.0
26,115,0.0,0.0,0.0
26,116,0.0,0.0,0.0
26,117,0.0,0.0,0.0
26,118,0.0,0.0,0.0
26,119,0.0,0.0,0.0
26,120,0.0,0.0,0.0
27,0,848.0,8.919811248779297,20.04127311706543
27,1,0.0,0.0,0.0
27,2,0.0,0.0,0.0
27,3,0.0,0.0,0.0
27,4,0.0,0.0,0.0
27,5,0.0,0.0,0.0
27,6,0.0,0.0,0.0
27,7,0.0,0.0,0.0
27,8,0.0,0.0,0.0
27,9,1165.0,185.62060546875,6.5158796310424805
27,10,0.0,0.0,0.0
27,11,1071.0,271.1605834960937,60.763771057128906
27,12,0.0,0.0,0.0
27,13,3563.0,444.9172058105469,20.18214988708496
27,14,0.0,0.0,0.0
27,15,877.0,333.2531433105469,60.91790008544922
27,16,3366.0,348.087646484375,18.297088623046875
27,17,3261.0,20.3557186126709,89.088623046875
27,18,1658.0,34.88118362426758,22.524126052856445
27,19,1120.0,500.05267333984375,22.47857093811035
27,20,5896.0,437.1109313964844,79.88297271728516
27,21,4771.0,202.5256805419922,41.11884307861328
27,22,906.0,336.3620300292969,80.8951416015625
27,23,9520.0,100.16827392578124,46.08466339111328
27,24,780.0,305.71539306640625,55.71025466918945
27,25,0.0,0.0,0.0
27,26,0.0,0.0,0.0
27,27,3303.0,66.59521484375,116.4501953125
27,28,6701.0,194.5227508544922,101.28189849853516
27,29,6968.0,369.3042602539063,131.21914672851562
27,30,1757.0,241.8252716064453,144.17416381835938
27,31,5754.0,290.1397399902344,113.50208282470705
27,32,761.0,37.65834426879883,147.59658813476562
27,33,4558.0,480.8297424316406,121.50460815429688
27,34,1063.0,427.0188293457031,146.0301055908203
27,35,7613.0,130.49481201171875,147.0977325439453
27,36,1333.0,431.88671875,193.1965484619141
27,37,4004.0,303.6133728027344,186.7699737548828
27,38,844.0,97.73104095458984,189.40757751464844
27,39,944.0,435.2108154296875,232.6885528564453
27,40,3813.0,475.2415466308594,193.95567321777344
27,41,6567.0,42.96192932128906,202.8375244140625
27,42,1544.0,154.7746124267578,199.37046813964844
27,43,2807.0,247.42999267578125,186.0691070556641
27,44,0.0,0.0,0.0
27,45,882.0,121.14398956298828,217.5408172607422
27,46,917.0,48.91057968139648,263.6335754394531
27,47,2474.0,422.70654296875,273.6321716308594
27,48,6037.0,291.3253173828125,249.90342712402344
27,49,3814.0,193.9808654785156,227.97142028808597
27,50,517.0,72.01160430908203,294.0773620605469
27,51,6534.0,118.00887298583984,268.0502014160156
27,52,1646.0,330.98846435546875,306.54071044921875
27,53,724.0,392.9779052734375,281.4682312011719
27,54,7116.0,200.00421142578125,294.5296630859375
27,55,2224.0,206.758544921875,185.85476684570312
27,56,2629.0,279.7398376464844,302.9049072265625
27,57,942.0,429.59765625,310.90869140625
27,58,1070.0,145.5028076171875,332.53271484375
27,59,1643.0,237.2245941162109,331.50152587890625
27,60,4912.0,385.1524963378906,340.1878967285156
27,61,5327.0,29.022714614868164,315.4375915527344
27,62,4565.0,96.91851043701172,338.2839050292969
27,63,1133.0,453.45806884765625,432.896728515625
27,64,1156.0,334.8719787597656,339.2430725097656
27,65,555.0,397.52252197265625,385.0432434082031
27,66,3370.0,69.56023406982422,384.3970336914063
27,67,860.0,243.54534912109372,387.0988464355469
27,68,6364.0,452.3054809570313,371.2603759765625
27,69,1078.0,130.15956115722656,382.9202270507813
27,70,5980.0,188.5841064453125,381.0640563964844
27,71,1118.0,14.66726303100586,379.4320068359375
27,72,481.0,404.1559143066406,404.5883483886719
27,73,10079.0,316.8377685546875,390.8260803222656
27,74,655.0,424.1816711425781,427.56488037109375
27,75,566.0,490.40283203125,400.5618286132813
27,76,1007.0,97.19761657714844,413.1936340332031
27,77,1488.0,149.5100860595703,419.2117004394531
27,78,1211.0,210.68704223632807,425.4814147949219
27,79,1572.0,260.00762939453125,431.4567565917969
27,80,8469.0,356.5248413085937,467.6384582519531
27,81,2891.0,281.4877319335937,485.1255493164063
27,82,3667.0,28.30706214904785,429.0027160644531
27,83,645.0,456.8852844238281,471.3131713867188
27,84,769.0,169.5071563720703,447.6671142578125
27,85,6183.0,96.6213836669922,460.2105712890625
27,86,3390.0,272.5737609863281,22.66342163085937
27,87,1165.0,504.2626647949219,374.3519287109375
27,88,2231.0,474.9856567382813,312.7198486328125
27,89,2687.0,148.10829162597656,483.9985046386719
27,90,1426.0,428.0771484375,463.6339416503906
27,91,5197.0,222.9994201660156,472.3576965332031
27,92,2722.0,379.9702453613281,54.06024932861328
27,93,4587.0,482.9287109375,263.2084045410156
27,94,8473.0,374.6580810546875,227.42393493652344
27,95,878.0,495.7494201660156,58.30410003662109
27,96,1146.0,258.1902160644531,346.0087280273437
27,97,979.0,413.7487182617188,497.5342102050781
27,98,1400.0,458.846435546875,499.1642761230469
27,99,3143.0,487.9700927734375,451.3744812011719
27,100,1317.0,20.85193634033203,496.81243896484375
27,101,844.0,75.98577880859375,235.8080596923828
27,102,776.0,179.43943786621094,503.0708618164063
27,103,962.0,40.73804473876953,477.1642456054688
27,104,1144.0,10.340035438537598,149.35577392578125
27,105,833.0,10.56662654876709,253.9483795166016
27,106,661.0,502.1044006347656,495.3101501464844
27,107,315.0,57.00634765625,505.6349182128906
27,108,0.0,0.0,0.0
27,109,726.0,503.80853271484375,166.22727966308594
27,110,358.0,8.692737579345703,470.6983337402344
27,111,0.0,0.0,0.0
27,112,0.0,0.0,0.0
27,113,0.0,0.0,0.0
27,114,0.0,0.0,0.0
27,115,378.0,74.44444274902344,502.3280334472656
27,116,0.0,0.0,0.0
27,117,0.0,0.0,0.0
27,118,0.0,0.0,0.0
27,119,0.0,0.0,0.0
27,120,0.0,0.0,0.0
28,0,730.0,8.358903884887695,18.112329483032227
28,1,0.0,0.0,0.0
28,2,0.0,0.0,0.0
28,3,0.0,0.0,0.0
28,4,0.0,0.0,0.0
28,5,0.0,0.0,0.0
28,6,0.0,0.0,0.0
28,7,0.0,0.0,0.0
28,8,0.0,0.0,0.0
28,9,1267.0,179.91476440429688,7.85951042175293
28,10,0.0,0.0,0.0
28,11,1030.0,270.5048522949219,58.72330093383789
28,12,0.0,0.0,0.0
28,13,3316.0,442.7916259765625,18.803075790405277
28,14,0.0,0.0,0.0
28,15,838.0,335.3460693359375,61.76730346679688
28,16,2333.0,356.9815673828125,15.673381805419922
28,17,3305.0,21.9709529876709,87.4729232788086
28,18,1903.0,34.85811996459961,23.546504974365234
28,19,1257.0,498.4391479492188,22.996023178100582
28,20,6247.0,436.0171203613281,79.34656524658203
28,21,3932.0,203.3585968017578,37.51805877685547
28,22,865.0,340.6393127441406,78.13988494873047
28,23,9304.0,100.47484588623048,46.47732162475586
28,24,818.0,308.4755554199219,57.140586853027344
28,25,0.0,0.0,0.0
28,26,0.0,0.0,0.0
28,27,1889.0,62.62149429321289,110.64002227783205
28,28,7370.0,195.02088928222656,98.06607818603516
28,29,7256.0,370.90765380859375,131.26901245117188
28,30,1611.0,253.52638244628903,146.6890106201172
28,31,6329.0,290.7400817871094,113.6222152709961
28,32,771.0,40.597923278808594,145.0012969970703
28,33,4372.0,479.9487609863281,121.57868194580078
28,34,790.0,428.7962036132813,146.81011962890625
28,35,8544.0,127.35124206542967,142.95223999023438
28,36,1713.0,430.3082275390625,192.5960235595703
28,37,3053.0,306.5244140625,185.6505126953125
28,38,1104.0,92.54891204833984,182.75906372070312
28,39,1051.0,437.4405212402344,230.4595642089844
28,40,3230.0,474.55169677734375,194.59381103515625
28,41,6350.0,42.86094665527344,203.69937133789065
28,42,1594.0,154.32748413085938,197.351318359375
28,43,1573.0,254.5524444580078,182.9701232910156
28,44,0.0,0.0,0.0
28,45,945.0,119.28042602539062,214.8402099609375
28,46,780.0,46.52436065673828,261.8846130371094
28,47,2778.0,425.260986328125,269.13677978515625
28,48,6852.0,294.1095886230469,245.9654083251953
28,49,3880.0,199.5337677001953,228.8788604736328
28,50,618.0,74.26213836669922,292.02587890625
28,51,6528.0,118.23299407958984,266.1064758300781
28,52,1817.0,327.1128234863281,304.74462890625
28,53,515.0,390.9553527832031,287.6757202148437
28,54,7075.0,200.86741638183597,292.9092712402344
28,55,3388.0,209.3863677978516,184.59385681152344
28,56,2173.0,279.8375549316406,302.6856994628906
28,57,1206.0,427.9668273925781,308.77362060546875
28,58,831.0,149.6522216796875,332.8387451171875
28,59,2005.0,239.3695831298828,330.1461486816406
28,60,4630.0,385.62786865234375,338.4628601074219
28,61,5441.0,28.90020179748535,314.5732421875
28,62,5020.0,99.83206939697266,337.1454162597656
28,63,1265.0,454.09564208984375,432.9992065429688
28,64,1195.0,333.0569152832031,337.052734375
28,65,1109.0,402.6140747070313,383.7511291503906
28,66,3547.0,66.84522247314453,384.15673828125
28,67,821.0,246.225341796875,387.2301940917969
28,68,5240.0,455.4637451171875,366.8725280761719
28,69,1117.0,127.93285369873048,384.3688354492188
28,70,6261.0,189.6363220214844,381.2686462402344
28,71,936.0,13.411324501037598,380.241455078125
28,72,740.0,418.7648620605469,404.8121643066406
28,73,9312.0,316.0713195800781,388.8081970214844
28,74,932.0,415.0139465332031,422.1899108886719
28,75,764.0,488.2591552734375,400.4685974121094
28,76,845.0,98.6402359008789,413.0745544433594
28,77,1538.0,151.54811096191406,419.5234069824219
28,78,1004.0,214.5776824951172,424.5438232421875
28,79,1393.0,264.78033447265625,430.80474853515625
28,80,9142.0,357.67730712890625,465.9903869628906
28,81,2212.0,285.8431396484375,488.6903381347656
28,82,3627.0,27.916183471679688,428.8472595214844
28,83,842.0,456.5403747558594,473.8753051757813
28,84,775.0,169.05032348632812,447.4464416503906
28,85,6311.0,98.24259185791016,458.9706726074219
28,86,4376.0,281.71319580078125,23.065128326416016
28,87,1312.0,503.3117370605469,371.7980041503906
28,88,2675.0,479.70355224609375,310.4381408691406
28,89,2593.0,149.9143829345703,484.40338134765625
28,90,1350.0,426.6570434570313,464.2429504394531
28,91,5990.0,228.9595947265625,470.4736328125
28,92,2410.0,379.4286193847656,50.49253082275391
28,93,3752.0,483.8885803222656,258.1748352050781
28,94,7884.0,374.8518371582031,228.89382934570312
28,95,987.0,494.4427490234375,58.497467041015625
28,96,1234.0,261.1944885253906,346.52105712890625
28,97,791.0,416.0037841796875,500.5575256347656
28,98,1199.0,457.5162658691406,500.1034240722656
28,99,2933.0,488.2059326171875,451.5802917480469
28,100,1345.0,20.55093002319336,495.5301208496094
28,101,788.0,75.5025405883789,236.1167449951172
28,102,865.0,180.7213897705078,502.62890625
28,103,948.0,43.25421905517578,476.7257385253906
28,104,1510.0,12.537748336791992,147.30264282226562
28,105,812.0,9.65640354156494,252.09852600097656
28,106,809.0,500.3905944824219,494.7330017089844
28,107,502.0,58.82669448852539,505.42230224609375
28,108,0.0,0.0,0.0
28,109,1211.0,500.0792846679688,168.04046630859375
28,110,389.0,8.874035835266113,469.4678649902344
28,111,0.0,0.0,0.0
28,112,0.0,0.0,0.0
28,113,0.0,0.0,0.0
28,114,0.0,0.0,0.0
28,115,324.0,78.89506530761719,501.4783935546875
28,116,0.0,0.0,0.0
28,117,0.0,0.0,0.0
28,118,0.0,0.0,0.0
28,119,0.0,0.0,0.0
28,120,0.0,0.0,0.0
29,0,528.0,7.78787899017334,14.668560981750488
29,1,0.0,0.0,0.0
29,2,0.0,0.0,0.0
29,3,0.0,0.0,0.0
29,4,0.0,0.0,0.0
29,5,0.0,0.0,0.0
29,6,0.0,0.0,0.0
29,7,0.0,0.0,0.0
29,8,0.0,0.0,0.0
29,9,1192.0,181.0218048095703,6.836409568786621
29,10,0.0,0.0,0.0
29,11,803.0,266.39849853515625,53.32004928588867
29,12,0.0,0.0,0.0
29,13,3069.0,440.10784912109375,18.80612564086914
29,14,0.0,0.0,0.0
29,15,817.0,340.1224060058594,55.9045295715332
29,16,1972.0,365.2114562988281,14.798681259155272
29,17,3003.0,20.982017517089844,86.6423568725586
29,18,2338.0,33.471771240234375,25.10350799560547
29,19,1593.0,495.82611083984375,24.73320770263672
29,20,6357.0,434.8848571777344,79.65990447998047
29,21,3108.0,207.43821716308597,35.81370544433594
29,22,902.0,342.5632019042969,76.02882385253906
29,23,9157.0,102.42666625976562,45.076881408691406
29,24,823.0,307.9015808105469,57.79951477050781
29,25,0.0,0.0,0.0
29,26,0.0,0.0,0.0
29,27,1836.0,58.98583984375,109.16503143310548
29,28,7491.0,194.7969512939453,93.34908294677734
29,29,6569.0,376.3667297363281,131.13929748535156
29,30,1603.0,246.40985107421875,144.82470703125
29,31,7781.0,295.1537170410156,113.788330078125
29,32,634.0,41.90063095092773,145.55520629882812
29,33,3844.0,481.0312194824219,118.61212158203124
29,34,994.0,435.25048828125,151.22132873535156
29,35,9205.0,125.29701232910156,140.6156463623047
29,36,1532.0,434.093994140625,192.998046875
29,37,3051.0,304.7895812988281,182.4749298095703
29,38,1122.0,85.5650634765625,179.66221618652344
29,39,1050.0,434.394287109375,228.4923858642578
29,40,2612.0,475.07427978515625,199.42840576171875
29,41,5883.0,42.82339096069336,204.9882659912109
29,42,1532.0,150.7976531982422,200.01174926757807
29,43,1237.0,254.5949859619141,183.8585357666016
29,44,0.0,0.0,0.0
29,45,1035.0,117.13526916503906,214.08116149902344
29,46,694.0,49.75792694091797,262.250732421875
29,47,3380.0,422.5322570800781,270.9742736816406
29,48,8198.0,299.5078125,247.81886291503903
29,49,3123.0,204.2603302001953,232.7428741455078
29,50,631.0,78.50238037109375,289.3946228027344
29,51,6090.0,118.96649932861328,265.3251342773437
29,52,1952.0,323.9682312011719,311.7038879394531
29,53,592.0,382.020263671875,290.0641784667969
29,54,7151.0,201.8363800048828,291.6427001953125
29,55,4521.0,202.5049743652344,188.5372772216797
29,56,1916.0,277.3877868652344,302.26251220703125
29,57,1036.0,431.0492248535156,313.05792236328125
29,58,683.0,154.43484497070312,336.005859375
29,59,2102.0,238.8824920654297,331.81494140625
29,60,4084.0,387.4593505859375,337.5061340332031
29,61,5528.0,29.310237884521484,312.40594482421875
29,62,5276.0,103.04586791992188,334.8188171386719
29,63,1553.0,454.8924560546875,432.5325317382813
29,64,1067.0,336.63824462890625,338.1527709960937
29,65,1335.0,401.6853942871094,382.1797790527344
29,66,4411.0,65.43187713623047,383.2931213378906
29,67,823.0,247.1312255859375,387.5747375488281
29,68,4460.0,455.56390380859375,365.8423767089844
29,69,720.0,127.55555725097656,382.8861083984375
29,70,6219.0,189.00289916992188,381.0062561035156
29,71,742.0,11.656333923339844,380.6455383300781
29,72,858.0,428.8018798828125,404.4405517578125
29,73,9190.0,315.9690856933594,387.2762756347656
29,74,1070.0,406.9093322753906,418.02056884765625
29,75,842.0,487.0202026367188,405.1745910644531
29,76,856.0,98.5782699584961,412.3200988769531
29,77,1473.0,151.31500244140625,416.7067260742188
29,78,1028.0,212.7140045166016,423.5680847167969
29,79,1546.0,265.26519775390625,431.1248474121094
29,80,9245.0,357.6726989746094,466.297119140625
29,81,1628.0,289.9404296875,490.04974365234375
29,82,3337.0,25.9961051940918,429.6634826660156
29,83,1015.0,453.3093566894531,473.5192260742188
29,84,810.0,169.891357421875,446.5962829589844
29,85,6383.0,100.28936004638672,457.5451965332031
29,86,4777.0,285.478759765625,21.82080841064453
29,87,1592.0,501.8052673339844,369.3291320800781
29,88,2909.0,478.8215942382813,309.7703552246094
29,89,2357.0,155.6678009033203,481.4302062988281
29,90,1362.0,425.2826843261719,461.3303833007813
29,91,6415.0,233.47732543945312,471.4046630859375
29,92,2094.0,379.249755859375,51.1026725769043
29,93,3555.0,483.1606140136719,258.4261474609375
29,94,7041.0,377.4776306152344,222.5520477294922
29,95,985.0,492.7685241699219,60.0903549194336
29,96,1100.0,262.46728515625,348.5445556640625
29,97,977.0,424.1402282714844,499.2057189941406
29,98,868.0,463.2430725097656,502.2615356445313
29,99,2544.0,489.4367065429688,452.5939331054688
29,100,1196.0,17.13210678100586,495.0652160644531
29,101,787.0,75.43582916259766,234.88055419921875
29,102,858.0,182.3811187744141,502.3648071289063
29,103,1214.0,41.74300003051758,475.7611083984375
29,104,1819.0,13.164925575256348,148.57614135742188
29,105,909.0,9.459845542907717,250.02200317382807
29,106,917.0,499.3337097167969,493.852783203125
29,107,832.0,63.466346740722656,503.9050598144531
29,108,0.0,0.0,0.0
29,109,1987.0,495.6527404785156,168.84397888183594
29,110,293.0,8.88395881652832,469.3924865722656
29,111,264.0,120.08712005615234,507.6287841796875
29,112,0.0,0.0,0.0
29,113,0.0,0.0,0.0
29,114,0.0,0.0,0.0
29,115,251.0,83.45418548583984,499.2151489257813
29,116,0.0,0.0,0.0
29,117,0.0,0.0,0.0
29,118,0.0,0.0,0.0
29,119,0.0,0.0,0.0
29,120,0.0,0.0,0.0
30,0,1.0,0.0,3.0
30,1,0.0,0.0,0.0
30,2,0.0,0.0,0.0
30,3,0.0,0.0,0.0
30,4,0.0,0.0,0.0
30,5,0.0,0.0,0.0
30,6,0.0,0.0,0.0
30,7,0.0,0.0,0.0
30,8,0.0,0.0,0.0
30,9,1165.0,180.6034393310547,6.975107192993164
30,10,0.0,0.0,0.0
30,11,938.0,259.5970153808594,51.25799560546875
30,12,0.0,0.0,0.0
30,13,2989.0,437.3777160644531,18.842756271362305
30,14,0.0,0.0,0.0
30,15,451.0,340.39910888671875,51.95565414428711
30,16,1683.0,368.9982299804688,13.721924781799316
30,17,3098.0,22.65622901916504,92.4767608642578
30,18,3534.0,30.43463516235352,27.558856964111328
30,19,2774.0,493.4124145507813,37.88320159912109
30,20,6289.0,434.1817321777344,79.14279174804688
30,21,2129.0,207.27525329589844,32.838890075683594
30,22,1109.0,343.4761047363281,71.4779052734375
30,23,8667.0,105.70728302001952,44.05803680419922
30,24,735.0,308.9047546386719,56.38911437988281
30,25,0.0,0.0,0.0
30,26,0.0,0.0,0.0
30,27,1499.0,59.63175582885742,106.98932647705078
30,28,8004.0,195.60682678222656,90.3689422607422
30,29,6476.0,378.8335266113281,130.09727478027344
30,30,1622.0,245.30209350585935,147.55548095703125
30,31,8462.0,296.2324523925781,113.71271514892578
30,32,658.0,42.28419494628906,145.72340393066406
30,33,3570.0,481.3610534667969,116.3212890625
30,34,1002.0,437.7634582519531,150.82833862304688
30,35,9163.0,122.98461151123048,137.58900451660156
30,36,1262.0,432.9263000488281,192.6687774658203
30,37,2838.0,310.0376892089844,185.06271362304688
30,38,1008.0,83.98809814453125,177.50991821289062
30,39,922.0,437.9002075195313,228.2039031982422
30,40,2504.0,471.9556579589844,199.2935333251953
30,41,5461.0,42.50997924804688,204.2721099853516
30,42,1805.0,150.15013122558594,194.6952972412109
30,43,1597.0,257.9211120605469,180.02316284179688
30,44,0.0,0.0,0.0
30,45,1223.0,115.36467742919922,212.79067993164065
30,46,701.0,54.58487701416016,265.5634765625
30,47,3465.0,420.248779296875,275.4352111816406
30,48,7857.0,297.7757263183594,246.3741912841797
30,49,3037.0,204.53836059570312,233.1745147705078
30,50,523.0,78.22179412841797,290.5755310058594
30,51,5983.0,119.60354614257812,265.9914855957031
30,52,2255.0,327.388916015625,308.3130798339844
30,53,1276.0,372.8996887207031,283.891845703125
30,54,7194.0,202.59146118164065,291.7723083496094
30,55,4604.0,200.5803680419922,191.2332763671875
30,56,1559.0,281.58563232421875,304.9403381347656
30,57,838.0,435.8949890136719,318.78521728515625
30,58,465.0,156.6215057373047,335.6451721191406
30,59,2467.0,242.5131683349609,328.322265625
30,60,3960.0,388.8424377441406,337.5669250488281
30,61,5228.0,28.59659576416016,311.68438720703125
30,62,5435.0,104.3083724975586,333.3057861328125
30,63,1458.0,454.6111145019531,430.25787353515625
30,64,989.0,338.45904541015625,334.2507629394531
30,65,1476.0,405.8421325683594,380.864501953125
30,66,5535.0,70.28582000732422,383.38031005859375
30,67,544.0,249.68382263183597,389.9595642089844
30,68,3171.0,457.3421630859375,363.8255920410156
30,69,873.0,144.80526733398438,378.4902648925781
30,70,5651.0,193.1858062744141,381.1275939941406
30,71,682.0,9.904691696166992,379.8841552734375
30,72,1480.0,437.7723083496094,401.2601318359375
30,73,8829.0,318.18267822265625,383.448974609375
30,74,740.0,401.4324340820313,412.8567504882813
30,75,804.0,485.4403076171875,406.7873229980469
30,76,549.0,104.89617156982422,410.0054626464844
30,77,1244.0,152.80787658691406,416.9694519042969
30,78,1230.0,213.90081787109372,422.1487731933594
30,79,1811.0,271.0281677246094,429.3694152832031
30,80,9749.0,358.3671264648437,465.1099548339844
30,81,1284.0,292.0661926269531,489.7507934570313
30,82,3193.0,26.841215133666992,429.2054443359375
30,83,1169.0,459.5782775878906,475.1864929199219
30,84,755.0,169.3576202392578,446.25299072265625
30,85,6630.0,101.45626068115234,456.0870361328125
30,86,5208.0,286.8563842773437,22.05817985534668
30,87,2015.0,500.091796875,369.9632873535156
30,88,3500.0,479.224853515625,306.57342529296875
30,89,2109.0,157.30819702148438,479.5827331542969
30,90,1694.0,427.7626953125,461.5094299316406
30,91,6883.0,235.42713928222656,470.8243408203125
30,92,1964.0,377.3833923339844,49.59928894042969
30,93,3331.0,478.984375,254.09817504882807
30,94,6438.0,380.4384765625,216.9215545654297
30,95,0.0,0.0,0.0
30,96,1120.0,257.7518005371094,355.8294677734375
30,97,877.0,425.4686279296875,499.9977111816406
30,98,738.0,462.8550109863281,503.6856384277344
30,99,2333.0,488.79296875,452.8011169433594
30,100,1121.0,18.78501319885254,496.5575256347656
30,101,1084.0,74.73523712158203,233.5682678222656
30,102,886.0,183.43002319335935,502.1038513183594
30,103,1008.0,41.01686477661133,474.2004089355469
30,104,1753.0,12.643467903137209,152.6206512451172
30,105,1117.0,11.049239158630373,248.45925903320312
30,106,910.0,499.4549560546875,494.0164794921875
30,107,824.0,62.53155517578125,503.831298828125
30,108,0.0,0.0,0.0
30,109,2459.0,494.1882934570313,169.68402099609375
30,110,578.0,9.45501708984375,469.10552978515625
30,111,436.0,126.85550689697266,506.2706298828125
30,112,0.0,0.0,0.0
30,113,16.0,510.75,232.5
30,114,0.0,0.0,0.0
30,115,411.0,80.13381958007812,497.58636474609375
30,116,0.0,0.0,0.0
30,117,0.0,0.0,0.0
30,118,0.0,0.0,0.0
30,119,0.0,0.0,0.0
30,120,0.0,0.0,0.0
31,0,0.0,0.0,0.0
31,1,0.0,0.0,0.0
31,2,0.0,0.0,0.0
31,3,0.0,0.0,0.0
31,4,0.0,0.0,0.0
31,5,0.0,0.0,0.0
31,6,0.0,0.0,0.0
31,7,0.0,0.0,0.0
31,8,0.0,0.0,0.0
31,9,597.0,197.0770568847656,6.209380149841309
31,10,0.0,0.0,0.0
31,11,1049.0,262.0362243652344,50.136322021484375
31,12,0.0,0.0,0.0
31,13,2959.0,433.1027221679688,18.95403861999512
31,14,0.0,0.0,0.0
31,15,597.0,347.9413757324219,45.179229736328125
31,16,1442.0,369.5104064941406,12.986130714416504
31,17,2669.0,20.71262550354004,91.50617980957033
31,18,3785.0,31.20422744750977,28.8922061920166
31,19,3139.0,491.34375,38.12934112548828
31,20,6115.0,431.6645812988281,79.2112808227539
31,21,2652.0,197.03770446777344,27.772624969482425
31,22,1290.0,346.7597045898437,70.25115966796875
31,23,8115.0,105.78694152832033,42.9077033996582
31,24,1056.0,316.38824462890625,50.71590805053711
31,25,0.0,0.0,0.0
31,26,0.0,0.0,0.0
31,27,1600.0,56.32687377929688,105.32749938964844
31,28,7929.0,194.80691528320312,88.6844482421875
31,29,6502.0,378.769287109375,131.10427856445312
31,30,1618.0,250.1798553466797,146.8720703125
31,31,8744.0,295.81231689453125,112.6347198486328
31,32,639.0,41.69327163696289,144.6056365966797
31,33,2963.0,480.8710632324219,109.57813262939452
31,34,906.0,437.8233947753906,150.184326171875
31,35,9617.0,121.8237533569336,135.42529296875
31,36,1328.0,437.2605285644531,192.80120849609372
31,37,1836.0,306.6312561035156,178.7668914794922
31,38,983.0,81.18107604980469,176.1291961669922
31,39,1076.0,442.7146911621094,223.68772888183597
31,40,1728.0,470.8188781738281,195.7887725830078
31,41,5034.0,42.351806640625,202.7844696044922
31,42,1948.0,148.2833709716797,196.0739288330078
31,43,1295.0,259.2455749511719,179.80618286132812
31,44,0.0,0.0,0.0
31,45,1335.0,113.9318389892578,212.208984375
31,46,922.0,49.59218978881836,261.8145446777344
31,47,4113.0,423.2511596679688,273.820556640625
31,48,8460.0,300.50164794921875,242.46453857421875
31,49,3206.0,210.43637084960935,231.30723571777344
31,50,596.0,80.91610717773438,286.7315368652344
31,51,5830.0,121.79176330566406,265.4927978515625
31,52,1678.0,333.5089416503906,306.3069152832031
31,53,1270.0,371.78424072265625,282.64410400390625
31,54,6955.0,202.86024475097656,291.6970520019531
31,55,4983.0,201.38731384277344,189.32650756835935
31,56,1959.0,289.1444702148437,308.24298095703125
31,57,698.0,435.87249755859375,315.94268798828125
31,58,660.0,155.3394012451172,334.2606201171875
31,59,2958.0,245.53582763671875,326.2062072753906
31,60,3956.0,389.7047424316406,336.271728515625
31,61,5101.0,30.36404609680176,308.4999084472656
31,62,5042.0,105.71202087402344,331.7649841308594
31,63,1147.0,453.6730651855469,429.9485473632813
31,64,993.0,340.508544921875,335.3313293457031
31,65,1481.0,409.3821716308594,380.02972412109375
31,66,5801.0,68.28426361083984,380.69677734375
31,67,415.0,246.8240966796875,391.1590270996094
31,68,2976.0,455.3111572265625,360.8554992675781
31,69,1095.0,147.29588317871094,371.6776123046875
31,70,5010.0,196.56167602539065,380.238525390625
31,71,852.0,10.924882888793944,376.4988403320313
31,72,1589.0,436.4587707519531,406.0906372070313
31,73,8061.0,320.1292724609375,380.4178161621094
31,74,716.0,396.0265502929688,405.8617248535156
31,75,734.0,478.9386901855469,405.5095520019531
31,76,588.0,109.86904907226562,408.7159729003906
31,77,1496.0,153.65106201171875,411.8368835449219
31,78,1230.0,214.0430908203125,420.6430969238281
31,79,2267.0,276.7966613769531,425.9161987304688
31,80,10032.0,360.1134338378906,463.0076904296875
31,81,693.0,298.39971923828125,492.2193298339844
31,82,2885.0,26.336915969848636,425.8825073242188
31,83,1440.0,468.2715148925781,476.6520690917969
31,84,1032.0,170.8682098388672,446.8876037597656
31,85,6611.0,103.15943145751952,454.8098754882813
31,86,4798.0,284.4489440917969,19.47373962402344
31,87,2511.0,499.1286315917969,372.0119323730469
31,88,3177.0,479.01763916015625,307.0575866699219
31,89,1870.0,159.09304809570312,479.7994689941406
31,90,1257.0,429.3985595703125,461.5870971679688
31,91,7573.0,240.98416137695312,470.66009521484375
31,92,1508.0,379.21087646484375,48.73740005493164
31,93,3027.0,483.25634765625,254.1552734375
31,94,6515.0,380.8072204589844,215.68702697753903
31,95,0.0,0.0,0.0
31,96,1077.0,258.5134582519531,360.9507751464844
31,97,1261.0,424.869140625,497.792236328125
31,98,575.0,462.6678161621094,503.0730285644531
31,99,2151.0,484.94049072265625,446.5560302734375
31,100,1160.0,19.199138641357425,495.5948181152344
31,101,1104.0,74.44837188720703,232.3713836669922
31,102,983.0,184.8494415283203,501.25634765625
31,103,1218.0,43.07060623168945,471.0377807617188
31,104,1850.0,12.712432861328123,152.43026733398438
31,105,1099.0,9.974522590637209,247.17742919921875
31,106,1078.0,497.874755859375,493.4508361816406
31,107,1002.0,64.67066192626953,503.6157836914063
31,108,0.0,0.0,0.0
31,109,3305.0,489.604248046875,163.30589294433594
31,110,730.0,10.483561515808104,466.42327880859375
31,111,500.0,129.26600646972656,505.6659851074219
31,112,0.0,0.0,0.0
31,113,321.0,504.0623168945313,222.6417388916016
31,114,19.0,0.0,206.0
31,115,398.0,81.33165740966797,495.4421997070313
31,116,0.0,0.0,0.0
31,117,0.0,0.0,0.0
31,118,0.0,0.0,0.0
31,119,0.0,0.0,0.0
31,120,0.0,0.0,0.0
32,0,0.0,0.0,0.0
32,1,0.0,0.0,0.0
32,2,0.0,0.0,0.0
32,3,0.0,0.0,0.0
32,4,0.0,0.0,0.0
32,5,0.0,0.0,0.0
32,6,0.0,0.0,0.0
32,7,0.0,0.0,0.0
32,8,0.0,0.0,0.0
32,9,459.0,197.5860595703125,6.206971645355225
32,10,0.0,0.0,0.0
32,11,831.0,266.8916931152344,49.06979370117188
32,12,0.0,0.0,0.0
32,13,2593.0,432.2664794921875,17.595834732055664
32,14,0.0,0.0,0.0
32,15,588.0,344.6292419433594,42.42176818847656
32,16,1674.0,369.84228515625,14.382915496826172
32,17,2621.0,19.632965087890625,93.16444396972656
32,18,4111.0,33.12235641479492,29.925079345703125
32,19,3520.0,489.5036926269531,39.27926254272461
32,20,5939.0,430.6778869628906,79.1993637084961
32,21,2496.0,191.8730010986328,23.293270111083984
32,22,1473.0,345.0047607421875,67.57026672363281
32,23,7355.0,106.7409896850586,41.78490829467773
32,24,779.0,312.28369140625,48.92554473876953
32,25,0.0,0.0,0.0
32,26,0.0,0.0,0.0
32,27,1461.0,54.40314865112305,100.8069839477539
32,28,8293.0,196.0754852294922,86.70034790039062
32,29,6017.0,380.4118347167969,130.92454528808594
32,30,1382.0,252.2467498779297,147.5564422607422
32,31,9829.0,297.81219482421875,113.86784362792967
32,32,778.0,45.66323852539063,145.3341827392578
32,33,2592.0,479.8595581054688,107.14698791503906
32,34,916.0,436.8831787109375,149.3580780029297
32,35,9675.0,119.76496124267578,131.91400146484375
32,36,963.0,434.84320068359375,189.84112548828125
32,37,1127.0,312.2998962402344,178.97515869140625
32,38,1042.0,82.26007843017578,176.9193878173828
32,39,830.0,445.0783081054688,221.0493927001953
32,40,1569.0,465.4295654296875,199.2402801513672
32,41,4373.0,43.68053817749024,202.5357818603516
32,42,2463.0,149.2582244873047,192.02029418945312
32,43,1696.0,262.7434997558594,176.8354949951172
32,44,0.0,0.0,0.0
32,45,1124.0,114.09430694580078,212.14768981933597
32,46,796.0,44.97990036010742,260.689697265625
32,47,4965.0,421.6235656738281,269.1166076660156
32,48,8550.0,299.6024475097656,241.958251953125
32,49,3222.0,210.74208068847656,231.2067108154297
32,50,634.0,83.55520629882812,284.79180908203125
32,51,5370.0,124.9610824584961,264.54766845703125
32,52,2078.0,329.4388732910156,304.2247314453125
32,53,941.0,370.1562194824219,285.7300720214844
32,54,6703.0,202.7738342285156,291.245849609375
32,55,4970.0,203.0108642578125,188.31146240234372
32,56,580.0,291.9620666503906,327.3569030761719
32,57,825.0,436.55029296875,314.447265625
32,58,699.0,160.3090057373047,334.2889709472656
32,59,4241.0,254.7953338623047,320.5892333984375
32,60,3542.0,390.19818115234375,336.0025329589844
32,61,5126.0,31.98517417907715,307.1151123046875
32,62,5105.0,108.06483459472656,330.19195556640625
32,63,1426.0,454.1683044433594,422.8997192382813
32,64,861.0,344.6620178222656,333.0964050292969
32,65,1366.0,408.7767333984375,378.7371826171875
32,66,6215.0,68.74545288085938,380.7494812011719
32,67,279.0,246.4229431152344,392.3297424316406
32,68,2772.0,453.6439514160156,358.2355651855469
32,69,1310.0,148.54580688476562,374.0633544921875
32,70,4993.0,197.58401489257807,380.9635620117188
32,71,1010.0,10.470296859741213,375.53167724609375
32,72,1328.0,435.8900451660156,401.8493957519531
32,73,7664.0,323.9997253417969,377.0232238769531
32,74,837.0,396.9880676269531,405.2939147949219
32,75,749.0,478.0079956054688,401.615478515625
32,76,639.0,112.57589721679688,408.1189270019531
32,77,1240.0,155.3072509765625,414.70806884765625
32,78,1279.0,215.2431640625,420.4183044433594
32,79,2956.0,280.10791015625,423.9279479980469
32,80,9399.0,366.4884643554688,460.8706359863281
32,81,1449.0,307.01519775390625,490.5665893554688
32,82,2368.0,27.0671443939209,424.546875
32,83,1520.0,470.0125122070313,476.0815734863281
32,84,832.0,170.4170684814453,444.8293151855469
32,85,6369.0,104.37713623046876,453.24713134765625
32,86,4653.0,281.00750732421875,18.19793701171875
32,87,2440.0,498.4520568847656,367.5581970214844
32,88,2704.0,479.2710876464844,310.0909729003906
32,89,1840.0,163.8978271484375,476.233154296875
32,90,1147.0,431.8143005371094,460.741943359375
32,91,7417.0,242.5870361328125,470.14251708984375
32,92,1659.0,379.9541931152344,50.53827667236328
32,93,3160.0,483.6569519042969,258.326904296875
32,94,6419.0,379.2438049316406,216.5362243652344
32,95,0.0,0.0,0.0
32,96,1067.0,260.68603515625,364.1864929199219
32,97,1302.0,428.0652770996094,497.5468444824219
32,98,377.0,463.07427978515625,503.9973449707031
32,99,2360.0,483.2232971191406,443.8792419433594
32,100,1192.0,18.36744880676269,494.40185546875
32,101,1781.0,74.61538696289062,234.3952789306641
32,102,1101.0,186.6811981201172,501.39691162109375
32,103,1242.0,43.43478393554688,470.173095703125
32,104,1956.0,13.651329040527344,154.82566833496094
32,105,1175.0,10.079999923706056,246.14894104003903
32,106,1181.0,496.5122680664063,493.6629943847656
32,107,933.0,58.05037689208984,502.7266845703125
32,108,0.0,0.0,0.0
32,109,4217.0,487.0834655761719,163.5356903076172
32,110,944.0,11.177966117858888,459.8707580566406
32,111,741.0,132.78543090820312,503.8205261230469
32,112,0.0,0.0,0.0
32,113,399.0,502.8446044921875,224.45362854003903
32,114,182.0,4.758241653442383,205.9120941162109
32,115,778.0,86.21593475341797,495.41644287109375
32,116,0.0,0.0,0.0
32,117,0.0,0.0,0.0
32,118,0.0,0.0,0.0
32,119,0.0,0.0,0.0
32,120,0.0,0.0,0.0
33,0,0.0,0.0,0.0
33,1,0.0,0.0,0.0
33,2,0.0,0.0,0.0
33,3,0.0,0.0,0.0
33,4,0.0,0.0,0.0
33,5,0.0,0.0,0.0
33,6,0.0,0.0,0.0
33,7,0.0,0.0,0.0
33,8,0.0,0.0,0.0
33,9,0.0,0.0,0.0
33,10,0.0,0.0,0.0
33,11,754.0,266.48541259765625,47.468170166015625
33,12,0.0,0.0,0.0
33,13,2274.0,431.14599609375,16.868953704833984
33,14,0.0,0.0,0.0
33,15,622.0,344.6286315917969,41.70257186889648
33,16,1743.0,371.3551330566406,14.26161766052246
33,17,2418.0,19.256824493408203,92.73532104492188
33,18,4652.0,35.67970657348633,32.501075744628906
33,19,4013.0,488.3598327636719,41.61973571777344
33,20,5773.0,430.2833862304688,78.38264465332031
33,21,2832.0,192.838623046875,24.980932235717773
33,22,1042.0,345.9731140136719,68.47504425048828
33,23,6645.0,108.6621551513672,41.1234016418457
33,24,626.0,316.2763671875,47.8130989074707
33,25,0.0,0.0,0.0
33,26,0.0,0.0,0.0
33,27,1335.0,53.96030044555664,100.11835479736328
33,28,7840.0,196.0445098876953,85.26377868652344
33,29,5466.0,383.87213134765625,132.2724151611328
33,30,1540.0,252.48117065429688,147.75843811035156
33,31,10671.0,301.5096130371094,112.8161392211914
33,32,572.0,42.94230651855469,144.11712646484375
33,33,2049.0,476.489013671875,106.97998809814452
33,34,865.0,435.4138793945313,148.79884338378906
33,35,9649.0,118.0021743774414,128.74349975585938
33,36,910.0,438.7483520507813,192.45494079589844
33,37,1137.0,311.3746643066406,177.99472045898438
33,38,1359.0,80.16850280761719,173.96688842773438
33,39,1416.0,436.6080627441406,219.38771057128903
33,40,1357.0,470.9189453125,206.3736114501953
33,41,3832.0,43.4282341003418,201.5777587890625
33,42,3290.0,159.43252563476562,184.5006103515625
33,43,1704.0,265.30517578125,179.4835662841797
33,44,0.0,0.0,0.0
33,45,1106.0,117.0226058959961,211.7215118408203
33,46,1098.0,43.32240295410156,262.2413330078125
33,47,5021.0,418.4192504882813,267.8611755371094
33,48,10809.0,313.6526184082031,241.60569763183597
33,49,3139.0,212.11436462402344,232.4979248046875
33,50,613.0,83.77324676513672,285.2919921875
33,51,4350.0,129.57470703125,267.3016052246094
33,52,1891.0,331.0560607910156,303.6356506347656
33,53,1073.0,372.89935302734375,288.9776306152344
33,54,6379.0,201.955322265625,291.1062927246094
33,55,4909.0,203.9337921142578,190.5608062744141
33,56,731.0,291.2284545898437,326.0506286621094
33,57,846.0,434.5531921386719,314.38653564453125
33,58,689.0,163.00144958496094,335.4339599609375
33,59,4190.0,253.840576171875,318.65966796875
33,60,3300.0,388.4439392089844,336.96636962890625
33,61,4936.0,31.710697174072266,309.2212219238281
33,62,5121.0,110.40538787841795,328.52880859375
33,63,1714.0,453.2882080078125,420.9889221191406
33,64,855.0,338.0771789550781,329.27252197265625
33,65,1243.0,406.7312927246094,377.416748046875
33,66,6352.0,69.67506408691406,379.8134460449219
33,67,419.0,246.21717834472656,388.69927978515625
33,68,2541.0,449.0263671875,353.1330261230469
33,69,1329.0,152.47027587890625,371.5891723632813
33,70,4326.0,200.33518981933597,378.0735168457031
33,71,1067.0,12.001873970031738,377.5529479980469
33,72,1619.0,435.4045715332031,399.0006103515625
33,73,6940.0,326.4547424316406,375.1194458007813
33,74,737.0,394.2903747558594,402.4857482910156
33,75,937.0,478.8110961914063,391.03521728515625
33,76,724.0,115.68093872070312,406.2817687988281
33,77,1454.0,157.21527099609375,411.5110168457031
33,78,1616.0,215.2512359619141,419.5755004882813
33,79,3427.0,283.35919189453125,419.7154846191406
33,80,7900.0,372.6525268554688,455.7682189941406
33,81,2899.0,322.11968994140625,488.8678894042969
33,82,2100.0,25.0957145690918,423.1380920410156
33,83,1738.0,466.401611328125,475.6098937988281
33,84,965.0,174.13885498046875,446.7295227050781
33,85,6205.0,107.2847671508789,452.1318359375
33,86,5153.0,274.92449951171875,17.893848419189453
33,87,2358.0,498.6861877441406,364.3884582519531
33,88,2928.0,474.9402465820313,305.0502014160156
33,89,1714.0,165.3290557861328,476.1890258789063
33,90,933.0,427.931396484375,458.1350402832031
33,91,7200.0,244.9691619873047,469.685546875
33,92,1900.0,378.8310546875,52.70052719116211
33,93,2718.0,486.88079833984375,260.6129455566406
33,94,3324.0,387.8552856445313,199.2599334716797
33,95,0.0,0.0,0.0
33,96,1106.0,261.7730712890625,360.3273010253906
33,97,1122.0,427.2887573242188,497.19964599609375
33,98,468.0,460.6858825683594,504.6752014160156
33,99,2532.0,482.6267700195313,442.2650146484375
33,100,863.0,15.669756889343262,495.2989501953125
33,101,2928.0,81.13866424560547,234.5269775390625
33,102,1294.0,191.4482269287109,500.9760437011719
33,103,1769.0,43.897117614746094,465.3578186035156
33,104,2105.0,14.328266143798828,153.36959838867188
33,105,1150.0,9.550435066223145,247.07130432128903
33,106,1211.0,496.5012512207031,493.0024719238281
33,107,1158.0,55.65371322631836,502.8048400878906
33,108,0.0,0.0,0.0
33,109,4966.0,483.9297180175781,161.04530334472656
33,110,992.0,10.337701797485352,461.4566650390625
33,111,932.0,131.72317504882812,502.7467956542969
33,112,0.0,0.0,0.0
33,113,448.0,502.9129333496094,227.3995513916016
33,114,426.0,9.269952774047852,208.2582092285156
33,115,752.0,81.57447052001953,491.75531005859375
33,116,0.0,0.0,0.0
33,117,0.0,0.0,0.0
33,118,0.0,0.0,0.0
33,119,0.0,0.0,0.0
33,120,0.0,0.0,0.0
34,0,0.0,0.0,0.0
34,1,0.0,0.0,0.0
34,2,0.0,0.0,0.0
34,3,0.0,0.0,0.0
34,4,0.0,0.0,0.0
34,5,0.0,0.0,0.0
34,6,0.0,0.0,0.0
34,7,0.0,0.0,0.0
34,8,0.0,0.0,0.0
34,9,0.0,0.0,0.0
34,10,0.0,0.0,0.0
34,11,869.0,265.90447998046875,46.06904602050781
34,12,0.0,0.0,0.0
34,13,1711.0,432.8533020019531,13.608416557312012
34,14,0.0,0.0,0.0
34,15,962.0,351.26922607421875,30.945945739746094
34,16,1466.0,383.9215698242188,15.166439056396484
34,17,2790.0,22.540502548217773,94.90215301513672
34,18,4806.0,37.74406814575195,31.353307723999023
34,19,4529.0,486.9635620117188,44.13689422607422
34,20,5584.0,429.774169921875,76.61550903320312
34,21,3397.0,183.06300354003903,20.301443099975582
34,22,764.0,339.7918701171875,66.68978881835938
34,23,5404.0,106.54200744628906,41.904884338378906
34,24,925.0,315.8951416015625,45.29621505737305
34,25,0.0,0.0,0.0
34,26,0.0,0.0,0.0
34,27,1015.0,55.09556579589844,91.63842010498048
34,28,7843.0,195.83628845214844,83.19303894042969
34,29,5244.0,385.16839599609375,133.0717010498047
34,30,1313.0,250.9596405029297,144.10891723632812
34,31,11119.0,301.9125061035156,112.39877319335938
34,32,814.0,45.66216278076172,142.1658477783203
34,33,1315.0,468.35589599609375,107.3482894897461
34,34,744.0,433.8965148925781,144.1760711669922
34,35,10085.0,119.34745025634766,126.95201110839844
34,36,1118.0,437.4114379882813,190.3980255126953
34,37,884.0,310.0090637207031,177.91403198242188
34,38,1239.0,82.38740539550781,173.94027709960938
34,39,1019.0,438.6427917480469,219.13836669921875
34,40,825.0,475.7236328125,220.41575622558597
34,41,3522.0,45.10505294799805,200.08319091796875
34,42,3468.0,159.71424865722656,186.87918090820312
34,43,2021.0,265.22711181640625,175.0653076171875
34,44,0.0,0.0,0.0
34,45,1397.0,112.68074798583984,212.34503173828125
34,46,859.0,46.70081329345703,262.98486328125
34,47,5470.0,419.22943115234375,260.9400329589844
34,48,10869.0,313.9066162109375,240.67642211914065
34,49,3098.0,211.01258850097656,233.43028259277344
34,50,918.0,92.12963104248048,285.6503295898437
34,51,3615.0,131.291015625,264.09210205078125
34,52,1872.0,331.4038391113281,301.6757507324219
34,53,1052.0,374.0845947265625,293.8650207519531
34,54,6267.0,200.57699584960935,290.1921081542969
34,55,4821.0,207.2694396972656,189.56170654296875
34,56,546.0,296.0,325.8424987792969
34,57,1831.0,436.5144653320313,306.1447448730469
34,58,692.0,162.57803344726562,334.1950988769531
34,59,4524.0,254.19363403320312,317.7875671386719
34,60,1961.0,396.1183166503906,339.5364685058594
34,61,4926.0,32.08059310913086,307.9151306152344
34,62,5141.0,111.94242095947266,327.26513671875
34,63,1702.0,455.8895568847656,418.2338562011719
34,64,1791.0,356.6164245605469,330.80792236328125
34,65,930.0,407.7451477050781,376.1645202636719
34,66,6392.0,70.05256652832031,378.5893249511719
34,67,394.0,243.84518432617188,388.4822387695313
34,68,2879.0,448.0486145019531,350.4970397949219
34,69,1348.0,154.2819061279297,370.4147033691406
34,70,4032.0,201.8392791748047,376.7018737792969
34,71,1011.0,11.784372329711914,373.6290893554688
34,72,2094.0,437.9484252929688,395.826171875
34,73,5897.0,327.4810791015625,370.0556335449219
34,74,879.0,389.67236328125,393.156982421875
34,75,531.0,482.9001770019531,389.83050537109375
34,76,920.0,121.12174224853516,403.1402282714844
34,77,1612.0,162.0880889892578,411.4261779785156
34,78,1368.0,216.48538208007807,418.630126953125
34,79,4406.0,285.1150817871094,414.6513977050781
34,80,7541.0,375.4747314453125,450.374755859375
34,81,3235.0,332.0395812988281,488.3864135742188
34,82,2155.0,25.97215843200684,420.16845703125
34,83,1288.0,461.086181640625,480.5411376953125
34,84,999.0,177.33934020996094,447.3493347167969
34,85,6262.0,108.07457733154295,450.8280029296875
34,86,4604.0,279.4185485839844,16.105342864990234
34,87,2292.0,499.0401306152344,363.7159729003906
34,88,2273.0,481.9599609375,306.65948486328125
34,89,1567.0,167.75558471679688,475.6815490722656
34,90,1050.0,432.80474853515625,454.3323669433594
34,91,7625.0,248.48013305664065,470.3175048828125
34,92,2256.0,375.8231506347656,55.971187591552734
34,93,2303.0,489.2687683105469,259.6287536621094
34,94,3055.0,387.4549865722656,197.3060607910156
34,95,0.0,0.0,0.0
34,96,1144.0,262.38287353515625,357.9676513671875
34,97,1160.0,424.8543090820313,495.5810241699219
34,98,536.0,459.0578308105469,504.5765075683594
34,99,3000.0,485.1616516113281,444.9030151367188
34,100,1120.0,18.77767944335937,496.6893005371094
34,101,2970.0,78.16498565673828,237.5501708984375
34,102,1201.0,192.93089294433597,501.0050048828125
34,103,1624.0,44.53633117675781,466.0849609375
34,104,2081.0,13.850071907043455,154.08120727539062
34,105,1281.0,10.579235076904297,248.2740020751953
34,106,1141.0,497.4837951660156,492.8317260742188
34,107,1258.0,68.35294342041016,501.4300537109375
34,108,0.0,0.0,0.0
34,109,6293.0,481.57318115234375,160.32130432128906
34,110,1213.0,12.516900062561035,459.7386779785156
34,111,1188.0,134.32408142089844,501.266845703125
34,112,0.0,0.0,0.0
34,113,424.0,504.73583984375,224.99057006835935
34,114,658.0,13.913373947143556,207.060791015625
34,115,507.0,80.45956420898438,485.2603454589844
34,116,0.0,0.0,0.0
34,117,0.0,0.0,0.0
34,118,0.0,0.0,0.0
34,119,0.0,0.0,0.0
34,120,0.0,0.0,0.0
35,0,0.0,0.0,0.0
35,1,0.0,0.0,0.0
35,2,0.0,0.0,0.0
35,3,0.0,0.0,0.0
35,4,0.0,0.0,0.0
35,5,0.0,0.0,0.0
35,6,0.0,0.0,0.0
35,7,0.0,0.0,0.0
35,8,0.0,0.0,0.0
35,9,0.0,0.0,0.0
35,10,0.0,0.0,0.0
35,11,792.0,265.75885009765625,44.22853469848633
35,12,0.0,0.0,0.0
35,13,1506.0,434.90240478515625,11.884462356567385
35,14,0.0,0.0,0.0
35,15,1098.0,351.60382080078125,30.65391540527344
35,16,1413.0,382.629150390625,13.186128616333008
35,17,2934.0,20.442058563232425,93.9734115600586
35,18,5036.0,40.1270866394043,31.751192092895508
35,19,4838.0,485.7151794433594,45.80260467529297
35,20,5469.0,429.96728515625,76.43956756591797
35,21,4106.0,170.85995483398438,20.131515502929688
35,22,946.0,340.6405944824219,66.50422668457031
35,23,3509.0,105.85009765625,45.8697624206543
35,24,880.0,315.8579406738281,47.47840881347656
35,25,0.0,0.0,0.0
35,26,0.0,0.0,0.0
35,27,1263.0,60.78939056396485,87.72129821777344
35,28,7981.0,195.4266357421875,81.81280517578125
35,29,5245.0,386.6493835449219,133.76014709472656
35,30,1581.0,253.60784912109372,144.10499572753906
35,31,10897.0,302.1747131347656,111.56217193603516
35,32,815.0,47.69202423095703,140.4196319580078
35,33,648.0,464.870361328125,108.14968872070312
35,34,741.0,437.2739562988281,140.57354736328125
35,35,9607.0,119.50817108154295,124.24679565429688
35,36,706.0,431.0198364257813,178.06515502929688
35,37,1038.0,314.1435546875,179.8843994140625
35,38,1351.0,84.31236267089844,171.7631378173828
35,39,1218.0,442.9507446289063,210.00738525390625
35,40,773.0,482.363525390625,226.17335510253903
35,41,2786.0,48.992820739746094,197.8715057373047
35,42,3314.0,159.80596923828125,182.2257080078125
35,43,1904.0,266.3602905273437,175.63497924804688
35,44,0.0,0.0,0.0
35,45,1563.0,115.63531494140624,209.39219665527344
35,46,902.0,44.93015670776367,259.66851806640625
35,47,5715.0,417.3296508789063,254.0017547607422
35,48,10241.0,312.29498291015625,240.88975524902344
35,49,3444.0,211.1797332763672,231.42160034179688
35,50,986.0,87.88945007324219,283.7200927734375
35,51,3716.0,133.74220275878906,263.7015686035156
35,52,2116.0,331.86248779296875,299.14556884765625
35,53,990.0,374.9949645996094,294.8818054199219
35,54,5898.0,202.1239471435547,288.2097473144531
35,55,4759.0,207.74974060058597,186.923095703125
35,56,499.0,298.3306579589844,324.9779663085937
35,57,2527.0,435.3660583496094,300.5085144042969
35,58,873.0,165.31385803222656,330.66552734375
35,59,4726.0,252.79666137695312,319.5717163085937
35,60,1820.0,394.2906494140625,340.552734375
35,61,4823.0,31.97366714477539,307.47686767578125
35,62,4923.0,113.0387954711914,325.50518798828125
35,63,2092.0,455.5105285644531,422.1654052734375
35,64,1810.0,354.4187927246094,329.81988525390625
35,65,966.0,410.3529968261719,374.6087036132813
35,66,6762.0,70.69165802001953,376.3910217285156
35,67,429.0,244.1794891357422,387.4358825683594
35,68,3207.0,449.1390686035156,350.1506042480469
35,69,1346.0,156.89524841308594,368.2971801757813
35,70,3952.0,203.76011657714844,376.2876892089844
35,71,904.0,10.550885200500488,372.9712524414063
35,72,1915.0,440.1566467285156,396.0276794433594
35,73,4672.0,334.1342163085937,367.1048889160156
35,74,914.0,393.74945068359375,393.852294921875
35,75,693.0,484.8701171875,392.32611083984375
35,76,1113.0,126.4483413696289,404.4896545410156
35,77,1659.0,165.56480407714844,408.4412231445313
35,78,1038.0,220.54913330078125,416.7832336425781
35,79,5443.0,290.02020263671875,410.599853515625
35,80,5594.0,372.99945068359375,436.5285949707031
35,81,5339.0,353.5439147949219,487.0841064453125
35,82,2012.0,25.614315032958984,417.3364868164063
35,83,1177.0,461.4179992675781,478.1835021972656
35,84,957.0,179.96551513671875,443.3364562988281
35,85,7335.0,99.92311096191406,450.6991271972656
35,86,4607.0,278.5819396972656,16.65639305114746
35,87,2189.0,500.1224365234375,360.4138793945313
35,88,2223.0,482.61224365234375,304.8951721191406
35,89,1612.0,171.75123596191406,471.87841796875
35,90,704.0,432.2130737304688,455.7414855957031
35,91,7492.0,248.87786865234372,469.2736206054688
35,92,2425.0,379.29400634765625,55.23381423950195
35,93,1946.0,489.3114013671875,259.5200500488281
35,94,2876.0,386.08831787109375,196.25173950195312
35,95,0.0,0.0,0.0
35,96,1164.0,267.1872863769531,359.7225036621094
35,97,1290.0,427.7209167480469,493.8341064453125
35,98,653.0,460.4288024902344,503.2511596679688
35,99,2714.0,486.3883666992188,447.7638244628906
35,100,862.0,16.373550415039062,499.1055603027344
35,101,3260.0,79.89540100097656,234.8662567138672
35,102,1318.0,194.6062164306641,501.0713195800781
35,103,0.0,0.0,0.0
35,104,2461.0,16.63226318359375,160.6680145263672
35,105,1335.0,10.782771110534668,248.3925018310547
35,106,1051.0,498.4709777832031,493.0456848144531
35,107,1286.0,67.77838134765625,501.3841247558594
35,108,0.0,0.0,0.0
35,109,6756.0,481.4150390625,159.0747528076172
35,110,1303.0,12.151189804077148,457.7613220214844
35,111,1412.0,134.9178466796875,499.4943237304688
35,112,1066.0,39.52251434326172,479.1585388183594
35,113,374.0,505.4839477539063,225.18983459472656
35,114,805.0,18.15900611877441,213.1080780029297
35,115,431.0,81.2691421508789,487.1253051757813
35,116,284.0,92.1549301147461,4.098591327667236
35,117,0.0,0.0,0.0
35,118,0.0,0.0,0.0
35,119,0.0,0.0,0.0
35,120,0.0,0.0,0.0
36,0,0.0,0.0,0.0
36,1,0.0,0.0,0.0
36,2,0.0,0.0,0.0
36,3,0.0,0.0,0.0
36,4,0.0,0.0,0.0
36,5,0.0,0.0,0.0
36,6,0.0,0.0,0.0
36,7,0.0,0.0,0.0
36,8,0.0,0.0,0.0
36,9,0.0,0.0,0.0
36,10,0.0,0.0,0.0
36,11,1067.0,268.8509826660156,42.64292526245117
36,12,0.0,0.0,0.0
36,13,1630.0,431.9705505371094,10.21104335784912
36,14,0.0,0.0,0.0
36,15,1119.0,351.86773681640625,30.53351211547852
36,16,952.0,377.14599609375,11.134453773498535
36,17,3144.0,20.483142852783203,93.66252899169922
36,18,5210.0,42.38426208496094,32.01401138305664
36,19,4930.0,484.5284118652344,46.28073120117188
36,20,5142.0,426.8228454589844,70.75768280029297
36,21,4238.0,167.06417846679688,20.77159118652344
36,22,976.0,343.7991943359375,66.76536560058594
36,23,2768.0,107.30094146728516,45.783599853515625
36,24,1134.0,318.7442626953125,41.07143020629883
36,25,0.0,0.0,0.0
36,26,0.0,0.0,0.0
36,27,1364.0,63.01612854003906,86.70600891113281
36,28,7785.0,199.65792846679688,82.75465393066406
36,29,5381.0,386.767333984375,133.49061584472656
36,30,1405.0,257.9060363769531,143.99288940429688
36,31,10633.0,303.8200988769531,109.0075225830078
36,32,853.0,50.13950729370117,141.99061584472656
36,33,833.0,459.4069519042969,106.1884765625
36,34,697.0,434.34576416015625,140.87661743164062
36,35,9274.0,118.11267852783205,119.35863494873048
36,36,554.0,432.6444091796875,177.40252685546875
36,37,1140.0,315.1894836425781,176.6763153076172
36,38,1329.0,85.22874450683594,172.41685485839844
36,39,1061.0,449.6682434082031,210.23468017578125
36,40,880.0,487.8340759277344,234.592041015625
36,41,2191.0,51.423095703125,188.04153442382807
36,42,4097.0,161.8347625732422,174.60458374023438
36,43,2027.0,266.06463623046875,175.27035522460938
36,44,0.0,0.0,0.0
36,45,1351.0,123.279052734375,210.49815368652344
36,46,1069.0,45.35734176635742,261.81103515625
36,47,5689.0,415.4983215332031,248.39146423339844
36,48,10383.0,314.6968078613281,238.7850341796875
36,49,3501.0,212.6083984375,231.94972229003903
36,50,962.0,90.9677734375,284.8087463378906
36,51,2853.0,140.16297912597656,264.5282287597656
36,52,1750.0,328.08856201171875,297.3902893066406
36,53,1182.0,376.25634765625,298.16326904296875
36,54,5544.0,201.3416290283203,287.8535461425781
36,55,4729.0,207.50180053710935,187.8703765869141
36,56,797.0,295.4993591308594,331.2559509277344
36,57,2922.0,435.7166442871094,294.7484741210937
36,58,894.0,165.0436248779297,330.6118469238281
36,59,5218.0,252.68435668945312,318.33135986328125
36,60,1748.0,394.0394592285156,342.0777893066406
36,61,4712.0,31.693124771118164,308.65704345703125
36,62,5032.0,114.03874969482422,324.40301513671875
36,63,1852.0,458.5685729980469,424.2078857421875
36,64,1993.0,351.1826477050781,325.44305419921875
36,65,1026.0,411.2982482910156,375.6725158691406
36,66,6719.0,71.7106704711914,376.0375061035156
36,67,401.0,245.83042907714844,385.6334228515625
36,68,3903.0,451.4078979492188,344.8698425292969
36,69,1326.0,158.4110107421875,366.9698486328125
36,70,3458.0,206.0023193359375,373.6396789550781
36,71,624.0,11.644230842590332,366.161865234375
36,72,2026.0,443.3272399902344,398.72705078125
36,73,3539.0,343.7513427734375,367.7784729003906
36,74,973.0,396.7235412597656,395.4295959472656
36,75,779.0,484.9293823242188,389.1039733886719
36,76,1388.0,127.8883285522461,403.9920654296875
36,77,1672.0,173.24581909179688,404.4617309570313
36,78,997.0,222.3370056152344,414.8074340820313
36,79,6758.0,293.5760498046875,405.0846252441406
36,80,4510.0,375.666748046875,431.4871520996094
36,81,6196.0,354.51953125,483.0219421386719
36,82,2316.0,22.51122665405273,412.6835021972656
36,83,1455.0,466.6398620605469,482.3484497070313
36,84,938.0,172.7857208251953,436.7825012207031
36,85,6985.0,99.91138458251952,449.6619873046875
36,86,4187.0,275.0043029785156,14.91378116607666
36,87,2146.0,499.6999206542969,358.5848083496094
36,88,1643.0,485.5124816894531,298.49481201171875
36,89,1759.0,171.44683837890625,469.766357421875
36,90,716.0,432.1089477539063,454.6005554199219
36,91,7618.0,246.81570434570312,467.9661254882813
36,92,2108.0,379.941162109375,52.41888046264648
36,93,1602.0,489.6086120605469,262.5848999023437
36,94,2527.0,388.760986328125,193.5595550537109
36,95,0.0,0.0,0.0
36,96,870.0,265.90576171875,361.27239990234375
36,97,1423.0,425.9458923339844,493.0723876953125
36,98,607.0,458.359130859375,503.1037902832031
36,99,2727.0,486.9409484863281,448.5269470214844
36,100,555.0,16.421621322631836,503.6936950683594
36,101,4331.0,85.7340087890625,236.03024291992188
36,102,1362.0,195.58590698242188,500.9743041992188
36,103,0.0,0.0,0.0
36,104,2432.0,16.49876594543457,162.0941619873047
36,105,1311.0,10.373760223388672,249.17086791992188
36,106,764.0,502.0890197753906,493.0562744140625
36,107,1360.0,70.37205505371094,501.6389770507813
36,108,0.0,0.0,0.0
36,109,7145.0,480.271240234375,157.2645263671875
36,110,1322.0,11.652798652648926,458.2791137695313
36,111,1414.0,136.94908142089844,498.78216552734375
36,112,1485.0,36.24713897705078,480.60943603515625
36,113,430.0,505.38372802734375,223.21627807617188
36,114,1430.0,28.0461540222168,220.6783142089844
36,115,526.0,84.6920166015625,485.9885864257813
36,116,360.0,94.68055725097656,5.811110973358154
36,117,0.0,0.0,0.0
36,118,0.0,0.0,0.0
36,119,0.0,0.0,0.0
36,120,0.0,0.0,0.0
37,0,0.0,0.0,0.0
37,1,0.0,0.0,0.0
37,2,0.0,0.0,0.0
37,3,0.0,0.0,0.0
37,4,0.0,0.0,0.0
37,5,0.0,0.0,0.0
37,6,0.0,0.0,0.0
37,7,0.0,0.0,0.0
37,8,0.0,0.0,0.0
37,9,0.0,0.0,0.0
37,10,0.0,0.0,0.0
37,11,870.0,268.7448425292969,40.818389892578125
37,12,0.0,0.0,0.0
37,13,1707.0,429.1253662109375,10.91329860687256
37,14,0.0,0.0,0.0
37,15,1060.0,350.9622497558594,29.752830505371094
37,16,1103.0,378.5077209472656,14.514052391052246
37,17,3466.0,21.43739128112793,94.1644515991211
37,18,4871.0,41.112091064453125,30.71566390991211
37,19,5217.0,482.7525329589844,46.12095260620117
37,20,4806.0,425.2174377441406,71.96961975097656
37,21,4720.0,164.50572204589844,21.180932998657227
37,22,551.0,340.3956298828125,65.5045394897461
37,23,2407.0,101.63273620605467,46.15413284301758
37,24,1572.0,316.30279541015625,40.09287643432617
37,25,0.0,0.0,0.0
37,26,0.0,0.0,0.0
37,27,1149.0,61.84856414794922,86.27415466308594
37,28,7811.0,201.9468688964844,82.59684753417969
37,29,4758.0,388.3377380371094,129.1399688720703
37,30,1486.0,265.6500549316406,142.74159240722656
37,31,10154.0,306.0480651855469,104.97853088378906
37,32,885.0,51.92316436767578,137.3367156982422
37,33,755.0,457.4092712402344,105.9629135131836
37,34,755.0,433.99072265625,140.25563049316406
37,35,9009.0,120.65445709228516,113.80774688720705
37,36,631.0,431.3518371582031,174.02377319335938
37,37,1622.0,332.42108154296875,173.4069061279297
37,38,1549.0,88.46481323242188,167.26275634765625
37,39,994.0,455.1639709472656,213.17404174804688
37,40,816.0,489.6152038574219,234.2745056152344
37,41,2248.0,52.161922454833984,182.92481994628903
37,42,4396.0,159.11032104492188,178.0277557373047
37,43,2495.0,266.5234375,172.8957977294922
37,44,0.0,0.0,0.0
37,45,1140.0,115.5,202.3035125732422
37,46,944.0,44.65995788574219,260.4872741699219
37,47,5039.0,413.0597229003906,241.17999267578125
37,48,10388.0,314.93414306640625,238.1101226806641
37,49,3453.0,210.9371490478516,233.483642578125
37,50,758.0,94.2849578857422,284.1279602050781
37,51,2048.0,147.32373046875,269.89501953125
37,52,1607.0,328.8475341796875,299.2308654785156
37,53,1182.0,377.219970703125,293.93316650390625
37,54,5077.0,200.87808227539065,287.5714111328125
37,55,4946.0,208.95834350585935,187.1993560791016
37,56,686.0,302.0947570800781,329.8789978027344
37,57,3738.0,434.5813293457031,287.1594543457031
37,58,1017.0,167.2743377685547,329.4316711425781
37,59,5835.0,253.31088256835935,317.0274353027344
37,60,1518.0,395.5210876464844,343.0494079589844
37,61,4842.0,34.151798248291016,306.81805419921875
37,62,4693.0,115.4760284423828,323.2314147949219
37,63,1961.0,463.3029174804688,426.2075500488281
37,64,2139.0,356.00701904296875,325.912109375
37,65,1232.0,413.9220886230469,377.0527648925781
37,66,6743.0,73.11137390136719,374.0384216308594
37,67,480.0,246.33541870117188,383.29791259765625
37,68,4185.0,451.3276062011719,344.3916320800781
37,69,1272.0,155.99371337890625,367.900146484375
37,70,3362.0,205.8331298828125,374.0443115234375
37,71,740.0,12.352703094482422,363.0419006347656
37,72,1980.0,450.0969848632813,399.0939331054688
37,73,2196.0,350.5309753417969,359.8037414550781
37,74,1003.0,403.1924133300781,400.3130493164063
37,75,853.0,492.2696228027344,390.10198974609375
37,76,1519.0,123.8637237548828,404.9552307128906
37,77,1843.0,172.65707397460938,402.8128051757813
37,78,1174.0,219.32879638671875,416.9659423828125
37,79,8288.0,302.1687927246094,403.31732177734375
37,80,5184.0,379.2507629394531,435.8825378417969
37,81,5663.0,351.0022888183594,485.91259765625
37,82,2020.0,17.5628719329834,407.5505065917969
37,83,1356.0,470.8075256347656,486.9070739746094
37,84,880.0,176.42955017089844,438.588623046875
37,85,7856.0,99.96028137207033,448.8650817871094
37,86,3748.0,273.78387451171875,13.756402969360352
37,87,1643.0,500.4546508789063,354.53924560546875
37,88,1544.0,485.1910705566406,302.4294128417969
37,89,1195.0,177.1179962158203,471.3782348632813
37,90,677.0,434.5539245605469,452.8552551269531
37,91,6998.0,247.5990295410156,468.2807922363281
37,92,2041.0,376.1141662597656,54.26653671264648
37,93,1679.0,489.1614074707031,267.03155517578125
37,94,2439.0,389.9114379882813,192.57113647460935
37,95,0.0,0.0,0.0
37,96,1091.0,274.8056945800781,356.8121032714844
37,97,1708.0,430.4718933105469,491.7769470214844
37,98,337.0,455.7566833496094,505.3056335449219
37,99,2474.0,488.6924133300781,450.864990234375
37,100,616.0,16.345779418945312,502.7954406738281
37,101,5503.0,92.83300018310548,238.9262237548828
37,102,1552.0,198.9864654541016,500.0032348632813
37,103,0.0,0.0,0.0
37,104,2778.0,15.94780445098877,171.24478149414062
37,105,1183.0,10.073541641235352,252.73541259765625
37,106,702.0,501.8675231933594,494.3376159667969
37,107,1337.0,68.27300262451172,501.4801940917969
37,108,0.0,0.0,0.0
37,109,7162.0,480.4293518066406,155.81192016601562
37,110,1202.0,10.930948257446287,459.4725341796875
37,111,1596.0,136.0093994140625,498.3389587402344
37,112,1366.0,35.7240104675293,479.505126953125
37,113,582.0,505.7336730957031,228.8488006591797
37,114,1268.0,33.465301513671875,225.49290466308597
37,115,658.0,83.196044921875,485.0562438964844
37,116,362.0,92.13536071777344,5.720994472503662
37,117,0.0,0.0,0.0
37,118,0.0,0.0,0.0
37,119,0.0,0.0,0.0
37,120,0.0,0.0,0.0
38,0,0.0,0.0,0.0
38,1,0.0,0.0,0.0
38,2,0.0,0.0,0.0
38,3,0.0,0.0,0.0
38,4,0.0,0.0,0.0
38,5,0.0,0.0,0.0
38,6,0.0,0.0,0.0
38,7,0.0,0.0,0.0
38,8,0.0,0.0,0.0
38,9,0.0,0.0,0.0
38,10,0.0,0.0,0.0
38,11,742.0,264.0754699707031,38.51886749267578
38,12,0.0,0.0,0.0
38,13,1755.0,430.1749267578125,11.29002857208252
38,14,0.0,0.0,0.0
38,15,1222.0,353.45172119140625,29.96072006225586
38,16,989.0,377.4327697753906,12.534883499145508
38,17,3616.0,23.116703033447266,94.15459442138672
38,18,5007.0,41.53485107421875,31.29838180541992
38,19,5380.0,482.0076293945313,47.11970138549805
38,20,4279.0,424.8455200195313,76.11685180664062
38,21,5817.0,176.84957885742188,20.003782272338867
38,22,728.0,341.7554931640625,67.09203338623047
38,23,2232.0,100.78494262695312,45.41353225708008
38,24,1393.0,320.0423583984375,39.19310760498047
38,25,0.0,0.0,0.0
38,26,0.0,0.0,0.0
38,27,767.0,62.79530715942383,87.22816467285156
38,28,7431.0,202.35943603515625,82.28771209716797
38,29,4000.0,388.8185119628906,131.17300415039062
38,30,1556.0,262.72686767578125,140.74163818359375
38,31,10190.0,306.5258178710937,104.79882049560548
38,32,903.0,53.59246826171875,138.0553741455078
38,33,718.0,452.6476440429688,108.12395477294922
38,34,824.0,432.2330017089844,144.1783905029297
38,35,9370.0,121.17139434814452,112.0490951538086
38,36,635.0,430.0598449707031,175.51495361328125
38,37,1624.0,332.5147705078125,172.80726623535156
38,38,1501.0,86.90872955322266,166.06861877441406
38,39,1078.0,453.1456298828125,212.35992431640625
38,40,822.0,488.2043762207031,231.6885681152344
38,41,1730.0,56.1768798828125,183.40635681152344
38,42,4391.0,164.00250244140625,171.5142364501953
38,43,2648.0,267.8145751953125,173.06570434570312
38,44,0.0,0.0,0.0
38,45,1613.0,128.1233673095703,209.1680145263672
38,46,1052.0,44.941062927246094,261.9306030273437
38,47,4461.0,410.8890380859375,235.2772979736328
38,48,9946.0,312.9301147460937,238.0794219970703
38,49,3722.0,211.376953125,231.6679229736328
38,50,727.0,95.44841766357422,284.5722045898437
38,51,1417.0,153.89202880859375,271.01129150390625
38,52,1090.0,335.4403686523437,294.4981689453125
38,53,1098.0,376.5746765136719,289.4307861328125
38,54,4822.0,201.3674774169922,286.6596984863281
38,55,4092.0,212.25978088378903,187.1292724609375
38,56,728.0,309.04669189453125,325.1895751953125
38,57,4529.0,430.3927917480469,283.8787841796875
38,58,887.0,168.6730499267578,323.76324462890625
38,59,6086.0,255.36839294433597,315.48834228515625
38,60,1456.0,395.8358459472656,341.1133117675781
38,61,4883.0,35.16547393798828,307.3143615722656
38,62,4489.0,120.00624084472656,322.063720703125
38,63,2120.0,456.0311279296875,426.8132019042969
38,64,2470.0,356.21295166015625,324.0712585449219
38,65,1136.0,417.31689453125,373.9480590820313
38,66,6759.0,75.95236206054688,370.33392333984375
38,67,488.0,244.375,383.6516418457031
38,68,4754.0,457.3060607910156,344.033447265625
38,69,1936.0,168.29493713378906,362.7908020019531
38,70,2075.0,212.87228393554688,371.56048583984375
38,71,746.0,12.655495643615724,364.4396667480469
38,72,2535.0,458.88519287109375,395.2591857910156
38,73,1940.0,353.4793701171875,361.1829833984375
38,74,1075.0,400.2725524902344,395.1097717285156
38,75,698.0,504.2521362304688,395.8438415527344
38,76,1622.0,124.67139434814452,403.9901428222656
38,77,2019.0,175.327392578125,399.671630859375
38,78,1680.0,216.09405517578125,416.5351257324219
38,79,8742.0,303.2838134765625,402.6467590332031
38,80,3920.0,380.1566467285156,429.545654296875
38,81,6561.0,353.8791198730469,481.9207458496094
38,82,1879.0,17.3682804107666,403.5343322753906
38,83,1301.0,470.3651123046875,485.0891723632813
38,84,986.0,179.76165771484375,438.8955383300781
38,85,7114.0,90.92845153808594,442.5851745605469
38,86,2968.0,290.7820129394531,17.419811248779297
38,87,786.0,504.343505859375,340.9465637207031
38,88,1733.0,486.6214599609375,299.0363464355469
38,89,1689.0,185.96743774414065,470.015380859375
38,90,934.0,437.7879943847656,455.9496765136719
38,91,6137.0,252.9247131347656,468.7317810058594
38,92,2561.0,381.9754028320313,53.3377571105957
38,93,1396.0,488.8560180664063,263.7263488769531
38,94,2490.0,388.2080383300781,190.92449951171875
38,95,0.0,0.0,0.0
38,96,1278.0,276.0093994140625,353.51641845703125
38,97,1757.0,428.2396240234375,491.52191162109375
38,98,402.0,454.6492614746094,505.44775390625
38,99,2171.0,490.5301818847656,450.6941528320313
38,100,526.0,13.271862983703612,502.4049377441406
38,101,6178.0,97.80511474609376,239.4634246826172
38,102,1650.0,198.9206085205078,499.7909240722656
38,103,0.0,0.0,0.0
38,104,3266.0,18.643600463867188,171.1417694091797
38,105,1048.0,9.312023162841797,255.87786865234372
38,106,847.0,502.6587829589844,489.6623229980469
38,107,1604.0,65.5455093383789,500.8485107421875
38,108,0.0,0.0,0.0
38,109,7188.0,479.9158325195313,153.97091674804688
38,110,1189.0,10.486964225769045,458.5079956054688
38,111,2733.0,136.705810546875,487.4130859375
38,112,1445.0,38.4179916381836,478.2505187988281
38,113,668.0,505.3892211914063,227.68862915039065
38,114,1555.0,32.5633430480957,227.2598114013672
38,115,573.0,87.71029663085938,485.5724182128906
38,116,370.0,91.35134887695312,6.467567443847656
38,117,0.0,0.0,0.0
38,118,0.0,0.0,0.0
38,119,0.0,0.0,0.0
38,120,0.0,0.0,0.0
39,0,0.0,0.0,0.0
39,1,0.0,0.0,0.0
39,2,0.0,0.0,0.0
39,3,0.0,0.0,0.0
39,4,0.0,0.0,0.0
39,5,0.0,0.0,0.0
39,6,0.0,0.0,0.0
39,7,0.0,0.0,0.0
39,8,0.0,0.0,0.0
39,9,0.0,0.0,0.0
39,10,0.0,0.0,0.0
39,11,1175.0,268.07489013671875,37.11063766479492
39,12,0.0,0.0,0.0
39,13,1808.0,428.3484497070313,11.667588233947754
39,14,0.0,0.0,0.0
39,15,1101.0,347.7874755859375,32.27701950073242
39,16,1005.0,372.0646667480469,12.618905067443848
39,17,3537.0,22.171613693237305,94.28752899169922
39,18,4982.0,41.70614242553711,31.082496643066406
39,19,5749.0,480.9589538574219,48.5976676940918
39,20,3765.0,424.4565734863281,78.8260269165039
39,21,5707.0,174.20098876953125,20.798843383789062
39,22,520.0,343.74615478515625,66.74423217773438
39,23,2369.0,102.29928588867188,45.33516311645508
39,24,1376.0,321.2899780273437,35.421512603759766
39,25,0.0,0.0,0.0
39,26,0.0,0.0,0.0
39,27,1071.0,62.33706665039063,89.42203521728516
39,28,6870.0,202.99359130859372,82.81397247314453
39,29,3748.0,388.7409362792969,127.56884002685548
39,30,1592.0,265.8178405761719,139.1570281982422
39,31,10066.0,305.1231994628906,100.12090301513672
39,32,892.0,52.7006721496582,137.9170379638672
39,33,860.0,452.6802368164063,109.74534606933594
39,34,832.0,431.2331848144531,145.47596740722656
39,35,8306.0,118.87779998779295,109.13761138916016
39,36,711.0,428.1251831054688,176.08157348632812
39,37,2051.0,339.6479797363281,168.165283203125
39,38,1895.0,90.696044921875,165.0353546142578
39,39,1090.0,457.9697265625,217.21926879882807
39,40,618.0,486.1569519042969,231.21359252929688
39,41,1512.0,58.3862419128418,180.8015899658203
39,42,4179.0,169.8334503173828,158.93324279785156
39,43,3094.0,269.02618408203125,172.61602783203125
39,44,0.0,0.0,0.0
39,45,2125.0,136.3755340576172,207.02117919921875
39,46,1019.0,42.87635040283203,261.3739013671875
39,47,4015.0,408.8361206054688,232.51954650878903
39,48,9044.0,314.5255432128906,235.4839630126953
39,49,3755.0,212.6537933349609,231.2577972412109
39,50,602.0,87.754150390625,282.8421936035156
39,51,1454.0,155.85763549804688,271.28955078125
39,52,1033.0,326.47821044921875,293.60406494140625
39,53,1456.0,374.7445068359375,289.3990478515625
39,54,4363.0,200.6717834472656,285.98211669921875
39,55,4156.0,210.78970336914065,185.53128051757807
39,56,889.0,313.50506591796875,333.97637939453125
39,57,4868.0,430.63763427734375,279.5907897949219
39,58,933.0,166.41799926757812,320.5498352050781
39,59,6881.0,254.0614776611328,312.0909729003906
39,60,1417.0,395.2463073730469,340.4650573730469
39,61,4735.0,35.32481384277344,306.85809326171875
39,62,3960.0,120.30050659179688,319.3050537109375
39,63,2774.0,465.4397888183594,429.1809692382813
39,64,2689.0,352.2060241699219,321.57196044921875
39,65,1210.0,416.6165161132813,373.12396240234375
39,66,7137.0,78.2614517211914,367.5520629882813
39,67,633.0,242.9352264404297,383.8025207519531
39,68,5319.0,458.7662963867188,341.4974670410156
39,69,2023.0,168.53732299804688,360.35986328125
39,70,1709.0,211.8045654296875,368.5301208496094
39,71,661.0,12.568835258483888,359.4765625
39,72,2869.0,457.7574157714844,396.614501953125
39,73,947.0,359.6103515625,357.4435119628906
39,74,1048.0,395.1078186035156,390.0419921875
39,75,635.0,506.8440856933594,389.1952819824219
39,76,1417.0,124.53211212158205,402.935791015625
39,77,2285.0,176.75448608398438,398.4761352539063
39,78,1867.0,215.6143493652344,417.7734375
39,79,9877.0,308.8927917480469,402.301513671875
39,80,3201.0,389.8484802246094,427.7460021972656
39,81,6981.0,354.2094116210937,480.1011352539063
39,82,2027.0,17.592500686645508,399.6783447265625
39,83,844.0,468.4443054199219,485.8554382324219
39,84,1148.0,170.86236572265625,435.8345031738281
39,85,5832.0,76.6911849975586,439.4043273925781
39,86,2474.0,286.3492431640625,13.59054183959961
39,87,529.0,505.2211608886719,331.1682434082031
39,88,1507.0,488.840087890625,295.23223876953125
39,89,1304.0,186.0030670166016,469.081298828125
39,90,863.0,439.8690490722656,461.7775268554688
39,91,6187.0,251.51608276367188,469.0672302246094
39,92,2973.0,384.9327392578125,50.60746765136719
39,93,1130.0,489.1584167480469,263.219482421875
39,94,2542.0,387.23248291015625,191.01927185058597
39,95,0.0,0.0,0.0
39,96,1259.0,276.04608154296875,352.5528259277344
39,97,1675.0,427.0967102050781,492.8370056152344
39,98,476.0,458.149169921875,505.2542114257813
39,99,1734.0,490.5415344238281,457.9296569824219
39,100,538.0,15.076208114624023,503.3810424804688
39,101,6552.0,99.79669952392578,239.3621826171875
39,102,1713.0,198.2732086181641,499.2498474121094
39,103,0.0,0.0,0.0
39,104,3373.0,19.237770080566406,173.31900024414062
39,105,832.0,7.980769157409668,261.24517822265625
39,106,992.0,500.5494079589844,491.0685424804688
39,107,1814.0,65.48566436767578,499.5281066894531
39,108,0.0,0.0,0.0
39,109,6998.0,479.5227355957031,155.37925720214844
39,110,1151.0,10.003475189208984,460.667236328125
39,111,4041.0,139.163818359375,475.25439453125
39,112,1313.0,39.145469665527344,476.312255859375
39,113,914.0,504.1389465332031,230.36651611328125
39,114,1889.0,31.338274002075195,228.49496459960935
39,115,684.0,88.07164001464844,484.6871337890625
39,116,368.0,92.91576385498048,5.11141300201416
39,117,0.0,0.0,0.0
39,118,0.0,0.0,0.0
39,119,0.0,0.0,0.0
39,120,0.0,0.0,0.0
40,0,0.0,0.0,0.0
40,1,0.0,0.0,0.0
40,2,0.0,0.0,0.0
40,3,0.0,0.0,0.0
40,4,0.0,0.0,0.0
40,5,0.0,0.0,0.0
40,6,0.0,0.0,0.0
40,7,0.0,0.0,0.0
40,8,0.0,0.0,0.0
40,9,0.0,0.0,0.0
40,10,0.0,0.0,0.0
40,11,1582.0,264.1181945800781,34.41276931762695
40,12,0.0,0.0,0.0
40,13,1944.0,429.7242736816406,12.30349826812744
40,14,0.0,0.0,0.0
40,15,963.0,348.9460144042969,27.035306930541992
40,16,1081.0,375.8825073242188,13.61794662475586
40,17,3531.0,22.28915405273437,93.73548889160156
40,18,4999.0,41.582916259765625,31.09541893005371
40,19,5803.0,480.7175598144531,49.76839447021485
40,20,3809.0,423.9611511230469,78.27408599853516
40,21,5818.0,175.36610412597656,22.018047332763672
40,22,772.0,348.669677734375,64.83678436279297
40,23,2313.0,104.70038604736328,44.025508880615234
40,24,1379.0,321.9782409667969,41.25670623779297
40,25,0.0,0.0,0.0
40,26,0.0,0.0,0.0
40,27,1283.0,62.96414566040039,97.57131958007812
40,28,6227.0,204.28216552734372,82.51004028320312
40,29,3356.0,389.1302185058594,125.79559326171876
40,30,1676.0,279.5602722167969,138.00418090820312
40,31,9510.0,307.7372131347656,100.22113800048828
40,32,855.0,55.80117034912109,135.776611328125
40,33,745.0,451.46978759765625,111.57047271728516
40,34,1142.0,431.5787963867188,149.50875854492188
40,35,7697.0,119.11289978027344,105.5976333618164
40,36,985.0,426.15228271484375,182.7786865234375
40,37,1791.0,338.5376892089844,169.0558319091797
40,38,1988.0,91.08148956298828,163.75050354003906
40,39,1067.0,460.8631591796875,219.15277099609372
40,40,766.0,487.1553649902344,232.50914001464844
40,41,1503.0,57.868263244628906,179.7704620361328
40,42,5765.0,171.85794067382812,158.78611755371094
40,43,3673.0,267.2945861816406,170.15000915527344
40,44,0.0,0.0,0.0
40,45,1938.0,137.33798217773438,209.7507781982422
40,46,942.0,40.177284240722656,266.2505187988281
40,47,3875.0,408.4730224609375,233.19406127929688
40,48,8305.0,318.0024108886719,232.4013214111328
40,49,3576.0,213.4309234619141,232.5349578857422
40,50,741.0,86.76788330078125,282.2388610839844
40,51,1450.0,159.6199951171875,274.9593200683594
40,52,907.0,328.1841125488281,289.9283447265625
40,53,1405.0,373.2078247070313,289.6405639648437
40,54,3887.0,201.51454162597656,285.5698547363281
40,55,3738.0,214.533447265625,187.63644409179688
40,56,1253.0,316.07501220703125,331.6751708984375
40,57,5172.0,432.245361328125,278.84765625
40,58,1117.0,167.3634796142578,323.7878112792969
40,59,7800.0,256.1076965332031,308.4921875
40,60,1211.0,395.3790283203125,344.9942321777344
40,61,4500.0,36.16155624389648,308.3104553222656
40,62,3338.0,120.83642578125,318.24444580078125
40,63,2540.0,466.4141845703125,431.8492126464844
40,64,2655.0,356.7518005371094,319.8983154296875
40,65,1361.0,421.1770629882813,369.5944213867188
40,66,7754.0,81.72156524658203,365.5608825683594
40,67,634.0,242.27444458007807,384.4794921875
40,68,5022.0,459.7773742675781,340.1163024902344
40,69,1897.0,179.55982971191406,355.58355712890625
40,70,933.0,218.82421875,373.1296997070313
40,71,244.0,5.331967353820801,350.8975524902344
40,72,3257.0,454.5483703613281,398.9290771484375
40,73,875.0,361.5668640136719,356.9462890625
40,74,1023.0,394.2218933105469,388.8338317871094
40,75,861.0,505.6596984863281,387.1207885742188
40,76,1342.0,122.1028289794922,402.7645263671875
40,77,2768.0,178.33128356933594,395.9190673828125
40,78,1908.0,217.73585510253903,416.8773498535156
40,79,9980.0,309.6685485839844,401.6194458007813
40,80,3402.0,393.1893005371094,432.8615417480469
40,81,6828.0,351.7106018066406,479.9204711914063
40,82,2408.0,18.477989196777344,394.9630432128906
40,83,1478.0,459.0947265625,486.07171630859375
40,84,1261.0,180.09278869628906,440.0753479003906
40,85,5828.0,76.4078598022461,437.7095031738281
40,86,2398.0,291.6080017089844,13.24562168121338
40,87,542.0,505.18450927734375,326.97418212890625
40,88,1315.0,490.2030334472656,295.9399108886719
40,89,1416.0,188.91455078125,471.6348876953125
40,90,625.0,439.25439453125,459.4544067382813
40,91,5723.0,254.22854614257807,470.098388671875
40,92,2659.0,383.94921875,52.623165130615234
40,93,858.0,488.19232177734375,265.649169921875
40,94,2489.0,383.6412353515625,189.53636169433597
40,95,0.0,0.0,0.0
40,96,1281.0,276.68853759765625,353.04840087890625
40,97,1562.0,428.5960388183594,498.51409912109375
40,98,0.0,0.0,0.0
40,99,1891.0,489.3770446777344,463.5076599121094
40,100,517.0,12.717601776123049,502.6963195800781
40,101,6914.0,101.69351959228516,240.4668731689453
40,102,1766.0,199.04417419433597,499.6245727539063
40,103,0.0,0.0,0.0
40,104,3403.0,19.06993865966797,172.27357482910156
40,105,665.0,7.024060249328613,265.1278076171875
40,106,801.0,502.8938903808594,490.7091064453125
40,107,2076.0,56.373313903808594,497.6729431152344
40,108,0.0,0.0,0.0
40,109,6799.0,480.3394470214844,154.71392822265625
40,110,1147.0,10.134263038635254,460.33740234375
40,111,4166.0,138.80221557617188,472.8550109863281
40,112,685.0,39.97956085205078,471.9532775878906
40,113,966.0,504.6914978027344,233.98550415039065
40,114,2402.0,31.90133285522461,231.0716094970703
40,115,1225.0,85.58122253417969,483.548583984375
40,116,416.0,93.54326629638672,5.362980842590332
40,117,0.0,0.0,0.0
40,118,0.0,0.0,0.0
40,119,0.0,0.0,0.0
40,120,0.0,0.0,0.0
41,0,0.0,0.0,0.0
41,1,0.0,0.0,0.0
41,2,0.0,0.0,0.0
41,3,0.0,0.0,0.0
41,4,0.0,0.0,0.0
41,5,0.0,0.0,0.0
41,6,0.0,0.0,0.0
41,7,0.0,0.0,0.0
41,8,0.0,0.0,0.0
41,9,0.0,0.0,0.0
41,10,0.0,0.0,0.0
41,11,1541.0,254.67942810058597,26.29785919189453
41,12,0.0,0.0,0.0
41,13,2063.0,430.9176025390625,12.694134712219238
41,14,0.0,0.0,0.0
41,15,781.0,349.7823181152344,25.77208709716797
41,16,1010.0,370.054443359375,11.666337013244627
41,17,3542.0,21.309993743896484,94.7247314453125
41,18,4953.0,41.344032287597656,30.77690315246582
41,19,5922.0,480.619384765625,51.63069915771485
41,20,3033.0,427.5990905761719,85.615234375
41,21,5751.0,173.39471435546875,22.82524871826172
41,22,1141.0,356.6862487792969,76.85977172851562
41,23,1963.0,89.67498779296875,46.25063705444336
41,24,2834.0,312.7409973144531,33.21982955932617
41,25,0.0,0.0,0.0
41,26,0.0,0.0,0.0
41,27,1294.0,60.24034118652344,100.22797393798828
41,28,6247.0,203.8901824951172,80.61245727539062
41,29,2664.0,397.1201171875,137.6981964111328
41,30,1554.0,287.9935607910156,139.57142639160156
41,31,8887.0,305.2831115722656,97.15348052978516
41,32,742.0,53.59434127807617,135.21023559570312
41,33,640.0,452.8624877929688,110.8468780517578
41,34,819.0,434.5213623046875,148.36141967773438
41,35,7871.0,118.64273834228516,103.41049194335938
41,36,1105.0,432.6171875,185.40904235839844
41,37,2323.0,352.2879943847656,163.37796020507812
41,38,2014.0,88.72740936279297,163.76564025878906
41,39,887.0,467.6177978515625,223.14768981933597
41,40,718.0,486.278564453125,227.64205932617188
41,41,961.0,59.88345336914063,177.54006958007812
41,42,5939.0,170.76055908203125,154.55783081054688
41,43,5091.0,271.6436767578125,171.57493591308594
41,44,0.0,0.0,0.0
41,45,1956.0,139.23516845703125,213.3450927734375
41,46,1241.0,41.2763900756836,264.646240234375
41,47,3737.0,412.06341552734375,233.6333923339844
41,48,7781.0,320.8923034667969,233.30972290039065
41,49,3202.0,220.08807373046875,230.82167053222656
41,50,807.0,91.72738647460938,283.3060607910156
41,51,1238.0,158.13247680664062,272.8788452148437
41,52,1221.0,329.53399658203125,287.81817626953125
41,53,838.0,372.3556213378906,287.0131225585937
41,54,3835.0,199.18331909179688,283.9113464355469
41,55,3926.0,204.3255157470703,189.7340850830078
41,56,1570.0,314.8388671875,328.0108337402344
41,57,5085.0,431.3142700195313,278.1687316894531
41,58,942.0,169.49363708496094,321.3492431640625
41,59,7909.0,254.8889923095703,306.081298828125
41,60,945.0,400.5121765136719,345.0857238769531
41,61,4856.0,37.353172302246094,309.9349365234375
41,62,3093.0,123.95311737060548,316.0691833496094
41,63,2449.0,469.2731628417969,430.5055236816406
41,64,2907.0,365.2418212890625,319.701416015625
41,65,1613.0,425.5492858886719,363.7693786621094
41,66,7773.0,83.67194366455078,365.4042053222656
41,67,435.0,243.8551788330078,384.7264404296875
41,68,4637.0,462.5712890625,338.1358642578125
41,69,1895.0,177.20791625976562,352.7699279785156
41,70,1009.0,217.950439453125,370.4013977050781
41,71,0.0,0.0,0.0
41,72,3082.0,451.7112121582031,399.3805847167969
41,73,1024.0,362.6494140625,356.029296875
41,74,1270.0,394.0984191894531,386.5157470703125
41,75,1008.0,503.6736145019531,391.8849182128906
41,76,1532.0,123.90534973144533,405.04437255859375
41,77,3819.0,183.27101135253903,400.4338684082031
41,78,1225.0,230.6065368652344,412.551025390625
41,79,10115.0,308.36212158203125,398.7908020019531
41,80,3528.0,394.4197998046875,433.8585510253906
41,81,7091.0,351.16162109375,478.9538879394531
41,82,2453.0,17.814105987548828,390.6184387207031
41,83,1560.0,455.6455078125,486.650634765625
41,84,1412.0,181.62677001953125,439.8604736328125
41,85,5241.0,67.79946899414062,436.2818298339844
41,86,1114.0,279.9784545898437,10.108617782592772
41,87,629.0,505.23529052734375,331.4197082519531
41,88,1251.0,489.2621765136719,295.9312438964844
41,89,1101.0,190.5522308349609,471.3696594238281
41,90,753.0,444.75299072265625,458.69189453125
41,91,5684.0,254.1454925537109,470.7012634277344
41,92,4095.0,387.7272338867188,55.40024566650391
41,93,1147.0,492.4585876464844,265.6495056152344
41,94,2492.0,389.7199096679688,191.3105926513672
41,95,0.0,0.0,0.0
41,96,1094.0,269.64532470703125,353.767822265625
41,97,1370.0,430.4554748535156,501.30218505859375
41,98,0.0,0.0,0.0
41,99,1572.0,487.6806640625,461.9211120605469
41,100,600.0,11.68000030517578,500.4316711425781
41,101,6922.0,100.54940795898438,238.45347595214844
41,102,1755.0,199.0267791748047,500.27349853515625
41,103,0.0,0.0,0.0
41,104,3588.0,20.41806030273437,175.9222412109375
41,105,510.0,6.778431415557861,271.001953125
41,106,998.0,500.82464599609375,490.2615356445313
41,107,2010.0,58.9348258972168,498.065185546875
41,108,0.0,0.0,0.0
41,109,6512.0,480.5138244628906,154.55482482910156
41,110,963.0,9.8494291305542,460.0290832519531
41,111,4682.0,138.5796661376953,470.6289978027344
41,112,827.0,36.26481246948242,473.2406311035156
41,113,753.0,504.7676086425781,228.3744964599609
41,114,2332.0,30.85848999023437,229.2877349853516
41,115,1407.0,88.25444030761719,482.9260864257813
41,116,431.0,95.43851470947266,5.677494049072266
41,117,2.0,511.0,0.5
41,118,0.0,0.0,0.0
41,119,0.0,0.0,0.0
41,120,0.0,0.0,0.0
42,0,0.0,0.0,0.0
42,1,0.0,0.0,0.0
42,2,0.0,0.0,0.0
42,3,0.0,0.0,0.0
42,4,0.0,0.0,0.0
42,5,0.0,0.0,0.0
42,6,0.0,0.0,0.0
42,7,0.0,0.0,0.0
42,8,0.0,0.0,0.0
42,9,0.0,0.0,0.0
42,10,0.0,0.0,0.0
42,11,2118.0,257.0684509277344,23.125118255615234
42,12,0.0,0.0,0.0
42,13,2057.0,435.44677734375,13.230918884277344
42,14,0.0,0.0,0.0
42,15,896.0,354.3002319335937,15.439732551574709
42,16,463.0,381.5701904296875,7.619870185852051
42,17,3843.0,23.816028594970703,97.2961196899414
42,18,5038.0,40.77213287353516,31.408693313598636
42,19,5948.0,480.4016418457031,54.43829727172852
42,20,2885.0,427.5431518554688,82.62218475341797
42,21,5991.0,176.584716796875,24.901853561401367
42,22,1707.0,369.42529296875,91.60222625732422
42,23,1964.0,89.28207397460938,47.8187370300293
42,24,2934.0,313.0497741699219,34.604976654052734
42,25,0.0,0.0,0.0
42,26,0.0,0.0,0.0
42,27,1219.0,68.70713806152344,96.6603775024414
42,28,5542.0,196.60032653808597,77.5604476928711
42,29,2521.0,397.1170043945313,142.1408233642578
42,30,2039.0,288.4703369140625,141.57479858398438
42,31,7962.0,300.45166015625,95.94536590576172
42,32,943.0,49.63945007324219,134.61399841308594
42,33,696.0,454.3462524414063,110.6925277709961
42,34,1155.0,435.0034484863281,151.4268341064453
42,35,6810.0,123.01483154296876,103.37812042236328
42,36,699.0,440.7267456054688,192.72817993164065
42,37,2470.0,350.3902893066406,157.85667419433594
42,38,2170.0,88.79124450683594,159.8414764404297
42,39,959.0,467.0062561035156,225.06674194335935
42,40,501.0,485.8882141113281,228.77444458007807
42,41,1266.0,57.76461410522461,174.79542541503906
42,42,6670.0,174.5897979736328,151.1397247314453
42,43,5105.0,268.1606140136719,176.42526245117188
42,44,0.0,0.0,0.0
42,45,3523.0,152.4215087890625,218.0647125244141
42,46,1282.0,40.604522705078125,263.86895751953125
42,47,3963.0,415.0292663574219,233.1849670410156
42,48,5735.0,330.6073303222656,227.93060302734372
42,49,2296.0,231.2147216796875,229.4220428466797
42,50,1020.0,91.8490219116211,283.9950866699219
42,51,969.0,155.62847900390625,271.88751220703125
42,52,1028.0,327.20037841796875,287.4776306152344
42,53,1540.0,369.5162353515625,277.5298767089844
42,54,3731.0,194.1900329589844,284.2420349121094
42,55,3291.0,209.2233428955078,189.90701293945312
42,56,1678.0,311.933837890625,326.8981018066406
42,57,4504.0,430.843017578125,281.6119079589844
42,58,912.0,166.98684692382812,318.71270751953125
42,59,9479.0,257.3573303222656,297.1905212402344
42,60,1224.0,396.1977233886719,348.29656982421875
42,61,4670.0,35.79143524169922,309.8385314941406
42,62,3016.0,123.81233215332033,315.1399230957031
42,63,2592.0,471.8861999511719,429.9355773925781
42,64,3018.0,363.4870910644531,318.2156982421875
42,65,1898.0,427.6812438964844,361.8840942382813
42,66,7591.0,83.13226318359375,363.933349609375
42,67,559.0,238.2504425048828,381.8264770507813
42,68,4431.0,464.25433349609375,337.03271484375
42,69,1842.0,175.37242126464844,351.2491760253906
42,70,731.0,213.65252685546875,367.2010803222656
42,71,0.0,0.0,0.0
42,72,3081.0,453.0045471191406,398.9075012207031
42,73,806.0,357.3250732421875,355.879638671875
42,74,1601.0,390.9912414550781,386.7701416015625
42,75,809.0,505.0506896972656,394.9110107421875
42,76,1740.0,124.4235610961914,404.748291015625
42,77,4170.0,185.52110290527344,399.7551574707031
42,78,1052.0,233.18060302734372,409.6083679199219
42,79,10263.0,311.6509704589844,399.8760681152344
42,80,2618.0,406.16845703125,440.269287109375
42,81,7092.0,351.9908447265625,476.86041259765625
42,82,2517.0,18.539928436279297,388.6181945800781
42,83,1110.0,455.9107971191406,482.4513549804688
42,84,1214.0,179.4357452392578,439.0296630859375
42,85,5472.0,66.4164810180664,436.5935668945313
42,86,709.0,291.36669921875,10.091678619384766
42,87,643.0,505.8273620605469,333.3452453613281
42,88,1076.0,488.6449890136719,298.5074462890625
42,89,775.0,196.2283935546875,470.9019470214844
42,90,634.0,443.2649841308594,458.3848571777344
42,91,6299.0,255.41403198242188,470.6620178222656
42,92,4719.0,382.0069885253906,52.64335632324219
42,93,1300.0,491.4915466308594,267.38153076171875
42,94,2878.0,392.0201416015625,189.0173797607422
42,95,0.0,0.0,0.0
42,96,1270.0,269.4566955566406,354.1960754394531
42,97,1710.0,429.4099426269531,498.7912292480469
42,98,0.0,0.0,0.0
42,99,2069.0,487.6457214355469,471.5538940429688
42,100,1073.0,17.169618606567383,496.0
42,101,6269.0,102.48907470703124,238.11900329589844
42,102,1625.0,196.5686187744141,499.9877014160156
42,103,0.0,0.0,0.0
42,104,3202.0,17.851030349731445,180.54090881347656
42,105,332.0,6.882530212402344,275.98193359375
42,106,658.0,503.8844909667969,491.8738708496094
42,107,1911.0,66.59759521484375,498.1611633300781
42,108,0.0,0.0,0.0
42,109,6183.0,481.4271240234375,156.22708129882812
42,110,857.0,9.204200744628906,461.2777099609375
42,111,5208.0,140.69277954101562,470.3016662597656
42,112,466.0,36.22532272338867,470.4377746582031
42,113,981.0,503.98675537109375,230.36085510253903
42,114,2773.0,34.06779479980469,230.36602783203125
42,115,1250.0,83.28800201416016,480.7112121582031
42,116,573.0,97.7870864868164,6.347294807434082
42,117,62.0,504.8709716796875,4.645161151885986
42,118,0.0,0.0,0.0
42,119,0.0,0.0,0.0
42,120,0.0,0.0,0.0
43,0,0.0,0.0,0.0
43,1,0.0,0.0,0.0
43,2,0.0,0.0,0.0
43,3,0.0,0.0,0.0
43,4,0.0,0.0,0.0
43,5,0.0,0.0,0.0
43,6,0.0,0.0,0.0
43,7,0.0,0.0,0.0
43,8,0.0,0.0,0.0
43,9,0.0,0.0,0.0
43,10,0.0,0.0,0.0
43,11,2296.0,257.9507751464844,25.79965209960937
43,12,0.0,0.0,0.0
43,13,2293.0,437.12298583984375,15.442214965820312
43,14,0.0,0.0,0.0
43,15,1633.0,351.3043518066406,31.60563468933105
43,16,509.0,383.0216064453125,6.626718997955322
43,17,3875.0,23.31122589111328,96.92438507080078
43,18,4945.0,40.64004135131836,31.23053550720215
43,19,5315.0,479.7574768066406,59.580997467041016
43,20,2948.0,427.78900146484375,81.63195037841797
43,21,5978.0,178.07745361328125,25.89511489868164
43,22,1811.0,369.27001953125,95.15902709960938
43,23,2415.0,89.24844360351562,51.593788146972656
43,24,3040.0,314.8536071777344,32.38552474975586
43,25,0.0,0.0,0.0
43,26,0.0,0.0,0.0
43,27,1137.0,66.08531188964844,100.3905029296875
43,28,5703.0,197.280029296875,78.62090301513672
43,29,2918.0,393.1398315429688,151.3742218017578
43,30,2389.0,296.3365478515625,146.10716247558594
43,31,8143.0,304.000244140625,98.49932098388672
43,32,1281.0,51.437156677246094,139.69944763183594
43,33,722.0,453.580322265625,112.03462982177734
43,34,1401.0,434.9835815429688,154.24839782714844
43,35,6261.0,124.96310424804688,105.21131134033205
43,36,582.0,444.5,197.1786956787109
43,37,1726.0,359.38934326171875,164.23812866210938
43,38,2694.0,93.30995178222656,160.78025817871094
43,39,842.0,464.1069030761719,223.8800506591797
43,40,470.0,484.3553161621094,227.4361724853516
43,41,855.0,62.54151916503906,181.0994110107422
43,42,6942.0,179.7412872314453,152.58872985839844
43,43,6163.0,273.3309936523437,179.45448303222656
43,44,0.0,0.0,0.0
43,45,3979.0,153.25534057617188,219.1264190673828
43,46,890.0,48.80561828613281,267.5370788574219
43,47,2950.0,408.4942321777344,228.653564453125
43,48,5115.0,334.2930603027344,230.59295654296875
43,49,2180.0,232.7857818603516,229.5642242431641
43,50,1629.0,112.08409881591795,288.2412414550781
43,51,868.0,161.77304077148438,272.3559875488281
43,52,1082.0,328.254150390625,284.6210632324219
43,53,1169.0,384.6894836425781,270.887939453125
43,54,2593.0,195.83416748046875,276.49517822265625
43,55,2408.0,212.25830078125,194.39202880859372
43,56,1872.0,309.9417724609375,326.21368408203125
43,57,4826.0,434.76025390625,275.7159118652344
43,58,1732.0,181.5473480224609,318.4076232910156
43,59,9384.0,258.2772827148437,296.3487854003906
43,60,1337.0,396.5579528808594,348.1376342773437
43,61,5033.0,38.51460266113281,309.7436828613281
43,62,2255.0,127.2048797607422,321.70245361328125
43,63,3286.0,477.58795166015625,425.0066833496094
43,64,3672.0,363.95806884765625,310.0280456542969
43,65,1872.0,427.1794738769531,361.9332275390625
43,66,7421.0,82.7260513305664,363.9361267089844
43,67,1045.0,238.6688995361328,379.8028564453125
43,68,4641.0,463.7319641113281,337.181640625
43,69,1738.0,174.48619079589844,349.9021911621094
43,70,535.0,211.78504943847656,362.0467224121094
43,71,0.0,0.0,0.0
43,72,3146.0,453.8312072753906,397.7482604980469
43,73,789.0,352.2889709472656,350.53485107421875
43,74,1621.0,388.8118591308594,385.2276306152344
43,75,40.0,510.7250061035156,400.8999938964844
43,76,2492.0,126.79253387451172,407.77728271484375
43,77,4549.0,189.31655883789065,398.4546203613281
43,78,1110.0,239.6207275390625,415.4783935546875
43,79,9925.0,312.4335632324219,398.7182922363281
43,80,2606.0,406.2536315917969,439.2843322753906
43,81,7106.0,353.0166015625,475.6224365234375
43,82,2341.0,17.952585220336914,385.7163696289063
43,83,1012.0,456.3666076660156,484.3488159179688
43,84,1418.0,182.8081817626953,440.10296630859375
43,85,5017.0,57.82240295410156,436.6773071289063
43,86,588.0,288.2908020019531,7.479591846466064
43,87,674.0,506.0148315429688,333.9940795898437
43,88,902.0,486.9212951660156,298.9989013671875
43,89,850.0,208.33529663085935,470.50823974609375
43,90,649.0,443.8829040527344,459.4514770507813
43,91,5568.0,261.6366882324219,472.09124755859375
43,92,3867.0,388.982666015625,55.99431228637695
43,93,1442.0,490.82037353515625,268.0589599609375
43,94,1926.0,406.59814453125,189.42575073242188
43,95,0.0,0.0,0.0
43,96,819.0,272.998779296875,350.4017028808594
43,97,1849.0,430.5538024902344,498.5256958007813
43,98,0.0,0.0,0.0
43,99,2155.0,489.705810546875,469.8190307617188
43,100,763.0,12.76671028137207,495.4010620117188
43,101,5987.0,103.99832916259766,239.8463287353516
43,102,1762.0,201.01248168945312,498.80419921875
43,103,0.0,0.0,0.0
43,104,3412.0,18.986225128173828,181.9736175537109
43,105,405.0,7.0716047286987305,273.8296203613281
43,106,508.0,501.8326721191406,499.5964660644531
43,107,2335.0,60.69507598876953,497.0252685546875
43,108,0.0,0.0,0.0
43,109,5977.0,481.5511169433594,156.96937561035156
43,110,857.0,9.474912643432615,461.7094421386719
43,111,5556.0,142.11663818359375,470.5046691894531
43,112,385.0,34.24415588378906,470.4207763671875
43,113,1152.0,503.2647705078125,232.23870849609372
43,114,3193.0,35.88474655151367,233.9348602294922
43,115,1278.0,85.27465057373047,480.6025085449219
43,116,744.0,101.84542846679688,7.125
43,117,570.0,502.6666564941406,13.894737243652344
43,118,0.0,0.0,0.0
43,119,0.0,0.0,0.0
43,120,0.0,0.0,0.0
44,0,0.0,0.0,0.0
44,1,0.0,0.0,0.0
44,2,0.0,0.0,0.0
44,3,0.0,0.0,0.0
44,4,0.0,0.0,0.0
44,5,0.0,0.0,0.0
44,6,0.0,0.0,0.0
44,7,0.0,0.0,0.0
44,8,0.0,0.0,0.0
44,9,0.0,0.0,0.0
44,10,0.0,0.0,0.0
44,11,3107.0,264.7132263183594,28.340843200683597
44,12,0.0,0.0,0.0
44,13,2059.0,443.45654296875,15.08839225769043
44,14,0.0,0.0,0.0
44,15,3323.0,361.9425354003906,35.662654876708984
44,16,710.0,400.2873229980469,14.563380241394045
44,17,3983.0,24.016820907592773,98.05523681640624
44,18,4907.0,39.84267425537109,31.644386291503903
44,19,5143.0,478.0048522949219,61.24907684326172
44,20,2437.0,428.9778442382813,79.99507904052734
44,21,5836.0,178.08876037597656,25.63348197937012
44,22,1840.0,374.4190368652344,99.44239044189452
44,23,3801.0,96.70533752441406,54.19284439086914
44,24,2623.0,319.7842102050781,30.98284339904785
44,25,0.0,0.0,0.0
44,26,0.0,0.0,0.0
44,27,987.0,64.90374755859375,103.46099090576172
44,28,4818.0,206.2052764892578,79.60896301269531
44,29,2909.0,394.160888671875,150.93743896484375
44,30,2910.0,294.4632263183594,146.05979919433594
44,31,7624.0,303.2071228027344,97.0
44,32,644.0,45.15528106689453,142.98446655273438
44,33,781.0,454.6274108886719,111.18309783935548
44,34,1703.0,436.3470458984375,157.32119750976562
44,35,6191.0,118.32870483398438,110.07624053955078
44,36,630.0,444.6777648925781,200.3619079589844
44,37,1978.0,358.2456970214844,162.44033813476562
44,38,2477.0,94.33386993408205,164.1598663330078
44,39,727.0,463.53369140625,228.02476501464844
44,40,723.0,484.39556884765625,228.59750366210935
44,41,602.0,59.47010040283203,177.90365600585938
44,42,8391.0,182.8137359619141,151.71803283691406
44,43,5939.0,273.1232604980469,182.25677490234372
44,44,0.0,0.0,0.0
44,45,4136.0,154.1421661376953,220.5601959228516
44,46,2000.0,33.53799819946289,264.281005859375
44,47,2952.0,411.3106384277344,228.6934356689453
44,48,4551.0,334.80926513671875,229.7418212890625
44,49,2748.0,230.7383575439453,229.20559692382807
44,50,1375.0,107.57090759277344,288.3039855957031
44,51,991.0,161.09283447265625,276.0484313964844
44,52,960.0,330.3500061035156,282.4750061035156
44,53,2783.0,392.2238464355469,286.4832763671875
44,54,2016.0,196.3382873535156,276.8511962890625
44,55,1225.0,213.4636688232422,195.88653564453125
44,56,2286.0,306.8105773925781,325.6399841308594
44,57,3669.0,437.0989379882813,269.8713684082031
44,58,2076.0,180.84585571289065,316.5992431640625
44,59,9436.0,259.9560241699219,294.1383972167969
44,60,1357.0,396.0950622558594,347.10760498046875
44,61,4978.0,46.02832412719727,312.3959350585937
44,62,1623.0,134.73875427246094,323.2957458496094
44,63,3213.0,478.28851318359375,424.3569946289063
44,64,3095.0,362.9738159179688,314.5066223144531
44,65,2181.0,430.42779541015625,361.9458923339844
44,66,7417.0,84.59835815429688,362.86138916015625
44,67,1077.0,238.8347320556641,379.0529174804688
44,68,4247.0,465.4017028808594,336.31787109375
44,69,1506.0,177.14010620117188,348.29547119140625
44,70,426.0,210.9976501464844,360.9366149902344
44,71,0.0,0.0,0.0
44,72,3171.0,452.72406005859375,398.3724365234375
44,73,665.0,350.9954833984375,349.2811889648437
44,74,1409.0,389.229248046875,383.2895812988281
44,75,0.0,0.0,0.0
44,76,2654.0,128.5810089111328,409.2369995117188
44,77,5199.0,192.61358642578125,398.1100158691406
44,78,1256.0,247.5294647216797,422.3678283691406
44,79,9872.0,315.0722351074219,398.3395385742188
44,80,2810.0,406.9248962402344,440.9256286621094
44,81,7131.0,353.08331298828125,475.14837646484375
44,82,2289.0,17.592397689819336,383.3748474121094
44,83,808.0,456.26361083984375,485.8898620605469
44,84,1216.0,180.4777984619141,438.4235229492188
44,85,5125.0,56.09990310668945,434.49169921875
44,86,390.0,289.035888671875,4.671794891357422
44,87,698.0,506.0787963867188,336.01861572265625
44,88,1271.0,487.1557922363281,295.3375244140625
44,89,740.0,208.729736328125,466.7080993652344
44,90,614.0,442.8159484863281,459.3387756347656
44,91,4923.0,263.3997497558594,472.9788818359375
44,92,2596.0,398.2862243652344,66.87403869628906
44,93,1396.0,493.8194885253906,263.6582946777344
44,94,1944.0,403.024169921875,192.30247497558597
44,95,0.0,0.0,0.0
44,96,787.0,270.8411560058594,351.167724609375
44,97,1732.0,429.8550720214844,498.9676818847656
44,98,0.0,0.0,0.0
44,99,2571.0,487.9498291015625,472.490478515625
44,100,855.0,13.11111068725586,494.2713317871094
44,101,5915.0,105.51648712158205,240.7213897705078
44,102,2189.0,206.5436248779297,497.840576171875
44,103,0.0,0.0,0.0
44,104,3711.0,19.85691261291504,183.81056213378903
44,105,544.0,10.03125,279.8216857910156
44,106,381.0,506.6745300292969,493.6377868652344
44,107,1931.0,61.16364669799805,499.2791442871094
44,108,0.0,0.0,0.0
44,109,5856.0,482.5355224609375,156.9376678466797
44,110,718.0,7.970752239227295,460.1448364257813
44,111,5979.0,140.8936309814453,471.82623291015625
44,112,1083.0,45.04154968261719,472.5817260742188
44,113,771.0,503.3074035644531,222.5966339111328
44,114,2592.0,46.69521713256836,227.43441772460935
44,115,779.0,86.82413482666016,481.8767700195313
44,116,701.0,101.1654815673828,6.245363712310791
44,117,741.0,502.2550659179688,17.360322952270508
44,118,4.0,0.0,339.75
44,119,0.0,0.0,0.0
44,120,0.0,0.0,0.0
45,0,0.0,0.0,0.0
45,1,0.0,0.0,0.0
45,2,0.0,0.0,0.0
45,3,0.0,0.0,0.0
45,4,0.0,0.0,0.0
45,5,0.0,0.0,0.0
45,6,0.0,0.0,0.0
45,7,0.0,0.0,0.0
45,8,0.0,0.0,0.0
45,9,0.0,0.0,0.0
45,10,0.0,0.0,0.0
45,11,3801.0,269.454345703125,29.287029266357425
45,12,0.0,0.0,0.0
45,13,1734.0,448.9913635253906,17.283737182617188
45,14,0.0,0.0,0.0
45,15,3399.0,364.56927490234375,35.40335464477539
45,16,713.0,407.9957885742188,9.24403953552246
45,17,3966.0,23.445789337158203,98.45410919189452
45,18,4674.0,38.303592681884766,31.15489959716797
45,19,5043.0,478.5784301757813,61.9952392578125
45,20,1600.0,432.849365234375,93.9562530517578
45,21,5862.0,177.5868377685547,26.260662078857425
45,22,1964.0,375.23931884765625,99.68839263916016
45,23,4782.0,99.28084564208984,60.39732360839844
45,24,2562.0,322.87353515625,29.700233459472656
45,25,0.0,0.0,0.0
45,26,0.0,0.0,0.0
45,27,1162.0,66.03012084960938,101.64716339111328
45,28,4481.0,205.10533142089844,78.31644439697266
45,29,2647.0,393.2108154296875,149.84170532226562
45,30,2101.0,299.19610595703125,141.9452667236328
45,31,7535.0,305.7539367675781,97.40438079833984
45,32,821.0,46.46772384643555,140.1327667236328
45,33,873.0,455.5807495117188,112.59679412841795
45,34,1758.0,436.9556274414063,158.68771362304688
45,35,5144.0,115.55054473876952,116.81298828125
45,36,767.0,452.4537048339844,206.92176818847656
45,37,1798.0,354.62957763671875,172.18409729003906
45,38,2313.0,104.20103454589844,165.86553955078125
45,39,505.0,464.3940734863281,235.80792236328125
45,40,662.0,482.1057434082031,224.93051147460935
45,41,716.0,62.63966369628906,178.4860382080078
45,42,9095.0,185.84002685546875,150.34161376953125
45,43,7696.0,277.57080078125,181.27247619628903
45,44,0.0,0.0,0.0
45,45,4149.0,155.43142700195312,222.18341064453125
45,46,2077.0,33.52046203613281,264.0385131835937
45,47,3279.0,404.0323181152344,225.05337524414065
45,48,3052.0,336.4246520996094,231.6002655029297
45,49,2011.0,232.76976013183597,232.14718627929688
45,50,1539.0,111.64197540283205,289.3144836425781
45,51,949.0,167.67018127441406,273.7829284667969
45,52,603.0,327.61358642578125,282.17578125
45,53,3058.0,394.23382568359375,275.7544250488281
45,54,1737.0,184.03338623046875,285.876220703125
45,55,1364.0,212.47140502929688,206.44354248046875
45,56,2541.0,305.5442810058594,325.0429077148437
45,57,3161.0,445.6732177734375,270.1259155273437
45,58,1406.0,183.4523468017578,320.2119445800781
45,59,10245.0,257.2551574707031,291.0478210449219
45,60,1811.0,398.0077209472656,342.3346252441406
45,61,4320.0,52.86134338378906,309.0544128417969
45,62,1615.0,135.5523223876953,324.0829772949219
45,63,3043.0,483.1429443359375,423.3578796386719
45,64,3862.0,361.5885620117188,308.034423828125
45,65,1920.0,431.0697937011719,362.0416564941406
45,66,7641.0,88.42337036132812,363.7915344238281
45,67,1020.0,238.97157287597656,379.751953125
45,68,4615.0,465.9001159667969,335.365966796875
45,69,1069.0,181.39849853515625,345.9092712402344
45,70,624.0,208.21153259277344,363.0384521484375
45,71,0.0,0.0,0.0
45,72,3759.0,449.8435668945313,401.9403991699219
45,73,679.0,350.1973571777344,349.9042663574219
45,74,1260.0,389.0238037109375,382.3238220214844
45,75,0.0,0.0,0.0
45,76,2750.0,130.189453125,410.8589172363281
45,77,4841.0,191.9283142089844,397.7579040527344
45,78,1607.0,240.6739196777344,427.744873046875
45,79,9790.0,313.5608825683594,398.6465759277344
45,80,2697.0,406.2606506347656,438.5813903808594
45,81,7764.0,351.2933959960937,474.28515625
45,82,1916.0,16.202505111694336,378.2353820800781
45,83,844.0,459.9656372070313,485.08294677734375
45,84,1461.0,180.3675537109375,438.79876708984375
45,85,5640.0,52.88705825805664,432.5535583496094
45,86,124.0,292.05645751953125,2.895161390304565
45,87,500.0,507.093994140625,332.0459899902344
45,88,1146.0,493.6954650878906,293.9336853027344
45,89,918.0,207.42483520507807,466.1329040527344
45,90,501.0,442.0239562988281,460.5050048828125
45,91,3776.0,265.1565246582031,473.3935241699219
45,92,3576.0,406.5701904296875,61.55900573730469
45,93,1242.0,488.97021484375,260.78985595703125
45,94,1949.0,409.0205383300781,188.12826538085935
45,95,0.0,0.0,0.0
45,96,945.0,267.699462890625,352.67724609375
45,97,1910.0,430.3670043945313,497.8272399902344
45,98,0.0,0.0,0.0
45,99,2314.0,488.753662109375,473.1469421386719
45,100,625.0,10.500800132751465,491.0799865722656
45,101,5163.0,110.9564208984375,242.5041656494141
45,102,1374.0,230.3195037841797,500.3602600097656
45,103,0.0,0.0,0.0
45,104,3777.0,21.009002685546875,184.54725646972656
45,105,613.0,13.47145175933838,281.6916809082031
45,106,355.0,505.4309997558594,498.2957763671875
45,107,2346.0,58.26982116699219,499.02685546875
45,108,248.0,508.4193420410156,139.63710021972656
45,109,5349.0,482.1673278808594,158.0128936767578
45,110,609.0,7.078817844390869,460.4630432128906
45,111,6678.0,147.62098693847656,477.0486755371094
45,112,919.0,40.440696716308594,472.2306823730469
45,113,931.0,503.1632690429688,227.40386962890625
45,114,3202.0,53.12179946899414,229.34852600097656
45,115,767.0,85.55280303955078,480.2829284667969
45,116,803.0,102.66749572753906,6.40473222732544
45,117,805.0,501.1080627441406,16.819875717163086
45,118,736.0,12.66983699798584,336.94158935546875
45,119,0.0,0.0,0.0
45,120,50.0,510.6199951171875,439.8200073242188
46,0,0.0,0.0,0.0
46,1,0.0,0.0,0.0
46,2,0.0,0.0,0.0
46,3,0.0,0.0,0.0
46,4,0.0,0.0,0.0
46,5,0.0,0.0,0.0
46,6,0.0,0.0,0.0
46,7,0.0,0.0,0.0
46,8,0.0,0.0,0.0
46,9,0.0,0.0,0.0
46,10,0.0,0.0,0.0
46,11,4739.0,274.6623840332031,32.663429260253906
46,12,0.0,0.0,0.0
46,13,1670.0,449.70599365234375,17.505390167236328
46,14,0.0,0.0,0.0
46,15,3935.0,372.0650634765625,36.648284912109375
46,16,780.0,411.74615478515625,12.065384864807127
46,17,4135.0,24.48802947998047,98.71680450439452
46,18,4497.0,37.16877746582031,30.87458229064941
46,19,4786.0,476.04095458984375,66.24279022216797
46,20,1262.0,431.6141052246094,104.4690933227539
46,21,5435.0,180.0980682373047,25.93118667602539
46,22,3401.0,382.2037658691406,94.74771881103516
46,23,5104.0,101.10775756835938,55.72492218017578
46,24,2251.0,325.11505126953125,24.171480178833008
46,25,0.0,0.0,0.0
46,26,0.0,0.0,0.0
46,27,1272.0,67.77672576904297,97.84906005859376
46,28,4534.0,199.9391326904297,76.29047393798828
46,29,2449.0,395.5443115234375,148.19436645507812
46,30,2654.0,296.72381591796875,139.36058044433594
46,31,6789.0,305.5385131835937,96.7267608642578
46,32,936.0,45.32265090942383,146.2873992919922
46,33,916.0,454.7390747070313,116.21070098876952
46,34,1860.0,439.7956848144531,161.38710021972656
46,35,4699.0,113.0202178955078,118.232177734375
46,36,1024.0,452.9306640625,207.7314453125
46,37,1697.0,360.5468444824219,171.1856231689453
46,38,2728.0,107.66532135009766,162.71774291992188
46,39,463.0,463.0345458984375,237.87689208984372
46,40,589.0,482.8421020507813,225.94737243652344
46,41,817.0,65.95226287841797,179.94859313964844
46,42,9079.0,189.5892791748047,147.37327575683594
46,43,8244.0,282.08599853515625,184.8721466064453
46,44,0.0,0.0,0.0
46,45,4773.0,156.84852600097656,222.76220703125
46,46,2135.0,33.18267059326172,264.2121887207031
46,47,3634.0,404.8923950195313,225.10015869140625
46,48,2478.0,336.7978210449219,232.26675415039065
46,49,1318.0,235.68817138671875,236.83763122558597
46,50,1527.0,111.0183334350586,288.734130859375
46,51,832.0,158.22116088867188,274.1634521484375
46,52,635.0,324.3196716308594,276.5669250488281
46,53,3007.0,395.435302734375,276.1107482910156
46,54,1568.0,179.42984008789062,284.17919921875
46,55,1712.0,214.59461975097656,210.7482452392578
46,56,2757.0,302.8832092285156,322.4276428222656
46,57,3226.0,447.8416137695313,276.3288879394531
46,58,1594.0,185.1612243652344,317.7747802734375
46,59,9782.0,254.5682830810547,289.1033630371094
46,60,2468.0,392.0271606445313,339.3359069824219
46,61,4316.0,52.12534713745117,310.6552429199219
46,62,1897.0,138.72535705566406,325.00421142578125
46,63,3296.0,483.8164367675781,419.6095275878906
46,64,3496.0,356.7708740234375,297.3352355957031
46,65,2159.0,433.9796142578125,363.25335693359375
46,66,6604.0,90.94094848632812,360.7693786621094
46,67,1063.0,244.47601318359372,382.4797668457031
46,68,3818.0,465.1134033203125,335.14459228515625
46,69,1096.0,186.0738983154297,347.6733703613281
46,70,508.0,214.62796020507807,366.0905456542969
46,71,0.0,0.0,0.0
46,72,3275.0,447.7151184082031,402.9462585449219
46,73,738.0,345.3604431152344,343.6978454589844
46,74,1238.0,391.4353942871094,382.6462097167969
46,75,0.0,0.0,0.0
46,76,3145.0,129.4896697998047,412.59967041015625
46,77,5175.0,192.96270751953125,397.0942993164063
46,78,1887.0,244.01589965820312,429.7588806152344
46,79,9486.0,318.23297119140625,399.6543273925781
46,80,2604.0,408.69970703125,438.5291748046875
46,81,7692.0,354.0405578613281,473.1170043945313
46,82,1891.0,18.108936309814453,375.672119140625
46,83,1094.0,463.6416931152344,477.4131774902344
46,84,1571.0,178.1680450439453,438.14068603515625
46,85,6661.0,52.08182144165039,429.9546508789063
46,86,0.0,0.0,0.0
46,87,780.0,505.3282165527344,336.3730773925781
46,88,1043.0,495.591552734375,296.22723388671875
46,89,821.0,212.7149810791016,465.4604187011719
46,90,507.0,441.80474853515625,463.7199096679688
46,91,3557.0,269.4925537109375,476.9584045410156
46,92,1900.0,419.5947265625,52.8768424987793
46,93,1178.0,486.6519470214844,261.9015197753906
46,94,1680.0,410.0928649902344,187.45773315429688
46,95,0.0,0.0,0.0
46,96,1484.0,268.531005859375,354.3618469238281
46,97,1938.0,431.6150817871094,497.4153747558594
46,98,0.0,0.0,0.0
46,99,2107.0,492.4518127441406,476.1931762695313
46,100,506.0,9.2450590133667,490.6264953613281
46,101,4772.0,107.3526840209961,240.97129821777344
46,102,1010.0,239.23663330078125,500.0653381347656
46,103,0.0,0.0,0.0
46,104,3618.0,19.74986267089844,186.2877349853516
46,105,658.0,13.39665699005127,280.4574584960937
46,106,249.0,507.3534240722656,497.2731018066406
46,107,2328.0,54.37843704223633,498.79595947265625
46,108,1071.0,503.4491271972656,133.54061889648438
46,109,4217.0,480.8691101074219,162.87977600097656
46,110,617.0,7.776337146759033,460.9270629882813
46,111,6968.0,152.91806030273438,480.4601135253906
46,112,648.0,35.60956954956055,474.3070983886719
46,113,1054.0,502.9203186035156,231.3776092529297
46,114,3018.0,54.06892013549805,231.21006774902344
46,115,808.0,84.714111328125,482.0433044433594
46,116,679.0,101.7776107788086,5.393225193023682
46,117,1239.0,497.7699890136719,19.63196182250977
46,118,716.0,11.826815605163574,335.6005554199219
46,119,0.0,0.0,0.0
46,120,72.0,510.3055419921875,438.8055419921875
47,0,0.0,0.0,0.0
47,1,0.0,0.0,0.0
47,2,0.0,0.0,0.0
47,3,0.0,0.0,0.0
47,4,0.0,0.0,0.0
47,5,0.0,0.0,0.0
47,6,0.0,0.0,0.0
47,7,0.0,0.0,0.0
47,8,0.0,0.0,0.0
47,9,0.0,0.0,0.0
47,10,0.0,0.0,0.0
47,11,5184.0,273.95428466796875,36.07195281982422
47,12,0.0,0.0,0.0
47,13,2219.0,456.1441955566406,19.514646530151367
47,14,0.0,0.0,0.0
47,15,4234.0,372.5878601074219,37.73996353149414
47,16,560.0,415.9356994628906,11.376785278320312
47,17,4045.0,24.49567413330078,94.7567367553711
47,18,4188.0,36.53844451904297,29.5926456451416
47,19,3712.0,475.6592102050781,69.33081817626953
47,20,1353.0,431.6466979980469,104.8972625732422
47,21,5621.0,180.7299346923828,27.28856086730957
47,22,3378.0,384.5994567871094,95.03256225585938
47,23,5227.0,98.41056060791016,55.16625213623047
47,24,2392.0,324.0108642578125,23.468645095825195
47,25,0.0,0.0,0.0
47,26,0.0,0.0,0.0
47,27,1310.0,64.08702087402344,105.15496063232422
47,28,4751.0,205.48306274414065,78.27488708496094
47,29,2249.0,395.4210815429688,146.9333038330078
47,30,1951.0,292.1963195800781,135.16709899902344
47,31,6082.0,314.2278747558594,103.5600128173828
47,32,765.0,45.25621032714844,145.31895446777344
47,33,1089.0,457.96142578125,115.81818389892578
47,34,2120.0,439.2268981933594,162.5014190673828
47,35,4737.0,116.60459899902344,116.18408203125
47,36,901.0,453.6026611328125,210.49057006835935
47,37,1517.0,359.74884033203125,176.44891357421875
47,38,3069.0,109.70218658447266,161.22286987304688
47,39,714.0,471.6218566894531,246.92857360839844
47,40,702.0,481.8746337890625,229.38888549804688
47,41,871.0,68.97359466552734,181.65213012695312
47,42,9297.0,191.5808258056641,149.09658813476562
47,43,8907.0,285.11114501953125,184.81700134277344
47,44,0.0,0.0,0.0
47,45,5109.0,152.7234344482422,224.75064086914065
47,46,2568.0,36.51129150390625,267.5249328613281
47,47,3801.0,405.9147644042969,223.9776306152344
47,48,2097.0,336.9327697753906,232.31712341308597
47,49,1484.0,232.1779022216797,240.2230529785156
47,50,1181.0,115.2557144165039,287.3090515136719
47,51,633.0,151.60662841796875,273.4281311035156
47,52,445.0,323.9438171386719,272.31011962890625
47,53,3777.0,393.4352722167969,277.1538391113281
47,54,1634.0,184.1554412841797,281.3665771484375
47,55,1619.0,216.0413818359375,213.8678131103516
47,56,2632.0,306.7625427246094,317.5702819824219
47,57,3068.0,448.8298645019531,276.5922546386719
47,58,2006.0,185.9117584228516,317.107666015625
47,59,8618.0,256.9077453613281,286.4946594238281
47,60,2123.0,386.5143737792969,338.61187744140625
47,61,4097.0,55.11788940429688,310.69293212890625
47,62,2250.0,137.99465942382812,322.76531982421875
47,63,3042.0,488.425048828125,416.7317504882813
47,64,3151.0,354.4192199707031,295.4735107421875
47,65,2152.0,432.966552734375,362.12640380859375
47,66,5081.0,88.95709228515625,355.4666442871094
47,67,975.0,247.4769287109375,379.1805114746094
47,68,3712.0,463.1656799316406,333.9447631835937
47,69,1090.0,182.4321136474609,348.9541320800781
47,70,721.0,220.969482421875,361.095703125
47,71,0.0,0.0,0.0
47,72,3608.0,447.7375183105469,405.9085388183594
47,73,857.0,348.9638366699219,346.27886962890625
47,74,1248.0,392.9278869628906,379.24517822265625
47,75,0.0,0.0,0.0
47,76,3918.0,128.3723907470703,412.6597900390625
47,77,5558.0,193.1372833251953,395.8630676269531
47,78,2003.0,248.4523162841797,425.71392822265625
47,79,9702.0,318.8065490722656,401.9524841308594
47,80,2713.0,408.4927978515625,437.16845703125
47,81,7170.0,355.8863220214844,473.4051513671875
47,82,1977.0,20.13302993774414,374.5022888183594
47,83,1022.0,464.72503662109375,473.8170166015625
47,84,1763.0,183.21951293945312,441.24163818359375
47,85,7387.0,54.304046630859375,426.52349853515625
47,86,0.0,0.0,0.0
47,87,651.0,504.9769592285156,350.3625183105469
47,88,1335.0,496.75579833984375,299.1969909667969
47,89,719.0,211.95132446289065,464.4645385742188
47,90,396.0,440.7525329589844,461.1388854980469
47,91,3485.0,269.0387268066406,478.9833679199219
47,92,1990.0,419.5924682617188,48.17336654663086
47,93,794.0,491.0428161621094,268.74053955078125
47,94,1611.0,406.6188659667969,186.2613220214844
47,95,0.0,0.0,0.0
47,96,1959.0,272.1413879394531,349.00152587890625
47,97,2243.0,432.1761169433594,495.5100402832031
47,98,0.0,0.0,0.0
47,99,2108.0,492.4122314453125,479.06927490234375
47,100,663.0,10.909502029418944,492.2322692871094
47,101,2831.0,112.56552124023438,249.72059631347656
47,102,901.0,248.75804138183597,503.132080078125
47,103,0.0,0.0,0.0
47,104,3682.0,22.202335357666016,187.85171508789065
47,105,558.0,12.496416091918944,282.6846008300781
47,106,153.0,507.0392150878906,503.84967041015625
47,107,2174.0,58.36982345581055,499.2401123046875
47,108,1983.0,498.5320129394531,128.84820556640625
47,109,3481.0,479.63775634765625,172.4398193359375
47,110,559.0,6.960644245147705,462.6440124511719
47,111,6567.0,157.4070281982422,482.6876831054688
47,112,737.0,37.27001190185547,473.9728698730469
47,113,947.0,503.2037963867188,230.5850067138672
47,114,4149.0,62.31573867797852,229.5697784423828
47,115,952.0,85.29412078857422,481.3718566894531
47,116,742.0,101.52291107177734,5.347708702087402
47,117,1298.0,499.4584045410156,25.157936096191406
47,118,867.0,14.160323143005373,335.7681579589844
47,119,373.0,8.721179962158203,143.94638061523438
47,120,99.0,509.42425537109375,443.5454406738281
48,0,0.0,0.0,0.0
48,1,0.0,0.0,0.0
48,2,0.0,0.0,0.0
48,3,0.0,0.0,0.0
48,4,0.0,0.0,0.0
48,5,0.0,0.0,0.0
48,6,0.0,0.0,0.0
48,7,0.0,0.0,0.0
48,8,0.0,0.0,0.0
48,9,0.0,0.0,0.0
48,10,0.0,0.0,0.0
48,11,6091.0,275.3047180175781,37.81431579589844
48,12,0.0,0.0,0.0
48,13,3306.0,459.7431945800781,25.161523818969727
48,14,0.0,0.0,0.0
48,15,4531.0,378.229736328125,38.07084655761719
48,16,0.0,0.0,0.0
48,17,3442.0,28.64148712158203,90.85735321044922
48,18,4198.0,35.04526138305664,30.00809860229492
48,19,2278.0,473.6058044433594,76.53204345703125
48,20,1352.0,434.9792785644531,100.90088653564452
48,21,5395.0,176.9803466796875,26.60370635986328
48,22,3524.0,383.36663818359375,97.35357666015624
48,23,5921.0,100.1067352294922,49.03327178955078
48,24,2221.0,325.0238647460937,22.54434967041016
48,25,0.0,0.0,0.0
48,26,0.0,0.0,0.0
48,27,1597.0,68.2986831665039,105.71446228027344
48,28,4485.0,205.8271942138672,76.99219512939453
48,29,2382.0,396.1419067382813,149.45591735839844
48,30,1754.0,287.4481201171875,133.3506317138672
48,31,5886.0,316.1709289550781,106.18603515625
48,32,959.0,46.97184753417969,150.67466735839844
48,33,1023.0,456.0997009277344,117.2971649169922
48,34,1933.0,439.8582458496094,162.1774444580078
48,35,4194.0,116.86194610595705,116.4906997680664
48,36,816.0,457.8198547363281,214.1004943847656
48,37,997.0,358.3129272460937,172.4493408203125
48,38,3806.0,114.04834747314452,161.31712341308594
48,39,593.0,475.4620666503906,246.34738159179688
48,40,564.0,483.4804992675781,230.8741149902344
48,41,913.0,74.15772247314453,185.97918701171875
48,42,8756.0,196.0734405517578,144.51336669921875
48,43,9778.0,288.6890869140625,186.48977661132807
48,44,0.0,0.0,0.0
48,45,5344.0,151.91036987304688,224.0484619140625
48,46,2611.0,36.97893524169922,266.45269775390625
48,47,4162.0,406.7496337890625,225.1415252685547
48,48,1927.0,332.7758178710937,234.1603546142578
48,49,1611.0,231.43264770507807,240.78956604003903
48,50,1442.0,119.01872253417967,288.1234436035156
48,51,353.0,146.60057067871094,272.4957580566406
48,52,520.0,326.9826965332031,267.95001220703125
48,53,3167.0,394.1089477539063,268.82696533203125
48,54,2117.0,189.62872314453125,276.775634765625
48,55,1655.0,212.8090667724609,214.60423278808597
48,56,3282.0,311.53594970703125,316.0639953613281
48,57,2588.0,452.4327697753906,278.18084716796875
48,58,1738.0,188.5212860107422,318.43096923828125
48,59,6930.0,256.51153564453125,285.54400634765625
48,60,2473.0,390.6393127441406,331.1492004394531
48,61,4374.0,57.86191177368164,312.0125732421875
48,62,2313.0,142.90704345703125,320.5443115234375
48,63,3182.0,487.0304870605469,414.9503479003906
48,64,3476.0,357.5267639160156,295.135498046875
48,65,2190.0,428.46575927734375,362.90045166015625
48,66,4669.0,88.60741424560547,355.3334655761719
48,67,1105.0,253.19004821777344,383.3828125
48,68,3511.0,459.51068115234375,334.39874267578125
48,69,991.0,177.8657989501953,348.4732666015625
48,70,972.0,225.37139892578125,353.399169921875
48,71,0.0,0.0,0.0
48,72,3270.0,449.32720947265625,404.00244140625
48,73,624.0,361.88623046875,355.4727478027344
48,74,1311.0,396.7498168945313,383.7589721679688
48,75,0.0,0.0,0.0
48,76,4397.0,128.00454711914062,415.5426330566406
48,77,5938.0,196.6783447265625,393.3411865234375
48,78,1235.0,251.05101013183597,424.4558715820313
48,79,9087.0,320.63189697265625,407.94287109375
48,80,2323.0,410.7533264160156,437.1157836914063
48,81,7344.0,357.8194580078125,472.7173156738281
48,82,1787.0,20.88080596923828,373.7140502929688
48,83,1105.0,464.0090637207031,472.0036315917969
48,84,2522.0,190.0908050537109,442.6816101074219
48,85,7653.0,53.22513961791992,425.2687683105469
48,86,0.0,0.0,0.0
48,87,717.0,504.4546813964844,348.3988952636719
48,88,1592.0,494.7468566894531,301.3392028808594
48,89,781.0,223.4250946044922,472.52239990234375
48,90,419.0,440.1766052246094,462.7088317871094
48,91,2906.0,271.6885681152344,478.43701171875
48,92,2025.0,419.38714599609375,42.66814804077149
48,93,840.0,489.79046630859375,267.4654846191406
48,94,1687.0,413.0,188.6680450439453
48,95,0.0,0.0,0.0
48,96,3250.0,277.2264709472656,349.7273864746094
48,97,2242.0,432.4803771972656,496.5133666992188
48,98,0.0,0.0,0.0
48,99,2353.0,493.8023681640625,477.9515380859375
48,100,433.0,9.531177520751951,497.8475646972656
48,101,2595.0,110.75645446777344,250.29595947265625
48,102,1103.0,249.60198974609372,503.5439758300781
48,103,0.0,0.0,0.0
48,104,3726.0,21.765968322753903,191.79495239257807
48,105,680.0,14.266176223754885,284.061767578125
48,106,24.0,510.5,505.5416564941406
48,107,2610.0,66.74022674560547,499.16552734375
48,108,2168.0,496.0991821289063,123.012451171875
48,109,3382.0,478.6170959472656,172.4092254638672
48,110,571.0,5.719789981842041,465.6637573242188
48,111,4828.0,170.87179565429688,484.2450256347656
48,112,874.0,30.47368431091309,474.9977111816406
48,113,1162.0,502.74267578125,223.7108459472656
48,114,3697.0,63.97944259643555,229.74708557128903
48,115,1898.0,101.33772277832033,477.7439270019531
48,116,20.0,107.4000015258789,0.0
48,117,1577.0,498.7323913574219,35.578948974609375
48,118,846.0,13.744680404663086,337.0981140136719
48,119,1090.0,11.27247714996338,131.21559143066406
48,120,54.0,510.5185241699219,441.53704833984375
49,0,0.0,0.0,0.0
49,1,0.0,0.0,0.0
49,2,0.0,0.0,0.0
49,3,0.0,0.0,0.0
49,4,0.0,0.0,0.0
49,5,0.0,0.0,0.0
49,6,0.0,0.0,0.0
49,7,0.0,0.0,0.0
49,8,0.0,0.0,0.0
49,9,0.0,0.0,0.0
49,10,0.0,0.0,0.0
49,11,6515.0,275.5169677734375,35.710208892822266
49,12,0.0,0.0,0.0
49,13,3367.0,461.0790100097656,25.76418113708496
49,14,0.0,0.0,0.0
49,15,4550.0,373.9261474609375,38.20197677612305
49,16,0.0,0.0,0.0
49,17,3649.0,29.85694694519043,88.03919219970703
49,18,3767.0,33.30262756347656,28.693124771118164
49,19,2081.0,470.0845642089844,78.00288391113281
49,20,1122.0,434.1247863769531,107.96078491210938
49,21,3974.0,181.0045318603516,23.35480690002441
49,22,4392.0,388.932373046875,95.67417907714844
49,23,6823.0,101.1827621459961,45.03312301635742
49,24,1657.0,327.82196044921875,21.64091682434082
49,25,0.0,0.0,0.0
49,26,0.0,0.0,0.0
49,27,1590.0,67.14276885986328,112.3257827758789
49,28,4893.0,196.1171112060547,72.09605407714844
49,29,1989.0,398.6576232910156,149.0366973876953
49,30,1201.0,288.2481384277344,129.492919921875
49,31,6044.0,312.225341796875,105.71922302246094
49,32,1573.0,43.727272033691406,155.79592895507812
49,33,1063.0,455.0874938964844,119.5954818725586
49,34,1859.0,449.4389343261719,151.9166259765625
49,35,3952.0,115.41067504882812,116.91371154785156
49,36,768.0,463.6940002441406,218.4309844970703
49,37,1357.0,361.0257873535156,173.3478240966797
49,38,4141.0,118.45520782470705,159.96932983398438
49,39,812.0,467.0430908203125,244.10960388183597
49,40,345.0,486.3970947265625,228.95362854003903
49,41,850.0,79.82234954833984,188.65293884277344
49,42,8411.0,199.47235107421875,142.3289794921875
49,43,10377.0,290.10504150390625,184.419677734375
49,44,0.0,0.0,0.0
49,45,6005.0,154.54405212402344,225.0774383544922
49,46,2803.0,40.448089599609375,265.2465209960937
49,47,4288.0,408.0797424316406,228.8871307373047
49,48,1675.0,332.8226928710937,235.70327758789065
49,49,1944.0,230.86265563964844,237.7443389892578
49,50,1571.0,123.27434539794922,291.4627685546875
49,51,302.0,144.33775329589844,273.2450256347656
49,52,528.0,327.007568359375,270.125
49,53,3526.0,396.2501525878906,273.37548828125
49,54,1278.0,179.95069885253906,278.9154968261719
49,55,1230.0,213.49349975585935,210.2430877685547
49,56,3895.0,304.9193725585937,309.8179626464844
49,57,2066.0,452.6239013671875,286.2284545898437
49,58,2038.0,188.73110961914065,315.8557434082031
49,59,6447.0,250.358154296875,281.1875305175781
49,60,2658.0,394.2441711425781,338.1444702148437
49,61,5115.0,59.01642227172852,315.5675354003906
49,62,2208.0,144.72146606445312,327.2966613769531
49,63,2872.0,487.7144775390625,417.313720703125
49,64,3819.0,356.934814453125,298.6428527832031
49,65,1335.0,434.8756408691406,369.714599609375
49,66,3848.0,88.89527130126953,358.3404235839844
49,67,1000.0,256.0159912109375,381.8330078125
49,68,3627.0,459.206787109375,337.56549072265625
49,69,797.0,182.5006256103516,346.8243408203125
49,70,815.0,224.97792053222656,352.4490661621094
49,71,0.0,0.0,0.0
49,72,3254.0,458.2572326660156,401.7009887695313
49,73,839.0,374.35638427734375,366.2443237304688
49,74,1475.0,409.6305236816406,394.47662353515625
49,75,0.0,0.0,0.0
49,76,4558.0,126.6783676147461,416.1193542480469
49,77,6262.0,196.8481292724609,391.0151672363281
49,78,1116.0,249.81900024414065,423.0743713378906
49,79,9474.0,319.5779113769531,411.5909729003906
49,80,2321.0,410.4368896484375,437.7802734375
49,81,6725.0,359.9301147460937,471.9476623535156
49,82,1384.0,18.894508361816406,372.0310668945313
49,83,1265.0,467.0932922363281,468.9161987304688
49,84,2845.0,189.78663635253903,442.6569519042969
49,85,8037.0,51.91576385498047,424.92620849609375
49,86,0.0,0.0,0.0
49,87,565.0,505.9876098632813,343.90264892578125
49,88,1972.0,493.6531372070313,295.4137878417969
49,89,1176.0,227.00680541992188,475.0884399414063
49,90,421.0,440.96435546875,464.7030944824219
49,91,2394.0,275.60693359375,479.33209228515625
49,92,1932.0,420.1211242675781,35.576602935791016
49,93,700.0,488.6657104492188,260.1099853515625
49,94,2529.0,421.1791076660156,189.117431640625
49,95,0.0,0.0,0.0
49,96,3734.0,276.5506286621094,351.1119384765625
49,97,2481.0,432.4957580566406,496.4010620117188
49,98,0.0,0.0,0.0
49,99,2073.0,495.6734313964844,479.7920837402344
49,100,638.0,11.050156593322754,494.7727355957031
49,101,2030.0,113.38719177246094,252.56304931640625
49,102,1275.0,252.1419677734375,503.036865234375
49,103,0.0,0.0,0.0
49,104,3104.0,20.891752243041992,196.83279418945312
49,105,793.0,15.461538314819336,281.0945739746094
49,106,3.0,510.6666564941406,510.6666564941406
49,107,2292.0,61.47862243652344,498.6928405761719
49,108,2658.0,494.5056457519531,124.97742462158205
49,109,2440.0,479.9606628417969,183.6999969482422
49,110,547.0,6.561243057250977,464.80072021484375
49,111,4498.0,170.39906311035156,487.6894226074219
49,112,664.0,35.5933723449707,475.0256042480469
49,113,1130.0,502.6053161621094,223.7061920166016
49,114,3969.0,67.89317321777344,230.45249938964844
49,115,2015.0,102.69329833984376,478.3374633789063
49,116,0.0,0.0,0.0
49,117,1625.0,499.3612365722656,38.08061599731445
49,118,858.0,13.094405174255373,339.3519897460937
49,119,1196.0,10.125417709350586,134.06187438964844
49,120,65.0,510.3692321777344,440.72308349609375
50,0,0.0,0.0,0.0
50,1,0.0,0.0,0.0
50,2,0.0,0.0,0.0
50,3,0.0,0.0,0.0
50,4,0.0,0.0,0.0
50,5,0.0,0.0,0.0
50,6,0.0,0.0,0.0
50,7,0.0,0.0,0.0
50,8,0.0,0.0,0.0
50,9,0.0,0.0,0.0
50,10,0.0,0.0,0.0
50,11,7108.0,275.2073669433594,37.4694709777832
50,12,0.0,0.0,0.0
50,13,2610.0,456.7306518554688,23.175477981567383
50,14,0.0,0.0,0.0
50,15,4312.0,375.2604370117188,36.34856033325195
50,16,0.0,0.0,0.0
50,17,2693.0,38.19049453735352,97.0122528076172
50,18,5273.0,31.4638729095459,37.80959701538086
50,19,2522.0,471.0690002441406,75.12569427490234
50,20,1028.0,433.0291748046875,106.2616729736328
50,21,3083.0,186.4541015625,23.986053466796875
50,22,4495.0,390.6625061035156,93.73170471191406
50,23,7171.0,108.49114227294922,43.04545974731445
50,24,1709.0,328.6436462402344,21.52077293395996
50,25,0.0,0.0,0.0
50,26,0.0,0.0,0.0
50,27,1497.0,70.93319702148438,109.01536560058594
50,28,3570.0,187.8599395751953,67.23501586914062
50,29,2221.0,403.6082763671875,149.35073852539062
50,30,1054.0,290.46014404296875,130.00189208984375
50,31,6905.0,305.6430053710937,104.86256408691406
50,32,1539.0,48.092918395996094,156.88433837890625
50,33,1185.0,451.7578125,121.6911392211914
50,34,1361.0,457.01470947265625,152.19691467285156
50,35,2825.0,132.90017700195312,107.67398071289062
50,36,715.0,464.8070068359375,218.46014404296875
50,37,1393.0,358.6848449707031,170.7128448486328
50,38,5223.0,110.92724609375,154.9128875732422
50,39,730.0,465.031494140625,244.1356201171875
50,40,574.0,486.9041748046875,228.9442443847656
50,41,809.0,76.5080337524414,185.39431762695312
50,42,8450.0,201.29266357421875,140.27195739746094
50,43,10371.0,291.9871826171875,184.6319580078125
50,44,0.0,0.0,0.0
50,45,6443.0,154.3386688232422,224.3544921875
50,46,3311.0,46.3578987121582,265.10479736328125
50,47,3799.0,406.7412414550781,228.36351013183597
50,48,1512.0,329.8564758300781,237.5932464599609
50,49,1635.0,232.6703338623047,240.64404296875
50,50,1970.0,125.52588653564452,294.4071044921875
50,51,407.0,140.14987182617188,271.61669921875
50,52,777.0,328.4620361328125,274.91119384765625
50,53,3525.0,385.2068176269531,265.1157531738281
50,54,1811.0,190.43511962890625,277.1706237792969
50,55,1634.0,215.7790679931641,213.8451690673828
50,56,3452.0,306.2074279785156,305.8438720703125
50,57,1792.0,452.2516784667969,277.5792541503906
50,58,2436.0,191.11166381835935,314.7327575683594
50,59,5194.0,256.34039306640625,279.7812805175781
50,60,3943.0,402.4346923828125,331.08038330078125
50,61,5197.0,61.76486587524414,317.10565185546875
50,62,2119.0,144.34780883789062,334.302490234375
50,63,3361.0,486.3362121582031,415.2618408203125
50,64,3082.0,361.8669738769531,305.476318359375
50,65,968.0,439.1156921386719,373.8667297363281
50,66,3263.0,83.31535339355469,360.4471435546875
50,67,1296.0,253.86419677734372,380.34954833984375
50,68,3467.0,457.6781005859375,339.5878295898437
50,69,688.0,183.08139038085935,346.02471923828125
50,70,691.0,220.1664276123047,351.9638061523437
50,71,0.0,0.0,0.0
50,72,2610.0,458.5256652832031,400.23333740234375
50,73,1025.0,380.6526794433594,371.0214538574219
50,74,1475.0,414.7138977050781,399.5260925292969
50,75,0.0,0.0,0.0
50,76,4702.0,127.2245864868164,418.5563659667969
50,77,6541.0,195.5610809326172,390.89788818359375
50,78,1104.0,254.0833282470703,427.1087036132813
50,79,9373.0,320.9430236816406,416.9134826660156
50,80,2279.0,410.1461181640625,438.2729187011719
50,81,5847.0,364.6057739257813,471.1077575683594
50,82,1318.0,19.76631164550781,370.9089660644531
50,83,1124.0,470.8620910644531,469.9368286132813
50,84,3014.0,190.6980743408203,444.7139892578125
50,85,8038.0,50.79111862182617,424.7510681152344
50,86,0.0,0.0,0.0
50,87,730.0,504.9205627441406,340.9054870605469
50,88,2302.0,489.9265747070313,294.2206726074219
50,89,1305.0,230.0107269287109,475.2467346191406
50,90,608.0,445.7664489746094,462.6595458984375
50,91,2170.0,284.7290344238281,483.7244262695313
50,92,1845.0,421.1653137207031,35.23468780517578
50,93,406.0,490.8719177246094,257.8078918457031
50,94,3081.0,423.07464599609375,189.3450164794922
50,95,0.0,0.0,0.0
50,96,5127.0,281.36199951171875,347.8361511230469
50,97,2620.0,432.1786193847656,495.7286376953125
50,98,0.0,0.0,0.0
50,99,1606.0,495.2814331054688,486.5977478027344
50,100,715.0,12.234965324401855,497.0167846679688
50,101,1254.0,116.31419372558594,252.01754760742188
50,102,1439.0,254.45726013183597,502.79498291015625
50,103,0.0,0.0,0.0
50,104,3139.0,20.02357482910156,198.78846740722656
50,105,777.0,14.2380952835083,278.37451171875
50,106,0.0,0.0,0.0
50,107,2117.0,61.40481948852539,497.9754333496094
50,108,2513.0,494.3668823242188,123.1635513305664
50,109,2582.0,484.57861328125,183.3834228515625
50,110,502.0,6.314741134643555,464.52191162109375
50,111,4211.0,170.83876037597656,488.55853271484375
50,112,562.0,26.94305992126465,475.1334533691406
50,113,889.0,504.1822204589844,233.7030334472656
50,114,3966.0,73.3507308959961,229.5073089599609
50,115,2249.0,101.06269073486328,480.4464111328125
50,116,0.0,0.0,0.0
50,117,1915.0,497.6114807128906,32.459007263183594
50,118,1003.0,13.329012870788574,336.1475524902344
50,119,1463.0,13.656869888305664,135.69036865234375
50,120,399.0,504.5839538574219,449.6165466308594
51,0,0.0,0.0,0.0
51,1,0.0,0.0,0.0
51,2,0.0,0.0,0.0
51,3,0.0,0.0,0.0
51,4,0.0,0.0,0.0
51,5,0.0,0.0,0.0
51,6,0.0,0.0,0.0
51,7,0.0,0.0,0.0
51,8,0.0,0.0,0.0
51,9,0.0,0.0,0.0
51,10,0.0,0.0,0.0
51,11,7533.0,277.0755310058594,37.84946060180664
51,12,0.0,0.0,0.0
51,13,3333.0,465.3384399414063,19.84578514099121
51,14,0.0,0.0,0.0
51,15,4812.0,391.8470458984375,43.62863540649414
51,16,0.0,0.0,0.0
51,17,2461.0,38.32994842529297,101.9760284423828
51,18,5666.0,31.77885627746582,40.2684440612793
51,19,2685.0,467.8402099609375,74.60409545898438
51,20,848.0,432.5188598632813,101.42806243896484
51,21,2489.0,192.28927612304688,21.48694229125977
51,22,3652.0,387.4271545410156,98.21659088134766
51,23,7927.0,114.39598846435548,42.33404922485352
51,24,2205.0,338.2693786621094,31.096599578857425
51,25,0.0,0.0,0.0
51,26,0.0,0.0,0.0
51,27,1422.0,68.82911682128906,108.6540069580078
51,28,3920.0,197.5918426513672,70.31173706054688
51,29,1767.0,405.2591857910156,146.58856201171875
51,30,584.0,274.90753173828125,124.8133544921875
51,31,6620.0,313.4744567871094,108.99229431152344
51,32,955.0,49.45340347290039,160.25025939941406
51,33,1286.0,447.7947082519531,120.50389099121094
51,34,1146.0,457.4075012207031,148.506103515625
51,35,2724.0,137.01028442382812,107.25550842285156
51,36,452.0,465.893798828125,222.8097381591797
51,37,1141.0,357.1577453613281,169.10604858398438
51,38,6292.0,107.26954650878906,152.64129638671875
51,39,492.0,461.92681884765625,241.14634704589844
51,40,444.0,487.0608215332031,227.5630645751953
51,41,775.0,78.0516128540039,191.99612426757807
51,42,7999.0,201.4725646972656,141.4179229736328
51,43,11043.0,291.6341552734375,183.3306121826172
51,44,0.0,0.0,0.0
51,45,6954.0,158.08714294433594,225.9259490966797
51,46,3607.0,46.88356018066406,264.49737548828125
51,47,3177.0,402.63330078125,231.0560302734375
51,48,1364.0,328.9582214355469,237.8013153076172
51,49,1141.0,237.9763336181641,243.55828857421875
51,50,2114.0,125.19820404052734,301.7544860839844
51,51,329.0,143.2249298095703,270.547119140625
51,52,761.0,328.38897705078125,275.34295654296875
51,53,2643.0,377.9617919921875,259.0140075683594
51,54,1244.0,183.3577117919922,278.9123840332031
51,55,1627.0,221.54640197753903,215.55685424804688
51,56,3417.0,305.35235595703125,305.39361572265625
51,57,1867.0,452.03802490234375,273.0932006835937
51,58,2825.0,185.50689697265625,312.7490234375
51,59,4811.0,255.00498962402344,273.4755859375
51,60,4940.0,409.19573974609375,322.82086181640625
51,61,5148.0,63.62295913696289,318.7729187011719
51,62,1136.0,154.13555908203125,334.1787109375
51,63,2693.0,493.9008483886719,413.3122863769531
51,64,3404.0,360.1977233886719,307.5126342773437
51,65,773.0,437.0025939941406,377.2471008300781
51,66,3281.0,89.65437316894531,360.3380126953125
51,67,1045.0,254.0976104736328,375.07080078125
51,68,3453.0,460.4613342285156,339.3863220214844
51,69,486.0,186.0226287841797,346.46502685546875
51,70,1077.0,223.6193084716797,345.2182006835937
51,71,0.0,0.0,0.0
51,72,3180.0,464.8814392089844,400.1729431152344
51,73,1198.0,379.4014892578125,372.0642700195313
51,74,1750.0,419.5257263183594,404.1691284179688
51,75,0.0,0.0,0.0
51,76,4448.0,136.08070373535156,424.3136291503906
51,77,6934.0,189.2225341796875,387.4014892578125
51,78,1042.0,247.9884796142578,420.8483581542969
51,79,9764.0,316.5573425292969,426.6001586914063
51,80,2448.0,411.2508239746094,440.9991760253906
51,81,5179.0,367.69049072265625,472.3743896484375
51,82,1327.0,21.183120727539062,369.8455200195313
51,83,875.0,472.8502807617188,468.3634338378906
51,84,2507.0,202.61427307128903,445.3905029296875
51,85,8369.0,52.20779037475586,422.6998596191406
51,86,0.0,0.0,0.0
51,87,428.0,506.7967224121094,343.5957946777344
51,88,2096.0,490.6192626953125,297.0233764648437
51,89,1381.0,230.76901245117188,478.5843505859375
51,90,790.0,450.3455810546875,462.8430480957031
51,91,1873.0,285.4175109863281,485.2039489746094
51,92,1121.0,408.2426452636719,14.601248741149902
51,93,622.0,486.12701416015625,255.58360290527344
51,94,4745.0,421.9515380859375,190.86322021484372
51,95,0.0,0.0,0.0
51,96,6217.0,288.2216491699219,348.9635009765625
51,97,2516.0,433.88671875,496.1005554199219
51,98,0.0,0.0,0.0
51,99,1601.0,494.32666015625,487.52093505859375
51,100,565.0,8.031858444213867,492.2796325683594
51,101,1089.0,119.5353546142578,261.38934326171875
51,102,1468.0,256.6083068847656,502.84808349609375
51,103,0.0,0.0,0.0
51,104,3192.0,22.48245620727539,195.36497497558597
51,105,944.0,16.07415199279785,278.5201416015625
51,106,0.0,0.0,0.0
51,107,2242.0,55.896968841552734,498.6966857910156
51,108,2733.0,494.2575988769531,126.6597137451172
51,109,2591.0,484.3983154296875,187.4496307373047
51,110,400.0,6.28000020980835,461.6625061035156
51,111,4572.0,165.5017547607422,485.57720947265625
51,112,618.0,28.189319610595703,474.6731262207031
51,113,985.0,504.4324951171875,242.39796447753903
51,114,3878.0,75.9499740600586,231.6464691162109
51,115,2249.0,98.0960464477539,481.6856384277344
51,116,0.0,0.0,0.0
51,117,1269.0,499.5831298828125,49.141056060791016
51,118,1090.0,14.153210639953612,335.32293701171875
51,119,1515.0,13.090429306030272,137.6752471923828
51,120,343.0,501.947509765625,456.0087585449219
52,0,0.0,0.0,0.0
52,1,0.0,0.0,0.0
52,2,0.0,0.0,0.0
52,3,0.0,0.0,0.0
52,4,0.0,0.0,0.0
52,5,0.0,0.0,0.0
52,6,0.0,0.0,0.0
52,7,0.0,0.0,0.0
52,8,0.0,0.0,0.0
52,9,0.0,0.0,0.0
52,10,0.0,0.0,0.0
52,11,8013.0,278.76824951171875,39.56645584106445
52,12,0.0,0.0,0.0
52,13,3495.0,465.141357421875,20.65464973449707
52,14,0.0,0.0,0.0
52,15,5614.0,393.0660705566406,37.34235763549805
52,16,0.0,0.0,0.0
52,17,2180.0,40.39816665649414,106.60275268554688
52,18,6121.0,31.12497901916504,44.32331466674805
52,19,2597.0,466.3196105957031,75.9949951171875
52,20,658.0,433.5455932617188,102.99696350097656
52,21,2059.0,197.4681854248047,20.291889190673828
52,22,3710.0,392.8576965332031,96.6455535888672
52,23,8308.0,116.00373077392578,41.79694366455078
52,24,2162.0,340.1318359375,32.05966567993164
52,25,0.0,0.0,0.0
52,26,0.0,0.0,0.0
52,27,1755.0,70.70142364501953,111.1447296142578
52,28,3309.0,183.74282836914065,67.30734252929688
52,29,2009.0,405.2618103027344,145.95469665527344
52,30,492.0,272.4146423339844,125.1280517578125
52,31,7552.0,302.8238830566406,106.30216979980467
52,32,1313.0,49.706016540527344,161.87509155273438
52,33,924.0,445.2413330078125,118.77489471435548
52,34,1240.0,456.8128967285156,143.81210327148438
52,35,2515.0,134.40318298339844,110.50934600830078
52,36,434.0,465.8064575195313,220.67510986328125
52,37,848.0,357.5707397460937,169.67453002929688
52,38,5403.0,110.86155700683594,154.13047790527344
52,39,486.0,474.1275634765625,244.60287475585935
52,40,298.0,485.97650146484375,228.8993225097656
52,41,863.0,85.7392807006836,192.88064575195312
52,42,8014.0,201.68991088867188,141.26715087890625
52,43,11301.0,292.5989685058594,183.80780029296875
52,44,0.0,0.0,0.0
52,45,7055.0,158.12034606933594,225.51736450195312
52,46,3927.0,45.94143295288086,263.1752014160156
52,47,3513.0,409.5360107421875,229.7890625
52,48,1056.0,331.6316223144531,236.0037841796875
52,49,1361.0,241.81044006347656,245.7942657470703
52,50,2383.0,111.7754898071289,299.4523620605469
52,51,231.0,142.3333282470703,270.0865783691406
52,52,759.0,330.1923522949219,273.29644775390625
52,53,3488.0,380.15826416015625,262.7411193847656
52,54,1450.0,171.6779327392578,281.7082824707031
52,55,1597.0,221.8278045654297,217.7664337158203
52,56,4028.0,303.617919921875,306.50347900390625
52,57,1962.0,450.6325073242188,269.91998291015625
52,58,3031.0,183.6974639892578,314.5126953125
52,59,4544.0,255.32791137695312,271.7839050292969
52,60,3304.0,415.8659057617188,327.7179260253906
52,61,4231.0,56.75041198730469,319.9567565917969
52,62,1538.0,133.0994873046875,338.33941650390625
52,63,2898.0,493.6148986816406,411.84576416015625
52,64,4246.0,367.9156799316406,315.2896728515625
52,65,1130.0,436.4946899414063,373.8973388671875
52,66,2835.0,82.57777404785156,362.9516906738281
52,67,1248.0,255.4198760986328,377.8044738769531
52,68,2853.0,459.0501098632813,334.96563720703125
52,69,791.0,174.8356475830078,344.1871032714844
52,70,1338.0,226.17562866210935,341.2339172363281
52,71,0.0,0.0,0.0
52,72,3018.0,463.9787902832031,401.3966064453125
52,73,1079.0,379.7293701171875,371.9638671875
52,74,1846.0,418.8250122070313,405.1890563964844
52,75,0.0,0.0,0.0
52,76,4508.0,137.2213897705078,425.4338989257813
52,77,6176.0,181.9425201416016,383.3523254394531
52,78,1735.0,238.46685791015625,417.7388916015625
52,79,11079.0,320.3005676269531,428.6638793945313
52,80,2049.0,417.3982543945313,446.6666564941406
52,81,4433.0,372.0740051269531,472.7593078613281
52,82,1221.0,21.29074478149414,369.8026123046875
52,83,575.0,474.2869567871094,472.03131103515625
52,84,2814.0,201.86851501464844,447.4346008300781
52,85,8398.0,51.30566787719727,423.05084228515625
52,86,0.0,0.0,0.0
52,87,258.0,507.5193786621094,342.593017578125
52,88,2805.0,491.0702209472656,303.9358215332031
52,89,1648.0,236.0297393798828,479.5643310546875
52,90,878.0,455.3371276855469,464.9544372558594
52,91,1557.0,296.1939697265625,491.0584411621094
52,92,0.0,0.0,0.0
52,93,633.0,495.107421875,257.2211608886719
52,94,4518.0,420.2259826660156,188.24435424804688
52,95,0.0,0.0,0.0
52,96,5675.0,288.0408935546875,350.310302734375
52,97,2427.0,430.85784912109375,495.7779235839844
52,98,0.0,0.0,0.0
52,99,1664.0,493.0721130371094,489.5426635742188
52,100,870.0,11.765517234802246,494.8643798828125
52,101,931.0,120.7175064086914,260.0762634277344
52,102,1318.0,259.0538635253906,503.4195861816406
52,103,0.0,0.0,0.0
52,104,2801.0,22.15137481689453,195.25704956054688
52,105,843.0,15.065242767333984,280.2052307128906
52,106,0.0,0.0,0.0
52,107,2022.0,59.84025573730469,497.4490661621094
52,108,2755.0,493.7001953125,126.80653381347656
52,109,2785.0,484.8872680664063,187.48797607421875
52,110,360.0,6.099999904632568,461.2861022949219
52,111,4562.0,163.92788696289062,486.86761474609375
52,112,643.0,32.83670425415039,474.59564208984375
52,113,608.0,504.84375,232.5
52,114,3918.0,74.26646423339844,229.05258178710935
52,115,1887.0,98.07154083251952,482.4027404785156
52,116,0.0,0.0,0.0
52,117,1373.0,498.4588623046875,51.254188537597656
52,118,1155.0,14.666666984558104,336.1532592773437
52,119,1410.0,11.744680404663086,140.01702880859375
52,120,439.0,500.5740356445313,455.8246154785156
53,0,0.0,0.0,0.0
53,1,0.0,0.0,0.0
53,2,0.0,0.0,0.0
53,3,0.0,0.0,0.0
53,4,0.0,0.0,0.0
53,5,0.0,0.0,0.0
53,6,0.0,0.0,0.0
53,7,0.0,0.0,0.0
53,8,0.0,0.0,0.0
53,9,0.0,0.0,0.0
53,10,0.0,0.0,0.0
53,11,8519.0,281.67730712890625,41.611572265625
53,12,0.0,0.0,0.0
53,13,3917.0,466.47357177734375,21.88307380676269
53,14,0.0,0.0,0.0
53,15,5596.0,393.5478820800781,38.67959213256836
53,16,0.0,0.0,0.0
53,17,2379.0,47.71248245239258,107.52963256835938
53,18,6258.0,30.88750457763672,46.77532577514648
53,19,2612.0,468.1979370117188,76.43644714355469
53,20,819.0,436.4945068359375,102.14408111572266
53,21,1705.0,196.3173065185547,17.353666305541992
53,22,3397.0,392.9664306640625,97.26818084716795
53,23,8239.0,116.4512710571289,40.15596389770508
53,24,2114.0,341.10028076171875,30.71050071716309
53,25,0.0,0.0,0.0
53,26,0.0,0.0,0.0
53,27,1092.0,77.65933990478516,105.503662109375
53,28,3200.0,189.3181304931641,60.97312545776367
53,29,2262.0,411.4420776367188,142.96109008789062
53,30,594.0,274.6464538574219,124.35521697998048
53,31,7288.0,306.3209533691406,109.32546997070312
53,32,1336.0,57.520957946777344,159.14671325683594
53,33,1188.0,455.5867004394531,122.33501434326172
53,34,631.0,461.1014404296875,149.65451049804688
53,35,2891.0,133.70252990722656,108.9467315673828
53,36,627.0,465.0032043457031,223.6443328857422
53,37,1105.0,357.9809875488281,174.1158447265625
53,38,5027.0,114.85100555419922,153.81201171875
53,39,541.0,480.4935302734375,260.349365234375
53,40,525.0,484.9847717285156,234.4057159423828
53,41,1197.0,87.29239654541016,191.92564392089844
53,42,8236.0,203.4915008544922,138.26165771484375
53,43,10986.0,292.11297607421875,184.8354339599609
53,44,0.0,0.0,0.0
53,45,7543.0,161.8253936767578,225.2095947265625
53,46,4318.0,44.075496673583984,260.1243591308594
53,47,4380.0,415.4842529296875,234.1427001953125
53,48,1320.0,329.1606140136719,239.5
53,49,970.0,240.5453643798828,246.63299560546875
53,50,2881.0,116.58417510986328,300.0305480957031
53,51,253.0,139.36363220214844,269.0790405273437
53,52,726.0,330.1294860839844,274.5137634277344
53,53,3835.0,389.3569641113281,267.80181884765625
53,54,1966.0,186.6108856201172,281.7538146972656
53,55,1418.0,223.55712890625,219.5366668701172
53,56,3475.0,304.97784423828125,302.55712890625
53,57,1429.0,452.45416259765625,281.6941833496094
53,58,2502.0,184.54676818847656,313.1303100585937
53,59,3561.0,263.0053405761719,267.3038330078125
53,60,1987.0,415.7589416503906,319.9521789550781
53,61,4386.0,58.15367126464844,320.1721496582031
53,62,1075.0,134.5720977783203,336.9283752441406
53,63,2988.0,495.1964416503906,403.66064453125
53,64,4943.0,372.9032897949219,322.28240966796875
53,65,1211.0,436.1139526367188,375.2064514160156
53,66,2732.0,84.36493682861328,362.5885925292969
53,67,1275.0,254.8768615722656,375.5537109375
53,68,2596.0,458.6117248535156,335.7758178710937
53,69,907.0,177.412353515625,341.8577880859375
53,70,1529.0,224.87835693359372,336.7567138671875
53,71,0.0,0.0,0.0
53,72,2980.0,464.5446166992188,402.0382690429688
53,73,1378.0,383.1008605957031,375.8737182617188
53,74,1745.0,422.2572937011719,406.4527282714844
53,75,0.0,0.0,0.0
53,76,4395.0,137.9503936767578,426.1983947753906
53,77,6095.0,177.520263671875,379.87744140625
53,78,1742.0,236.4954071044922,416.4638366699219
53,79,11953.0,319.9047241210937,430.40374755859375
53,80,2239.0,417.9781188964844,449.0638732910156
53,81,3778.0,375.5521545410156,474.9205932617188
53,82,1319.0,23.644428253173828,370.280517578125
53,83,662.0,475.5558776855469,471.96527099609375
53,84,3779.0,197.7761383056641,446.6774291992188
53,85,8430.0,51.44662094116211,423.7129211425781
53,86,0.0,0.0,0.0
53,87,56.0,510.2321472167969,342.625
53,88,2514.0,493.1821899414063,305.63604736328125
53,89,1661.0,235.62733459472656,481.7091979980469
53,90,866.0,457.31292724609375,464.5623474121094
53,91,1677.0,299.2069091796875,493.2003479003906
53,92,0.0,0.0,0.0
53,93,400.0,501.4874877929688,262.0050048828125
53,94,4236.0,421.6799011230469,187.39117431640625
53,95,0.0,0.0,0.0
53,96,6402.0,288.7044677734375,345.88018798828125
53,97,2337.0,432.953369140625,496.600341796875
53,98,0.0,0.0,0.0
53,99,1469.0,494.5091857910156,490.4560852050781
53,100,1155.0,15.49004364013672,492.9783630371094
53,101,880.0,118.12272644042967,257.1204528808594
53,102,1096.0,258.81842041015625,504.4060363769531
53,103,0.0,0.0,0.0
53,104,2342.0,21.52305793762207,195.05422973632807
53,105,750.0,15.64799976348877,282.0626525878906
53,106,0.0,0.0,0.0
53,107,1696.0,61.371463775634766,498.6120300292969
53,108,2658.0,494.692626953125,130.9477081298828
53,109,2705.0,483.3815307617188,189.75897216796875
53,110,307.0,5.348534107208252,462.2638549804688
53,111,4454.0,157.39402770996094,489.25482177734375
53,112,553.0,33.837249755859375,473.3996276855469
53,113,612.0,505.3447570800781,230.6911773681641
53,114,3797.0,74.67684936523438,228.33763122558597
53,115,1560.0,90.58525848388672,482.8102416992188
53,116,0.0,0.0,0.0
53,117,1073.0,499.39794921875,55.77912521362305
53,118,1217.0,16.03451156616211,337.8077087402344
53,119,2120.0,17.122169494628906,142.2971649169922
53,120,569.0,499.3532409667969,455.1687316894531
54,0,0.0,0.0,0.0
54,1,0.0,0.0,0.0
54,2,0.0,0.0,0.0
54,3,0.0,0.0,0.0
54,4,0.0,0.0,0.0
54,5,0.0,0.0,0.0
54,6,0.0,0.0,0.0
54,7,0.0,0.0,0.0
54,8,0.0,0.0,0.0
54,9,0.0,0.0,0.0
54,10,0.0,0.0,0.0
54,11,8962.0,282.6647033691406,41.7544059753418
54,12,0.0,0.0,0.0
54,13,4278.0,466.9852600097656,22.845956802368164
54,14,0.0,0.0,0.0
54,15,6743.0,395.4630126953125,46.84443283081055
54,16,0.0,0.0,0.0
54,17,1795.0,49.80445861816406,110.57659912109376
54,18,6772.0,31.31024742126465,51.033817291259766
54,19,2721.0,469.6398315429688,77.61631774902344
54,20,717.0,434.9149169921875,101.58019256591795
54,21,1331.0,201.45379638671875,18.81517601013184
54,22,2234.0,385.0895385742188,104.63428497314452
54,23,8806.0,119.4482192993164,39.74165344238281
54,24,1873.0,343.2776184082031,33.11265182495117
54,25,0.0,0.0,0.0
54,26,0.0,0.0,0.0
54,27,1377.0,80.23892211914062,104.23965454101562
54,28,3671.0,198.97384643554688,62.54889678955078
54,29,1959.0,407.0107116699219,140.48851013183594
54,30,458.0,269.0917053222656,124.02183532714844
54,31,6527.0,310.54052734375,113.25064849853516
54,32,1790.0,55.99944305419922,157.80055236816406
54,33,1316.0,455.263671875,122.23480224609376
54,34,1246.0,452.0826721191406,151.994384765625
54,35,2547.0,134.10679626464844,111.05496978759766
54,36,537.0,470.8081970214844,228.38546752929688
54,37,1055.0,355.91375732421875,172.38009643554688
54,38,5151.0,114.7021942138672,157.17568969726562
54,39,691.0,478.4978332519531,259.11578369140625
54,40,261.0,487.8390808105469,238.9540252685547
54,41,1044.0,89.55651092529297,198.47222900390625
54,42,7827.0,203.5708465576172,134.4941864013672
54,43,11098.0,293.46502685546875,185.92819213867188
54,44,0.0,0.0,0.0
54,45,8206.0,165.6197967529297,224.31756591796875
54,46,4394.0,42.38552474975586,259.3402404785156
54,47,4303.0,412.4894409179688,233.97955322265625
54,48,1160.0,332.09051513671875,240.67413330078125
54,49,1269.0,255.50196838378903,246.0945587158203
54,50,2912.0,115.38220977783205,301.35369873046875
54,51,201.0,140.15423583984375,268.5174255371094
54,52,691.0,331.6396484375,273.4573059082031
54,53,2912.0,385.01751708984375,262.9447021484375
54,54,1419.0,171.0352325439453,280.6102905273437
54,55,1495.0,225.3163909912109,216.7819366455078
54,56,2630.0,300.86083984375,294.4140625
54,57,1429.0,453.4478759765625,281.0566711425781
54,58,2268.0,186.05291748046875,311.23809814453125
54,59,3548.0,255.2040557861328,271.8337097167969
54,60,1983.0,417.5643005371094,310.3202209472656
54,61,4226.0,58.95882797241211,320.3033752441406
54,62,1079.0,138.17794799804688,334.83038330078125
54,63,2201.0,499.9391174316406,399.2830505371094
54,64,5652.0,378.891357421875,323.048828125
54,65,1136.0,437.1549377441406,378.5836181640625
54,66,2894.0,83.0874252319336,363.6769104003906
54,67,1273.0,252.63943481445312,375.2403869628906
54,68,2316.0,457.4766845703125,333.8367919921875
54,69,882.0,181.2244873046875,341.6451110839844
54,70,1517.0,225.4976959228516,331.0889892578125
54,71,0.0,0.0,0.0
54,72,4001.0,469.947265625,400.2184448242188
54,73,993.0,378.9808654785156,371.8449096679688
54,74,2258.0,417.1456909179688,405.5110778808594
54,75,0.0,0.0,0.0
54,76,4140.0,138.42970275878906,426.90435791015625
54,77,6246.0,173.97341918945312,378.4244384765625
54,78,1599.0,240.03814697265625,412.2939453125
54,79,12697.0,322.237548828125,432.119873046875
54,80,2010.0,417.0766296386719,451.7706604003906
54,81,3232.0,377.1905822753906,480.826416015625
54,82,1121.0,19.85459327697754,370.43798828125
54,83,676.0,475.2278137207031,478.3269348144531
54,84,4372.0,197.2875061035156,445.6859436035156
54,85,8382.0,50.69589614868164,423.6595153808594
54,86,0.0,0.0,0.0
54,87,0.0,0.0,0.0
54,88,2476.0,492.5303039550781,306.4224548339844
54,89,1442.0,234.7399444580078,479.96392822265625
54,90,1113.0,456.0161743164063,463.8634338378906
54,91,1390.0,300.3035888671875,493.7791442871094
54,92,0.0,0.0,0.0
54,93,466.0,499.3025817871094,263.2081604003906
54,94,4310.0,420.8211059570313,190.06983947753903
54,95,0.0,0.0,0.0
54,96,7673.0,292.61578369140625,343.8692932128906
54,97,2108.0,434.4402160644531,497.1266479492188
54,98,0.0,0.0,0.0
54,99,1077.0,494.4187622070313,496.0872802734375
54,100,1173.0,15.955669403076172,493.370849609375
54,101,964.0,117.6078872680664,258.279052734375
54,102,1458.0,258.3333435058594,502.62689208984375
54,103,0.0,0.0,0.0
54,104,2002.0,23.55944061279297,198.3871154785156
54,105,588.0,11.556122779846191,281.903076171875
54,106,0.0,0.0,0.0
54,107,1456.0,60.17582321166992,499.3440856933594
54,108,2529.0,495.1099243164063,131.6172332763672
54,109,3063.0,484.8772583007813,193.4730682373047
54,110,315.0,6.317460536956787,462.974609375
54,111,4415.0,154.9168701171875,488.9832458496094
54,112,563.0,33.362342834472656,474.9147338867188
54,113,425.0,505.5882263183594,240.9717712402344
54,114,3643.0,74.40049743652344,232.3527374267578
54,115,1674.0,88.72879028320312,483.8417053222656
54,116,0.0,0.0,0.0
54,117,776.0,500.4613342285156,59.358245849609375
54,118,1380.0,18.29057884216309,338.1174011230469
54,119,2245.0,15.597772598266602,146.3126983642578
54,120,910.0,498.23626708984375,461.0813293457031
55,0,0.0,0.0,0.0
55,1,0.0,0.0,0.0
55,2,0.0,0.0,0.0
55,3,0.0,0.0,0.0
55,4,0.0,0.0,0.0
55,5,0.0,0.0,0.0
55,6,0.0,0.0,0.0
55,7,0.0,0.0,0.0
55,8,0.0,0.0,0.0
55,9,0.0,0.0,0.0
55,10,0.0,0.0,0.0
55,11,8945.0,285.5006103515625,43.87232971191406
55,12,0.0,0.0,0.0
55,13,4448.0,465.7796630859375,23.329360961914062
55,14,0.0,0.0,0.0
55,15,5460.0,396.1642761230469,48.125091552734375
55,16,0.0,0.0,0.0
55,17,2241.0,52.389556884765625,109.19634246826172
55,18,6764.0,32.131282806396484,50.79139709472656
55,19,2692.0,465.3956298828125,77.33395385742188
55,20,654.0,436.3348693847656,100.8883819580078
55,21,1576.0,203.3026580810547,19.60025405883789
55,22,2684.0,386.8770446777344,101.64046478271484
55,23,8703.0,118.9934539794922,39.02148818969727
55,24,2330.0,346.2665100097656,21.675107955932617
55,25,0.0,0.0,0.0
55,26,0.0,0.0,0.0
55,27,1110.0,81.8819808959961,111.59098815917967
55,28,3713.0,199.50767517089844,63.12092590332031
55,29,1814.0,404.4261169433594,142.38589477539062
55,30,549.0,270.91619873046875,123.88706970214844
55,31,6332.0,310.78631591796875,113.5465850830078
55,32,2093.0,64.85713958740234,165.30052185058594
55,33,1092.0,449.6492614746094,119.79212188720705
55,34,1425.0,452.9936828613281,145.5361328125
55,35,2736.0,130.5391082763672,112.71527862548828
55,36,449.0,470.5367431640625,225.32516479492188
55,37,1466.0,355.9317932128906,173.8035430908203
55,38,4736.0,124.03019714355467,158.75759887695312
55,39,692.0,481.0520324707031,262.7182006835937
55,40,381.0,486.20208740234375,241.13124084472656
55,41,833.0,98.19808197021484,201.43577575683597
55,42,7706.0,205.29872131347656,133.14833068847656
55,43,10446.0,294.1053161621094,186.11737060546875
55,44,0.0,0.0,0.0
55,45,8364.0,168.791015625,224.1529235839844
55,46,2929.0,29.243427276611328,250.5998687744141
55,47,4267.0,418.4487915039063,238.41786193847656
55,48,1120.0,331.8598327636719,239.7866058349609
55,49,1433.0,289.2791442871094,251.753662109375
55,50,3641.0,116.07772827148438,299.7250671386719
55,51,172.0,143.77325439453125,266.6104736328125
55,52,877.0,336.9418334960937,267.408203125
55,53,2640.0,389.7943115234375,262.53106689453125
55,54,1086.0,173.1786346435547,280.6427307128906
55,55,2056.0,233.79766845703125,225.5880279541016
55,56,2101.0,307.3921813964844,294.22607421875
55,57,1085.0,455.9419250488281,286.2073669433594
55,58,2193.0,191.2644805908203,312.62652587890625
55,59,2572.0,241.32815551757807,274.748046875
55,60,1866.0,421.4437255859375,309.9480285644531
55,61,3747.0,57.21697235107422,319.7734069824219
55,62,1113.0,139.72866821289062,333.1302795410156
55,63,1806.0,500.9894714355469,402.0730895996094
55,64,6096.0,379.5862731933594,321.0328063964844
55,65,985.0,438.5248718261719,377.4385681152344
55,66,3216.0,80.16387176513672,361.6819152832031
55,67,1351.0,253.23538208007807,375.9407958984375
55,68,1958.0,455.19049072265625,333.2216491699219
55,69,1106.0,180.2585906982422,343.8309326171875
55,70,1397.0,229.0916290283203,328.126708984375
55,71,0.0,0.0,0.0
55,72,4494.0,470.2409973144531,397.2156066894531
55,73,1092.0,375.790283203125,369.1639099121094
55,74,2329.0,415.0519409179688,403.6535034179688
55,75,0.0,0.0,0.0
55,76,5367.0,145.30221557617188,432.2867431640625
55,77,6397.0,171.39862060546875,379.2633972167969
55,78,1549.0,244.8127899169922,408.15234375
55,79,12130.0,322.1278686523437,432.4164733886719
55,80,2186.0,416.0740966796875,450.3801574707031
55,81,3383.0,376.2477111816406,481.6207580566406
55,82,1416.0,20.31709098815918,374.2005615234375
55,83,553.0,475.6130065917969,481.1953125
55,84,3868.0,207.55325317382807,447.719482421875
55,85,8042.0,51.31484603881836,426.3381042480469
55,86,0.0,0.0,0.0
55,87,0.0,0.0,0.0
55,88,2525.0,492.8562316894531,309.92315673828125
55,89,1170.0,240.36154174804688,478.9162292480469
55,90,1208.0,457.1183776855469,464.447021484375
55,91,1040.0,305.48846435546875,494.22308349609375
55,92,0.0,0.0,0.0
55,93,428.0,502.4439392089844,264.62384033203125
55,94,4508.0,421.2774963378906,192.0283966064453
55,95,0.0,0.0,0.0
55,96,8170.0,290.84588623046875,339.134521484375
55,97,2211.0,437.6241455078125,497.7358703613281
55,98,0.0,0.0,0.0
55,99,845.0,497.1810607910156,496.403564453125
55,100,1132.0,16.38515853881836,493.9540710449219
55,101,673.0,123.66419219970705,258.4725036621094
55,102,1887.0,258.9576110839844,500.8595581054688
55,103,0.0,0.0,0.0
55,104,2409.0,27.000415802001957,203.11373901367188
55,105,518.0,10.15830135345459,283.0193176269531
55,106,0.0,0.0,0.0
55,107,976.0,56.08504104614258,503.0163879394531
55,108,2723.0,494.80902099609375,135.14028930664062
55,109,3026.0,482.50628662109375,192.9838104248047
55,110,266.0,5.530075073242188,464.593994140625
55,111,3777.0,159.50384521484375,491.429443359375
55,112,501.0,29.66067886352539,475.670654296875
55,113,407.0,505.4201354980469,239.40786743164065
55,114,5042.0,77.81475830078125,248.9666748046875
55,115,2461.0,85.99349975585938,485.6168212890625
55,116,0.0,0.0,0.0
55,117,1017.0,499.4444580078125,63.401180267333984
55,118,1322.0,19.559757232666016,339.4894104003906
55,119,2708.0,19.22156524658203,148.3323516845703
55,120,1141.0,497.068359375,460.2716979980469
56,0,0.0,0.0,0.0
56,1,0.0,0.0,0.0
56,2,0.0,0.0,0.0
56,3,0.0,0.0,0.0
56,4,0.0,0.0,0.0
56,5,0.0,0.0,0.0
56,6,0.0,0.0,0.0
56,7,0.0,0.0,0.0
56,8,0.0,0.0,0.0
56,9,0.0,0.0,0.0
56,10,0.0,0.0,0.0
56,11,9041.0,289.3313903808594,43.16215133666992
56,12,0.0,0.0,0.0
56,13,4499.0,465.67572021484375,23.34341049194336
56,14,0.0,0.0,0.0
56,15,5188.0,394.9234924316406,49.46549606323242
56,16,0.0,0.0,0.0
56,17,1811.0,53.43180465698242,114.6073989868164
56,18,7244.0,34.10795211791992,53.49848175048828
56,19,2535.0,464.2362976074219,76.0303726196289
56,20,649.0,438.6949157714844,100.93682861328124
56,21,1587.0,205.33143615722656,17.8286075592041
56,22,2692.0,392.0460510253906,103.40861511230467
56,23,8788.0,118.89007568359376,39.21199417114258
56,24,2253.0,352.45050048828125,24.950733184814453
56,25,0.0,0.0,0.0
56,26,0.0,0.0,0.0
56,27,1320.0,83.2242431640625,117.66363525390624
56,28,4043.0,201.0670318603516,62.464012145996094
56,29,1877.0,407.9717712402344,141.40969848632812
56,30,691.0,271.5224304199219,123.7380599975586
56,31,6369.0,312.6346435546875,114.95525360107422
56,32,1464.0,61.714481353759766,168.28346252441406
56,33,894.0,448.03802490234375,119.20358276367188
56,34,1374.0,454.3377075195313,144.7620086669922
56,35,3085.0,134.5452117919922,115.42625427246094
56,36,401.0,469.2369079589844,224.6184539794922
56,37,1534.0,352.5169372558594,172.7770538330078
56,38,4672.0,122.55265045166016,160.62564086914062
56,39,521.0,482.47216796875,264.7984619140625
56,40,376.0,486.60107421875,239.5771331787109
56,41,852.0,97.46244049072266,200.46713256835935
56,42,7435.0,207.6763916015625,133.2462615966797
56,43,10051.0,292.690185546875,186.85752868652344
56,44,0.0,0.0,0.0
56,45,9034.0,173.2073211669922,224.1376953125
56,46,2824.0,31.068696975708008,249.00247192382807
56,47,4536.0,420.1234436035156,239.0950164794922
56,48,1241.0,328.72442626953125,238.91539001464844
56,49,1546.0,289.1778869628906,254.5090484619141
56,50,3962.0,112.596923828125,299.8796081542969
56,51,181.0,142.29833984375,267.77899169921875
56,52,992.0,337.2882995605469,264.445556640625
56,53,2151.0,388.7917175292969,260.19061279296875
56,54,1024.0,175.6455078125,279.580078125
56,55,1352.0,239.73373413085935,226.91567993164065
56,56,1898.0,310.55584716796875,291.89990234375
56,57,1295.0,458.2895812988281,286.7181396484375
56,58,1565.0,179.0581512451172,309.9527282714844
56,59,2089.0,234.75634765625,275.33892822265625
56,60,2180.0,421.6188049316406,313.8279724121094
56,61,3449.0,55.707740783691406,320.4552001953125
56,62,837.0,131.21743774414062,337.34765625
56,63,2032.0,499.8144836425781,399.0728454589844
56,64,5637.0,376.4949340820313,315.9881286621094
56,65,1535.0,438.5804443359375,374.8247680664063
56,66,3188.0,76.88017272949219,362.3243408203125
56,67,1718.0,248.0110626220703,371.81549072265625
56,68,1743.0,453.9173889160156,329.4050598144531
56,69,1580.0,179.05569458007812,342.3436584472656
56,70,2265.0,221.44503784179688,321.8026428222656
56,71,0.0,0.0,0.0
56,72,3991.0,469.0839538574219,398.0791931152344
56,73,1134.0,374.188720703125,369.220458984375
56,74,2464.0,414.7240295410156,404.277587890625
56,75,0.0,0.0,0.0
56,76,5012.0,144.4008331298828,434.388671875
56,77,6189.0,170.01034545898438,380.8930358886719
56,78,1473.0,247.54446411132807,411.2281188964844
56,79,11996.0,324.2892761230469,431.8485412597656
56,80,2073.0,419.2928161621094,453.4780578613281
56,81,3140.0,379.4429931640625,482.0003051757813
56,82,1358.0,19.259204864501957,374.7930908203125
56,83,743.0,480.6150817871094,487.9649963378906
56,84,4232.0,208.31663513183597,446.0725402832031
56,85,8030.0,51.37571716308594,425.9488220214844
56,86,0.0,0.0,0.0
56,87,0.0,0.0,0.0
56,88,2408.0,493.3284912109375,315.2981872558594
56,89,1030.0,236.7718505859375,480.4961242675781
56,90,984.0,455.5599670410156,467.444091796875
56,91,1774.0,304.6589660644531,493.0445251464844
56,92,2.0,424.5,31.0
56,93,590.0,501.4678039550781,267.2203369140625
56,94,4478.0,420.9629211425781,192.5732421875
56,95,0.0,0.0,0.0
56,96,8539.0,292.4790954589844,337.049072265625
56,97,2089.0,439.560546875,498.5950317382813
56,98,0.0,0.0,0.0
56,99,325.0,502.8092346191406,502.821533203125
56,100,1070.0,16.853271484375,496.2691650390625
56,101,705.0,123.2283706665039,257.007080078125
56,102,1695.0,254.9327392578125,501.5923156738281
56,103,0.0,0.0,0.0
56,104,2424.0,27.38077545166016,202.845703125
56,105,1218.0,25.1527099609375,282.4277648925781
56,106,0.0,0.0,0.0
56,107,453.0,49.75496673583984,505.1390686035156
56,108,2871.0,492.595947265625,135.50157165527344
56,109,2955.0,482.4757995605469,193.22775268554688
56,110,173.0,4.468208312988281,464.5028991699219
56,111,3737.0,157.23414611816406,491.5549926757813
56,112,693.0,26.409812927246094,477.9956665039063
56,113,432.0,504.4837951660156,239.70602416992188
56,114,4416.0,82.06453704833984,243.6494598388672
56,115,3014.0,82.44890594482422,485.9124145507813
56,116,0.0,0.0,0.0
56,117,1175.0,498.22894287109375,66.15404510498047
56,118,1384.0,23.76734161376953,338.72760009765625
56,119,2914.0,20.202470779418945,148.06382751464844
56,120,1661.0,493.5936279296875,463.1523132324219
57,0,0.0,0.0,0.0
57,1,0.0,0.0,0.0
57,2,0.0,0.0,0.0
57,3,0.0,0.0,0.0
57,4,0.0,0.0,0.0
57,5,0.0,0.0,0.0
57,6,0.0,0.0,0.0
57,7,0.0,0.0,0.0
57,8,0.0,0.0,0.0
57,9,0.0,0.0,0.0
57,10,0.0,0.0,0.0
57,11,9076.0,290.24041748046875,44.59299087524414
57,12,0.0,0.0,0.0
57,13,4663.0,465.85546875,23.921937942504883
57,14,0.0,0.0,0.0
57,15,4740.0,394.8765869140625,47.679534912109375
57,16,0.0,0.0,0.0
57,17,1740.0,52.35747146606445,115.40574645996094
57,18,7238.0,33.78571319580078,53.3543815612793
57,19,1633.0,452.23638916015625,68.60624694824219
57,20,678.0,440.0663757324219,100.6135711669922
57,21,1656.0,205.386474609375,16.841182708740234
57,22,2896.0,392.3984680175781,101.10289764404295
57,23,8572.0,118.28336334228516,38.7629508972168
57,24,2357.0,352.0920715332031,24.66398048400879
57,25,0.0,0.0,0.0
57,26,0.0,0.0,0.0
57,27,1221.0,81.92301177978516,114.48075103759766
57,28,4292.0,202.71505737304688,62.56197738647461
57,29,1796.0,404.926513671875,140.98497009277344
57,30,721.0,273.0263671875,121.66851806640624
57,31,5906.0,316.16949462890625,116.6938705444336
57,32,1524.0,62.33005142211914,166.55970764160156
57,33,1041.0,449.8434143066406,119.573486328125
57,34,1486.0,447.4643249511719,149.01480102539062
57,35,2934.0,129.90013122558594,115.99250030517578
57,36,339.0,467.9852600097656,218.29498291015625
57,37,1804.0,354.5310363769531,177.2483367919922
57,38,4547.0,121.63602447509766,159.76885986328125
57,39,440.0,479.59771728515625,264.54998779296875
57,40,320.0,482.5437622070313,237.9468688964844
57,41,816.0,96.42156982421876,199.42279052734372
57,42,8211.0,206.39178466796875,131.40530395507812
57,43,9461.0,294.0992431640625,187.02896118164065
57,44,0.0,0.0,0.0
57,45,8980.0,171.07894897460938,222.0057830810547
57,46,3550.0,35.81830978393555,249.8946533203125
57,47,4307.0,420.8428039550781,239.87950134277344
57,48,1143.0,320.9221496582031,238.5266876220703
57,49,1942.0,275.3805236816406,252.7806396484375
57,50,3965.0,117.70466613769533,299.35308837890625
57,51,224.0,147.0892791748047,269.3839416503906
57,52,1021.0,333.8178405761719,263.18902587890625
57,53,1911.0,383.8194580078125,255.7100982666016
57,54,814.0,177.67567443847656,278.20269775390625
57,55,1237.0,237.62489318847656,222.1107482910156
57,56,1563.0,304.46832275390625,283.9187316894531
57,57,996.0,456.22991943359375,283.8433837890625
57,58,1154.0,177.18197631835938,309.1681213378906
57,59,1616.0,227.71534729003903,275.7753601074219
57,60,3385.0,417.864990234375,321.3332214355469
57,61,3618.0,56.184078216552734,319.30487060546875
57,62,805.0,131.9478302001953,337.3851013183594
57,63,2113.0,498.09417724609375,400.6890563964844
57,64,5019.0,371.1860961914063,307.6333923339844
57,65,1553.0,438.80810546875,373.4185485839844
57,66,3683.0,79.57887268066406,364.1897888183594
57,67,1705.0,256.87799072265625,375.2334289550781
57,68,1535.0,454.3250732421875,324.0293273925781
57,69,999.0,179.14915466308594,336.5065002441406
57,70,2497.0,216.08529663085935,315.91510009765625
57,71,0.0,0.0,0.0
57,72,3815.0,467.6658020019531,394.7814025878906
57,73,1680.0,378.6964416503906,372.7815551757813
57,74,2197.0,419.8552551269531,410.1570434570313
57,75,0.0,0.0,0.0
57,76,5683.0,154.55868530273438,431.4962158203125
57,77,6414.0,175.6336212158203,376.1847534179688
57,78,1840.0,245.9646759033203,410.6548767089844
57,79,11873.0,326.67791748046875,431.202392578125
57,80,2127.0,421.5401916503906,459.72308349609375
57,81,3064.0,377.3368225097656,483.26959228515625
57,82,1459.0,19.03152847290039,376.3625793457031
57,83,1057.0,478.7843017578125,495.1419067382813
57,84,3239.0,215.6338348388672,453.74560546875
57,85,8149.0,51.97975158691406,425.7776489257813
57,86,0.0,0.0,0.0
57,87,0.0,0.0,0.0
57,88,2707.0,492.562255859375,315.86737060546875
57,89,1514.0,245.63671875,483.2734375
57,90,1137.0,456.05804443359375,470.2629699707031
57,91,1541.0,309.2978515625,494.6067504882813
57,92,0.0,0.0,0.0
57,93,831.0,498.4259948730469,264.0204467773437
57,94,4338.0,420.867919921875,194.0057678222656
57,95,0.0,0.0,0.0
57,96,9113.0,291.9755249023437,333.09820556640625
57,97,1381.0,428.6567687988281,500.71685791015625
57,98,0.0,0.0,0.0
57,99,361.0,504.65374755859375,499.7257690429688
57,100,1138.0,17.152021408081055,496.1326904296875
57,101,747.0,125.40562438964844,257.34405517578125
57,102,1406.0,254.91465759277344,503.6372680664063
57,103,0.0,0.0,0.0
57,104,2322.0,26.62273979187012,201.7213592529297
57,105,938.0,19.070362091064453,284.6652526855469
57,106,0.0,0.0,0.0
57,107,234.0,46.81623840332031,506.0469970703125
57,108,4076.0,490.1575012207031,126.49779510498048
57,109,2800.0,483.1028442382813,195.82249450683597
57,110,0.0,0.0,0.0
57,111,3991.0,156.02981567382812,489.857421875
57,112,624.0,25.28044891357422,478.6875
57,113,394.0,505.2360534667969,241.40609741210935
57,114,4115.0,82.2369384765625,244.08384704589844
57,115,3464.0,79.82505798339844,485.1922607421875
57,116,0.0,0.0,0.0
57,117,1040.0,497.7144165039063,66.32499694824219
57,118,1281.0,23.84309196472168,339.3419189453125
57,119,2843.0,19.79423141479492,148.2564239501953
57,120,1768.0,492.1176452636719,461.4926452636719
58,0,0.0,0.0,0.0
58,1,0.0,0.0,0.0
58,2,0.0,0.0,0.0
58,3,0.0,0.0,0.0
58,4,0.0,0.0,0.0
58,5,0.0,0.0,0.0
58,6,0.0,0.0,0.0
58,7,0.0,0.0,0.0
58,8,0.0,0.0,0.0
58,9,0.0,0.0,0.0
58,10,0.0,0.0,0.0
58,11,8720.0,294.07489013671875,45.26364517211914
58,12,0.0,0.0,0.0
58,13,4802.0,465.8960876464844,24.68450736999512
58,14,0.0,0.0,0.0
58,15,4689.0,398.3947448730469,48.66773223876953
58,16,0.0,0.0,0.0
58,17,1764.0,58.716552734375,113.17857360839844
58,18,7371.0,33.8282470703125,55.37158966064453
58,19,1428.0,451.3326416015625,71.53711700439453
58,20,570.0,438.7982482910156,103.5368423461914
58,21,1913.0,211.27862548828125,16.655515670776367
58,22,2720.0,391.0330810546875,102.8378677368164
58,23,8748.0,118.7416534423828,38.03498077392578
58,24,2586.0,354.8665771484375,28.23665809631348
58,25,0.0,0.0,0.0
58,26,0.0,0.0,0.0
58,27,2207.0,102.2446746826172,111.5654754638672
58,28,4239.0,205.2540740966797,62.222694396972656
58,29,1499.0,406.4709777832031,140.82388305664062
58,30,941.0,264.65887451171875,131.79595947265625
58,31,6904.0,315.5448913574219,118.55011749267578
58,32,2194.0,67.50865936279297,160.4530487060547
58,33,1064.0,449.97369384765625,122.53853607177734
58,34,1356.0,441.9498596191406,151.9100341796875
58,35,2033.0,144.8504638671875,125.09296417236328
58,36,602.0,463.3870544433594,220.26744079589844
58,37,2269.0,354.7055969238281,178.5332794189453
58,38,3591.0,128.33250427246094,162.65553283691406
58,39,459.0,475.2265930175781,264.771240234375
58,40,433.0,485.0946960449219,236.41339111328125
58,41,1493.0,95.19960021972656,199.84393310546875
58,42,7885.0,204.3353271484375,133.04324340820312
58,43,8729.0,295.1180114746094,189.413330078125
58,44,0.0,0.0,0.0
58,45,8236.0,172.8325653076172,221.9470672607422
58,46,3510.0,36.1253547668457,248.9638214111328
58,47,4289.0,423.6453857421875,242.7043609619141
58,48,1447.0,325.4222412109375,239.67726135253903
58,49,2061.0,270.51092529296875,254.32896423339844
58,50,3771.0,117.53327941894533,300.29937744140625
58,51,256.0,143.71484375,267.06640625
58,52,923.0,333.1549377441406,263.4756164550781
58,53,1668.0,384.7236328125,256.3309326171875
58,54,1148.0,175.64459228515625,278.6324157714844
58,55,1427.0,238.0350341796875,221.83531188964844
58,56,1039.0,305.3320617675781,281.7901916503906
58,57,944.0,458.0709838867188,288.753173828125
58,58,1011.0,175.67755126953125,313.11474609375
58,59,817.0,219.29376220703125,273.29742431640625
58,60,2678.0,421.6564636230469,325.07208251953125
58,61,2905.0,73.37796783447266,322.01171875
58,62,662.0,133.22055053710938,336.782470703125
58,63,1695.0,501.3368835449219,412.3032531738281
58,64,5790.0,373.8958435058594,305.5236511230469
58,65,1565.0,437.7763671875,374.0594177246094
58,66,3684.0,78.10694885253906,365.9486999511719
58,67,1826.0,263.8012084960937,373.9583740234375
58,68,2035.0,459.76708984375,332.2835388183594
58,69,904.0,186.86062622070312,337.05419921875
58,70,2550.0,214.22666931152344,313.18902587890625
58,71,0.0,0.0,0.0
58,72,3972.0,472.7850036621094,398.5470886230469
58,73,1799.0,378.969970703125,371.8682556152344
58,74,2347.0,420.8798522949219,410.5176696777344
58,75,0.0,0.0,0.0
58,76,4143.0,148.9430389404297,428.6055908203125
58,77,6837.0,174.0137481689453,375.1861877441406
58,78,1940.0,245.5494842529297,406.5273132324219
58,79,12028.0,325.5120544433594,431.3653869628906
58,80,2068.0,420.9110107421875,456.9526062011719
58,81,3369.0,381.5995788574219,485.3015747070313
58,82,1340.0,17.905969619750977,375.97015380859375
58,83,988.0,481.7550659179688,495.0657958984375
58,84,4224.0,207.0989532470703,450.1311645507813
58,85,7981.0,52.21501159667969,424.6268615722656
58,86,0.0,0.0,0.0
58,87,0.0,0.0,0.0
58,88,2365.0,493.3792724609375,315.7213439941406
58,89,1678.0,247.4290771484375,482.2032165527344
58,90,1104.0,455.29437255859375,471.7708435058594
58,91,1543.0,314.0939636230469,496.4659729003906
58,92,0.0,0.0,0.0
58,93,985.0,496.7979736328125,266.6609191894531
58,94,3693.0,419.6753234863281,193.2588653564453
58,95,0.0,0.0,0.0
58,96,9588.0,289.8290710449219,326.9069519042969
58,97,1185.0,439.7797546386719,501.26751708984375
58,98,0.0,0.0,0.0
58,99,293.0,506.7781677246094,497.1023864746094
58,100,1140.0,18.014911651611328,496.9368286132813
58,101,760.0,125.5131607055664,258.0644836425781
58,102,1547.0,249.1874542236328,503.0193786621094
58,103,0.0,0.0,0.0
58,104,2319.0,27.827943801879883,202.48599243164065
58,105,766.0,10.1005220413208,283.0456848144531
58,106,0.0,0.0,0.0
58,107,237.0,48.79324722290039,506.5316467285156
58,108,4288.0,488.0335693359375,125.67350769042967
58,109,2886.0,483.4889221191406,195.8447723388672
58,110,0.0,0.0,0.0
58,111,3952.0,154.0258026123047,488.5392150878906
58,112,690.0,22.791303634643555,476.5637817382813
58,113,344.0,505.7441711425781,242.9215087890625
58,114,4268.0,80.32333374023438,249.5367889404297
58,115,3722.0,79.36996459960938,483.67034912109375
58,116,0.0,0.0,0.0
58,117,1109.0,496.9891662597656,68.50135040283203
58,118,2174.0,20.366605758666992,329.8058776855469
58,119,2907.0,20.285518646240234,148.22669982910156
58,120,1515.0,490.3670043945313,464.8963623046875
59,0,0.0,0.0,0.0
59,1,0.0,0.0,0.0
59,2,0.0,0.0,0.0
59,3,0.0,0.0,0.0
59,4,0.0,0.0,0.0
59,5,0.0,0.0,0.0
59,6,0.0,0.0,0.0
59,7,0.0,0.0,0.0
59,8,0.0,0.0,0.0
59,9,0.0,0.0,0.0
59,10,0.0,0.0,0.0
59,11,7728.0,302.9996032714844,49.06780624389648
59,12,0.0,0.0,0.0
59,13,4841.0,465.8110046386719,24.51580238342285
59,14,0.0,0.0,0.0
59,15,3897.0,398.9109497070313,43.75596618652344
59,16,0.0,0.0,0.0
59,17,2168.0,66.36531066894531,113.7809066772461
59,18,7527.0,34.08369827270508,56.37664413452149
59,19,2081.0,455.9259948730469,72.8121109008789
59,20,497.0,440.36419677734375,103.3682098388672
59,21,2857.0,225.5684356689453,17.005250930786133
59,22,3459.0,393.5958251953125,101.15003967285156
59,23,8806.0,119.8214874267578,37.63729095458984
59,24,2563.0,356.5212707519531,28.866952896118164
59,25,0.0,0.0,0.0
59,26,0.0,0.0,0.0
59,27,1796.0,111.1497802734375,109.3652572631836
59,28,4287.0,208.7312774658203,61.81805419921875
59,29,1499.0,413.9212951660156,145.82655334472656
59,30,901.0,268.7391662597656,132.23861694335938
59,31,7247.0,319.8328857421875,121.06375122070312
59,32,2741.0,67.71762084960938,162.2141571044922
59,33,906.0,447.0286865234375,125.23399353027344
59,34,1094.0,445.5530090332031,157.5886688232422
59,35,2439.0,150.15826416015625,133.64903259277344
59,36,776.0,459.375,212.19715881347656
59,37,2588.0,353.8697814941406,178.64991760253906
59,38,3053.0,124.09728240966795,166.7235565185547
59,39,518.0,472.5946044921875,266.1698913574219
59,40,448.0,480.4196472167969,235.8526763916016
59,41,1266.0,102.8728256225586,205.5079040527344
59,42,8181.0,204.20608520507807,130.31842041015625
59,43,7805.0,293.8468933105469,189.9151763916016
59,44,0.0,0.0,0.0
59,45,8196.0,173.4040985107422,221.9205780029297
59,46,3207.0,34.52759552001953,247.6610565185547
59,47,4627.0,423.40435791015625,241.1368103027344
59,48,1377.0,321.7000732421875,238.63543701171875
59,49,1824.0,266.1200561523437,250.42105102539065
59,50,3799.0,119.4585418701172,300.4085388183594
59,51,181.0,147.2209930419922,267.4696044921875
59,52,925.0,324.8475646972656,262.1221618652344
59,53,1781.0,376.5777587890625,252.6906280517578
59,54,1221.0,175.9877166748047,278.087646484375
59,55,1498.0,239.0887908935547,221.2877197265625
59,56,1565.0,300.0063781738281,281.60382080078125
59,57,700.0,455.2628479003906,289.3500061035156
59,58,1106.0,176.37974548339844,313.85986328125
59,59,1174.0,230.768310546875,271.8594665527344
59,60,1016.0,425.6023559570313,345.57183837890625
59,61,3113.0,71.60102844238281,318.25152587890625
59,62,1116.0,141.4561004638672,339.5466003417969
59,63,1999.0,500.67584228515625,407.2116088867188
59,64,7679.0,385.5460205078125,306.1798400878906
59,65,1240.0,439.1935424804688,376.0508117675781
59,66,4201.0,81.59795379638672,366.4425048828125
59,67,1259.0,261.1405944824219,377.6044616699219
59,68,2554.0,463.3296813964844,335.6844177246094
59,69,847.0,184.2550201416016,342.5926818847656
59,70,3426.0,218.53970336914065,317.9845275878906
59,71,0.0,0.0,0.0
59,72,3358.0,469.0604553222656,404.7388305664063
59,73,1606.0,374.95703125,368.5591430664063
59,74,2860.0,416.2884521484375,407.0692443847656
59,75,0.0,0.0,0.0
59,76,3399.0,139.82701110839844,429.1427001953125
59,77,6390.0,180.69248962402344,382.8821716308594
59,78,2013.0,246.5737762451172,409.2677612304688
59,79,11638.0,326.9731140136719,432.76947021484375
59,80,2541.0,425.9720458984375,462.6485595703125
59,81,3783.0,385.1686401367188,489.34759521484375
59,82,1419.0,17.443269729614258,376.9055786132813
59,83,746.0,480.8136596679688,494.1434326171875
59,84,4357.0,209.58297729492188,450.87054443359375
59,85,7321.0,52.18071365356445,423.1368713378906
59,86,0.0,0.0,0.0
59,87,0.0,0.0,0.0
59,88,2427.0,492.6979675292969,313.6386413574219
59,89,1661.0,247.9861602783203,484.2323913574219
59,90,988.0,457.5941162109375,476.7489929199219
59,91,1392.0,312.2284545898437,496.4202575683594
59,92,0.0,0.0,0.0
59,93,1039.0,496.9124145507813,266.1010437011719
59,94,2814.0,416.9957275390625,192.33511352539065
59,95,0.0,0.0,0.0
59,96,9123.0,294.9541931152344,334.4677124023437
59,97,466.0,459.8712463378906,505.2081604003906
59,98,0.0,0.0,0.0
59,99,427.0,504.2060852050781,497.2622985839844
59,100,772.0,18.26943016052246,501.9352416992188
59,101,463.0,131.19223022460938,263.619873046875
59,102,1452.0,247.703857421875,503.4938049316406
59,103,0.0,0.0,0.0
59,104,2141.0,24.363847732543945,202.07473754882807
59,105,791.0,9.74968433380127,282.6068420410156
59,106,0.0,0.0,0.0
59,107,0.0,0.0,0.0
59,108,4227.0,486.4551696777344,130.96475219726562
59,109,2612.0,486.4709167480469,198.0635528564453
59,110,0.0,0.0,0.0
59,111,4150.0,153.72386169433594,486.5672302246094
59,112,1513.0,23.838069915771484,481.2511596679688
59,113,400.0,505.0425109863281,242.3950042724609
59,114,4795.0,81.06047821044922,245.7159576416016
59,115,3962.0,79.58480834960938,482.8235778808594
59,116,0.0,0.0,0.0
59,117,1032.0,499.36822509765625,70.7005844116211
59,118,2223.0,22.190282821655277,329.45074462890625
59,119,2728.0,19.15139389038086,146.7005157470703
59,120,1515.0,489.4396057128906,463.9907531738281
