frame,label,area,centroid_x,centroid_y
0,0,2440,30.24876976,21.02090073
0,1,114,55.88596344,4.517543793
0,2,4564,40.95902634,73.56069183
0,3,1511,142.1105194,9.919920921
0,4,0,0.0,0.0
0,5,3176,225.5538483,40.60925674
0,6,2989,287.7601318,27.13248634
0,7,2830,329.3791504,35.58763123
0,8,3321,371.8861694,64.24992371
0,9,1640,418.805481,18.72012138
0,10,2579,460.1721497,27.06863213
0,11,1172,498.8489685,22.73549461
0,12,2998,170.080719,48.80887222
0,13,2621,248.9622345,73.87256622
0,14,2759,419.4284058,76.75063324
0,15,1281,498.5566101,69.0
0,16,2529,107.4835892,82.4942627
0,17,5625,293.4309387,109.8101349
0,18,1855,193.4447479,100.7450104
0,19,1935,154.4206696,103.6201553
0,20,2808,471.8094788,85.61859131
0,21,4386,362.9364014,132.8068848
0,22,2632,224.0771332,126.9065323
0,23,2899,36.82338715,126.030014
0,24,3542,101.9898376,131.1928253
0,25,1275,493.8141174,129.3215637
0,26,1276,11.33150482,155.4224091
0,27,3791,163.2015228,157.511734
0,28,4508,311.0346069,174.6927643
0,29,10179,430.3791199,164.0618896
0,30,4421,240.1456757,184.6186371
0,31,3042,57.14431381,176.8067017
0,32,4678,107.2958527,203.6314697
0,33,4293,186.6794739,216.5397186
0,34,3928,356.9544373,217.573822
0,35,603,10.50082874,193.2786102
0,36,3529,27.0379715,233.1323395
0,37,3765,279.2879028,233.0690613
0,38,1854,457.766449,236.642395
0,39,3878,409.5729675,262.4494629
0,40,3634,221.6774902,275.3783569
0,41,4835,293.8897705,281.7940063
0,42,4437,164.1070557,284.8257751
0,43,3529,362.9407654,287.5080872
0,44,5203,93.10263062,309.3974609
0,45,4213,24.13671875,310.7828064
0,46,3004,446.6651001,323.4800415
0,47,1849,489.3693848,321.3607483
0,48,3901,336.5931702,343.1022949
0,49,2628,398.3782349,335.9916382
0,50,4178,144.968399,350.0265808
0,51,4667,263.4197693,340.2864685
0,52,3093,203.4713898,349.9582825
0,53,6817,56.14625168,379.2283936
0,54,954,502.4549255,363.0796509
0,55,2936,473.9233704,384.0166931
0,56,2534,422.0722046,382.021698
0,57,4453,285.6550598,397.4430847
0,58,6795,362.2728577,414.3592224
0,59,3038,176.4091492,408.0180969
0,60,3477,225.8895569,417.7207336
0,61,2874,123.6043854,413.125946
0,62,586,502.5,411.6399231
0,63,1816,10.37114525,438.6960449
0,64,5248,425.7536316,445.8751831
0,65,5073,310.1184692,474.1007385
0,66,3461,163.6093597,458.2996216
0,67,3435,448.6876221,491.2392883
0,68,1968,366.8257141,493.4629211
0,69,2087,85.35553741,461.0474243
0,70,2330,208.3579407,491.1274719
0,71,1810,146.0414429,496.8088379
0,72,2992,492.5237427,460.848938
0,73,1731,373.3477783,21.22356987
0,74,3236,479.4153137,272.7988281
0,75,3459,255.4379883,469.6010437
0,76,5208,43.58256531,460.8022156
0,77,2220,93.6752243,492.7734375
0,78,284,3.404929638,53.00352097
0,79,0,0.0,0.0
0,80,1817,495.0632935,217.2537079
0,81,0,0.0,0.0
0,82,1456,496.0947876,168.4931335
0,83,0,0.0,0.0
0,84,0,0.0,0.0
0,85,2516,69.93362427,258.3708191
0,86,0,0.0,0.0
0,87,0,0.0,0.0
0,88,0,0.0,0.0
0,89,0,0.0,0.0
0,90,1186,212.8128204,8.374367714
0,91,0,0.0,0.0
0,92,0,0.0,0.0
0,93,0,0.0,0.0
0,94,0,0.0,0.0
0,95,0,0.0,0.0
0,96,0,0.0,0.0
0,97,0,0.0,0.0
0,98,0,0.0,0.0
0,99,0,0.0,0.0
0,100,0,0.0,0.0
0,101,0,0.0,0.0
0,102,0,0.0,0.0
0,103,0,0.0,0.0
0,104,0,0.0,0.0
0,105,0,0.0,0.0
0,106,0,0.0,0.0
0,107,0,0.0,0.0
0,108,0,0.0,0.0
0,109,0,0.0,0.0
0,110,0,0.0,0.0
0,111,0,0.0,0.0
0,112,0,0.0,0.0
0,113,4189,102.4974899,32.97445679
0,114,0,0.0,0.0
0,115,0,0.0,0.0
0,116,0,0.0,0.0
0,117,0,0.0,0.0
0,118,0,0.0,0.0
0,119,0,0.0,0.0
0,120,0,0.0,0.0
0,121,0,0.0,0.0
0,122,0,0.0,0.0
0,123,0,0.0,0.0
0,124,0,0.0,0.0
0,125,0,0.0,0.0
0,126,0,0.0,0.0
0,127,0,0.0,0.0
0,128,0,0.0,0.0
0,129,0,0.0,0.0
0,130,0,0.0,0.0
0,131,0,0.0,0.0
0,132,0,0.0,0.0
0,133,1761,130.4906311,241.4406586
1,0,2312,30.01297569,20.56271553
1,1,260,58.65000153,6.084615231
1,2,4782,39.21183777,74.26055908
1,3,1608,138.9527435,10.42475128
1,4,0,0.0,0.0
1,5,3086,223.1824341,42.15424347
1,6,3131,286.196106,27.5365696
1,7,2923,328.9117432,36.46048737
1,8,3561,370.6767883,65.23336029
1,9,1668,417.9034729,19.75479698
1,10,2352,456.1543274,27.4430275
1,11,1687,496.5518799,26.40960312
1,12,2967,168.274353,48.5358963
1,13,2689,247.0788422,75.29676819
1,14,3076,415.4892578,82.70285797
1,15,1260,497.084137,77.25952148
1,16,2605,106.0475998,83.19654846
1,17,5689,291.9135132,110.5312042
1,18,1926,192.2289734,103.0368652
1,19,2078,152.9003906,104.3796921
1,20,2956,467.7642212,84.85690308
1,21,4224,359.502594,134.6579132
1,22,2404,222.9762878,127.5291214
1,23,2753,34.02470016,128.4827423
1,24,3388,98.95896912,130.945694
1,25,1361,490.9691467,129.9500427
1,26,795,8.642766953,154.0943451
1,27,3654,162.322113,157.5621185
1,28,4322,309.3493652,176.4928284
1,29,9831,428.9839172,170.6089935
1,30,4751,238.0404053,185.8791809
1,31,3246,53.93376541,176.3937225
1,32,4708,105.673111,202.1792755
1,33,4157,184.1808929,217.5419769
1,34,4119,354.9395447,219.1206665
1,35,371,8.148247719,186.0700836
1,36,3655,23.98522568,232.1671753
1,37,3767,277.291748,234.0557404
1,38,1465,455.0150146,246.3924866
1,39,3715,406.8686523,262.5402527
1,40,3452,220.1894531,275.2459412
1,41,4710,292.6762085,283.0481873
1,42,4297,164.1603394,285.389801
1,43,3557,363.0576477,289.4264832
1,44,5390,93.70983124,309.3467407
1,45,3861,25.21471214,307.9282532
1,46,3006,442.8772583,322.8915405
1,47,1760,486.7374878,322.0568237
1,48,3931,337.0511169,344.8962097
1,49,2405,395.9821167,339.4873047
1,50,4175,143.918808,351.0701904
1,51,4134,266.7438354,339.3911438
1,52,3612,207.1384277,348.3358154
1,53,6858,53.90945053,377.7271729
1,54,1112,500.7383118,361.8219299
1,55,2964,471.3056641,383.3970947
1,56,2370,421.4683533,380.0443115
1,57,4969,289.2247925,396.7099915
1,58,5922,364.1469116,416.3770752
1,59,2307,171.8465576,404.5153809
1,60,4298,220.1921844,418.7501221
1,61,3122,124.0358734,414.2684326
1,62,683,502.5329285,409.7261963
1,63,2125,12.14305878,442.4301147
1,64,5098,425.3517151,443.5916138
1,65,4800,308.7120972,472.9845886
1,66,2301,163.3737488,455.696228
1,67,3490,449.7260742,490.9237671
1,68,2530,367.2071228,490.9766846
1,69,2394,93.44736481,453.7314148
1,70,2791,205.4672089,487.4607544
1,71,2123,143.9651489,493.2529297
1,72,3028,492.0838928,459.0419312
1,73,1592,374.8605652,19.51758766
1,74,3277,479.8861694,275.6335144
1,75,3516,256.2147217,470.7662048
1,76,4984,42.99317932,463.0128479
1,77,2050,91.01073456,494.1102295
1,78,255,3.337255001,50.47451019
1,79,0,0.0,0.0
1,80,2141,492.5618896,216.6936035
1,81,0,0.0,0.0
1,82,1768,493.4836121,167.6233063
1,83,0,0.0,0.0
1,84,0,0.0,0.0
1,85,2478,67.88861847,256.1997681
1,86,0,0.0,0.0
1,87,0,0.0,0.0
1,88,0,0.0,0.0
1,89,0,0.0,0.0
1,90,1294,211.1561127,9.413446426
1,91,0,0.0,0.0
1,92,0,0.0,0.0
1,93,0,0.0,0.0
1,94,0,0.0,0.0
1,95,0,0.0,0.0
1,96,0,0.0,0.0
1,97,0,0.0,0.0
1,98,0,0.0,0.0
1,99,0,0.0,0.0
1,100,0,0.0,0.0
1,101,0,0.0,0.0
1,102,0,0.0,0.0
1,103,0,0.0,0.0
1,104,0,0.0,0.0
1,105,0,0.0,0.0
1,106,0,0.0,0.0
1,107,0,0.0,0.0
1,108,0,0.0,0.0
1,109,0,0.0,0.0
1,110,0,0.0,0.0
1,111,0,0.0,0.0
1,112,0,0.0,0.0
1,113,3918,101.8274612,34.46886063
1,114,0,0.0,0.0
1,115,0,0.0,0.0
1,116,0,0.0,0.0
1,117,0,0.0,0.0
1,118,0,0.0,0.0
1,119,0,0.0,0.0
1,120,0,0.0,0.0
1,121,0,0.0,0.0
1,122,0,0.0,0.0
1,123,0,0.0,0.0
1,124,0,0.0,0.0
1,125,0,0.0,0.0
1,126,0,0.0,0.0
1,127,0,0.0,0.0
1,128,0,0.0,0.0
1,129,0,0.0,0.0
1,130,0,0.0,0.0
1,131,0,0.0,0.0
1,132,0,0.0,0.0
1,133,1994,127.9834518,241.3746185
2,0,2316,29.35449028,21.79490471
2,1,396,57.46717072,6.946969509
2,2,4626,38.28382874,74.62754059
2,3,1793,134.9057465,11.139431
2,4,0,0.0,0.0
2,5,3274,220.1472168,42.70891953
2,6,3233,283.4834595,28.45375824
2,7,3073,327.952179,35.85974503
2,8,2967,367.592865,71.63127899
2,9,1775,415.3729553,21.35042191
2,10,2338,451.5089722,28.62660408
2,11,1794,495.1884155,25.37625504
2,12,2831,164.9293518,49.18685913
2,13,2467,243.0879669,77.3092804
2,14,3094,413.0245667,87.80769348
2,15,1515,495.1966858,83.53927612
2,16,2567,102.3178787,84.46396637
2,17,5937,289.6243896,110.5896912
2,18,2022,189.9752655,103.7952499
2,19,2177,150.4983978,105.3665619
2,20,3206,464.85495,83.29351044
2,21,4394,357.208252,136.0748749
2,22,2474,221.4417877,129.1443024
2,23,2690,31.90111542,128.7866211
2,24,3552,97.34881592,133.1064148
2,25,1877,485.6334534,134.4560394
2,26,563,6.703374863,155.4706879
2,27,3724,157.6165466,160.7508087
2,28,4451,308.0375061,177.2469177
2,29,8453,421.8613586,172.4763947
2,30,4782,234.1187744,187.7041016
2,31,3446,48.6253624,176.6456757
2,32,4734,98.5014801,206.8219299
2,33,4053,180.3200073,218.517395
2,34,3663,350.5036926,223.6363678
2,35,473,7.824524403,193.7441864
2,36,2641,21.97841644,232.0280151
2,37,3911,276.2692261,234.8097687
2,38,2766,450.8279114,253.5260315
2,39,4070,404.3579712,265.8511047
2,40,3601,216.8819733,275.0458069
2,41,4789,291.1108704,285.6517029
2,42,4274,160.1593323,286.6932678
2,43,3556,360.9550171,291.0753784
2,44,3899,93.77071381,312.4888306
2,45,4060,26.44433403,306.6507263
2,46,2792,443.0171814,328.48172
2,47,1802,487.9827881,323.8812561
2,48,3751,337.5387878,347.178894
2,49,2808,396.4679565,344.3956604
2,50,4112,140.7590027,351.0119019
2,51,4100,264.2185364,339.6582947
2,52,4107,207.57901,352.743866
2,53,6963,53.27100372,375.3426819
2,54,1052,500.8612061,362.2442932
2,55,3219,470.3696899,385.923584
2,56,2383,416.0285339,387.5795288
2,57,5092,288.3898315,396.4261475
2,58,5234,359.6228638,420.7858276
2,59,2340,169.6991425,402.7837524
2,60,4078,219.0716095,423.8366699
2,61,3326,125.9353561,416.9491882
2,62,666,502.2792664,410.2177124
2,63,1834,10.44165802,440.6106873
2,64,4640,422.8810425,443.4312439
2,65,4734,308.3248901,472.1079407
2,66,2321,165.7669067,460.6195679
2,67,3455,447.980896,489.0043335
2,68,2672,367.692749,491.3832397
2,69,2481,89.95324707,446.6469116
2,70,2722,204.9154968,489.3523254
2,71,2019,138.1193695,495.677063
2,72,3224,491.6011047,461.4795227
2,73,2055,376.9785767,24.9980526
2,74,2642,485.8981934,276.6540527
2,75,3272,256.1821594,473.8795776
2,76,4603,37.53095627,463.5870056
2,77,2637,87.85362244,485.7982483
2,78,249,3.47389555,50.04016113
2,79,0,0.0,0.0
2,80,2221,492.7104797,220.3831635
2,81,0,0.0,0.0
2,82,2183,487.8960266,172.7086639
2,83,0,0.0,0.0
2,84,0,0.0,0.0
2,85,3148,66.25286102,261.2261658
2,86,0,0.0,0.0
2,87,0,0.0,0.0
2,88,0,0.0,0.0
2,89,0,0.0,0.0
2,90,1312,208.0480194,9.416158676
2,91,0,0.0,0.0
2,92,0,0.0,0.0
2,93,0,0.0,0.0
2,94,0,0.0,0.0
2,95,0,0.0,0.0
2,96,0,0.0,0.0
2,97,0,0.0,0.0
2,98,0,0.0,0.0
2,99,0,0.0,0.0
2,100,0,0.0,0.0
2,101,0,0.0,0.0
2,102,0,0.0,0.0
2,103,0,0.0,0.0
2,104,0,0.0,0.0
2,105,0,0.0,0.0
2,106,0,0.0,0.0
2,107,0,0.0,0.0
2,108,0,0.0,0.0
2,109,0,0.0,0.0
2,110,0,0.0,0.0
2,111,0,0.0,0.0
2,112,0,0.0,0.0
2,113,3627,101.1086273,36.20512772
2,114,0,0.0,0.0
2,115,0,0.0,0.0
2,116,0,0.0,0.0
2,117,0,0.0,0.0
2,118,0,0.0,0.0
2,119,0,0.0,0.0
2,120,0,0.0,0.0
2,121,0,0.0,0.0
2,122,0,0.0,0.0
2,123,0,0.0,0.0
2,124,0,0.0,0.0
2,125,0,0.0,0.0
2,126,0,0.0,0.0
2,127,0,0.0,0.0
2,128,0,0.0,0.0
2,129,0,0.0,0.0
2,130,0,0.0,0.0
2,131,0,0.0,0.0
2,132,0,0.0,0.0
2,133,1971,124.806694,246.2080231
3,0,2467,28.39035225,23.87798882
3,1,395,55.42025375,5.658227921
3,2,4130,37.2341423,75.96973419
3,3,2589,129.7562714,16.83816147
3,4,0,0.0,0.0
3,5,3010,217.637207,43.7990036
3,6,3089,280.1994324,27.99838066
3,7,3497,326.6717224,35.5893631
3,8,3192,368.0560913,68.68296051
3,9,2006,414.1365967,21.67597198
3,10,2342,451.2199097,30.35311699
3,11,1874,494.0,24.78868675
3,12,2825,161.9157562,51.18478012
3,13,2617,239.5674438,77.02368927
3,14,3028,410.5244446,90.5201416
3,15,1567,496.6764526,83.39310455
3,16,2709,98.35659027,85.25765991
3,17,6072,286.8842163,110.8600159
3,18,1950,186.5230713,105.4117966
3,19,2428,146.4979401,106.9126816
3,20,3244,463.1593628,84.02127075
3,21,4647,354.7843628,137.881424
3,22,2619,217.1111145,131.8403931
3,23,2754,28.24073982,130.9491577
3,24,3628,92.62734222,135.1295471
3,25,1870,485.8267517,134.1620331
3,26,427,6.173302174,162.9250641
3,27,3360,154.7488098,161.5005951
3,28,4297,306.1023865,177.9697418
3,29,8115,417.6062927,170.9733887
3,30,4769,233.6674347,188.5976105
3,31,3171,46.18259048,179.0712738
3,32,4731,96.58169556,206.6009369
3,33,4243,178.6424713,218.1586151
3,34,3718,348.2985535,228.9488983
3,35,386,7.904145241,194.5077667
3,36,3360,25.24404716,237.7419586
3,37,3933,275.6529236,235.2789154
3,38,3777,448.8451233,247.3685455
3,39,3973,401.7309265,268.9255066
3,40,3531,216.1747437,276.3401184
3,41,4681,288.4428406,287.3798218
3,42,4278,160.5180054,287.1030884
3,43,3363,358.8382263,295.367218
3,44,3649,91.9161377,315.046875
3,45,3467,25.99913406,304.2315979
3,46,2567,439.2921753,329.6731567
3,47,2043,484.869812,326.9075012
3,48,3799,336.1242371,348.6251526
3,49,2773,393.7078857,346.8986511
3,50,4303,139.1863861,351.7557373
3,51,3900,262.957428,340.7379456
3,52,4035,205.3786926,352.3045959
3,53,7436,49.40787888,374.7015991
3,54,1171,500.0888062,366.0674744
3,55,3249,467.9713745,388.2985535
3,56,2529,414.7093811,389.1866455
3,57,5070,287.3905334,396.4477234
3,58,4787,358.1455994,422.1884155
3,59,1998,169.6846771,402.3908997
3,60,3913,217.1517944,421.2415161
3,61,3293,124.9356232,416.7418823
3,62,1489,499.0053711,425.9388733
3,63,1411,9.501063347,442.7384949
3,64,4482,420.0243225,444.8725891
3,65,4502,307.9475708,472.1321716
3,66,2972,158.8650665,461.5154724
3,67,2578,439.1268311,495.0077515
3,68,2724,365.4320984,490.7037354
3,69,2842,86.58691406,444.5482178
3,70,2858,205.1497498,488.1581421
3,71,1781,137.5429535,498.2290955
3,72,3371,483.1109314,471.0474548
3,73,1542,375.88974,22.80933762
3,74,2503,485.5992737,279.5673218
3,75,3655,256.8257141,470.8615723
3,76,4334,34.37932587,464.894104
3,77,2384,81.48616028,491.1522522
3,78,263,3.247148275,51.80988693
3,79,65,510.6769104,287.8923035
3,80,2247,493.138855,224.3551331
3,81,0,0.0,0.0
3,82,2387,485.6225281,174.1005402
3,83,0,0.0,0.0
3,84,0,0.0,0.0
3,85,2676,74.15246582,265.0953064
3,86,0,0.0,0.0
3,87,0,0.0,0.0
3,88,0,0.0,0.0
3,89,0,0.0,0.0
3,90,1554,205.4202118,11.17117119
3,91,0,0.0,0.0
3,92,0,0.0,0.0
3,93,0,0.0,0.0
3,94,0,0.0,0.0
3,95,0,0.0,0.0
3,96,0,0.0,0.0
3,97,0,0.0,0.0
3,98,0,0.0,0.0
3,99,0,0.0,0.0
3,100,0,0.0,0.0
3,101,0,0.0,0.0
3,102,0,0.0,0.0
3,103,0,0.0,0.0
3,104,0,0.0,0.0
3,105,0,0.0,0.0
3,106,0,0.0,0.0
3,107,0,0.0,0.0
3,108,0,0.0,0.0
3,109,0,0.0,0.0
3,110,0,0.0,0.0
3,111,0,0.0,0.0
3,112,0,0.0,0.0
3,113,2801,91.80113983,37.725811
3,114,0,0.0,0.0
3,115,0,0.0,0.0
3,116,0,0.0,0.0
3,117,0,0.0,0.0
3,118,0,0.0,0.0
3,119,0,0.0,0.0
3,120,0,0.0,0.0
3,121,0,0.0,0.0
3,122,0,0.0,0.0
3,123,0,0.0,0.0
3,124,0,0.0,0.0
3,125,0,0.0,0.0
3,126,0,0.0,0.0
3,127,0,0.0,0.0
3,128,0,0.0,0.0
3,129,0,0.0,0.0
3,130,0,0.0,0.0
3,131,0,0.0,0.0
3,132,0,0.0,0.0
3,133,2079,124.0634918,248.7335205
4,0,2399,25.53980827,27.30012512
4,1,718,54.08217239,7.502785683
4,2,3761,35.61659241,79.04200745
4,3,2632,127.5984039,15.77165699
4,4,0,0.0,0.0
4,5,3141,215.5460052,45.81279755
4,6,3077,277.3870544,28.70100784
4,7,3740,324.6925049,35.93582916
4,8,3572,366.5688782,69.89529419
4,9,1885,412.3649902,21.95755959
4,10,2438,449.9130554,29.82157516
4,11,2101,493.3788757,27.10804367
4,12,3121,157.4988861,53.49279022
4,13,2545,236.8624725,80.25894165
4,14,3143,407.6916809,94.64047241
4,15,1715,494.8752136,83.79766846
4,16,2443,93.52845001,87.51002502
4,17,6136,284.8502197,111.1572723
4,18,2062,184.1537323,108.1610107
4,19,2564,142.3112335,109.6103745
4,20,3170,456.6000061,85.32208252
4,21,4402,351.2476196,141.302597
4,22,2471,215.7150879,134.5022278
4,23,2725,27.59779739,132.5541229
4,24,3466,90.348526,136.4365234
4,25,2470,481.4133606,137.524292
4,26,166,3.0,160.5783081
4,27,3319,152.5218506,163.8496552
4,28,4523,303.0870972,181.8255615
4,29,7856,414.4338074,174.3234406
4,30,4917,231.423233,191.4466095
4,31,3716,38.88563156,182.3869781
4,32,5202,88.22356415,209.1203308
4,33,4221,175.3328552,219.7652283
4,34,3771,346.4526672,231.1954346
4,35,291,5.938144207,196.2199249
4,36,3193,19.53053474,258.0673218
4,37,3816,272.8406677,239.5951233
4,38,3051,447.4064331,234.4251099
4,39,4108,399.8595276,271.4685974
4,40,3619,213.5156097,278.2486877
4,41,4638,287.6181641,291.0187683
4,42,4245,157.2306213,289.1366272
4,43,3311,357.4479065,299.1434631
4,44,3350,90.1268692,317.1274719
4,45,2245,27.56436539,313.4708252
4,46,2927,431.2616882,333.4164734
4,47,2304,484.6888123,329.1896667
4,48,3575,336.6839294,350.8780518
4,49,2191,390.0534058,354.4189758
4,50,4231,138.1503143,354.0292969
4,51,3760,260.4143677,341.2430725
4,52,3826,203.569519,352.1061096
4,53,7074,49.39482498,373.043396
4,54,1237,500.9126892,374.9490662
4,55,3488,466.0481567,390.595459
4,56,2505,414.0075989,394.069458
4,57,5002,286.0149841,395.4832153
4,58,4731,356.4295044,421.9748535
4,59,2352,173.207901,403.9353638
4,60,3645,220.8299103,421.4554138
4,61,3172,124.3250351,416.8187256
4,62,1861,497.1402588,437.26651
4,63,1432,7.84636879,437.3631287
4,64,3957,416.5302124,447.1642761
4,65,4361,307.0557251,472.1866455
4,66,3549,157.0535431,465.2938843
4,67,2314,434.7121887,495.4757996
4,68,2866,364.2738953,489.9881287
4,69,3344,80.21321869,442.3851624
4,70,3280,204.085968,487.427124
4,71,1149,124.9765015,499.0696106
4,72,3202,478.796051,475.6571045
4,73,1438,376.3831787,21.94088936
4,74,3096,468.3924561,282.9741516
4,75,3479,258.3647461,470.1566467
4,76,4257,31.72280884,468.2064819
4,77,2202,86.35785675,488.5758362
4,78,232,4.491379261,52.03879166
4,79,545,504.5926514,286.4385376
4,80,2552,493.0368347,224.3585358
4,81,1,0.0,0.0
4,82,1930,488.0238342,174.7875671
4,83,0,0.0,0.0
4,84,0,0.0,0.0
4,85,2995,72.32821655,267.1442261
4,86,0,0.0,0.0
4,87,0,0.0,0.0
4,88,0,0.0,0.0
4,89,0,0.0,0.0
4,90,1614,204.9907074,11.47955418
4,91,0,0.0,0.0
4,92,0,0.0,0.0
4,93,0,0.0,0.0
4,94,0,0.0,0.0
4,95,0,0.0,0.0
4,96,0,0.0,0.0
4,97,0,0.0,0.0
4,98,0,0.0,0.0
4,99,0,0.0,0.0
4,100,0,0.0,0.0
4,101,0,0.0,0.0
4,102,0,0.0,0.0
4,103,0,0.0,0.0
4,104,0,0.0,0.0
4,105,0,0.0,0.0
4,106,0,0.0,0.0
4,107,0,0.0,0.0
4,108,0,0.0,0.0
4,109,0,0.0,0.0
4,110,0,0.0,0.0
4,111,0,0.0,0.0
4,112,0,0.0,0.0
4,113,2884,90.16365814,41.15950012
4,114,0,0.0,0.0
4,115,0,0.0,0.0
4,116,0,0.0,0.0
4,117,0,0.0,0.0
4,118,0,0.0,0.0
4,119,0,0.0,0.0
4,120,0,0.0,0.0
4,121,0,0.0,0.0
4,122,0,0.0,0.0
4,123,0,0.0,0.0
4,124,0,0.0,0.0
4,125,0,0.0,0.0
4,126,0,0.0,0.0
4,127,0,0.0,0.0
4,128,0,0.0,0.0
4,129,0,0.0,0.0
4,130,0,0.0,0.0
4,131,0,0.0,0.0
4,132,0,0.0,0.0
4,133,2129,121.2564621,250.2465973
5,0,2360,22.19618607,28.98474503
5,1,889,53.80089951,8.86276722
5,2,3437,32.31917191,79.19406128
5,3,2893,126.0172806,17.75146866
5,4,0,0.0,0.0
5,5,3196,213.3416748,47.51251602
5,6,3144,273.6844788,30.83524132
5,7,4111,321.7375183,38.89637375
5,8,3801,370.1099854,66.55011749
5,9,1933,411.894989,24.03310966
5,10,2454,450.059906,31.35452271
5,11,2249,492.4704285,27.02312088
5,12,3274,152.5048828,56.09163284
5,13,2515,235.5387726,82.90775299
5,14,3022,405.6148376,97.27134705
5,15,1976,493.9033508,87.33805847
5,16,2462,88.69780731,88.93501282
5,17,6055,282.7065125,114.3397217
5,18,2158,182.3651581,109.0519028
5,19,2714,139.5924835,111.7711868
5,20,3225,453.6669617,86.62945557
5,21,4508,346.9443359,142.398407
5,22,2371,211.7524261,136.5221405
5,23,2667,27.33220863,134.0307465
5,24,3430,86.66034698,136.221283
5,25,2264,476.6298523,139.8701477
5,26,84,2.833333254,157.7857208
5,27,3196,148.0688324,165.6680298
5,28,4260,298.211731,184.7326355
5,29,7878,411.4404602,176.0102844
5,30,4865,228.8444061,191.7393646
5,31,3954,35.58573532,184.6891785
5,32,4903,87.48113251,210.3422394
5,33,4292,173.2322998,220.2558289
5,34,3908,346.0767517,230.9992371
5,35,157,2.866241932,198.5987244
5,36,3056,18.70549774,259.3052979
5,37,4052,273.15448,242.2815857
5,38,2831,446.3627625,236.5552826
5,39,4157,399.4467163,273.4354248
5,40,3831,210.8037109,279.1250305
5,41,4426,285.3163147,294.0666504
5,42,4045,155.0623016,289.7955627
5,43,3693,356.5819092,304.9807739
5,44,3061,88.6664505,317.2505798
5,45,2059,26.82030106,314.9436646
5,46,2901,425.2943726,337.589447
5,47,2483,483.4937439,330.4478455
5,48,3163,333.3370361,351.8033447
5,49,1795,386.164917,360.2105713
5,50,4435,135.8083496,353.5109253
5,51,3563,258.7502136,341.881012
5,52,3667,203.7829285,352.5312195
5,53,6641,48.70923233,371.4213257
5,54,1293,499.9273071,377.3959656
5,55,3390,466.426239,391.8336182
5,56,3932,417.4208984,405.9206543
5,57,5136,286.0545044,394.9815063
5,58,4645,356.1509094,423.3263855
5,59,2520,172.30159,402.5837402
5,60,3634,220.1585083,421.657959
5,61,3238,122.7004318,416.3693542
5,62,1366,500.2635498,436.0365906
5,63,1380,8.067391396,429.4818726
5,64,2583,411.6565857,457.6101379
5,65,4187,306.7819519,470.7812195
5,66,3785,154.537384,468.1727905
5,67,2278,430.117218,495.3362732
5,68,2772,361.292572,489.8899841
5,69,3020,80.57450104,439.5599365
5,70,3396,203.2714996,486.7679749
5,71,736,119.8994598,500.0760803
5,72,3802,478.4613342,473.7914124
5,73,1279,366.5863953,18.2845974
5,74,3473,465.9398193,285.9763794
5,75,3527,258.7045593,471.9135132
5,76,4405,30.50442696,466.1035156
5,77,2691,83.89112091,487.4600525
5,78,35,0.400000006,55.40000153
5,79,523,504.4512329,288.6672974
5,80,2859,492.9933472,220.9006653
5,81,3,0.333333343,0.333333343
5,82,2113,483.7098999,174.1434021
5,83,0,0.0,0.0
5,84,0,0.0,0.0
5,85,3111,69.16168213,269.4773254
5,86,0,0.0,0.0
5,87,0,0.0,0.0
5,88,0,0.0,0.0
5,89,0,0.0,0.0
5,90,1739,203.5923004,11.85853958
5,91,0,0.0,0.0
5,92,0,0.0,0.0
5,93,0,0.0,0.0
5,94,0,0.0,0.0
5,95,0,0.0,0.0
5,96,0,0.0,0.0
5,97,0,0.0,0.0
5,98,0,0.0,0.0
5,99,0,0.0,0.0
5,100,0,0.0,0.0
5,101,0,0.0,0.0
5,102,0,0.0,0.0
5,103,0,0.0,0.0
5,104,0,0.0,0.0
5,105,0,0.0,0.0
5,106,0,0.0,0.0
5,107,0,0.0,0.0
5,108,0,0.0,0.0
5,109,0,0.0,0.0
5,110,0,0.0,0.0
5,111,0,0.0,0.0
5,112,0,0.0,0.0
5,113,2629,83.01331329,41.78356934
5,114,0,0.0,0.0
5,115,0,0.0,0.0
5,116,0,0.0,0.0
5,117,0,0.0,0.0
5,118,0,0.0,0.0
5,119,0,0.0,0.0
5,120,0,0.0,0.0
5,121,0,0.0,0.0
5,122,0,0.0,0.0
5,123,0,0.0,0.0
5,124,0,0.0,0.0
5,125,0,0.0,0.0
5,126,0,0.0,0.0
5,127,0,0.0,0.0
5,128,0,0.0,0.0
5,129,0,0.0,0.0
5,130,0,0.0,0.0
5,131,0,0.0,0.0
5,132,0,0.0,0.0
5,133,2200,118.6536331,251.7427216
6,0,2269,21.10709572,29.92111015
6,1,1108,55.73736572,8.943140984
6,2,3194,30.12648773,79.60175323
6,3,2653,124.8797607,17.06257057
6,4,0,0.0,0.0
6,5,3239,209.521759,48.56251907
6,6,3274,269.9593811,32.79657745
6,7,4724,322.1342163,39.02751923
6,8,3740,370.1390381,65.21925354
6,9,1986,409.525177,22.92648506
6,10,2184,446.0585938,28.72344398
6,11,2368,492.0882568,27.93623352
6,12,3289,148.4770508,56.71328735
6,13,2478,233.730423,84.58272552
6,14,3001,401.4025269,101.3822021
6,15,2141,492.4857483,89.5030365
6,16,2669,85.20494843,91.50730896
6,17,6278,281.9382019,117.2937241
6,18,2251,179.6246185,109.0222092
6,19,3100,132.5132294,116.9070969
6,20,3844,451.2864075,84.03849792
6,21,4355,345.7380066,142.1887512
6,22,2423,210.3722687,137.5786285
6,23,2590,25.94478798,135.433197
6,24,2939,79.27798462,139.0704346
6,25,2605,477.2011414,143.3163147
6,26,8,0.0,157.5
6,27,3271,148.4481812,167.2861481
6,28,4201,297.0847473,187.2054291
6,29,7885,409.8502197,179.2574463
6,30,4746,226.828064,192.9763947
6,31,3649,30.20553589,186.0389099
6,32,5784,77.69398499,211.7173309
6,33,4233,171.4554749,223.0942535
6,34,3901,344.8497925,231.5211487
6,35,30,0.233333334,197.5333405
6,36,1682,15.69143867,262.105835
6,37,4288,270.1805115,244.6987
6,38,2253,443.1127319,238.0297394
6,39,4587,397.3294067,276.0074158
6,40,3747,209.4480896,280.2874451
6,41,4300,285.1437073,295.8130188
6,42,4032,154.2867126,291.1269836
6,43,3421,353.0859375,308.5410767
6,44,3318,86.46232605,318.374939
6,45,2199,21.29467964,313.3506165
6,46,3466,425.9855652,339.6794434
6,47,2528,484.3314819,333.1566467
6,48,3066,331.9660645,353.485321
6,49,2264,383.7160034,367.8202209
6,50,3761,136.8362122,352.6907654
6,51,3396,257.5153198,342.4537659
6,52,3642,202.2405243,351.6644592
6,53,6632,51.10494614,371.4546204
6,54,1197,499.8086853,379.0501404
6,55,3314,463.8446045,395.6433411
6,56,3773,414.584137,412.3403015
6,57,5149,285.0205994,395.1281738
6,58,4449,354.4052734,428.3847961
6,59,2798,171.5671844,402.6333008
6,60,3579,220.1419373,420.2070313
6,61,3257,121.4144897,416.5096741
6,62,1268,498.5575562,429.7168884
6,63,1190,8.252941132,420.4588318
6,64,2246,412.3664246,462.1549377
6,65,4220,306.2933655,472.8097229
6,66,3643,153.9343872,468.6162415
6,67,2104,428.6245117,495.5494385
6,68,2545,361.5587463,490.9744568
6,69,2714,80.93331146,437.277832
6,70,3477,202.4742584,485.7285156
6,71,660,121.3575745,499.9772644
6,72,4091,479.568573,474.2542114
6,73,795,368.8213806,13.79119492
6,74,2789,459.6661987,289.0864258
6,75,3517,257.9479675,471.3039551
6,76,4624,29.4993515,464.0099487
6,77,3114,82.38150024,487.2106628
6,78,1,0.0,58.0
6,79,587,503.4003296,293.0204468
6,80,2374,491.4700928,247.7392578
6,81,9,0.777777791,1.111111164
6,82,3395,484.6559753,190.5139923
6,83,8,0.5,509.625
6,84,0,0.0,0.0
6,85,3226,63.07377625,271.1026001
6,86,0,0.0,0.0
6,87,0,0.0,0.0
6,88,0,0.0,0.0
6,89,0,0.0,0.0
6,90,1887,200.8002167,12.49231625
6,91,0,0.0,0.0
6,92,0,0.0,0.0
6,93,0,0.0,0.0
6,94,0,0.0,0.0
6,95,0,0.0,0.0
6,96,0,0.0,0.0
6,97,0,0.0,0.0
6,98,0,0.0,0.0
6,99,0,0.0,0.0
6,100,0,0.0,0.0
6,101,0,0.0,0.0
6,102,0,0.0,0.0
6,103,0,0.0,0.0
6,104,0,0.0,0.0
6,105,0,0.0,0.0
6,106,0,0.0,0.0
6,107,0,0.0,0.0
6,108,0,0.0,0.0
6,109,0,0.0,0.0
6,110,0,0.0,0.0
6,111,0,0.0,0.0
6,112,0,0.0,0.0
6,113,2679,80.87495422,44.18850327
6,114,0,0.0,0.0
6,115,0,0.0,0.0
6,116,0,0.0,0.0
6,117,0,0.0,0.0
6,118,0,0.0,0.0
6,119,0,0.0,0.0
6,120,0,0.0,0.0
6,121,0,0.0,0.0
6,122,0,0.0,0.0
6,123,0,0.0,0.0
6,124,0,0.0,0.0
6,125,0,0.0,0.0
6,126,0,0.0,0.0
6,127,0,0.0,0.0
6,128,0,0.0,0.0
6,129,0,0.0,0.0
6,130,0,0.0,0.0
6,131,0,0.0,0.0
6,132,0,0.0,0.0
6,133,2473,114.4933243,253.5349731
7,0,1826,20.7086525,34.09474182
7,1,1149,57.94429779,9.377719879
7,2,3123,28.5475502,80.82100677
7,3,2745,126.1916199,18.72750473
7,4,0,0.0,0.0
7,5,3372,207.0293579,50.8362999
7,6,3178,267.0522461,30.44052887
7,7,5043,321.4001465,38.97204208
7,8,3671,368.6643982,64.65104675
7,9,2187,408.9487915,24.72245026
7,10,1798,450.3364868,24.38042259
7,11,2553,492.4136353,30.78339195
7,12,3054,146.3002625,62.26064301
7,13,2422,231.9240265,86.03220367
7,14,2386,394.2695007,102.0637054
7,15,1752,493.4469299,90.78367615
7,16,2586,80.22351074,94.73936462
7,17,6778,279.5991516,117.9858398
7,18,2227,177.6475067,111.7485428
7,19,3269,127.2988663,119.7834167
7,20,5558,445.646637,88.46006012
7,21,4907,345.4024963,149.2471924
7,22,2480,208.8258057,140.7084656
7,23,2261,22.14993286,137.2724457
7,24,2883,71.31113434,142.7017059
7,25,2556,476.4589233,145.1913147
7,26,0,0.0,0.0
7,27,3258,145.4729919,167.5055237
7,28,4243,296.5451355,190.4176331
7,29,7725,407.1251831,182.2709351
7,30,4674,223.2002563,195.7901154
7,31,3357,28.17902946,188.3246918
7,32,5416,79.2697525,211.3430634
7,33,4333,167.7299805,224.8555298
7,34,3400,341.3964844,239.6147003
7,35,0,0.0,0.0
7,36,1764,11.22222233,263.0238037
7,37,4487,264.9043884,246.8303986
7,38,2471,438.9299927,240.3909302
7,39,4261,395.6521912,278.5447083
7,40,3794,204.8587189,284.0621948
7,41,4232,284.2353516,296.3695679
7,42,4028,147.758194,293.4359436
7,43,3670,351.6000061,312.1907349
7,44,3234,80.63883972,321.04422
7,45,1137,14.12225151,323.0879517
7,46,3658,421.7979736,343.8007202
7,47,3072,481.6207581,340.9322815
7,48,2897,330.5768127,356.1639709
7,49,2080,380.4394226,372.9740295
7,50,4259,129.7135468,355.1868896
7,51,3405,256.2352295,342.2675476
7,52,3544,200.6532135,353.4811096
7,53,5840,44.49161148,372.9535828
7,54,1449,498.0614319,382.0462341
7,55,2776,459.5911255,402.497467
7,56,3396,412.0312195,415.4172668
7,57,5253,285.6129761,395.6781006
7,58,3911,353.4674072,430.1593018
7,59,2816,171.0575256,402.47052
7,60,3577,219.8943176,420.436676
7,61,3492,118.6938705,417.1904297
7,62,1318,499.4059143,435.3186646
7,63,907,7.244762897,419.9184265
7,64,2299,409.3736267,462.6359253
7,65,4113,305.4434814,472.4106445
7,66,3449,152.7767487,465.3769226
7,67,1909,428.0497742,497.2634888
7,68,2662,360.1047974,491.5131531
7,69,2507,78.46230316,437.7167969
7,70,3490,199.3647614,485.3802185
7,71,892,123.1311646,500.5235291
7,72,4224,476.0880737,473.8120117
7,73,589,370.4940491,10.02037334
7,74,2538,454.9511414,297.1422424
7,75,3679,256.7885437,471.5216064
7,76,4692,28.83333397,462.5522156
7,77,3009,80.47092438,487.7517395
7,78,0,0.0,0.0
7,79,568,503.311615,294.8908386
7,80,2734,486.8847961,256.9798889
7,81,377,13.96551704,5.931034565
7,82,3771,485.4428406,193.6568604
7,83,35,0.771428585,503.8571472
7,84,0,0.0,0.0
7,85,3218,49.3868866,282.7026062
7,86,0,0.0,0.0
7,87,0,0.0,0.0
7,88,0,0.0,0.0
7,89,0,0.0,0.0
7,90,2040,194.867157,13.88333321
7,91,41,510.5853577,122.9512177
7,92,0,0.0,0.0
7,93,0,0.0,0.0
7,94,0,0.0,0.0
7,95,0,0.0,0.0
7,96,0,0.0,0.0
7,97,0,0.0,0.0
7,98,0,0.0,0.0
7,99,0,0.0,0.0
7,100,0,0.0,0.0
7,101,0,0.0,0.0
7,102,0,0.0,0.0
7,103,0,0.0,0.0
7,104,0,0.0,0.0
7,105,0,0.0,0.0
7,106,0,0.0,0.0
7,107,0,0.0,0.0
7,108,0,0.0,0.0
7,109,0,0.0,0.0
7,110,0,0.0,0.0
7,111,0,0.0,0.0
7,112,0,0.0,0.0
7,113,3070,80.60456085,46.02442932
7,114,0,0.0,0.0
7,115,0,0.0,0.0
7,116,0,0.0,0.0
7,117,0,0.0,0.0
7,118,0,0.0,0.0
7,119,0,0.0,0.0
7,120,0,0.0,0.0
7,121,0,0.0,0.0
7,122,0,0.0,0.0
7,123,0,0.0,0.0
7,124,0,0.0,0.0
7,125,0,0.0,0.0
7,126,0,0.0,0.0
7,127,0,0.0,0.0
7,128,0,0.0,0.0
7,129,0,0.0,0.0
7,130,0,0.0,0.0
7,131,0,0.0,0.0
7,132,0,0.0,0.0
7,133,3340,98.93443298,254.891922
8,0,1778,20.221035,34.55511856
8,1,1434,62.58089447,9.648535728
8,2,2938,26.12423325,81.9397583
8,3,2586,127.5208817,20.6450119
8,4,0,0.0,0.0
8,5,3264,204.6617584,54.13817215
8,6,3409,264.5951843,32.83719635
8,7,5036,319.1536865,39.15210342
8,8,3748,365.9324951,68.51361084
8,9,2218,404.3196716,26.17448235
8,10,1204,448.2998352,16.7832222
8,11,3008,490.4248657,33.13231277
8,12,2792,143.8141174,64.23925781
8,13,2148,228.8570709,89.31192017
8,14,2408,390.7084656,109.4771576
8,15,1538,493.8829651,93.94603729
8,16,2654,77.64167023,94.95478821
8,17,6832,276.5838623,118.7363892
8,18,2176,175.571228,113.0147095
8,19,3485,124.6364441,121.6855087
8,20,6358,441.9229431,83.21642303
8,21,4863,341.1287231,151.6459045
8,22,2488,204.885849,141.0168762
8,23,2174,19.65317345,141.2746124
8,24,3002,66.53098297,143.3081207
8,25,2922,471.7905579,145.783371
8,26,0,0.0,0.0
8,27,4114,133.0838623,172.5063171
8,28,4223,291.2431946,192.4295502
8,29,7322,403.9138184,184.8933411
8,30,4645,220.5737305,196.6706085
8,31,3014,28.33012581,190.7458496
8,32,4527,69.83763885,219.3839111
8,33,4602,164.9376373,227.6349487
8,34,3308,339.1828918,239.7684326
8,35,0,0.0,0.0
8,36,1583,12.97220421,261.0505371
8,37,4434,262.7535095,249.5755463
8,38,2464,434.9541321,241.4216766
8,39,4352,393.0760498,280.0257263
8,40,3942,200.9368286,285.5159912
8,41,4110,282.8491516,298.0654602
8,42,3905,144.2268829,298.3582458
8,43,3637,349.8820496,311.0467529
8,44,2931,77.15864563,321.7185364
8,45,1151,14.79496098,324.03302
8,46,3790,420.0670166,350.47995
8,47,3165,478.8464355,342.8199158
8,48,3028,330.0465698,356.9550781
8,49,2145,380.6927795,374.3295898
8,50,4583,123.6910324,358.3567505
8,51,3225,254.8455811,341.4241943
8,52,3387,201.4948273,353.5565491
8,53,5114,41.02072906,372.3595886
8,54,1669,497.3451233,383.6560669
8,55,2652,460.3544617,406.3838501
8,56,3201,412.1508789,421.3795776
8,57,5220,283.9797058,395.4009705
8,58,4043,352.3104248,430.2310181
8,59,2867,168.900238,401.0582581
8,60,3755,218.4207764,420.3003845
8,61,2933,120.1339951,415.0398865
8,62,1511,497.9682312,440.4268799
8,63,826,8.451574326,409.9394531
8,64,2304,408.115448,465.900177
8,65,4173,304.2341309,472.8138123
8,66,3154,151.3811035,463.8363953
8,67,1827,428.95401,498.0919495
8,68,2512,359.0055847,491.9801025
8,69,3190,81.51535797,436.2501526
8,70,3568,198.0014038,485.3015747
8,71,1048,126.6746216,500.9198608
8,72,3753,475.4796143,477.0287781
8,73,685,367.6656799,12.11094856
8,74,2990,453.8301086,295.8796082
8,75,3598,255.2745972,471.8510132
8,76,4010,28.82169533,455.4246826
8,77,3061,77.95458984,488.7487793
8,78,0,0.0,0.0
8,79,763,501.4901733,295.1494141
8,80,2779,488.6689453,251.6916199
8,81,368,13.660326,5.929347992
8,82,3731,483.7574463,191.7906799
8,83,678,15.75663757,501.4572144
8,84,7,510.2857056,0.857142866
8,85,3053,48.88765335,287.4670715
8,86,0,0.0,0.0
8,87,0,0.0,0.0
8,88,0,0.0,0.0
8,89,0,0.0,0.0
8,90,2444,192.3089142,16.50081825
8,91,86,509.9069824,122.720932
8,92,0,0.0,0.0
8,93,0,0.0,0.0
8,94,0,0.0,0.0
8,95,0,0.0,0.0
8,96,0,0.0,0.0
8,97,0,0.0,0.0
8,98,0,0.0,0.0
8,99,0,0.0,0.0
8,100,0,0.0,0.0
8,101,0,0.0,0.0
8,102,0,0.0,0.0
8,103,0,0.0,0.0
8,104,0,0.0,0.0
8,105,0,0.0,0.0
8,106,0,0.0,0.0
8,107,0,0.0,0.0
8,108,0,0.0,0.0
8,109,0,0.0,0.0
8,110,0,0.0,0.0
8,111,0,0.0,0.0
8,112,0,0.0,0.0
8,113,3117,79.06993866,47.02470398
8,114,0,0.0,0.0
8,115,0,0.0,0.0
8,116,0,0.0,0.0
8,117,0,0.0,0.0
8,118,0,0.0,0.0
8,119,0,0.0,0.0
8,120,0,0.0,0.0
8,121,0,0.0,0.0
8,122,0,0.0,0.0
8,123,0,0.0,0.0
8,124,0,0.0,0.0
8,125,0,0.0,0.0
8,126,0,0.0,0.0
8,127,0,0.0,0.0
8,128,0,0.0,0.0
8,129,0,0.0,0.0
8,130,0,0.0,0.0
8,131,0,0.0,0.0
8,132,0,0.0,0.0
8,133,3404,95.85282135,256.6433716
9,0,1687,18.97213936,36.58150482
9,1,1726,64.65874481,10.42468166
9,2,3008,25.12765884,85.7277298
9,3,2014,126.5670319,23.55561066
9,4,0,0.0,0.0
9,5,3066,201.4412842,58.45368576
9,6,3528,262.0643311,33.97420502
9,7,5099,316.4840088,40.64659882
9,8,3917,362.7760925,70.52719116
9,9,1992,399.954834,28.49548149
9,10,2801,441.5905151,30.24027061
9,11,2707,486.6106262,41.53490829
9,12,2834,140.746994,65.31968689
9,13,2226,226.2619019,92.64151001
9,14,2274,388.837738,110.4129257
9,15,1606,495.3181763,98.4912796
9,16,2526,76.03879547,97.40181732
9,17,6799,275.2198792,120.3878479
9,18,2362,173.9072876,114.717186
9,19,3334,122.8167343,122.8104401
9,20,5085,439.719574,93.99508667
9,21,4750,338.1692505,155.3652649
9,22,2386,204.1056213,146.1944733
9,23,1661,16.02408218,145.1384735
9,24,3106,61.74597549,143.6136475
9,25,2913,468.2351379,148.3209686
9,26,0,0.0,0.0
9,27,4255,128.3309021,174.0185699
9,28,4263,288.4736023,195.0743561
9,29,7731,400.2473145,186.4322815
9,30,4647,219.0626221,198.9905243
9,31,2797,27.61172676,191.1376495
9,32,4363,66.02268982,221.0187988
9,33,5164,162.0292358,231.030014
9,34,3387,337.7478638,243.634491
9,35,0,0.0,0.0
9,36,992,6.408266068,259.3125
9,37,3973,261.4394531,251.8212891
9,38,2718,433.1607666,244.2122955
9,39,4329,392.342804,285.9078369
9,40,3912,199.7602234,286.2016907
9,41,4182,279.8448181,299.3053589
9,42,3929,139.0677032,302.207428
9,43,3588,347.5643921,313.2045593
9,44,2601,71.38908386,322.2398987
9,45,1162,13.92685032,324.6790161
9,46,3355,419.1731873,353.6256409
9,47,3132,479.0143738,345.4393311
9,48,3069,329.0769043,358.5614319
9,49,1845,378.3891602,375.8737183
9,50,4306,122.3961945,358.1140137
9,51,3264,252.4736481,342.3832703
9,52,3342,197.5412903,353.8111877
9,53,4694,40.27119827,370.4066772
9,54,1861,495.7265015,388.5905457
9,55,2562,460.0300598,409.7911682
9,56,3669,410.6584778,420.60672
9,57,5382,283.5040894,396.8056335
9,58,3986,351.9443054,432.5549316
9,59,3043,167.7719421,402.0574951
9,60,3568,216.9688873,420.2107544
9,61,2771,117.570549,412.2977295
9,62,1403,498.5452576,444.1446838
9,63,614,7.345276833,404.6270447
9,64,2269,408.5663147,468.1864319
9,65,4045,304.1216431,475.5747986
9,66,2985,150.8291473,463.3212585
9,67,1573,424.1690979,499.8588562
9,68,2252,358.8685608,493.521759
9,69,3833,80.79519653,434.8325195
9,70,3471,195.2538147,485.3831787
9,71,1177,124.58284,499.6151123
9,72,3819,474.1895752,478.8486633
9,73,726,365.4173584,10.43250656
9,74,2961,451.9006958,303.3363647
9,75,3953,254.0743713,470.0465393
9,76,4145,26.94547653,453.7309875
9,77,2896,76.20614624,489.1363831
9,78,0,0.0,0.0
9,79,755,501.5390625,297.8794556
9,80,3140,485.7327881,254.9312134
9,81,391,12.56010246,6.864449978
9,82,3818,483.5261841,193.4051819
9,83,656,16.03353691,502.2042542
9,84,692,496.5635986,9.842485428
9,85,2562,32.25995255,281.1545715
9,86,0,0.0,0.0
9,87,0,0.0,0.0
9,88,297,133.5993195,2.6936028
9,89,0,0.0,0.0
9,90,2875,191.5523529,18.32626152
9,91,99,510.4242554,133.5858612
9,92,0,0.0,0.0
9,93,0,0.0,0.0
9,94,0,0.0,0.0
9,95,0,0.0,0.0
9,96,0,0.0,0.0
9,97,0,0.0,0.0
9,98,0,0.0,0.0
9,99,0,0.0,0.0
9,100,0,0.0,0.0
9,101,0,0.0,0.0
9,102,0,0.0,0.0
9,103,0,0.0,0.0
9,104,0,0.0,0.0
9,105,0,0.0,0.0
9,106,0,0.0,0.0
9,107,0,0.0,0.0
9,108,0,0.0,0.0
9,109,0,0.0,0.0
9,110,0,0.0,0.0
9,111,0,0.0,0.0
9,112,0,0.0,0.0
9,113,3286,77.16920471,49.04442978
9,114,0,0.0,0.0
9,115,0,0.0,0.0
9,116,0,0.0,0.0
9,117,0,0.0,0.0
9,118,0,0.0,0.0
9,119,0,0.0,0.0
9,120,0,0.0,0.0
9,121,0,0.0,0.0
9,122,0,0.0,0.0
9,123,0,0.0,0.0
9,124,0,0.0,0.0
9,125,0,0.0,0.0
9,126,0,0.0,0.0
9,127,0,0.0,0.0
9,128,0,0.0,0.0
9,129,0,0.0,0.0
9,130,0,0.0,0.0
9,131,0,0.0,0.0
9,132,0,0.0,0.0
9,133,4202,89.59376526,264.5549622
10,0,1654,17.30955315,39.79383469
10,1,1769,59.5025444,11.20520115
10,2,2715,24.01325989,87.29686737
10,3,1738,122.0322189,28.48676682
10,4,0,0.0,0.0
10,5,2943,197.6394806,63.44919968
10,6,3851,258.559845,35.0589447
10,7,5329,314.9879761,41.96884918
10,8,3688,360.6176758,71.53118134
10,9,2409,397.8829346,29.21668816
10,10,1820,439.4384766,20.29175758
10,11,2507,485.5392761,43.95013809
10,12,2556,139.5375519,68.06807709
10,13,2569,219.0630646,101.8668747
10,14,2011,382.2650452,114.3605194
10,15,1389,499.1655884,101.7156219
10,16,2581,73.67105865,98.66408539
10,17,6784,272.2293701,122.500145
10,18,2448,169.2132416,119.2009811
10,19,3406,118.4280701,124.2105103
10,20,6939,439.7795105,90.37656403
10,21,5035,334.7072449,158.8049622
10,22,2209,204.5292053,155.641922
10,23,1319,12.72630787,146.170578
10,24,3071,54.68902588,144.2689667
10,25,2924,465.8891907,150.3997955
10,26,0,0.0,0.0
10,27,3839,126.1333694,173.7960358
10,28,4317,283.4093018,197.5721588
10,29,7301,396.796051,185.8059235
10,30,4464,213.7381287,203.3788147
10,31,2787,27.13598824,192.1740265
10,32,4560,64.27741241,220.1824493
10,33,5452,155.4510345,233.925354
10,34,3240,334.4015503,247.056488
10,35,0,0.0,0.0
10,36,741,4.584345341,264.987854
10,37,3823,255.5035248,253.8074799
10,38,3338,423.6378174,248.4466705
10,39,3915,389.1180115,286.9195251
10,40,4053,195.6876373,289.2689514
10,41,4091,277.2994385,300.0420532
10,42,3753,133.7820435,305.2475281
10,43,3513,343.3182373,313.3185425
10,44,2282,64.40578461,324.7453918
10,45,1078,13.54730988,325.7198486
10,46,3575,414.3678284,353.2237854
10,47,3028,477.0029602,346.8794556
10,48,3556,325.7055664,362.8323975
10,49,1973,376.4429932,377.1642151
10,50,4760,115.4436951,358.2867737
10,51,3327,251.036972,344.3267212
10,52,3446,194.8871155,355.2861328
10,53,4584,35.06762695,375.4445801
10,54,2114,493.7582703,389.8088989
10,55,2507,458.2724304,412.2261658
10,56,3948,407.7854614,422.5405273
10,57,4984,279.9508362,400.2590332
10,58,3488,348.7941589,435.8397217
10,59,3040,164.8569031,403.5029602
10,60,3530,214.2934875,420.1549683
10,61,2874,116.3559494,414.8726501
10,62,1404,499.2243652,444.7706604
10,63,286,3.79020977,415.6083984
10,64,2118,405.3356934,468.7398376
10,65,3923,303.0846252,474.8789063
10,66,2522,149.3358459,462.0281372
10,67,1118,410.884613,498.8721008
10,68,2207,355.6162109,494.1998291
10,69,3443,79.6322937,436.1033936
10,70,3228,194.9104767,484.9687195
10,71,1621,130.1585388,498.6958618
10,72,4368,469.5409851,482.4303894
10,73,661,362.9969788,10.334342
10,74,2945,451.2132568,308.2631531
10,75,4055,251.5516663,470.8909912
10,76,4058,27.08255386,453.8518982
10,77,2834,75.4287262,489.0874939
10,78,0,0.0,0.0
10,79,872,500.4850769,297.9770508
10,80,3062,484.2086792,257.7727051
10,81,380,10.93684196,7.571052551
10,82,4254,480.5018921,198.2360077
10,83,691,16.40665627,501.7930603
10,84,917,494.3576965,11.55179977
10,85,2587,31.63587189,284.797821
10,86,0,0.0,0.0
10,87,0,0.0,0.0
10,88,680,126.6941147,6.129411697
10,89,0,0.0,0.0
10,90,3318,188.27034,19.93158531
10,91,265,506.7131958,145.1320801
10,92,0,0.0,0.0
10,93,0,0.0,0.0
10,94,0,0.0,0.0
10,95,0,0.0,0.0
10,96,0,0.0,0.0
10,97,0,0.0,0.0
10,98,0,0.0,0.0
10,99,0,0.0,0.0
10,100,0,0.0,0.0
10,101,0,0.0,0.0
10,102,25,510.7999878,341.0
10,103,0,0.0,0.0
10,104,0,0.0,0.0
10,105,0,0.0,0.0
10,106,0,0.0,0.0
10,107,0,0.0,0.0
10,108,0,0.0,0.0
10,109,0,0.0,0.0
10,110,0,0.0,0.0
10,111,0,0.0,0.0
10,112,0,0.0,0.0
10,113,3381,76.24933624,50.06832123
10,114,0,0.0,0.0
10,115,0,0.0,0.0
10,116,0,0.0,0.0
10,117,0,0.0,0.0
10,118,0,0.0,0.0
10,119,0,0.0,0.0
10,120,0,0.0,0.0
10,121,0,0.0,0.0
10,122,0,0.0,0.0
10,123,0,0.0,0.0
10,124,0,0.0,0.0
10,125,0,0.0,0.0
10,126,0,0.0,0.0
10,127,0,0.0,0.0
10,128,0,0.0,0.0
10,129,0,0.0,0.0
10,130,0,0.0,0.0
10,131,0,0.0,0.0
10,132,0,0.0,0.0
10,133,3976,83.53344727,265.9871826
11,0,1437,15.05775928,42.69659042
11,1,2136,57.36938095,13.20458794
11,2,2494,22.99919891,88.09583282
11,3,1438,121.5076523,32.50417328
11,4,0,0.0,0.0
11,5,2736,193.9623566,68.12426758
11,6,4232,255.4158783,36.6750946
11,7,6334,314.5961609,46.92705917
11,8,3740,358.7652283,74.45614624
11,9,2604,396.2388611,33.87826538
11,10,1953,438.3650818,18.98054314
11,11,2662,484.2697144,47.85048676
11,12,2506,137.7932892,70.16400909
11,13,2256,216.960556,104.3554993
11,14,1894,379.1488953,118.3827896
11,15,1638,499.0909729,109.3315048
11,16,2609,71.84975433,99.39900208
11,17,6297,267.112915,126.3952713
11,18,2517,166.4521179,123.026619
11,19,3306,116.5372086,125.1881409
11,20,6740,437.9623108,92.1255188
11,21,4591,332.5528259,159.8200836
11,22,2052,199.8021393,153.27388
11,23,1339,12.51979065,147.2845459
11,24,3013,52.64055634,144.6591492
11,25,3134,463.8238525,153.5970001
11,26,0,0.0,0.0
11,27,3984,120.2848892,175.8413696
11,28,4515,282.458252,199.441864
11,29,8990,396.2767639,196.6274719
11,30,4668,212.4404449,202.8875275
11,31,2287,24.15347672,191.7993011
11,32,4721,57.24189758,222.1679688
11,33,5902,150.578949,234.6682434
11,34,3224,333.0037231,247.2862854
11,35,0,0.0,0.0
11,36,316,3.126582384,254.8132935
11,37,3933,253.3297729,256.8390503
11,38,2403,432.827301,258.806488
11,39,3481,386.5768433,290.0292969
11,40,4187,194.0654449,292.7272644
11,41,4000,277.6654968,302.2627563
11,42,3949,129.7781677,306.1901855
11,43,3650,341.2630005,314.7123413
11,44,2344,59.87969208,328.3519592
11,45,1001,13.25874138,326.9290771
11,46,3946,411.0162048,357.0595398
11,47,2518,474.3463135,350.7470093
11,48,3312,323.819458,365.4725342
11,49,2021,372.4972839,381.6773987
11,50,4840,109.4508286,360.4818115
11,51,3440,248.7159882,346.249115
11,52,3217,191.2589417,355.8004456
11,53,3801,28.8416214,378.3635864
11,54,1962,490.9500427,393.8083496
11,55,2618,458.6886902,418.2226868
11,56,3736,407.3948059,426.3241577
11,57,5254,279.0603333,403.2367859
11,58,3460,346.9205322,437.7046204
11,59,2977,163.1800537,403.6758423
11,60,3501,212.1833801,419.9237366
11,61,2817,115.8771744,415.6443176
11,62,1564,498.2199402,446.7071533
11,63,182,4.164834976,417.9505615
11,64,2193,401.739624,471.0332947
11,65,3591,302.3926392,479.3455811
11,66,2568,147.568924,461.7850342
11,67,791,402.8912659,500.8571472
11,68,1916,354.2609558,495.1591797
11,69,3921,74.99923706,434.1323547
11,70,3463,192.2610474,485.4984131
11,71,1365,126.5128174,499.2615356
11,72,4286,465.4859924,485.9985962
11,73,431,367.0765686,8.259860992
11,74,3181,450.3077698,314.3910828
11,75,4060,251.1588745,470.8362122
11,76,3671,24.98883057,455.4402161
11,77,2903,74.36100769,489.5604553
11,78,0,0.0,0.0
11,79,904,500.7002258,300.286499
11,80,2902,483.302887,262.2563782
11,81,389,9.526991844,8.912596703
11,82,4288,480.4284058,204.3353577
11,83,638,14.94043922,501.8573608
11,84,1066,492.0956726,12.3358345
11,85,2728,27.78519058,287.3493347
11,86,0,0.0,0.0
11,87,45,510.7333374,57.33333206
11,88,1023,126.8768311,9.1329422
11,89,0,0.0,0.0
11,90,3560,187.7317352,21.95589828
11,91,175,507.1771545,153.2799988
11,92,0,0.0,0.0
11,93,0,0.0,0.0
11,94,0,0.0,0.0
11,95,0,0.0,0.0
11,96,0,0.0,0.0
11,97,0,0.0,0.0
11,98,0,0.0,0.0
11,99,0,0.0,0.0
11,100,0,0.0,0.0
11,101,0,0.0,0.0
11,102,560,504.9981995,352.092865
11,103,0,0.0,0.0
11,104,0,0.0,0.0
11,105,0,0.0,0.0
11,106,0,0.0,0.0
11,107,0,0.0,0.0
11,108,0,0.0,0.0
11,109,0,0.0,0.0
11,110,0,0.0,0.0
11,111,0,0.0,0.0
11,112,0,0.0,0.0
11,113,3387,75.061409,51.85326385
11,114,0,0.0,0.0
11,115,0,0.0,0.0
11,116,0,0.0,0.0
11,117,0,0.0,0.0
11,118,0,0.0,0.0
11,119,0,0.0,0.0
11,120,0,0.0,0.0
11,121,0,0.0,0.0
11,122,0,0.0,0.0
11,123,0,0.0,0.0
11,124,0,0.0,0.0
11,125,0,0.0,0.0
11,126,0,0.0,0.0
11,127,0,0.0,0.0
11,128,0,0.0,0.0
11,129,0,0.0,0.0
11,130,0,0.0,0.0
11,131,0,0.0,0.0
11,132,0,0.0,0.0
11,133,3760,79.26329803,269.6103821
12,0,1357,13.55490017,44.21444321
12,1,2279,55.36814499,14.37999153
12,2,2372,21.87731934,89.82209015
12,3,1576,119.9777908,32.12372971
12,4,0,0.0,0.0
12,5,2677,191.3567352,69.3208847
12,6,4285,253.3575287,36.77386093
12,7,5966,312.1647644,45.01877213
12,8,4000,357.0157471,76.35600281
12,9,2281,393.1402893,35.57518768
12,10,2358,435.3061829,19.50339317
12,11,2483,480.7390137,47.62746811
12,12,2504,133.3682098,72.25319672
12,13,2273,215.8812103,106.0888672
12,14,1885,376.3358154,121.3819656
12,15,2191,497.7695007,118.6818771
12,16,2571,69.75495911,100.746788
12,17,6851,267.8360901,127.0540085
12,18,2762,165.1473541,125.3005066
12,19,3295,114.8722305,126.1168442
12,20,7044,436.0846252,94.63330841
12,21,4510,329.0747375,163.103775
12,22,2273,200.8746185,157.7311859
12,23,1234,11.34197712,151.32901
12,24,3098,50.68980026,145.4625549
12,25,2658,462.7543335,155.8961639
12,26,0,0.0,0.0
12,27,4000,117.1232529,178.2415009
12,28,4263,281.5742493,203.5681458
12,29,8662,394.7591858,194.5750427
12,30,5019,210.0235138,209.3185883
12,31,2061,23.94080544,192.5827332
12,32,4759,52.94116592,224.3706665
12,33,6322,144.3968658,239.7874146
12,34,3041,332.5284424,248.8549805
12,35,0,0.0,0.0
12,36,21,0.238095239,253.6190491
12,37,3537,253.7489471,258.8665466
12,38,2844,425.2151794,259.4367065
12,39,3768,384.4455872,294.7553101
12,40,4253,194.8584595,294.7693481
12,41,4031,278.3654175,303.9444275
12,42,3722,126.6526031,311.1147156
12,43,3714,339.8013,315.9132996
12,44,2465,55.12981796,329.901001
12,45,819,11.40170956,324.9829102
12,46,3854,412.9942932,364.6772156
12,47,2176,471.7058716,354.0767517
12,48,3312,322.3242798,367.3876953
12,49,2536,371.3083496,389.1261902
12,50,4797,106.4384003,362.1186218
12,51,3323,245.6443024,347.2260132
12,52,3169,189.4799652,355.0571289
12,53,3561,25.88935661,379.5023804
12,54,1909,489.6395874,396.493988
12,55,2676,460.8893738,424.7851257
12,56,3295,408.2042542,430.3465881
12,57,5185,277.0260315,403.6744385
12,58,3394,344.0141296,441.3615112
12,59,3039,161.6712799,404.7607727
12,60,3352,210.4454041,418.5644531
12,61,2937,112.8968353,416.5032349
12,62,1498,498.3304443,448.5968018
12,63,130,3.423076868,419.8999939
12,64,2404,396.229187,474.3406677
12,65,3345,300.0322876,480.4941711
12,66,2546,145.6464996,461.0239563
12,67,852,400.8697205,502.1373291
12,68,1544,347.905426,496.9436646
12,69,3813,72.00550842,434.2635803
12,70,3496,188.7477112,486.5549316
12,71,1394,123.2682953,497.8558044
12,72,4093,464.627655,487.0674438
12,73,576,365.5138855,10.24131966
12,74,3442,448.4395752,316.6964111
12,75,4319,249.1366119,469.9133911
12,76,3465,23.76940918,455.3616028
12,77,2784,71.22234344,490.0610657
12,78,0,0.0,0.0
12,79,940,500.1627808,301.546814
12,80,2494,480.8688965,268.8584595
12,81,344,8.0610466,9.168604851
12,82,4614,479.1261292,212.7828369
12,83,644,15.56521702,501.9953308
12,84,1091,493.9770813,13.84967899
12,85,2804,26.28744698,285.0930786
12,86,0,0.0,0.0
12,87,289,506.9653931,62.40138245
12,88,949,122.9673309,7.400421619
12,89,0,0.0,0.0
12,90,3798,184.9228516,23.44128418
12,91,277,504.0216675,167.7689514
12,92,0,0.0,0.0
12,93,0,0.0,0.0
12,94,0,0.0,0.0
12,95,0,0.0,0.0
12,96,0,0.0,0.0
12,97,0,0.0,0.0
12,98,0,0.0,0.0
12,99,0,0.0,0.0
12,100,0,0.0,0.0
12,101,0,0.0,0.0
12,102,956,502.8200989,352.423645
12,103,0,0.0,0.0
12,104,0,0.0,0.0
12,105,0,0.0,0.0
12,106,0,0.0,0.0
12,107,0,0.0,0.0
12,108,0,0.0,0.0
12,109,0,0.0,0.0
12,110,0,0.0,0.0
12,111,0,0.0,0.0
12,112,0,0.0,0.0
12,113,3265,71.36722565,52.92863846
12,114,0,0.0,0.0
12,115,0,0.0,0.0
12,116,0,0.0,0.0
12,117,0,0.0,0.0
12,118,0,0.0,0.0
12,119,0,0.0,0.0
12,120,0,0.0,0.0
12,121,0,0.0,0.0
12,122,0,0.0,0.0
12,123,0,0.0,0.0
12,124,0,0.0,0.0
12,125,0,0.0,0.0
12,126,0,0.0,0.0
12,127,0,0.0,0.0
12,128,0,0.0,0.0
12,129,0,0.0,0.0
12,130,0,0.0,0.0
12,131,0,0.0,0.0
12,132,0,0.0,0.0
12,133,3379,76.7519989,273.1737061
13,0,1236,12.57928848,45.57038879
13,1,2488,53.4180069,15.80988789
13,2,2277,20.1598587,91.54018402
13,3,1524,118.5538025,34.28609085
13,4,1040,195.3990326,6.139422894
13,5,2550,189.3576508,72.71529388
13,6,4508,250.81633,37.61823273
13,7,6496,311.2133484,48.24738312
13,8,4170,355.3345337,79.62493896
13,9,2328,392.4776611,36.50429535
13,10,2320,434.7331848,18.55172348
13,11,2607,478.5328064,49.70464325
13,12,2470,131.4975739,75.4133606
13,13,2089,212.6395416,107.6400223
13,14,1710,376.7947388,122.0766068
13,15,1500,495.787323,124.262001
13,16,2596,67.55547333,102.0797348
13,17,6820,263.7689209,129.7711182
13,18,2607,161.7318726,126.4422684
13,19,3073,111.6374893,127.9694138
13,20,7605,435.8323364,98.81814575
13,21,4585,327.0098267,166.9149475
13,22,2784,197.5107727,161.1856995
13,23,1093,10.42543411,154.035675
13,24,3144,48.02830887,147.7458649
13,25,2178,461.6786194,160.7465515
13,26,0,0.0,0.0
13,27,4282,112.9892578,180.0354919
13,28,4322,276.9278259,205.3327179
13,29,8924,391.9159546,198.4160614
13,30,4405,205.7457428,212.760498
13,31,1814,22.24917221,193.9178619
13,32,4386,49.37414551,226.1418152
13,33,6957,142.0927124,246.2702332
13,34,3094,330.8018799,251.132843
13,35,0,0.0,0.0
13,36,14,0.285714298,250.0714264
13,37,4339,249.5574951,264.0896606
13,38,2631,425.4678955,262.5819092
13,39,3851,382.7977295,300.1874695
13,40,3940,192.7253876,297.9637146
13,41,3552,279.8516235,308.0371704
13,42,3457,120.3433609,319.4313049
13,43,3492,337.213623,317.1028137
13,44,2291,49.27804565,331.0371094
13,45,734,10.15531349,325.5436096
13,46,4153,413.3190613,369.629425
13,47,2410,469.6033325,354.312439
13,48,3610,320.8562317,368.9155273
13,49,2194,369.2142334,392.6203308
13,50,4664,101.5713959,364.3910828
13,51,3055,244.6988525,347.930603
13,52,3286,188.4945221,355.2839355
13,53,3205,23.23993683,380.2730103
13,54,2122,485.7926636,401.1192322
13,55,2210,461.9488831,435.4484253
13,56,3478,405.5681458,430.2472534
13,57,5179,275.3581848,406.026825
13,58,3213,341.0725098,443.0778198
13,59,3055,161.8405914,404.9394531
13,60,3282,209.030777,419.0155334
13,61,3690,107.1181564,417.3067627
13,62,1452,498.1584167,450.9352722
13,63,68,1.823529363,419.3529358
13,64,2504,393.5479126,474.1893005
13,65,3321,299.5031738,481.8720398
13,66,2597,142.9649658,462.9349365
13,67,809,401.0271912,502.210144
13,68,1371,347.7731628,498.2355957
13,69,3417,67.26836395,437.6608276
13,70,3440,186.0654144,487.0104675
13,71,1124,122.6032028,499.8665466
13,72,3946,463.4946899,488.5752563
13,73,553,366.3092346,8.871609688
13,74,3326,446.009613,316.52948
13,75,4339,246.1557922,470.8972168
13,76,3302,22.5145359,455.8785706
13,77,2695,70.91577148,490.9417419
13,78,0,0.0,0.0
13,79,850,501.4400024,302.1670532
13,80,2933,482.116272,266.974762
13,81,340,7.279411793,10.19117641
13,82,4591,476.0738525,211.0335388
13,83,668,15.9745512,501.7979126
13,84,1194,493.6398621,14.74874401
13,85,2205,21.60906982,287.7591858
13,86,0,0.0,0.0
13,87,776,503.9716492,77.5592804
13,88,1042,120.4654541,8.178503036
13,89,0,0.0,0.0
13,90,3064,177.6416473,31.9278717
13,91,549,502.4571838,161.3661194
13,92,0,0.0,0.0
13,93,0,0.0,0.0
13,94,0,0.0,0.0
13,95,0,0.0,0.0
13,96,0,0.0,0.0
13,97,0,0.0,0.0
13,98,0,0.0,0.0
13,99,0,0.0,0.0
13,100,0,0.0,0.0
13,101,0,0.0,0.0
13,102,1254,501.1818237,354.1491089
13,103,0,0.0,0.0
13,104,0,0.0,0.0
13,105,0,0.0,0.0
13,106,0,0.0,0.0
13,107,0,0.0,0.0
13,108,0,0.0,0.0
13,109,0,0.0,0.0
13,110,0,0.0,0.0
13,111,0,0.0,0.0
13,112,0,0.0,0.0
13,113,3290,70.79908752,55.44042587
13,114,0,0.0,0.0
13,115,0,0.0,0.0
13,116,0,0.0,0.0
13,117,0,0.0,0.0
13,118,0,0.0,0.0
13,119,0,0.0,0.0
13,120,0,0.0,0.0
13,121,0,0.0,0.0
13,122,0,0.0,0.0
13,123,0,0.0,0.0
13,124,0,0.0,0.0
13,125,0,0.0,0.0
13,126,0,0.0,0.0
13,127,0,0.0,0.0
13,128,0,0.0,0.0
13,129,0,0.0,0.0
13,130,0,0.0,0.0
13,131,0,0.0,0.0
13,132,0,0.0,0.0
13,133,4035,71.81189728,273.3184509
14,0,1070,11.09345818,49.0037384
14,1,2693,51.176754,17.60935783
14,2,2178,19.03764915,94.88935089
14,3,1715,118.2612228,36.21399307
14,4,2137,192.7669678,13.75479603
14,5,2493,187.8399506,73.41075134
14,6,4719,248.8830261,37.81733322
14,7,7072,311.4625244,50.83187103
14,8,3481,356.2105713,79.95604706
14,9,2207,390.5097351,39.27820587
14,10,2694,433.2093506,20.16184044
14,11,2640,477.0772705,53.49431992
14,12,2447,129.2390747,80.11279297
14,13,2055,211.5187378,108.6953735
14,14,1881,373.1929932,124.9431152
14,15,1651,495.7213745,126.2889175
14,16,2477,66.6838913,103.7900696
14,17,7020,261.4850464,132.4613953
14,18,2763,161.0289612,128.6521912
14,19,2763,110.3633728,129.0528412
14,20,7928,433.682251,104.0837555
14,21,4682,324.9906006,168.0339661
14,22,2987,192.9464417,166.1918335
14,23,829,8.559710503,154.7575378
14,24,3405,46.4343605,150.246109
14,25,1854,461.8851013,163.7826385
14,26,0,0.0,0.0
14,27,4250,108.325882,180.7433014
14,28,4563,274.4025879,210.4854279
14,29,9339,389.9912109,203.3651428
14,30,4434,204.1346436,217.5703583
14,31,1522,17.64257622,194.5650482
14,32,4286,46.60686111,226.717926
14,33,7417,137.7415466,248.6510773
14,34,2984,327.7751465,254.4591217
14,35,0,0.0,0.0
14,36,2,0.0,252.5
14,37,4082,249.2082367,269.2158203
14,38,2578,421.0256042,268.905365
14,39,3612,380.3333435,305.5733643
14,40,4104,191.3886414,301.9225159
14,41,3134,278.1253967,312.3165283
14,42,3279,115.9204025,318.580658
14,43,3303,334.8764648,316.3508911
14,44,2446,43.12673569,331.8663025
14,45,466,6.306867123,326.5557861
14,46,4134,412.7339172,370.1127319
14,47,2074,468.3346252,357.7878418
14,48,3668,320.5400696,368.8737793
14,49,2471,368.2229919,396.6993103
14,50,5112,99.68877411,364.3282471
14,51,3078,243.0886993,349.0893555
14,52,3002,186.5829468,357.6422424
14,53,2839,20.55512428,381.6319275
14,54,2158,484.048645,401.9754333
14,55,2373,461.914032,436.1963806
14,56,3267,405.6972656,433.2320251
14,57,5328,273.2229614,406.7396851
14,58,3274,339.3310852,444.484436
14,59,3035,161.0494232,405.0939026
14,60,3199,206.8802795,420.8868408
14,61,3625,106.5161362,418.3288269
14,62,1410,498.8751831,451.5496521
14,63,64,1.84375,421.015625
14,64,2934,390.5010376,480.0541992
14,65,3263,298.5390625,482.7906799
14,66,2664,141.2057037,463.8284607
14,67,614,411.4071655,505.6612244
14,68,1041,344.0076904,498.7828979
14,69,3625,63.82979202,436.0609741
14,70,3191,185.1814423,487.6471252
14,71,1221,121.5364456,499.9942627
14,72,3793,463.678894,487.4993286
14,73,643,367.1104126,8.82115078
14,74,3505,447.2176819,317.9492188
14,75,4393,244.1893921,471.6692505
14,76,3063,21.43552017,457.8527527
14,77,2577,69.44819641,490.7081909
14,78,0,0.0,0.0
14,79,840,500.6452332,303.2154846
14,80,2957,482.0206299,267.2258911
14,81,366,6.879781246,11.37978172
14,82,4610,474.6954346,212.5991364
14,83,659,16.70864868,502.4658508
14,84,1334,493.4985046,16.7218895
14,85,2117,21.33726883,288.5181885
14,86,0,0.0,0.0
14,87,820,503.2243958,77.32804871
14,88,1012,115.66996,7.970355511
14,89,0,0.0,0.0
14,90,2123,164.1375427,39.87329102
14,91,595,501.8907471,165.8520966
14,92,0,0.0,0.0
14,93,0,0.0,0.0
14,94,0,0.0,0.0
14,95,0,0.0,0.0
14,96,0,0.0,0.0
14,97,0,0.0,0.0
14,98,0,0.0,0.0
14,99,0,0.0,0.0
14,100,0,0.0,0.0
14,101,0,0.0,0.0
14,102,1472,500.0258179,353.6521606
14,103,0,0.0,0.0
14,104,0,0.0,0.0
14,105,0,0.0,0.0
14,106,0,0.0,0.0
14,107,0,0.0,0.0
14,108,0,0.0,0.0
14,109,0,0.0,0.0
14,110,0,0.0,0.0
14,111,0,0.0,0.0
14,112,0,0.0,0.0
14,113,3353,67.96689606,57.34446716
14,114,0,0.0,0.0
14,115,0,0.0,0.0
14,116,0,0.0,0.0
14,117,0,0.0,0.0
14,118,0,0.0,0.0
14,119,0,0.0,0.0
14,120,0,0.0,0.0
14,121,0,0.0,0.0
14,122,0,0.0,0.0
14,123,0,0.0,0.0
14,124,0,0.0,0.0
14,125,0,0.0,0.0
14,126,0,0.0,0.0
14,127,0,0.0,0.0
14,128,0,0.0,0.0
14,129,0,0.0,0.0
14,130,0,0.0,0.0
14,131,0,0.0,0.0
14,132,0,0.0,0.0
14,133,3606,67.258461,274.9533997
15,0,1049,10.61487103,51.29456711
15,1,2773,47.03642273,17.86512756
15,2,1973,18.109478,96.3314743
15,3,1473,115.1968765,41.9959259
15,4,1989,184.0351868,10.92911053
15,5,2535,185.3230743,75.64378357
15,6,4653,247.9396057,39.11132431
15,7,7348,310.4022827,51.90786743
15,8,3498,355.7241211,83.83618927
15,9,2135,387.8107605,43.20093536
15,10,3175,429.4516602,23.35055161
15,11,2817,473.5914001,57.01633072
15,12,2385,127.6218033,82.05492401
15,13,2207,208.6878052,110.7408218
15,14,1810,369.8375549,129.9767914
15,15,1781,495.3565369,124.0393066
15,16,2441,65.29373169,103.9553452
15,17,7208,260.3866577,135.1490021
15,18,2754,157.1481476,130.8082733
15,19,2709,107.0394974,130.0601654
15,20,7588,431.7241821,109.5424347
15,21,4589,323.3785095,171.2190094
15,22,2730,192.103302,166.2454224
15,23,438,6.273972511,163.1689453
15,24,3867,41.35298538,150.8515625
15,25,1835,461.6479492,164.8801117
15,26,0,0.0,0.0
15,27,4308,105.6942902,182.4702911
15,28,4529,270.9565125,213.0004425
15,29,10016,389.9054565,210.0850677
15,30,4678,200.0731049,218.2789612
15,31,1382,16.77858162,196.4609222
15,32,4001,43.6268425,228.056488
15,33,7643,134.1676025,251.2898102
15,34,2911,325.3723755,255.4211578
15,35,0,0.0,0.0
15,36,0,0.0,0.0
15,37,3972,247.2497559,270.5433044
15,38,1602,424.9613037,274.1641846
15,39,3894,380.5379944,306.0783386
15,40,4158,190.0594025,304.5324707
15,41,3230,274.8684082,314.1092834
15,42,3397,111.4459839,319.3146973
15,43,3146,332.2860718,315.758728
15,44,2576,37.6882782,330.4592285
15,45,213,3.136150122,330.1455383
15,46,4499,411.9824524,373.5645752
15,47,1911,466.1438904,361.5149231
15,48,3929,319.4683228,369.793335
15,49,2332,367.6856689,397.8936462
15,50,4839,94.55445099,364.9692078
15,51,2922,241.5181427,350.6471558
15,52,3097,183.7762299,359.0971985
15,53,2720,19.2834568,381.8128662
15,54,2138,485.8956909,403.6983032
15,55,2385,462.7999878,440.2683411
15,56,3036,405.7470398,434.1386719
15,57,5564,272.8130798,410.6002808
15,58,3373,340.4111938,446.6652832
15,59,3069,159.8471832,404.5386047
15,60,3183,205.9355927,420.9965515
15,61,4609,98.94944763,420.343689
15,62,1391,499.1560059,453.8382568
15,63,2,0.0,419.5
15,64,3175,392.3886719,480.8217468
15,65,3325,297.9732361,483.0529175
15,66,2753,139.3574219,463.8525391
15,67,333,411.6846924,506.96698
15,68,883,345.1506348,499.973938
15,69,3226,53.56602478,439.4640503
15,70,3001,181.7367554,488.5048218
15,71,1173,120.1977844,500.237854
15,72,3626,462.5234375,489.9180908
15,73,725,366.1048279,9.176551819
15,74,3627,447.0609436,320.0890503
15,75,4298,239.4381104,474.3857727
15,76,2456,17.90838814,460.3330688
15,77,2536,67.31151581,491.2637939
15,78,0,0.0,0.0
15,79,885,500.1423645,303.1966248
15,80,2851,478.0606689,269.8039246
15,81,244,4.540983677,11.0204916
15,82,4844,475.394928,214.8086243
15,83,633,15.67456532,502.2322388
15,84,1575,492.2501526,18.33269882
15,85,1888,20.90678024,289.4163208
15,86,0,0.0,0.0
15,87,724,503.2955933,74.602211
15,88,1357,113.0943222,11.27781868
15,89,0,0.0,0.0
15,90,2638,173.0413208,38.89347839
15,91,698,501.1647644,165.6232147
15,92,0,0.0,0.0
15,93,0,0.0,0.0
15,94,0,0.0,0.0
15,95,0,0.0,0.0
15,96,0,0.0,0.0
15,97,0,0.0,0.0
15,98,0,0.0,0.0
15,99,0,0.0,0.0
15,100,0,0.0,0.0
15,101,0,0.0,0.0
15,102,1580,499.1246948,353.0462036
15,103,0,0.0,0.0
15,104,0,0.0,0.0
15,105,0,0.0,0.0
15,106,0,0.0,0.0
15,107,0,0.0,0.0
15,108,0,0.0,0.0
15,109,0,0.0,0.0
15,110,0,0.0,0.0
15,111,0,0.0,0.0
15,112,0,0.0,0.0
15,113,3308,65.29957581,57.67533112
15,114,0,0.0,0.0
15,115,0,0.0,0.0
15,116,0,0.0,0.0
15,117,0,0.0,0.0
15,118,0,0.0,0.0
15,119,0,0.0,0.0
15,120,0,0.0,0.0
15,121,0,0.0,0.0
15,122,0,0.0,0.0
15,123,0,0.0,0.0
15,124,0,0.0,0.0
15,125,0,0.0,0.0
15,126,0,0.0,0.0
15,127,0,0.0,0.0
15,128,0,0.0,0.0
15,129,0,0.0,0.0
15,130,0,0.0,0.0
15,131,0,0.0,0.0
15,132,0,0.0,0.0
15,133,3367,62.76685333,274.1318665
16,0,925,10.0389185,51.83783722
16,1,3130,44.57539749,17.53194809
16,2,1830,16.90983582,96.97212982
16,3,1540,113.6032486,44.49415588
16,4,2704,182.7999268,14.90125751
16,5,2475,182.8917236,77.56484985
16,6,4800,245.2485352,40.64374924
16,7,7684,309.1481018,52.58602142
16,8,2976,354.6609497,80.87164307
16,9,2050,385.437561,45.16097641
16,10,3463,428.6638794,22.8599472
16,11,2822,471.9401245,59.46775436
16,12,2455,125.1287155,84.71405029
16,13,2192,206.4840393,111.7545624
16,14,2180,364.0289001,129.1252289
16,15,1734,492.1309204,128.0034637
16,16,2373,63.81121063,103.9169846
16,17,7192,259.8876648,136.6183319
16,18,2924,152.9456177,134.2014313
16,19,2664,104.4977493,132.2349854
16,20,7596,427.8193665,110.214325
16,21,4533,320.7866821,173.9554443
16,22,2770,191.0339355,166.3985596
16,23,0,0.0,0.0
16,24,4313,38.39972305,152.5070648
16,25,1838,458.933075,165.021759
16,26,0,0.0,0.0
16,27,3827,102.9853668,185.0522614
16,28,4313,267.9615173,215.1442108
16,29,9894,386.6650391,211.2863312
16,30,4737,197.1665649,217.2028656
16,31,1208,13.17384148,192.937088
16,32,4164,41.03314209,227.9327545
16,33,8147,131.5643768,252.8215332
16,34,3025,322.5606689,257.6945496
16,35,0,0.0,0.0
16,36,0,0.0,0.0
16,37,3766,244.5143433,271.177124
16,38,2024,422.2929993,275.1363525
16,39,3670,378.2506714,308.7623901
16,40,4478,186.6668091,306.7324829
16,41,3414,273.9589844,314.7047424
16,42,3317,107.4127197,321.365387
16,43,2922,330.4862976,316.5167542
16,44,2544,34.1631279,332.9064331
16,45,7,0.0,336.0
16,46,4562,409.7244568,374.8792114
16,47,1797,460.8358459,365.6644287
16,48,4260,318.174408,371.6659546
16,49,2496,365.0192261,401.3814087
16,50,4579,90.90390778,365.7565002
16,51,2677,239.3134155,352.2315979
16,52,3177,182.8155518,360.1696472
16,53,2499,18.40496254,381.8119202
16,54,2532,483.0856934,406.535553
16,55,2184,465.1419373,445.5696106
16,56,3098,407.7614441,436.2698364
16,57,5475,270.4303284,411.1459351
16,58,3301,338.8936768,450.2520447
16,59,3028,157.9299927,404.3972778
16,60,3151,203.5829926,422.2326355
16,61,4700,97.43701935,420.5421143
16,62,1246,500.468689,457.6091614
16,63,11,0.181818187,423.2727356
16,64,3032,389.0587158,482.8027649
16,65,3042,296.2564087,483.8556824
16,66,2761,137.0919952,464.349884
16,67,297,412.2457886,507.3198547
16,68,885,342.0542297,500.8361511
16,69,3858,46.07102203,439.8862
16,70,2928,178.3220673,488.9873657
16,71,1130,116.8061981,500.7716675
16,72,3573,460.848877,490.0570984
16,73,681,365.8648987,8.531571388
16,74,3598,446.9135742,320.7326355
16,75,4511,237.9924622,474.5965271
16,76,1691,14.84092236,467.8373718
16,77,2540,65.11574554,491.1484375
16,78,0,0.0,0.0
16,79,988,498.683197,303.5860291
16,80,3042,478.8326721,268.5785522
16,81,12,1.166666627,1.166666627
16,82,4846,473.4467468,214.2075958
16,83,544,14.70036793,502.8878784
16,84,1631,492.9264221,19.98589897
16,85,2056,20.20476723,290.6775208
16,86,0,0.0,0.0
16,87,1025,502.6204834,82.00292969
16,88,1291,113.8179703,11.46088314
16,89,0,0.0,0.0
16,90,2027,166.8835754,44.84558487
16,91,740,500.3270264,166.3013458
16,92,0,0.0,0.0
16,93,0,0.0,0.0
16,94,0,0.0,0.0
16,95,0,0.0,0.0
16,96,0,0.0,0.0
16,97,0,0.0,0.0
16,98,0,0.0,0.0
16,99,0,0.0,0.0
16,100,0,0.0,0.0
16,101,0,0.0,0.0
16,102,1801,497.7467957,353.3164978
16,103,0,0.0,0.0
16,104,0,0.0,0.0
16,105,0,0.0,0.0
16,106,0,0.0,0.0
16,107,0,0.0,0.0
16,108,0,0.0,0.0
16,109,0,0.0,0.0
16,110,0,0.0,0.0
16,111,0,0.0,0.0
16,112,0,0.0,0.0
16,113,3327,61.94078827,57.81995773
16,114,0,0.0,0.0
16,115,0,0.0,0.0
16,116,0,0.0,0.0
16,117,0,0.0,0.0
16,118,0,0.0,0.0
16,119,0,0.0,0.0
16,120,0,0.0,0.0
16,121,0,0.0,0.0
16,122,0,0.0,0.0
16,123,0,0.0,0.0
16,124,0,0.0,0.0
16,125,0,0.0,0.0
16,126,0,0.0,0.0
16,127,0,0.0,0.0
16,128,0,0.0,0.0
16,129,0,0.0,0.0
16,130,0,0.0,0.0
16,131,0,0.0,0.0
16,132,0,0.0,0.0
16,133,2894,60.14339828,276.3572998
17,0,904,10.07964611,53.00995636
17,1,3204,43.37016296,18.45973778
17,2,1719,16.49389267,97.57067871
17,3,1614,114.0117722,45.29739761
17,4,2339,179.4972229,12.81145763
17,5,2558,180.664978,80.46794128
17,6,4155,242.3340607,49.67075729
17,7,8000,307.9207458,53.27587509
17,8,2978,352.5023499,82.81027222
17,9,1876,385.3208923,51.34701538
17,10,3667,427.4614258,22.70984459
17,11,2679,470.2034302,60.21724701
17,12,2367,122.3692474,86.658638
17,13,2093,204.3707581,114.6445313
17,14,2336,363.5192566,130.0415192
17,15,1705,490.2844543,129.0979462
17,16,2257,64.43686676,105.0598145
17,17,6989,257.6378479,139.1253357
17,18,2668,150.9332886,133.3275909
17,19,2550,101.9556885,133.4690247
17,20,7443,427.3704224,110.556633
17,21,4379,318.3142395,175.0938568
17,22,2950,186.8925476,167.7779694
17,23,0,0.0,0.0
17,24,4489,35.8612175,154.0971222
17,25,1841,456.6534424,165.5437317
17,26,0,0.0,0.0
17,27,3834,101.4160156,184.5276489
17,28,4586,265.7296143,215.8946838
17,29,10270,384.4319458,212.7433319
17,30,4664,193.3248291,219.2159119
17,31,731,10.10123158,194.830368
17,32,4531,38.00926971,229.4049835
17,33,8337,127.2205811,253.8335114
17,34,2752,320.3019714,260.3114014
17,35,0,0.0,0.0
17,36,0,0.0,0.0
17,37,3695,242.8202972,271.7583313
17,38,2527,415.8927612,281.9042358
17,39,3188,372.9714661,311.5508118
17,40,4740,186.1069641,308.4301758
17,41,3456,272.9212952,314.6125488
17,42,3349,105.511795,322.3624878
17,43,2846,329.0411072,317.6472168
17,44,2351,34.50446701,333.8149719
17,45,0,0.0,0.0
17,46,4417,404.6835022,375.545166
17,47,1738,458.7192078,370.300354
17,48,5244,316.1483459,379.660553
17,49,2475,362.4965515,407.5789795
17,50,4607,89.33796692,367.4338989
17,51,2768,239.6734161,355.4031677
17,52,2999,179.7002258,360.3504639
17,53,2213,17.49480438,379.4993286
17,54,2546,483.0345764,408.9348145
17,55,2246,467.4007263,449.0351868
17,56,3962,410.2713318,441.6395874
17,57,5113,267.4846497,414.9121704
17,58,2748,338.8289795,458.9665222
17,59,3045,157.2912903,405.8134766
17,60,3098,202.4309235,422.0645447
17,61,4988,93.95088196,423.4865723
17,62,1099,501.5004578,459.8817139
17,63,11,0.0,417.0
17,64,2617,382.6855164,488.5598145
17,65,2972,295.321991,486.6924744
17,66,2919,135.3312836,465.0791321
17,67,0,0.0,0.0
17,68,556,341.5359802,501.9820251
17,69,3751,38.13836288,437.3687134
17,70,2829,177.3874207,489.6369629
17,71,1128,114.263298,501.2375793
17,72,3549,458.1797791,492.0856628
17,73,817,366.2643738,9.724601746
17,74,3852,445.7458496,324.5983887
17,75,4470,236.3617401,474.6706848
17,76,1403,14.52102661,471.5089111
17,77,2488,62.84284592,490.8364258
17,78,0,0.0,0.0
17,79,1031,498.0300598,303.1726379
17,80,3170,477.4552002,268.9902344
17,81,0,0.0,0.0
17,82,4738,472.1591492,215.6251526
17,83,533,14.93620968,503.0919189
17,84,1751,492.7384338,21.87835503
17,85,1819,18.1187458,294.665741
17,86,0,0.0,0.0
17,87,1158,502.0500793,84.55440521
17,88,1323,110.4126968,11.49055195
17,89,770,250.8090973,7.668831348
17,90,2659,171.8604736,42.50808716
17,91,993,498.521637,167.7552795
17,92,0,0.0,0.0
17,93,0,0.0,0.0
17,94,0,0.0,0.0
17,95,0,0.0,0.0
17,96,0,0.0,0.0
17,97,0,0.0,0.0
17,98,0,0.0,0.0
17,99,0,0.0,0.0
17,100,0,0.0,0.0
17,101,0,0.0,0.0
17,102,1995,497.1874695,354.572937
17,103,0,0.0,0.0
17,104,0,0.0,0.0
17,105,0,0.0,0.0
17,106,0,0.0,0.0
17,107,0,0.0,0.0
17,108,0,0.0,0.0
17,109,0,0.0,0.0
17,110,0,0.0,0.0
17,111,0,0.0,0.0
17,112,0,0.0,0.0
17,113,3318,60.25617981,59.68595505
17,114,0,0.0,0.0
17,115,0,0.0,0.0
17,116,0,0.0,0.0
17,117,0,0.0,0.0
17,118,0,0.0,0.0
17,119,0,0.0,0.0
17,120,0,0.0,0.0
17,121,0,0.0,0.0
17,122,0,0.0,0.0
17,123,0,0.0,0.0
17,124,0,0.0,0.0
17,125,0,0.0,0.0
17,126,0,0.0,0.0
17,127,0,0.0,0.0
17,128,0,0.0,0.0
17,129,0,0.0,0.0
17,130,0,0.0,0.0
17,131,0,0.0,0.0
17,132,0,0.0,0.0
17,133,2601,56.11610794,280.4233093
18,0,765,8.430065155,53.81960678
18,1,3133,42.07979584,18.3562088
18,2,1454,14.92778587,99.8480072
18,3,1519,113.4588547,47.28242111
18,4,3302,182.7904358,18.31102371
18,5,2531,179.5709229,80.39668274
18,6,4059,240.1374664,51.58462524
18,7,8300,307.0155334,54.20361328
18,8,3128,350.0920715,85.80178833
18,9,1919,385.9004822,54.5471611
18,10,4608,433.5505676,24.12022591
18,11,2162,472.3228455,67.24838257
18,12,2184,121.7999115,86.85759735
18,13,2180,203.0908203,114.8880768
18,14,2232,363.6303711,131.7401428
18,15,1989,487.7310181,136.2161865
18,16,2157,63.95271301,105.3310165
18,17,7327,256.1356506,141.5475616
18,18,2667,148.1556091,132.7094116
18,19,2717,99.77401733,134.7846832
18,20,7464,425.8437805,112.1086578
18,21,4186,317.782135,178.7837982
18,22,3122,181.0470886,169.5352325
18,23,0,0.0,0.0
18,24,4682,35.41349792,154.9376373
18,25,1744,454.2597351,170.1806183
18,26,0,0.0,0.0
18,27,3548,100.0369186,186.7728271
18,28,4388,264.9111328,216.5125275
18,29,10057,383.6879883,214.0073547
18,30,4529,192.1940765,220.6069794
18,31,455,7.978022099,193.7054901
18,32,4616,34.74328613,230.5019531
18,33,8343,124.2623749,254.0461426
18,34,2907,319.2260132,261.7533569
18,35,0,0.0,0.0
18,36,0,0.0,0.0
18,37,3802,242.2361908,271.6412354
18,38,2539,412.0488281,283.0114136
18,39,3073,372.4526672,314.2248535
18,40,5109,184.7471161,308.7823486
18,41,3508,271.4110718,316.8013
18,42,3083,106.3399277,324.4200439
18,43,2684,327.9493408,318.1367493
18,44,2576,32.21118164,335.1894531
18,45,0,0.0,0.0
18,46,4533,402.545105,378.4008484
18,47,1376,457.9447632,373.8183289
18,48,5482,315.5735168,380.4794006
18,49,2413,361.3394165,410.1533508
18,50,4508,86.10381317,368.0505676
18,51,2717,238.2160492,359.1637878
18,52,3096,176.8294525,361.3856506
18,53,1806,17.24307823,381.4579163
18,54,3252,479.3204041,413.7770691
18,55,1732,465.4041443,454.131073
18,56,3846,408.0124817,444.0364075
18,57,4985,266.7839661,417.3663025
18,58,2648,336.2937927,460.6004639
18,59,3020,155.9721832,405.6807861
18,60,3133,201.7644501,423.0689392
18,61,5229,89.9693985,424.0032654
18,62,1083,500.1939087,463.8347168
18,63,1,0.0,411.0
18,64,2554,382.2537231,490.268219
18,65,2880,294.4416809,486.875
18,66,2976,133.9411926,463.8897705
18,67,0,0.0,0.0
18,68,490,340.2367249,502.5285645
18,69,3193,33.67178345,435.1140137
18,70,2856,174.1221924,489.8767395
18,71,1091,111.9981689,501.2465515
18,72,3485,457.9718933,492.6065979
18,73,814,366.3316956,9.762899399
18,74,4101,444.0777893,329.3169861
18,75,4395,234.693512,476.2648315
18,76,1503,15.65735149,471.430481
18,77,2633,60.6710968,490.2609253
18,78,0,0.0,0.0
18,79,1148,497.0017395,304.3040161
18,80,3022,475.9685669,272.7892151
18,81,0,0.0,0.0
18,82,4719,469.0264893,221.5681305
18,83,435,13.17471218,503.8482666
18,84,1531,495.7825012,25.12671471
18,85,1549,16.76565552,296.2182007
18,86,0,0.0,0.0
18,87,1428,501.9215698,90.6043396
18,88,1458,108.9883423,13.11865616
18,89,900,250.5766602,8.704444885
18,90,1715,157.1894989,48.6979599
18,91,1029,497.5753174,177.919342
18,92,93,510.4085999,216.1935425
18,93,0,0.0,0.0
18,94,0,0.0,0.0
18,95,0,0.0,0.0
18,96,0,0.0,0.0
18,97,0,0.0,0.0
18,98,0,0.0,0.0
18,99,0,0.0,0.0
18,100,0,0.0,0.0
18,101,0,0.0,0.0
18,102,2095,496.6591797,356.4758911
18,103,0,0.0,0.0
18,104,0,0.0,0.0
18,105,0,0.0,0.0
18,106,0,0.0,0.0
18,107,0,0.0,0.0
18,108,0,0.0,0.0
18,109,0,0.0,0.0
18,110,0,0.0,0.0
18,111,0,0.0,0.0
18,112,0,0.0,0.0
18,113,3739,56.90050888,60.74110794
18,114,0,0.0,0.0
18,115,0,0.0,0.0
18,116,0,0.0,0.0
18,117,0,0.0,0.0
18,118,0,0.0,0.0
18,119,0,0.0,0.0
18,120,0,0.0,0.0
18,121,0,0.0,0.0
18,122,0,0.0,0.0
18,123,0,0.0,0.0
18,124,0,0.0,0.0
18,125,0,0.0,0.0
18,126,0,0.0,0.0
18,127,0,0.0,0.0
18,128,0,0.0,0.0
18,129,0,0.0,0.0
18,130,0,0.0,0.0
18,131,0,0.0,0.0
18,132,0,0.0,0.0
18,133,2704,55.00333023,283.8106384
19,0,625,7.859200001,53.62080002
19,1,3311,42.32950592,19.53307152
19,2,1222,13.50572872,100.6841278
19,3,1475,112.6637268,49.08542252
19,4,3282,182.2653809,17.84917641
19,5,2514,178.5417633,81.40771484
19,6,3882,237.8542023,55.57908249
19,7,8519,305.9491577,54.72696304
19,8,3706,350.559906,89.20426178
19,9,1898,385.3535156,54.10484695
19,10,4440,432.4130554,23.50855827
19,11,2270,470.4960327,68.73348236
19,12,2096,120.07061,88.20801544
19,13,2278,202.000885,116.9372253
19,14,1782,363.9085388,136.21492
19,15,1930,484.8684082,137.6839447
19,16,2208,62.95380402,104.8328781
19,17,7186,254.9138641,144.0236511
19,18,2805,146.3137207,133.2135468
19,19,2642,97.6570816,137.3368683
19,20,7462,424.3495178,112.6839981
19,21,4286,315.9456482,180.1586609
19,22,3056,178.2778168,170.9728394
19,23,0,0.0,0.0
19,24,4893,34.76272202,155.8318024
19,25,1834,451.6564941,173.7241058
19,26,0,0.0,0.0
19,27,3247,99.13427734,187.3788147
19,28,4514,262.1925049,218.2410278
19,29,10327,382.0032959,215.73526
19,30,4462,191.2301636,222.471756
19,31,480,8.979166985,196.7291718
19,32,4324,33.91049957,231.6660461
19,33,8558,121.9995346,254.5148468
19,34,2754,317.33078,264.086792
19,35,0,0.0,0.0
19,36,0,0.0,0.0
19,37,3656,240.4234161,273.215271
19,38,3087,412.1292419,288.5357971
19,39,2930,368.340271,315.4911194
19,40,5087,182.7973328,309.0591736
19,41,3591,269.2445068,318.7733154
19,42,3136,104.2994232,327.1065063
19,43,2538,325.3782654,318.893219
19,44,2443,30.23332024,335.5464478
19,45,0,0.0,0.0
19,46,4614,399.9703064,377.8138123
19,47,1596,455.4642944,375.8959961
19,48,5644,312.0769043,381.1043701
19,49,2344,358.9419861,410.9603271
19,50,4445,83.34060669,369.2967529
19,51,2614,235.5558472,360.9058838
19,52,3292,175.2329865,361.8551025
19,53,1685,15.88842773,382.3186951
19,54,3257,481.2173767,416.7479248
19,55,1901,462.7690735,453.208313
19,56,3604,403.986969,441.6925659
19,57,4785,264.4150391,419.7619629
19,58,2827,333.3052673,462.3049316
19,59,2951,154.4503632,407.8278503
19,60,3045,200.1330109,423.715271
19,61,5142,88.61590576,423.7357178
19,62,953,500.5267639,468.0157471
19,63,0,0.0,0.0
19,64,2572,383.6885681,488.8845215
19,65,2679,291.7260132,487.5838013
19,66,3037,131.8472137,465.2281799
19,67,0,0.0,0.0
19,68,534,339.8089905,502.8464355
19,69,3455,32.60694504,438.114624
19,70,2869,170.8689423,491.1544189
19,71,896,105.5881729,501.7935181
19,72,3632,455.10849,492.2103577
19,73,757,366.7437134,8.78203392
19,74,3468,443.9919128,332.4100342
19,75,4400,232.5284119,476.7581787
19,76,1035,11.90241528,473.1613464
19,77,2645,59.02797699,489.8260803
19,78,0,0.0,0.0
19,79,1108,496.2454834,306.8501892
19,80,2927,477.285614,276.4581604
19,81,0,0.0,0.0
19,82,4587,467.6581726,227.3080444
19,83,489,12.84867096,502.5133057
19,84,1689,494.4979248,26.02013016
19,85,1347,14.8010397,297.2657776
19,86,0,0.0,0.0
19,87,1612,501.5583191,93.46774292
19,88,1610,109.0975189,14.19627285
19,89,1112,251.5125885,10.71582699
19,90,1874,159.0736389,50.04802704
19,91,1420,496.0514221,180.4971771
19,92,101,510.366333,219.7623749
19,93,0,0.0,0.0
19,94,0,0.0,0.0
19,95,0,0.0,0.0
19,96,0,0.0,0.0
19,97,0,0.0,0.0
19,98,0,0.0,0.0
19,99,0,0.0,0.0
19,100,0,0.0,0.0
19,101,0,0.0,0.0
19,102,2265,495.6304626,357.642395
19,103,0,0.0,0.0
19,104,0,0.0,0.0
19,105,0,0.0,0.0
19,106,0,0.0,0.0
19,107,0,0.0,0.0
19,108,0,0.0,0.0
19,109,0,0.0,0.0
19,110,0,0.0,0.0
19,111,0,0.0,0.0
19,112,0,0.0,0.0
19,113,3746,54.17004776,62.64308548
19,114,0,0.0,0.0
19,115,0,0.0,0.0
19,116,0,0.0,0.0
19,117,0,0.0,0.0
19,118,0,0.0,0.0
19,119,0,0.0,0.0
19,120,0,0.0,0.0
19,121,0,0.0,0.0
19,122,0,0.0,0.0
19,123,0,0.0,0.0
19,124,0,0.0,0.0
19,125,0,0.0,0.0
19,126,0,0.0,0.0
19,127,0,0.0,0.0
19,128,0,0.0,0.0
19,129,0,0.0,0.0
19,130,0,0.0,0.0
19,131,0,0.0,0.0
19,132,0,0.0,0.0
19,133,2843,52.47274017,284.8529663
20,0,565,7.403539658,52.7876091
20,1,3414,42.95166779,19.91534805
20,2,1231,13.78066635,101.7806625
20,3,1454,113.602478,48.1781311
20,4,3887,180.36763,20.75996971
20,5,2629,178.0764618,81.33701324
20,6,3697,236.2794189,57.34270859
20,7,8566,304.6997375,54.9251709
20,8,3615,349.7881165,87.69875336
20,9,1646,384.7533264,51.7715683
20,10,4339,431.2341614,23.0993309
20,11,2514,469.3790894,71.08830261
20,12,2197,119.0637207,88.58807373
20,13,2282,200.274765,119.0017548
20,14,2201,361.2957764,136.805542
20,15,2182,482.524292,140.433548
20,16,2069,63.17882919,105.5857925
20,17,7378,253.451889,144.6794586
20,18,2754,145.0526581,133.7857666
20,19,2663,96.94480133,138.4709015
20,20,7227,421.0491333,111.728653
20,21,4277,313.4940491,183.8022003
20,22,3023,176.226593,172.3893433
20,23,0,0.0,0.0
20,24,4951,34.58573914,156.9765778
20,25,1959,449.6656494,174.9683533
20,26,0,0.0,0.0
20,27,3071,97.24780273,188.0289764
20,28,4312,260.6127014,219.4835358
20,29,10296,380.1229553,216.8117676
20,30,4324,188.8647156,222.2627258
20,31,254,5.767716408,193.0275574
20,32,4361,31.53175926,231.7596893
20,33,8772,118.969223,254.4658051
20,34,2831,315.1109009,266.9240417
20,35,0,0.0,0.0
20,36,0,0.0,0.0
20,37,3730,239.3463745,273.506958
20,38,3220,409.1217346,289.9043579
20,39,2850,365.1115723,317.6143799
20,40,5209,182.0980988,309.105957
20,41,3616,268.0091248,320.2895508
20,42,3173,104.4966888,327.6653137
20,43,2366,323.7252808,321.7650146
20,44,2417,29.31361198,337.1716919
20,45,0,0.0,0.0
20,46,4554,398.0142822,381.4147949
20,47,1470,454.7687073,377.6932068
20,48,6160,309.315918,383.8201294
20,49,2288,355.6857605,415.3850403
20,50,4449,81.41110229,369.8129883
20,51,2553,233.3756409,362.9095154
20,52,3253,173.6646118,362.0811462
20,53,1478,15.52638721,383.1163635
20,54,4184,477.0532837,422.8855286
20,55,1386,461.5166016,461.9069214
20,56,3469,403.1412659,442.9533081
20,57,4414,259.0926514,421.6760254
20,58,3068,331.4491577,465.3487549
20,59,2878,153.6744232,408.5698547
20,60,2994,197.8570404,424.5865173
20,61,5276,87.18252563,423.9279785
20,62,923,500.7583923,475.6738892
20,63,0,0.0,0.0
20,64,2441,380.41745,490.1994934
20,65,2453,287.6445313,487.7028198
20,66,3048,130.2250671,466.1958618
20,67,0,0.0,0.0
20,68,459,335.0283203,503.8169861
20,69,3294,30.96083832,438.4116516
20,70,2753,167.9244385,491.9425964
20,71,821,102.0596848,502.0072937
20,72,3421,452.0283508,493.515625
20,73,850,365.7247009,10.15411758
20,74,3729,440.4086914,335.6073914
20,75,4340,229.9262695,477.8709717
20,76,1011,11.2997036,473.0959473
20,77,2642,57.83194733,489.3414001
20,78,0,0.0,0.0
20,79,1024,496.0683594,309.5039063
20,80,2922,477.1136169,280.5927429
20,81,0,0.0,0.0
20,82,4822,465.4854736,231.0037384
20,83,468,12.61752129,502.9850464
20,84,1785,493.5215759,26.32044792
20,85,1256,14.23089218,299.4625854
20,86,0,0.0,0.0
20,87,1802,500.9544983,96.55216217
20,88,1450,107.8710327,13.43586254
20,89,1183,251.7514801,11.24091339
20,90,1326,153.5022583,52.97134399
20,91,1312,496.2751465,184.3925323
20,92,237,508.27005,217.8480988
20,93,0,0.0,0.0
20,94,0,0.0,0.0
20,95,0,0.0,0.0
20,96,0,0.0,0.0
20,97,0,0.0,0.0
20,98,0,0.0,0.0
20,99,0,0.0,0.0
20,100,0,0.0,0.0
20,101,0,0.0,0.0
20,102,2355,495.2250671,359.2016907
20,103,0,0.0,0.0
20,104,0,0.0,0.0
20,105,0,0.0,0.0
20,106,0,0.0,0.0
20,107,0,0.0,0.0
20,108,0,0.0,0.0
20,109,0,0.0,0.0
20,110,0,0.0,0.0
20,111,0,0.0,0.0
20,112,0,0.0,0.0
20,113,3884,53.38542557,63.57672501
20,114,0,0.0,0.0
20,115,0,0.0,0.0
20,116,0,0.0,0.0
20,117,0,0.0,0.0
20,118,0,0.0,0.0
20,119,0,0.0,0.0
20,120,0,0.0,0.0
20,121,0,0.0,0.0
20,122,0,0.0,0.0
20,123,0,0.0,0.0
20,124,0,0.0,0.0
20,125,0,0.0,0.0
20,126,0,0.0,0.0
20,127,0,0.0,0.0
20,128,0,0.0,0.0
20,129,0,0.0,0.0
20,130,0,0.0,0.0
20,131,0,0.0,0.0
20,132,0,0.0,0.0
20,133,2737,49.67153931,286.6159973
21,0,350,6.362857342,49.04857254
21,1,3309,41.81535339,20.47416115
21,2,999,11.43843842,106.0820847
21,3,1391,112.109993,48.69015121
21,4,4079,178.9303741,21.17259216
21,5,2356,176.4749603,83.11460114
21,6,3757,234.5264893,58.76656723
21,7,8511,303.5236816,56.36987305
21,8,3687,350.5966797,91.32411194
21,9,1712,381.9398499,51.79264069
21,10,4290,429.8114319,23.02470779
21,11,2788,467.0731812,73.78801727
21,12,2095,117.1441498,89.34892273
21,13,2219,198.9959412,118.2676849
21,14,1955,356.1861877,141.8680267
21,15,2191,478.5194092,140.7256927
21,16,1918,63.10636139,105.4509888
21,17,7579,252.6449432,146.2306366
21,18,2813,142.5503082,132.7500916
21,19,2629,94.31114197,139.4028168
21,20,7017,416.9742126,111.6997299
21,21,4310,311.1807556,186.2422333
21,22,3077,175.098465,170.4224854
21,23,0,0.0,0.0
21,24,4855,33.71596146,157.6906281
21,25,2096,446.9570618,177.1989441
21,26,0,0.0,0.0
21,27,3093,95.51083374,188.4015503
21,28,4044,258.1256104,221.8531189
21,29,10314,377.8006592,218.4581146
21,30,4360,185.3688049,221.4600983
21,31,18,0.277777791,188.8888855
21,32,4387,28.66537476,231.414856
21,33,9081,115.9322739,255.3085632
21,34,2840,313.934845,268.9640808
21,35,0,0.0,0.0
21,36,0,0.0,0.0
21,37,3897,239.5840454,273.9327698
21,38,3323,404.9265747,294.1579895
21,39,2550,363.0455017,319.4501953
21,40,5613,181.2412262,311.4837036
21,41,3449,267.108429,321.6564331
21,42,3053,102.7517166,328.541748
21,43,2340,322.5516968,323.2833252
21,44,2313,27.79680061,337.8041382
21,45,0,0.0,0.0
21,46,4809,394.2052307,381.7953796
21,47,1253,455.3455811,380.9265747
21,48,6270,306.6299744,385.4524841
21,49,2171,354.9677429,419.5080566
21,50,4548,78.67018127,370.0345154
21,51,2500,232.1092072,363.7084045
21,52,3056,171.6220551,365.2503357
21,53,1408,14.28125,385.3671875
21,54,4849,475.9960938,428.39328
21,55,1300,454.1799927,465.3222961
21,56,3480,399.8066101,445.8692627
21,57,4305,257.4385681,424.1974487
21,58,3069,329.5089722,464.9885864
21,59,2947,152.1937561,409.734314
21,60,3031,196.987793,424.7212219
21,61,5202,85.4309845,424.3744812
21,62,969,497.956665,484.5944214
21,63,0,0.0,0.0
21,64,1905,379.1039429,491.6777039
21,65,2135,286.5231934,489.5391235
21,66,3043,129.7078552,466.8787231
21,67,0,0.0,0.0
21,68,729,334.6104126,502.4855957
21,69,3197,30.79637146,440.3900452
21,70,2535,164.9274139,493.2161865
21,71,745,99.528862,502.5543518
21,72,3037,446.7602844,495.417511
21,73,804,364.9141846,10.46019936
21,74,3997,441.4588318,338.9967346
21,75,4480,227.81987,478.7301331
21,76,887,11.2029314,473.5073242
21,77,2691,57.06354523,489.3288879
21,78,0,0.0,0.0
21,79,1078,495.1382141,312.811676
21,80,2854,482.0290833,280.3626404
21,81,0,0.0,0.0
21,82,4977,460.1613464,236.9409332
21,83,459,11.09150314,501.9934692
21,84,1972,492.7631836,27.13640976
21,85,1184,12.73226357,300.0616455
21,86,0,0.0,0.0
21,87,1948,500.2428284,100.2987671
21,88,1526,104.6520309,13.50982952
21,89,1196,250.4974976,11.56856155
21,90,1487,153.0847321,55.65568161
21,91,1524,494.5643005,183.5059052
21,92,383,505.8563843,220.2402039
21,93,6,0.666666687,0.666666687
21,94,0,0.0,0.0
21,95,0,0.0,0.0
21,96,0,0.0,0.0
21,97,6,510.8333435,285.8333435
21,98,0,0.0,0.0
21,99,0,0.0,0.0
21,100,0,0.0,0.0
21,101,0,0.0,0.0
21,102,2326,495.3589783,363.0889893
21,103,0,0.0,0.0
21,104,223,321.9237671,3.035874367
21,105,0,0.0,0.0
21,106,0,0.0,0.0
21,107,0,0.0,0.0
21,108,0,0.0,0.0
21,109,0,0.0,0.0
21,110,0,0.0,0.0
21,111,0,0.0,0.0
21,112,0,0.0,0.0
21,113,4399,48.71061707,65.63264465
21,114,0,0.0,0.0
21,115,0,0.0,0.0
21,116,0,0.0,0.0
21,117,0,0.0,0.0
21,118,0,0.0,0.0
21,119,0,0.0,0.0
21,120,0,0.0,0.0
21,121,0,0.0,0.0
21,122,0,0.0,0.0
21,123,0,0.0,0.0
21,124,0,0.0,0.0
21,125,0,0.0,0.0
21,126,0,0.0,0.0
21,127,0,0.0,0.0
21,128,0,0.0,0.0
21,129,0,0.0,0.0
21,130,0,0.0,0.0
21,131,0,0.0,0.0
21,132,0,0.0,0.0
21,133,2586,48.62335587,288.1666565
22,0,349,5.905444145,46.85960007
22,1,2759,45.12649536,23.81732559
22,2,927,10.99676418,105.7001114
22,3,1462,111.8898773,50.42271042
22,4,4316,177.8429108,22.15291977
22,5,2606,175.2141266,82.14083099
22,6,3832,233.6745758,60.75861359
22,7,8618,302.9376831,57.77581787
22,8,3711,349.6397095,94.11910248
22,9,2385,384.2767334,59.5840683
22,10,4313,428.0830078,23.07836723
22,11,3777,466.3733215,83.57585144
22,12,2059,114.502182,91.41525269
22,13,2399,198.293045,121.0629425
22,14,1973,352.9102783,145.3340149
22,15,1637,478.028717,150.1551666
22,16,1667,61.38092422,108.1271744
22,17,8076,252.5663757,150.7945709
22,18,2697,140.898407,132.5435638
22,19,2628,92.46270752,140.4642334
22,20,6333,416.6290894,116.8054657
22,21,4029,310.0436707,192.6872711
22,22,3088,170.5718842,172.3299866
22,23,0,0.0,0.0
22,24,4905,32.23506546,158.8927612
22,25,2157,443.013916,180.8465424
22,26,0,0.0,0.0
22,27,2936,92.88146973,188.7210541
22,28,4069,255.6544647,226.5256805
22,29,10283,376.1842957,220.9398041
22,30,4051,180.3441162,221.2986908
22,31,0,0.0,0.0
22,32,4096,26.84448242,233.2460938
22,33,9559,111.8895264,257.0701904
22,34,2551,312.5480347,271.8835754
22,35,0,0.0,0.0
22,36,0,0.0,0.0
22,37,4087,239.1169586,275.857605
22,38,3325,402.7401428,296.5672302
22,39,2446,361.5298462,320.2399902
22,40,5835,180.2733459,312.5115662
22,41,3341,267.3564758,324.0107727
22,42,3225,104.3848038,332.6570435
22,43,2351,322.3883362,325.6703491
22,44,2192,26.48357582,337.3166199
22,45,0,0.0,0.0
22,46,5328,391.5587463,385.2708435
22,47,1303,454.8157959,381.2870178
22,48,6706,303.5957336,389.8170166
22,49,2163,351.5552368,426.3041992
22,50,4197,72.36096954,369.7133789
22,51,2500,228.8471985,363.9967957
22,52,2759,169.8742371,367.9325867
22,53,1289,13.64391041,386.7796631
22,54,4885,475.4276428,429.2884216
22,55,1282,450.8674011,465.2800293
22,56,3280,398.9774475,449.3637085
22,57,4033,253.1517487,425.1981201
22,58,3014,327.256134,470.7747192
22,59,3111,150.0784302,409.7296753
22,60,2929,195.9446869,425.6998901
22,61,5349,83.58066559,423.743866
22,62,1062,496.6459656,483.8691101
22,63,0,0.0,0.0
22,64,1882,376.6206055,492.945282
22,65,1937,285.5152283,490.45224
22,66,3073,127.1526184,466.9524841
22,67,0,0.0,0.0
22,68,413,332.4527893,505.6513367
22,69,3428,28.31534386,443.8185425
22,70,2560,161.7746124,493.2421875
22,71,655,97.23511505,503.4030457
22,72,2949,446.2075195,495.9613342
22,73,796,363.3982544,10.40954781
22,74,4061,441.2100525,339.7574463
22,75,4522,226.5705414,479.4573059
22,76,635,10.71338558,480.7354431
22,77,2557,56.29292297,490.1067505
22,78,0,0.0,0.0
22,79,801,496.4007568,316.7702942
22,80,2623,482.2947083,285.2180786
22,81,0,0.0,0.0
22,82,5247,459.9889526,241.0781403
22,83,363,10.19008255,503.1570129
22,84,2016,491.6879883,26.54265785
22,85,1012,11.53853798,301.6195679
22,86,0,0.0,0.0
22,87,2025,500.7367859,101.6701202
22,88,1727,100.1262283,13.30746937
22,89,1248,250.8060913,11.8157053
22,90,1188,147.9090881,57.55976486
22,91,1615,493.6247559,183.6501617
22,92,495,504.9393921,221.2040405
22,93,415,12.8289156,6.496385574
22,94,0,0.0,0.0
22,95,0,0.0,0.0
22,96,0,0.0,0.0
22,97,153,508.8823547,283.7254944
22,98,0,0.0,0.0
22,99,0,0.0,0.0
22,100,0,0.0,0.0
22,101,0,0.0,0.0
22,102,2320,495.4133606,364.3586121
22,103,0,0.0,0.0
22,104,263,320.8060913,3.50190115
22,105,0,0.0,0.0
22,106,0,0.0,0.0
22,107,0,0.0,0.0
22,108,0,0.0,0.0
22,109,0,0.0,0.0
22,110,0,0.0,0.0
22,111,0,0.0,0.0
22,112,0,0.0,0.0
22,113,4530,48.3064003,67.48388672
22,114,0,0.0,0.0
22,115,0,0.0,0.0
22,116,0,0.0,0.0
22,117,0,0.0,0.0
22,118,0,0.0,0.0
22,119,0,0.0,0.0
22,120,0,0.0,0.0
22,121,0,0.0,0.0
22,122,0,0.0,0.0
22,123,0,0.0,0.0
22,124,0,0.0,0.0
22,125,0,0.0,0.0
22,126,0,0.0,0.0
22,127,0,0.0,0.0
22,128,0,0.0,0.0
22,129,0,0.0,0.0
22,130,0,0.0,0.0
22,131,0,0.0,0.0
22,132,0,0.0,0.0
22,133,2395,44.83966446,288.5319519
23,0,179,3.843575478,48.18435669
23,1,2706,41.82372665,24.91130829
23,2,813,11.41820431,107.3050461
23,3,1286,110.6796265,51.41990662
23,4,4485,177.1001129,22.54849434
23,5,1961,173.6710815,89.07037354
23,6,3758,232.4837646,62.76556778
23,7,9017,303.0349426,58.76488876
23,8,4394,343.5464172,113.1927643
23,9,2960,384.6280518,63.29053879
23,10,4108,427.4194336,23.00219154
23,11,4396,464.1426392,89.13375854
23,12,2086,111.1385422,92.08245087
23,13,2383,197.5203552,120.5547638
23,14,1019,368.3140259,150.2649689
23,15,1398,473.7510681,156.8369141
23,16,1273,60.56559372,112.7611923
23,17,8344,251.3215485,153.5650787
23,18,2805,138.5775452,132.0199585
23,19,2531,89.88384247,143.1102295
23,20,5572,414.1358643,119.0868607
23,21,4166,309.0960083,200.2520447
23,22,3284,168.1266785,173.2229004
23,23,0,0.0,0.0
23,24,4716,30.98451996,158.9501648
23,25,2267,440.3149414,182.6435852
23,26,0,0.0,0.0
23,27,2769,90.52329254,188.9241638
23,28,4256,253.3197784,231.4302216
23,29,9811,375.6248169,222.0112152
23,30,3891,178.0467682,223.0046234
23,31,0,0.0,0.0
23,32,4035,26.69764519,233.0664215
23,33,9780,110.4792404,258.4470215
23,34,2239,311.6659241,273.8539429
23,35,0,0.0,0.0
23,36,0,0.0,0.0
23,37,4027,238.3963318,279.5490417
23,38,3487,398.4382019,297.5612183
23,39,2548,358.9289551,320.4344482
23,40,5962,180.5660858,314.7822876
23,41,3212,266.3823242,326.2011108
23,42,3138,99.78075409,333.305603
23,43,2143,320.9281311,327.7256165
23,44,1959,24.47626305,337.7764282
23,45,0,0.0,0.0
23,46,5660,389.703186,389.9865723
23,47,1104,459.7998047,381.6567078
23,48,6699,301.9882202,389.601593
23,49,2210,350.3149414,429.3013611
23,50,4288,67.44589233,370.8945923
23,51,2246,227.4982147,366.0596619
23,52,2968,164.4902344,368.6307373
23,53,1086,12.4594841,388.9576416
23,54,4860,474.5325012,430.0812683
23,55,1259,446.3049927,463.3320007
23,56,2693,397.4066162,452.7764587
23,57,4397,253.1478271,428.1635132
23,58,3296,325.1832581,474.9059448
23,59,3169,148.0255585,411.383728
23,60,2873,193.924469,426.106842
23,61,5435,80.41802979,425.6250305
23,62,1206,496.6434631,484.1625061
23,63,0,0.0,0.0
23,64,1943,375.4281921,492.9346313
23,65,1694,282.9976501,492.6782837
23,66,2990,125.1257553,467.8943176
23,67,0,0.0,0.0
23,68,91,331.4285583,510.2197876
23,69,3189,26.55848312,445.2000732
23,70,2441,158.5440369,493.7390442
23,71,671,93.77794647,503.0059509
23,72,2967,444.1210022,495.5908203
23,73,1016,362.8041382,11.81692886
23,74,4478,439.8655701,343.6402283
23,75,4505,223.3496094,480.2554932
23,76,545,8.475229263,479.9449463
23,77,2487,52.73542404,490.9742737
23,78,0,0.0,0.0
23,79,939,496.8881836,317.4291687
23,80,2682,481.3970947,285.5801697
23,81,0,0.0,0.0
23,82,5252,457.505127,243.3568115
23,83,291,8.116838455,503.3780212
23,84,2188,490.7751465,26.99817276
23,85,966,10.61490726,302.9389343
23,86,0,0.0,0.0
23,87,2254,499.6197815,104.9197006
23,88,1992,97.80321503,14.67118454
23,89,1335,250.4644165,12.89063644
23,90,1835,156.1068115,61.34550476
23,91,1641,493.5679321,183.8244934
23,92,633,503.8277893,222.1879883
23,93,397,12.51637268,6.385390282
23,94,1,277.0,0.0
23,95,0,0.0,0.0
23,96,11,511.0,158.0
23,97,138,508.0579834,285.289856
23,98,0,0.0,0.0
23,99,0,0.0,0.0
23,100,0,0.0,0.0
23,101,0,0.0,0.0
23,102,2223,495.7593384,367.0679321
23,103,0,0.0,0.0
23,104,244,322.4098511,3.344262362
23,105,0,0.0,0.0
23,106,0,0.0,0.0
23,107,0,0.0,0.0
23,108,0,0.0,0.0
23,109,0,0.0,0.0
23,110,0,0.0,0.0
23,111,0,0.0,0.0
23,112,0,0.0,0.0
23,113,5054,47.42936325,70.15789795
23,114,0,0.0,0.0
23,115,0,0.0,0.0
23,116,0,0.0,0.0
23,117,0,0.0,0.0
23,118,0,0.0,0.0
23,119,0,0.0,0.0
23,120,0,0.0,0.0
23,121,0,0.0,0.0
23,122,0,0.0,0.0
23,123,0,0.0,0.0
23,124,0,0.0,0.0
23,125,0,0.0,0.0
23,126,0,0.0,0.0
23,127,0,0.0,0.0
23,128,0,0.0,0.0
23,129,0,0.0,0.0
23,130,0,0.0,0.0
23,131,0,0.0,0.0
23,132,0,0.0,0.0
23,133,2438,42.81583405,288.6944275
24,0,110,3.581818104,47.61818314
24,1,2578,40.10317993,26.19317245
24,2,803,11.5603981,108.8381042
24,3,1257,111.7239456,51.15195084
24,4,4623,176.9906921,23.27687645
24,5,2050,172.7507324,90.50146484
24,6,3532,231.6591187,63.89892578
24,7,8740,303.3566284,60.58741379
24,8,4356,339.9917297,117.4960938
24,9,3316,384.6188049,70.79312134
24,10,4196,425.544342,23.64847565
24,11,4470,463.1331177,88.56532288
24,12,2161,109.637207,92.90652466
24,13,2590,198.3783722,121.1822357
24,14,1204,368.1569824,149.3330536
24,15,1692,472.5933838,155.5921936
24,16,1199,59.9499588,113.6872406
24,17,8742,248.8849182,156.5949402
24,18,2707,137.18396,131.5995636
24,19,2597,88.47054291,145.1528625
24,20,5005,414.634552,121.6893082
24,21,4085,307.8195801,202.7872772
24,22,3340,163.9967041,175.6736603
24,23,0,0.0,0.0
24,24,4824,31.03793526,160.8636017
24,25,2348,439.0881653,184.7512817
24,26,0,0.0,0.0
24,27,2563,89.87982941,190.3355408
24,28,4004,252.5564423,233.3449097
24,29,9618,373.8946838,223.6533508
24,30,3712,174.7214508,225.0336761
24,31,0,0.0,0.0
24,32,3739,25.0834446,234.7723999
24,33,10366,107.3754578,261.7766724
24,34,1910,306.9858704,274.5408325
24,35,0,0.0,0.0
24,36,0,0.0,0.0
24,37,4116,237.3214264,279.3197327
24,38,3516,395.5827637,298.7167358
24,39,2747,354.4153748,318.2784729
24,40,6314,180.4654694,317.8284912
24,41,3163,265.6686707,327.17453
24,42,2988,100.4611816,339.1890869
24,43,2165,319.6036987,329.5436401
24,44,1831,24.34298134,337.752594
24,45,0,0.0,0.0
24,46,6003,388.1052856,392.3150024
24,47,1016,457.6397705,385.3326721
24,48,6471,300.6357727,389.921814
24,49,2016,349.746521,433.2623901
24,50,4362,64.72237396,372.1978455
24,51,2172,226.634903,368.2762451
24,52,2544,165.5900116,371.7425232
24,53,974,11.33162212,389.6663208
24,54,4777,474.3154602,430.683075
24,55,1451,449.4176331,465.0785522
24,56,2341,398.2785034,452.9602661
24,57,4529,252.8891602,430.4797974
24,58,3516,324.680603,476.2952271
24,59,3286,146.460434,412.3849792
24,60,2950,192.937973,427.3417053
24,61,5421,78.46743774,426.9599609
24,62,1233,496.8945618,486.914032
24,63,0,0.0,0.0
24,64,2058,376.8139038,489.8935852
24,65,1733,281.5556946,492.8857422
24,66,3017,123.9313889,470.0653076
24,67,0,0.0,0.0
24,68,0,0.0,0.0
24,69,3147,25.99618721,446.796936
24,70,2164,155.8784637,495.036499
24,71,555,93.36576843,504.0306396
24,72,2726,441.8180542,496.7608337
24,73,1136,361.0730591,12.48063374
24,74,4652,437.9518433,344.4615173
24,75,4389,220.1132355,481.6049194
24,76,465,8.316128731,480.2257996
24,77,2458,51.2074852,492.3096008
24,78,0,0.0,0.0
24,79,822,496.1009827,320.2737122
24,80,2472,478.7985535,288.2860107
24,81,0,0.0,0.0
24,82,5411,456.4904785,245.3101044
24,83,249,6.301204681,502.8955688
24,84,2385,490.1911926,28.12327003
24,85,871,10.08725643,304.8163147
24,86,0,0.0,0.0
24,87,2141,500.0004578,108.7108841
24,88,2115,94.5063858,14.26241112
24,89,1341,248.7718048,13.4377327
24,90,1764,155.549881,61.96882248
24,91,1647,493.0315857,186.3497314
24,92,688,503.6191711,225.4476776
24,93,405,12.7827158,6.419753075
24,94,344,287.491272,6.334302425
24,95,0,0.0,0.0
24,96,38,510.5526428,161.1052704
24,97,352,505.4403381,292.03125
24,98,0,0.0,0.0
24,99,0,0.0,0.0
24,100,0,0.0,0.0
24,101,0,0.0,0.0
24,102,2376,494.7167358,367.289978
24,103,0,0.0,0.0
24,104,321,313.4454956,4.90031147
24,105,0,0.0,0.0
24,106,0,0.0,0.0
24,107,0,0.0,0.0
24,108,0,0.0,0.0
24,109,0,0.0,0.0
24,110,0,0.0,0.0
24,111,0,0.0,0.0
24,112,0,0.0,0.0
24,113,5206,47.39473724,70.23184967
24,114,0,0.0,0.0
24,115,0,0.0,0.0
24,116,0,0.0,0.0
24,117,0,0.0,0.0
24,118,0,0.0,0.0
24,119,0,0.0,0.0
24,120,0,0.0,0.0
24,121,0,0.0,0.0
24,122,0,0.0,0.0
24,123,0,0.0,0.0
24,124,0,0.0,0.0
24,125,0,0.0,0.0
24,126,0,0.0,0.0
24,127,0,0.0,0.0
24,128,0,0.0,0.0
24,129,0,0.0,0.0
24,130,0,0.0,0.0
24,131,0,0.0,0.0
24,132,0,0.0,0.0
24,133,2357,39.74543762,290.8799438
25,0,50,1.019999981,51.20000076
25,1,2461,39.38683319,27.99309158
25,2,922,13.64425182,111.1106262
25,3,1290,109.5038757,51.64186096
25,4,4885,176.5398102,24.33756447
25,5,1927,172.4914398,91.38764954
25,6,3493,231.0621185,67.82679749
25,7,8617,302.8407898,61.2495079
25,8,4772,339.9782104,120.0831909
25,9,3956,388.5604248,73.05283356
25,10,4234,424.6209106,24.04463959
25,11,5032,462.4980164,89.70906067
25,12,2149,106.3224792,92.94602203
25,13,2559,195.9257507,122.1953888
25,14,938,370.3795166,150.5543671
25,15,1588,471.0220337,157.4911804
25,16,1005,59.9114418,115.7502518
25,17,8864,247.7489777,158.0518951
25,18,2731,134.7711487,130.3463898
25,19,2560,87.85469055,146.5664063
25,20,3938,413.895874,129.5492706
25,21,4173,305.999054,207.1095123
25,22,3995,158.3201447,178.9987488
25,23,0,0.0,0.0
25,24,4595,30.72208977,161.0681152
25,25,2386,437.6395569,185.1399841
25,26,0,0.0,0.0
25,27,2384,83.75839233,191.6606598
25,28,4364,250.4548645,236.9901428
25,29,9839,372.680542,224.1812134
25,30,3318,176.2516632,229.3197784
25,31,0,0.0,0.0
25,32,3780,23.82539749,236.8605804
25,33,10484,105.5443497,262.5515137
25,34,2386,310.2330322,280.1123352
25,35,0,0.0,0.0
25,36,0,0.0,0.0
25,37,3716,234.2238922,282.6299744
25,38,3373,393.662323,300.568634
25,39,2275,357.9288025,326.5771484
25,40,6666,178.8018341,320.5827942
25,41,3184,264.1111755,328.9462891
25,42,3318,103.7848129,344.1561279
25,43,2215,320.3792419,333.6135559
25,44,1752,23.97146034,338.6535339
25,45,0,0.0,0.0
25,46,6077,386.9766235,393.9407654
25,47,1163,456.7644043,385.4342346
25,48,6571,296.5315857,393.6160278
25,49,2197,347.4251404,433.6244812
25,50,4340,62.53847885,372.9288025
25,51,2184,226.2715149,372.2078857
25,52,2108,170.990509,377.7628174
25,53,862,10.62761021,390.8596191
25,54,4928,474.3573608,432.4697571
25,55,1167,450.2947693,466.9254456
25,56,2959,397.6322937,459.071991
25,57,4295,250.6204834,434.9674072
25,58,3611,324.7175293,478.8075256
25,59,3090,143.3171539,413.5773315
25,60,2975,190.7048798,429.6181641
25,61,5478,76.00894165,427.6783447
25,62,1249,496.277832,488.5276184
25,63,0,0.0,0.0
25,64,1429,377.0818787,494.8831482
25,65,1607,279.6378479,493.8643494
25,66,2874,121.0821152,470.2727966
25,67,0,0.0,0.0
25,68,0,0.0,0.0
25,69,3056,24.72742081,448.4800415
25,70,2133,152.5616455,494.5958862
25,71,530,92.42263794,503.826416
25,72,2500,442.1875916,497.3356018
25,73,1193,359.8164368,12.4970665
25,74,4578,436.7086182,345.6854553
25,75,4242,216.5605774,483.4024048
25,76,365,7.643835545,482.3424683
25,77,2282,51.32734299,492.4873047
25,78,0,0.0,0.0
25,79,955,495.6607361,321.5057678
25,80,1987,481.8535461,291.8223572
25,81,0,0.0,0.0
25,82,6181,456.097229,250.8488922
25,83,337,9.086053848,503.3352966
25,84,2366,490.1073608,27.59298325
25,85,773,9.055627823,306.9417725
25,86,0,0.0,0.0
25,87,2046,500.4941406,109.6661758
25,88,1347,107.1870804,18.48775101
25,89,1528,248.9626923,15.52094269
25,90,1781,154.4149323,63.81920242
25,91,1473,490.2566223,191.0665283
25,92,731,503.2380371,227.3980865
25,93,484,13.2892561,7.40702486
25,94,292,285.6335754,6.284246445
25,95,882,68.95465088,7.980725765
25,96,373,504.5844421,165.3967896
25,97,254,506.066925,296.9566956
25,98,0,0.0,0.0
25,99,0,0.0,0.0
25,100,0,0.0,0.0
25,101,0,0.0,0.0
25,102,2280,494.5894775,369.1592102
25,103,0,0.0,0.0
25,104,417,310.1558838,6.294963837
25,105,0,0.0,0.0
25,106,0,0.0,0.0
25,107,0,0.0,0.0
25,108,0,0.0,0.0
25,109,0,0.0,0.0
25,110,0,0.0,0.0
25,111,0,0.0,0.0
25,112,0,0.0,0.0
25,113,5158,46.11050797,71.33132935
25,114,0,0.0,0.0
25,115,0,0.0,0.0
25,116,0,0.0,0.0
25,117,0,0.0,0.0
25,118,0,0.0,0.0
25,119,0,0.0,0.0
25,120,0,0.0,0.0
25,121,0,0.0,0.0
25,122,0,0.0,0.0
25,123,0,0.0,0.0
25,124,0,0.0,0.0
25,125,0,0.0,0.0
25,126,0,0.0,0.0
25,127,0,0.0,0.0
25,128,0,0.0,0.0
25,129,0,0.0,0.0
25,130,0,0.0,0.0
25,131,0,0.0,0.0
25,132,0,0.0,0.0
25,133,2282,39.37773895,293.7752075
26,0,18,0.277777791,51.44444275
26,1,2490,38.96666718,28.88835335
26,2,682,10.47507286,114.1407623
26,3,1267,109.9289627,53.57221603
26,4,5132,176.4263458,25.45479393
26,5,1870,169.7010651,95.75775146
26,6,3184,229.1485596,70.47927094
26,7,8434,301.1843872,61.44664383
26,8,4500,336.9793396,118.5602188
26,9,4528,389.288208,76.7599411
26,10,4504,422.1643066,24.56305504
26,11,5595,462.337616,92.09669495
26,12,2124,103.5569687,93.79190063
26,13,2605,194.3005829,123.1708221
26,14,1571,370.7396545,153.5296021
26,15,1617,471.4545593,160.27211
26,16,877,57.99087906,116.5712662
26,17,9341,245.7062378,160.3545685
26,18,2745,132.2214966,131.7096558
26,19,2575,85.66563416,146.8143616
26,20,3082,411.5243225,135.0256348
26,21,4537,306.6177979,208.4304657
26,22,3916,155.2104187,180.9203339
26,23,0,0.0,0.0
26,24,4515,30.32159424,161.5745239
26,25,2824,435.6218262,186.8087769
26,26,0,0.0,0.0
26,27,2196,82.74225616,191.8574677
26,28,4212,247.7407379,239.3428345
26,29,8956,371.3884583,227.0452271
26,30,3296,173.091629,230.7876282
26,31,0,0.0,0.0
26,32,3823,23.07611847,237.9929352
26,33,10571,103.2113342,263.6175537
26,34,2295,306.7019653,279.6074219
26,35,0,0.0,0.0
26,36,0,0.0,0.0
26,37,3634,233.0310974,284.3068237
26,38,3443,390.4025574,301.2701111
26,39,2445,354.7701416,325.2249451
26,40,7044,179.2225952,323.9024658
26,41,3221,264.2027283,329.5259094
26,42,3253,102.7239456,345.0934448
26,43,2155,319.3076477,335.9582214
26,44,1679,24.01489067,338.8540649
26,45,0,0.0,0.0
26,46,6282,386.6136475,395.7035828
26,47,1085,459.4460754,386.8424072
26,48,6910,294.9243164,396.54776
26,49,2034,345.2099304,435.1789551
26,50,4339,59.06337738,373.0029907
26,51,2006,227.0697937,377.4092712
26,52,2163,168.4327393,379.5367432
26,53,580,8.725862503,390.1482849
26,54,4949,473.8769531,435.178009
26,55,1092,450.4084167,470.4478149
26,56,3437,394.4119873,462.480957
26,57,4078,248.5745392,438.8768921
26,58,3594,323.3494568,480.7623901
26,59,3257,139.7448578,415.3730469
26,60,3005,188.6266174,431.2306213
26,61,5334,73.42838287,427.4086914
26,62,1259,496.2041321,490.0
26,63,0,0.0,0.0
26,64,975,376.4892273,499.1138611
26,65,1415,278.1568909,494.9978943
26,66,2834,115.6100922,472.1122131
26,67,0,0.0,0.0
26,68,0,0.0,0.0
26,69,3201,23.9228363,448.6413574
26,70,2143,149.7550201,494.6490784
26,71,394,93.26903534,505.0101624
26,72,2319,440.129364,498.2319946
26,73,1087,356.845459,11.91904354
26,74,4773,436.4456177,347.5015564
26,75,4150,214.3057861,484.4033813
26,76,295,6.542372704,484.8677979
26,77,2466,44.88807678,495.0255432
26,78,0,0.0,0.0
26,79,877,496.0855103,323.5427551
26,80,1974,477.1950378,295.7654419
26,81,0,0.0,0.0
26,82,6192,455.3988953,252.2348175
26,83,8,0.875,510.125
26,84,2315,489.4924316,26.81900597
26,85,656,8.123476028,309.1493835
26,86,0,0.0,0.0
26,87,1979,501.2319336,109.7882767
26,88,1243,108.0362015,19.74014473
26,89,1772,248.5485382,17.75959396
26,90,1873,154.4559479,65.89482117
26,91,1368,489.6937256,193.3720703
26,92,813,502.7724609,228.7687531
26,93,411,11.94647217,6.927007198
26,94,290,285.3862,6.051723957
26,95,1142,69.15411377,9.084939003
26,96,388,504.6726685,168.4407196
26,97,379,504.2084351,296.6939392
26,98,4,511.0,42.5
26,99,0,0.0,0.0
26,100,0,0.0,0.0
26,101,0,0.0,0.0
26,102,2332,494.4005127,370.8074646
26,103,0,0.0,0.0
26,104,434,309.8087463,6.702764988
26,105,0,0.0,0.0
26,106,0,0.0,0.0
26,107,0,0.0,0.0
26,108,0,0.0,0.0
26,109,0,0.0,0.0
26,110,0,0.0,0.0
26,111,0,0.0,0.0
26,112,0,0.0,0.0
26,113,5338,44.12607574,73.24728394
26,114,0,0.0,0.0
26,115,0,0.0,0.0
26,116,0,0.0,0.0
26,117,0,0.0,0.0
26,118,0,0.0,0.0
26,119,0,0.0,0.0
26,120,0,0.0,0.0
26,121,0,0.0,0.0
26,122,0,0.0,0.0
26,123,0,0.0,0.0
26,124,0,0.0,0.0
26,125,0,0.0,0.0
26,126,0,0.0,0.0
26,127,0,0.0,0.0
26,128,0,0.0,0.0
26,129,0,0.0,0.0
26,130,0,0.0,0.0
26,131,0,0.0,0.0
26,132,0,0.0,0.0
26,133,2144,37.4071846,295.9785461
27,0,16,0.3125,50.6875
27,1,2468,38.43557358,29.26377678
27,2,607,9.309720039,115.1400299
27,3,1198,109.1327209,52.95241928
27,4,5319,177.3297577,25.97743988
27,5,1887,167.9984131,97.16799164
27,6,3034,229.6272278,71.69973755
27,7,8177,301.3610229,62.90730286
27,8,4921,336.3816223,122.0205231
27,9,5542,391.9559631,87.59888458
27,10,4709,418.6271057,25.00637054
27,11,6095,460.7494812,94.47809601
27,12,2097,100.7105408,94.03147125
27,13,2758,192.1860046,124.5101547
27,14,1869,372.0770569,158.9127808
27,15,1597,471.3569336,162.6236725
27,16,854,57.30679321,116.6932068
27,17,9751,243.8838043,162.9194946
27,18,2799,129.5887756,131.9689178
27,19,2428,84.17050934,146.7137604
27,20,1510,413.7688599,147.7907257
27,21,4861,307.1285706,212.2557068
27,22,4303,151.6056213,184.8875275
27,23,0,0.0,0.0
27,24,4621,30.52283096,162.9283752
27,25,3081,432.8597717,188.1460571
27,26,0,0.0,0.0
27,27,2130,81.75680542,193.2783966
27,28,4324,246.0915833,244.282608
27,29,7908,370.7597351,231.0013885
27,30,3116,173.2843323,235.4377441
27,31,0,0.0,0.0
27,32,3670,22.54822922,238.4994507
27,33,10468,101.0633392,266.2473145
27,34,2248,305.1819458,282.6650391
27,35,0,0.0,0.0
27,36,0,0.0,0.0
27,37,3276,231.5940247,287.755188
27,38,3455,386.5024719,301.9120178
27,39,2411,353.1227722,326.9697266
27,40,6908,178.786911,324.3539429
27,41,3006,263.7381897,330.9394531
27,42,3147,102.4594879,346.8862305
27,43,2306,318.8907166,339.482666
27,44,1454,20.96010971,338.9745483
27,45,0,0.0,0.0
27,46,6301,384.9625549,398.8532104
27,47,846,455.718689,393.7896118
27,48,7183,294.37854,399.7974243
27,49,1643,345.6683044,439.8527222
27,50,4230,58.34373474,372.2451477
27,51,2139,224.4805908,377.7671814
27,52,2256,165.3071747,379.3798828
27,53,642,9.651090622,388.8052979
27,54,5060,474.049408,437.5312195
27,55,921,449.285553,472.0792542
27,56,3679,393.4362488,465.4272766
27,57,4231,248.9049835,441.5821228
27,58,3430,323.6909485,483.1364441
27,59,3167,137.1812439,417.0628357
27,60,3063,185.437149,431.7669067
27,61,5353,71.43527222,427.6564636
27,62,1236,495.7774963,491.6747437
27,63,0,0.0,0.0
27,64,711,377.059082,502.1786194
27,65,1259,277.2510071,497.1628418
27,66,2775,111.5005417,473.7729797
27,67,0,0.0,0.0
27,68,0,0.0,0.0
27,69,3138,23.03154945,449.0041504
27,70,2107,147.374939,494.8841858
27,71,323,90.55417633,505.5170288
27,72,2158,439.6714478,498.6626587
27,73,950,353.6979065,11.14000034
27,74,5170,434.959198,350.5011597
27,75,4256,211.9720459,483.9917908
27,76,206,6.543689251,484.3980713
27,77,2407,42.254673,495.5965881
27,78,0,0.0,0.0
27,79,948,494.5,325.0105591
27,80,1095,470.7150574,306.6913147
27,81,0,0.0,0.0
27,82,7154,456.3374329,257.9657593
27,83,1,0.0,511.0
27,84,2487,488.3638916,27.69682312
27,85,519,7.211946011,309.7533569
27,86,0,0.0,0.0
27,87,1859,501.7106018,110.0919876
27,88,1228,108.3843613,20.2630291
27,89,1863,249.0461578,19.49221611
27,90,2003,153.4742889,66.71292877
27,91,1317,487.7365112,197.2224731
27,92,868,502.9493103,231.6739655
27,93,373,11.10723877,6.718498707
27,94,354,284.7937927,7.44915247
27,95,1259,68.53931427,9.568705559
27,96,546,504.0659485,171.8919373
27,97,461,504.6051941,295.5704956
27,98,30,510.6666565,45.29999924
27,99,0,0.0,0.0
27,100,0,0.0,0.0
27,101,0,0.0,0.0
27,102,2461,493.6062622,371.9378357
27,103,0,0.0,0.0
27,104,549,310.4134827,8.131147385
27,105,0,0.0,0.0
27,106,0,0.0,0.0
27,107,0,0.0,0.0
27,108,0,0.0,0.0
27,109,0,0.0,0.0
27,110,0,0.0,0.0
27,111,0,0.0,0.0
27,112,0,0.0,0.0
27,113,5312,43.13911819,73.85090637
27,114,0,0.0,0.0
27,115,0,0.0,0.0
27,116,0,0.0,0.0
27,117,0,0.0,0.0
27,118,0,0.0,0.0
27,119,0,0.0,0.0
27,120,0,0.0,0.0
27,121,0,0.0,0.0
27,122,0,0.0,0.0
27,123,0,0.0,0.0
27,124,0,0.0,0.0
27,125,0,0.0,0.0
27,126,0,0.0,0.0
27,127,0,0.0,0.0
27,128,0,0.0,0.0
27,129,0,0.0,0.0
27,130,0,0.0,0.0
27,131,0,0.0,0.0
27,132,0,0.0,0.0
27,133,2288,35.58872223,297.5345154
28,0,30,0.333333343,50.83333206
28,1,2425,40.08206177,29.82144356
28,2,402,7.778606892,117.2611923
28,3,1078,109.2282028,54.25973892
28,4,5456,177.535553,26.37536621
28,5,1797,167.3478088,99.24429321
28,6,2942,229.3487396,73.68286896
28,7,7860,300.0424805,63.54427338
28,8,5042,336.2265015,122.1467667
28,9,5549,391.6619263,91.55703735
28,10,4631,420.3966675,26.02785492
28,11,6325,458.7255249,96.49423218
28,12,2000,99.95349884,94.45950317
28,13,2714,190.0176849,125.586586
28,14,1775,369.7070313,160.7295837
28,15,1700,471.0235291,163.4894104
28,16,873,55.36196899,116.691864
28,17,9990,243.3169098,163.2483521
28,18,2753,127.3901215,132.2284851
28,19,2399,82.69904327,147.25177
28,20,1041,413.2507324,150.8645477
28,21,4958,305.783783,214.0504303
28,22,4414,148.3574982,185.420929
28,23,0,0.0,0.0
28,24,4616,30.18132591,163.8227844
28,25,3314,430.872345,189.7326508
28,26,0,0.0,0.0
28,27,1871,81.1074295,192.9417419
28,28,4473,242.40979,246.3641815
28,29,7890,369.676178,231.9030457
28,30,3164,171.0761719,235.2967834
28,31,0,0.0,0.0
28,32,3611,21.68125153,239.6106415
28,33,10602,98.90662384,267.3162537
28,34,2618,307.3590393,285.7341614
28,35,0,0.0,0.0
28,36,0,0.0,0.0
28,37,3313,232.8439484,291.2616882
28,38,3265,384.8410339,303.3932495
28,39,2229,356.6101379,333.5257874
28,40,7442,178.7127075,327.895874
28,41,2773,263.6949158,332.6959839
28,42,2933,99.56324768,346.5462036
28,43,2247,318.5140076,341.1757813
28,44,1310,18.32595444,339.8595276
28,45,0,0.0,0.0
28,46,6112,381.6140442,400.7748718
28,47,918,454.380188,399.093689
28,48,7680,292.9795532,403.5033875
28,49,1470,344.3421631,442.8102112
28,50,4306,55.70668793,372.8434753
28,51,2045,224.5026855,381.5496216
28,52,2186,159.7017365,381.288208
28,53,506,7.715415001,389.7015686
28,54,4993,473.8526001,439.2681885
28,55,921,447.2280273,472.9706726
28,56,3751,392.2721863,465.7771301
28,57,3883,246.1990662,443.7906189
28,58,3262,321.2893982,485.6578674
28,59,3070,135.3465729,417.3879395
28,60,3141,182.8134308,433.4699097
28,61,5362,71.00112152,428.3177795
28,62,1389,493.4132385,492.2289429
28,63,0,0.0,0.0
28,64,706,375.3186951,501.6671448
28,65,1104,274.6730042,498.1095886
28,66,2748,108.8067703,474.6404724
28,67,0,0.0,0.0
28,68,0,0.0,0.0
28,69,3025,22.4416523,448.7176819
28,70,2005,144.6000061,495.1166992
28,71,272,90.80882263,505.5588379
28,72,1965,436.3379211,499.3516541
28,73,1442,357.1802979,14.0776701
28,74,5370,434.1303406,353.1584778
28,75,4247,209.7066193,484.605835
28,76,227,6.581497669,485.0924988
28,77,2334,41.30248642,496.1765137
28,78,0,0.0,0.0
28,79,920,494.0369568,326.2010803
28,80,1382,469.1461792,306.3270569
28,81,0,0.0,0.0
28,82,6997,454.6888733,258.6662903
28,83,0,0.0,0.0
28,84,2377,487.4055481,27.23264694
28,85,461,7.247288704,311.5618286
28,86,0,0.0,0.0
28,87,1600,501.3143616,116.0012512
28,88,1293,107.9945831,20.54060364
28,89,1951,249.7919006,20.29369545
28,90,2232,153.709671,68.37275696
28,91,1220,486.381134,199.3262329
28,92,900,503.0100098,233.7644501
28,93,408,11.79656887,6.995098114
28,94,301,285.0531616,7.375415325
28,95,1266,67.59873962,9.844391823
28,96,711,503.6723022,174.5035095
28,97,498,504.2108459,296.6425781
28,98,422,505.0047302,55.58057022
28,99,0,0.0,0.0
28,100,0,0.0,0.0
28,101,0,0.0,0.0
28,102,2554,492.7223816,372.7122192
28,103,0,0.0,0.0
28,104,606,309.8564453,8.643564224
28,105,0,0.0,0.0
28,106,0,0.0,0.0
28,107,0,0.0,0.0
28,108,0,0.0,0.0
28,109,0,0.0,0.0
28,110,0,0.0,0.0
28,111,0,0.0,0.0
28,112,0,0.0,0.0
28,113,5534,42.19551849,75.15684509
28,114,0,0.0,0.0
28,115,0,0.0,0.0
28,116,0,0.0,0.0
28,117,0,0.0,0.0
28,118,0,0.0,0.0
28,119,0,0.0,0.0
28,120,0,0.0,0.0
28,121,0,0.0,0.0
28,122,0,0.0,0.0
28,123,0,0.0,0.0
28,124,0,0.0,0.0
28,125,0,0.0,0.0
28,126,0,0.0,0.0
28,127,0,0.0,0.0
28,128,0,0.0,0.0
28,129,0,0.0,0.0
28,130,0,0.0,0.0
28,131,0,0.0,0.0
28,132,0,0.0,0.0
28,133,2246,34.8784523,298.8214722
29,0,12,0.166666672,47.33333206
29,1,2374,40.59772491,29.06697464
29,2,423,6.872340202,115.7895966
29,3,1027,107.8461533,54.07497406
29,4,5542,176.3643036,26.25712776
29,5,1905,166.0288696,99.93123627
29,6,3015,227.9993439,74.95787811
29,7,7737,298.9993591,64.5792923
29,8,5105,336.9868774,122.995491
29,9,5073,388.7468872,87.65325928
29,10,4643,420.1122131,26.65862656
29,11,6222,457.9095154,98.60382843
29,12,2056,96.79231262,96.11916351
29,13,2608,188.4049072,127.0701675
29,14,1542,369.4046631,163.019455
29,15,1634,468.5875244,164.0140686
29,16,695,57.00863266,120.8561172
29,17,10407,242.1860352,164.8336639
29,18,2753,125.8114777,131.8873901
29,19,2217,81.98195648,149.1010437
29,20,1401,411.3126221,145.1834412
29,21,5097,305.7645569,214.7975311
29,22,4630,145.7572327,187.0393066
29,23,0,0.0,0.0
29,24,4501,29.59053612,163.3248138
29,25,3485,429.2688599,190.593689
29,26,0,0.0,0.0
29,27,1847,77.61288452,194.0254517
29,28,4604,240.576889,249.5588684
29,29,7731,367.9176025,232.3408356
29,30,3248,168.7336884,238.768158
29,31,0,0.0,0.0
29,32,3525,21.41503525,238.9761658
29,33,10272,96.84783936,268.3182373
29,34,3057,310.1066284,290.9018555
29,35,0,0.0,0.0
29,36,0,0.0,0.0
29,37,3072,233.6839142,294.9173279
29,38,3137,382.1026306,304.8039551
29,39,1719,361.0366516,340.6044312
29,40,7959,176.7031097,330.3171387
29,41,2603,263.0015259,334.6542358
29,42,2877,98.14459229,347.1348572
29,43,2449,317.73172,343.4944763
29,44,1221,18.27927971,338.2817383
29,45,0,0.0,0.0
29,46,6099,379.7099609,402.7278137
29,47,1097,454.9024658,402.0647278
29,48,7581,290.1815186,404.0556641
29,49,1364,343.3643799,444.255127
29,50,4459,52.25252151,372.4485168
29,51,2102,221.5428162,384.0433044
29,52,2037,158.1188049,386.7098694
29,53,411,7.790754318,393.6910095
29,54,5004,472.2364197,442.6141052
29,55,819,444.4212341,476.2185669
29,56,3851,390.6255493,468.3066711
29,57,3879,245.6857452,446.7151184
29,58,3385,320.8449097,485.801178
29,59,3006,133.1799774,419.1071167
29,60,2962,180.9442902,435.66745
29,61,5274,68.91164398,428.8841553
29,62,1570,490.5758057,493.351593
29,63,0,0.0,0.0
29,64,450,376.1622314,503.793335
29,65,1006,273.5825195,498.7574463
29,66,2818,105.895668,475.0922546
29,67,0,0.0,0.0
29,68,0,0.0,0.0
29,69,2913,21.783041,449.7693176
29,70,2091,141.7092285,495.4638977
29,71,0,0.0,0.0
29,72,1652,432.1749268,500.2233582
29,73,1595,356.9266357,15.66394997
29,74,5542,432.5548401,354.4612122
29,75,4171,208.4317932,485.1934814
29,76,168,5.142857075,486.5892944
29,77,2403,42.83021164,497.352478
29,78,0,0.0,0.0
29,79,943,493.2672424,326.1134644
29,80,818,471.9694519,309.6711426
29,81,0,0.0,0.0
29,82,7603,451.6703796,262.8991089
29,83,0,0.0,0.0
29,84,2482,485.2860718,27.6317482
29,85,391,6.158567905,311.4935913
29,86,0,0.0,0.0
29,87,1719,501.0081482,113.513092
29,88,1268,106.8738174,21.39116669
29,89,2014,248.7874908,21.5422039
29,90,2226,151.4151001,68.42946625
29,91,1032,483.3604736,198.5988312
29,92,1141,501.5039368,233.3461914
29,93,380,11.2736845,6.765789509
29,94,417,285.767395,8.352518082
29,95,1213,66.61830139,9.25556469
29,96,913,502.4545593,176.0
29,97,667,503.098938,294.7436218
29,98,458,504.576416,51.50218201
29,99,0,0.0,0.0
29,100,0,0.0,0.0
29,101,0,0.0,0.0
29,102,2697,492.6399841,374.1460876
29,103,0,0.0,0.0
29,104,562,311.3238525,8.838078499
29,105,0,0.0,0.0
29,106,0,0.0,0.0
29,107,0,0.0,0.0
29,108,0,0.0,0.0
29,109,0,0.0,0.0
29,110,0,0.0,0.0
29,111,0,0.0,0.0
29,112,0,0.0,0.0
29,113,5765,42.23538589,75.4548111
29,114,0,0.0,0.0
29,115,0,0.0,0.0
29,116,0,0.0,0.0
29,117,0,0.0,0.0
29,118,0,0.0,0.0
29,119,0,0.0,0.0
29,120,0,0.0,0.0
29,121,0,0.0,0.0
29,122,0,0.0,0.0
29,123,0,0.0,0.0
29,124,0,0.0,0.0
29,125,0,0.0,0.0
29,126,0,0.0,0.0
29,127,0,0.0,0.0
29,128,0,0.0,0.0
29,129,0,0.0,0.0
29,130,0,0.0,0.0
29,131,0,0.0,0.0
29,132,0,0.0,0.0
29,133,2301,33.62581635,298.6184387
30,0,16,0.25,49.25
30,1,2515,41.61431503,29.46361923
30,2,0,0.0,0.0
30,3,926,108.0485992,54.8736496
30,4,5645,176.841629,26.93693542
30,5,1949,164.81427,100.9527969
30,6,2988,228.4277039,75.20783234
30,7,7680,299.3535156,64.81458282
30,8,4923,335.9699402,122.2886429
30,9,4866,388.9985657,88.23674774
30,10,4232,416.0174866,28.51677704
30,11,6272,456.0114746,100.4907532
30,12,1332,105.1546555,93.9391861
30,13,2592,188.1709137,126.9984589
30,14,1984,365.7278137,163.8155212
30,15,1662,468.1792908,165.1095123
30,16,592,61.67229843,121.2449341
30,17,10480,241.2656555,164.7017212
30,18,2695,124.5120621,132.2994385
30,19,2206,80.71668243,148.0634613
30,20,1258,407.8704224,146.7368774
30,21,5574,306.0482483,217.7332306
30,22,4775,143.8379059,187.776123
30,23,0,0.0,0.0
30,24,4928,28.33015442,162.2408752
30,25,3617,427.9159546,191.1374054
30,26,0,0.0,0.0
30,27,1520,80.03157806,191.1980286
30,28,4831,237.969162,250.8809814
30,29,7092,367.9561462,234.4756012
30,30,3287,167.0778809,239.5317993
30,31,0,0.0,0.0
30,32,3632,21.95594788,240.282486
30,33,10211,96.14160919,268.4775391
30,34,3110,309.3006287,293.879425
30,35,0,0.0,0.0
30,36,0,0.0,0.0
30,37,2926,236.580307,298.1555176
30,38,3096,381.3342896,306.0003357
30,39,1742,359.1343384,341.1435242
30,40,8615,176.1050568,333.2695313
30,41,2385,262.1513672,337.1689758
30,42,2723,96.50753021,347.7341309
30,43,2547,317.1633301,347.9458313
30,44,1177,19.77145195,336.4341431
30,45,0,0.0,0.0
30,46,5852,377.9936829,404.3873901
30,47,1128,452.7730408,405.8439636
30,48,7481,288.5735779,406.1942139
30,49,1462,341.2469177,445.1929016
30,50,4605,49.21129227,373.1370239
30,51,1950,219.8543549,386.7738342
30,52,1818,153.0390472,388.899353
30,53,211,4.099525928,390.9952698
30,54,5059,471.5613708,444.790863
30,55,854,443.6639404,479.6498718
30,56,4147,389.1109314,471.7441406
30,57,4068,243.2517242,447.133728
30,58,3282,318.4829407,487.5222473
30,59,2943,130.798172,420.3615417
30,60,3051,176.9813232,437.4772339
30,61,5156,68.07777405,429.1751404
30,62,1557,490.1721191,494.3872681
30,63,0,0.0,0.0
30,64,296,378.2466125,507.8378296
30,65,880,270.1113586,499.5727234
30,66,2746,102.9956284,477.0640869
30,67,0,0.0,0.0
30,68,0,0.0,0.0
30,69,3094,20.6428566,450.8028564
30,70,1872,139.8370667,496.170929
30,71,0,0.0,0.0
30,72,1276,433.8268127,501.0070496
30,73,1696,357.0076599,17.18278313
30,74,5741,430.9482727,357.3065796
30,75,4127,205.5025482,485.9411316
30,76,2,0.0,488.5
30,77,2340,41.33718109,497.5653992
30,78,0,0.0,0.0
30,79,935,491.8802185,327.9048157
30,80,741,468.5492554,312.6639709
30,81,0,0.0,0.0
30,82,7810,450.0873108,264.5509644
30,83,0,0.0,0.0
30,84,2715,479.4279785,23.87366486
30,85,396,6.318181992,311.3863525
30,86,0,0.0,0.0
30,87,1521,500.642334,118.0256424
30,88,1305,107.6398468,22.45517159
30,89,2216,251.5270691,20.20667839
30,90,2212,150.7784882,69.22106934
30,91,1058,482.3998108,200.845932
30,92,1149,501.67276,236.0974731
30,93,346,10.81213856,6.381503105
30,94,261,291.3639832,8.107279778
30,95,1240,67.21370697,9.048387527
30,96,1033,502.066803,177.0542145
30,97,764,502.8233032,296.9136047
30,98,1031,501.7303467,55.21241379
30,99,0,0.0,0.0
30,100,0,0.0,0.0
30,101,0,0.0,0.0
30,102,2802,492.0421143,375.729126
30,103,0,0.0,0.0
30,104,548,312.2317505,8.934306145
30,105,0,0.0,0.0
30,106,0,0.0,0.0
30,107,0,0.0,0.0
30,108,0,0.0,0.0
30,109,0,0.0,0.0
30,110,0,0.0,0.0
30,111,0,0.0,0.0
30,112,0,0.0,0.0
30,113,6579,44.9724884,79.22480774
30,114,0,0.0,0.0
30,115,0,0.0,0.0
30,116,0,0.0,0.0
30,117,0,0.0,0.0
30,118,0,0.0,0.0
30,119,0,0.0,0.0
30,120,0,0.0,0.0
30,121,0,0.0,0.0
30,122,0,0.0,0.0
30,123,0,0.0,0.0
30,124,0,0.0,0.0
30,125,0,0.0,0.0
30,126,0,0.0,0.0
30,127,0,0.0,0.0
30,128,0,0.0,0.0
30,129,0,0.0,0.0
30,130,0,0.0,0.0
30,131,0,0.0,0.0
30,132,0,0.0,0.0
30,133,2187,34.29172516,299.4421692
31,0,12,0.166666672,47.33333206
31,1,2487,42.41093826,28.98914337
31,2,0,0.0,0.0
31,3,909,107.1408157,54.6259613
31,4,5674,175.5236206,27.21660233
31,5,2081,163.1729889,102.3080215
31,6,3063,227.8880157,77.06692505
31,7,7391,299.8093567,66.10648346
31,8,5168,335.397644,124.7575455
31,9,4802,389.0845337,90.41649628
31,10,4393,417.396759,29.54450226
31,11,6088,455.386322,102.4630432
31,12,1425,102.7571945,95.35508728
31,13,2644,187.1596069,128.3789673
31,14,1812,365.2323303,165.9652252
31,15,1655,467.8338318,164.9993896
31,16,597,60.43048477,123.2445526
31,17,10551,240.7636261,165.8137665
31,18,2545,122.8298645,133.0880127
31,19,1974,81.38246918,148.0430603
31,20,1194,406.4070435,149.118927
31,21,5798,306.4975891,219.1231384
31,22,4945,142.4099121,188.8117218
31,23,0,0.0,0.0
31,24,5030,28.89105415,162.1960297
31,25,3923,426.1990967,191.982666
31,26,0,0.0,0.0
31,27,1415,78.9477005,191.3901062
31,28,5083,235.8304138,253.4385223
31,29,6531,367.6867371,236.853775
31,30,3009,166.8345032,241.069458
31,31,0,0.0,0.0
31,32,3655,22.19206619,240.1540375
31,33,10219,95.70359039,268.4130554
31,34,2952,309.0514832,294.4417419
31,35,0,0.0,0.0
31,36,0,0.0,0.0
31,37,2739,236.7966461,300.2876892
31,38,3080,379.5753174,306.4425354
31,39,1840,357.7146606,341.9418335
31,40,8601,175.6359711,333.586792
31,41,2414,262.3873291,337.0679321
31,42,2585,94.80232239,346.7891541
31,43,2637,315.7121582,350.3086853
31,44,914,18.82932091,334.4868774
31,45,0,0.0,0.0
31,46,6001,376.945343,405.4320984
31,47,1107,453.9611511,405.7335205
31,48,7492,285.7937927,408.6271973
31,49,1495,339.4949951,445.778595
31,50,4939,47.43308258,372.7795105
31,51,1912,218.2897491,388.9053345
31,52,2255,149.915741,388.5374756
31,53,152,3.46710515,390.7894592
31,54,5005,471.1616516,445.3130798
31,55,752,442.6994629,479.7273865
31,56,4568,387.7035828,475.1116333
31,57,3988,241.4089813,449.0591736
31,58,3132,316.7950134,488.8531189
31,59,2749,129.3481293,422.2051697
31,60,2975,175.7821808,438.4719238
31,61,5002,68.12995148,430.2836914
31,62,1789,486.9787598,494.499176
31,63,0,0.0,0.0
31,64,0,0.0,0.0
31,65,790,268.3746948,500.1177063
31,66,2779,102.6038132,477.7732849
31,67,0,0.0,0.0
31,68,0,0.0,0.0
31,69,3224,21.24627876,451.2279663
31,70,1730,139.0682068,496.4069214
31,71,0,0.0,0.0
31,72,1067,431.8631592,500.8790894
31,73,1887,357.1118164,20.17594147
31,74,5904,430.4361572,358.1200867
31,75,4050,203.4543152,486.6609802
31,76,0,0.0,0.0
31,77,2202,40.54223251,498.4759216
31,78,0,0.0,0.0
31,79,836,489.8002319,327.6351624
31,80,607,471.6688538,311.2240601
31,81,0,0.0,0.0
31,82,7850,448.3876343,266.4128723
31,83,0,0.0,0.0
31,84,2731,478.2424011,24.05712128
31,85,321,5.320872307,311.8193054
31,86,6,510.8333435,329.6666565
31,87,1571,500.551239,117.5429688
31,88,1225,108.1706085,23.60734749
31,89,2424,249.8518982,22.45379448
31,90,2163,148.8344879,70.11743164
31,91,1023,481.7732239,203.4213104
31,92,1214,500.8723145,239.1507416
31,93,344,10.3401165,6.67151165
31,94,240,287.6958313,8.362500191
31,95,1282,68.42199707,8.864274979
31,96,1183,501.225708,178.8934937
31,97,834,501.8093567,298.9784241
31,98,1097,501.3208618,53.15314484
31,99,0,0.0,0.0
31,100,0,0.0,0.0
31,101,0,0.0,0.0
31,102,2854,492.5854797,375.2792664
31,103,0,0.0,0.0
31,104,762,308.6194153,11.16535473
31,105,0,0.0,0.0
31,106,0,0.0,0.0
31,107,0,0.0,0.0
31,108,0,0.0,0.0
31,109,0,0.0,0.0
31,110,0,0.0,0.0
31,111,0,0.0,0.0
31,112,0,0.0,0.0
31,113,6551,44.32361603,78.87375641
31,114,0,0.0,0.0
31,115,0,0.0,0.0
31,116,0,0.0,0.0
31,117,0,0.0,0.0
31,118,0,0.0,0.0
31,119,0,0.0,0.0
31,120,0,0.0,0.0
31,121,0,0.0,0.0
31,122,0,0.0,0.0
31,123,0,0.0,0.0
31,124,0,0.0,0.0
31,125,0,0.0,0.0
31,126,0,0.0,0.0
31,127,0,0.0,0.0
31,128,0,0.0,0.0
31,129,0,0.0,0.0
31,130,0,0.0,0.0
31,131,0,0.0,0.0
31,132,0,0.0,0.0
31,133,2245,32.75545502,300.1968689
32,0,0,0.0,0.0
32,1,2387,41.38625717,29.26057816
32,2,1,89.0,48.0
32,3,851,106.7156296,55.82021332
32,4,5550,174.7504578,27.2981987
32,5,2108,162.6166992,102.291748
32,6,3142,227.7638397,77.6260376
32,7,7392,300.3103333,66.72795105
32,8,5001,334.79245,125.5610886
32,9,5088,389.6033936,92.17531586
32,10,4508,435.5164185,29.82941437
32,11,5991,455.3268127,105.0213623
32,12,1299,103.2894516,95.62971497
32,13,2586,186.5978394,129.0243683
32,14,1900,363.5068359,166.4157867
32,15,1566,466.9725342,165.7088165
32,16,509,58.51473618,125.4695511
32,17,10713,240.6218567,166.6860809
32,18,2555,121.4395294,133.7044983
32,19,1926,80.33229828,148.3265839
32,20,919,405.8171997,151.6953278
32,21,6311,308.7841797,221.0361328
32,22,5328,141.023468,189.8053741
32,23,0,0.0,0.0
32,24,4905,29.56636047,166.0236511
32,25,4263,425.0,193.315033
32,26,0,0.0,0.0
32,27,1240,78.93790436,191.4766083
32,28,5325,237.5393372,256.4129639
32,29,5685,368.7632446,238.3227844
32,30,3124,166.2820129,244.1158752
32,31,0,0.0,0.0
32,32,3769,22.86574745,242.9148254
32,33,9821,95.23510742,269.4269409
32,34,2944,308.9521179,297.5489197
32,35,0,0.0,0.0
32,36,0,0.0,0.0
32,37,2577,235.3018951,302.4264526
32,38,3120,378.1599426,306.2198792
32,39,1881,356.0983582,342.3865051
32,40,8525,175.9208221,334.9806519
32,41,2285,260.3137817,339.1943054
32,42,2635,96.68880463,347.6148071
32,43,2707,314.1854553,354.5227051
32,44,797,17.17440414,334.5708923
32,45,0,0.0,0.0
32,46,5861,375.285614,406.2187195
32,47,1157,453.1002502,407.1884155
32,48,7322,284.3656006,410.9732361
32,49,1465,338.2511902,445.9740601
32,50,5193,46.37454224,372.8315125
32,51,1944,217.960907,390.9202576
32,52,2091,148.9100952,389.0306091
32,53,7,0.0,392.5714417
32,54,5011,470.8884583,445.9612732
32,55,646,440.6470642,482.0108337
32,56,4908,387.6075745,475.9248047
32,57,4014,240.0007477,450.6925659
32,58,3010,314.7229309,489.5222473
32,59,2726,128.9981689,423.1350098
32,60,3042,174.2232056,439.2064514
32,61,4919,68.61089325,430.989624
32,62,1881,486.1392822,494.0898438
32,63,0,0.0,0.0
32,64,0,0.0,0.0
32,65,704,266.9360657,500.6690369
32,66,2682,102.0391464,477.8348389
32,67,0,0.0,0.0
32,68,0,0.0,0.0
32,69,3240,21.08117294,449.4509277
32,70,1649,135.7204437,497.5548706
32,71,0,0.0,0.0
32,72,836,433.5179443,502.5717773
32,73,2946,367.417511,20.62559319
32,74,6077,428.98172,359.5250854
32,75,3947,201.4562988,487.703064
32,76,0,0.0,0.0
32,77,2220,39.46936798,498.2959595
32,78,0,0.0,0.0
32,79,742,487.9541931,329.14151
32,80,523,470.6042175,314.1778259
32,81,0,0.0,0.0
32,82,7758,446.5394287,268.9456177
32,83,0,0.0,0.0
32,84,1709,486.808075,27.7355175
32,85,1,0.0,325.0
32,86,49,509.4285583,334.0204163
32,87,1452,500.476593,118.6887054
32,88,1323,108.2290268,23.43083954
32,89,2592,248.3607178,23.70100403
32,90,2206,148.1382599,70.45874786
32,91,1021,479.7208557,204.6611176
32,92,1414,499.5021362,240.5183868
32,93,346,9.710982323,7.138728142
32,94,356,289.3988647,9.146067619
32,95,1349,67.49888611,9.221645355
32,96,1320,500.7878723,179.0909119
32,97,956,500.8535461,300.3410034
32,98,1245,500.8907776,54.93413544
32,99,0,0.0,0.0
32,100,0,0.0,0.0
32,101,0,0.0,0.0
32,102,2835,492.499115,375.7544861
32,103,0,0.0,0.0
32,104,666,311.5090027,11.03303337
32,105,0,0.0,0.0
32,106,0,0.0,0.0
32,107,0,0.0,0.0
32,108,0,0.0,0.0
32,109,0,0.0,0.0
32,110,0,0.0,0.0
32,111,0,0.0,0.0
32,112,0,0.0,0.0
32,113,6986,43.90810013,80.82650757
32,114,0,0.0,0.0
32,115,0,0.0,0.0
32,116,0,0.0,0.0
32,117,0,0.0,0.0
32,118,0,0.0,0.0
32,119,0,0.0,0.0
32,120,0,0.0,0.0
32,121,0,0.0,0.0
32,122,0,0.0,0.0
32,123,0,0.0,0.0
32,124,0,0.0,0.0
32,125,0,0.0,0.0
32,126,0,0.0,0.0
32,127,0,0.0,0.0
32,128,0,0.0,0.0
32,129,0,0.0,0.0
32,130,0,0.0,0.0
32,131,0,0.0,0.0
32,132,0,0.0,0.0
32,133,2563,30.47288322,303.4459534
33,0,0,0.0,0.0
33,1,2445,40.76768875,29.89120674
33,2,0,0.0,0.0
33,3,788,106.2550735,55.53807068
33,4,5450,173.0994568,27.70697212
33,5,2196,160.8647614,103.4703979
33,6,3080,224.9243469,80.40908813
33,7,6988,297.591156,70.14052582
33,8,5639,335.466217,128.8928833
33,9,5102,388.8508301,91.57859802
33,10,5423,431.0706177,30.16116524
33,11,5528,454.0227966,107.0262299
33,12,1294,101.7650681,97.19396973
33,13,2522,185.6776428,130.3263245
33,14,1500,371.6853333,169.3093262
33,15,1647,465.2361755,166.4942322
33,16,594,57.09090805,128.2003326
33,17,10694,240.369278,168.4515686
33,18,2336,119.0308228,133.4143829
33,19,1721,79.60662079,148.2457886
33,20,960,404.8041687,150.6968689
33,21,6359,309.428833,220.9855347
33,22,5817,139.5269012,189.9375916
33,23,0,0.0,0.0
33,24,4880,28.86885262,166.5196686
33,25,4293,424.6359253,194.7095337
33,26,0,0.0,0.0
33,27,1292,77.06656647,191.914093
33,28,5727,238.8681641,259.881958
33,29,5443,367.3330994,241.1012268
33,30,3233,163.8660736,246.8057556
33,31,0,0.0,0.0
33,32,3804,23.06913757,243.5709839
33,33,9334,94.46646881,271.0447693
33,34,2916,308.1759338,300.3666077
33,35,0,0.0,0.0
33,36,0,0.0,0.0
33,37,2371,231.5710602,305.327301
33,38,3330,376.9696655,307.5687561
33,39,1964,357.6873779,345.2326965
33,40,8452,174.8631134,336.4013367
33,41,2239,260.2617188,341.443512
33,42,2658,96.282547,347.3709412
33,43,3167,313.3568115,359.5399475
33,44,743,15.30282593,334.0592346
33,45,0,0.0,0.0
33,46,5390,374.4150391,408.7244873
33,47,1273,453.7038574,409.1021118
33,48,6899,283.6693726,414.6067505
33,49,1283,336.5526123,445.9548035
33,50,5439,45.27100754,373.9179993
33,51,2192,217.2668762,391.3398743
33,52,2146,145.0181732,391.2250671
33,53,0,0.0,0.0
33,54,4921,470.6242676,447.3909912
33,55,454,438.2577209,481.6387634
33,56,4984,386.1460571,475.8505249
33,57,4018,237.7267303,451.3673401
33,58,3029,312.9012756,489.499176
33,59,2540,128.424408,425.7767639
33,60,2924,172.3481598,440.5885925
33,61,4835,70.28645325,433.5797424
33,62,1993,484.035614,494.2624207
33,63,0,0.0,0.0
33,64,0,0.0,0.0
33,65,722,264.5304565,500.8033142
33,66,2659,100.7807465,479.1665955
33,67,0,0.0,0.0
33,68,0,0.0,0.0
33,69,3075,20.21886253,448.2191772
33,70,1501,134.6029358,498.7514954
33,71,0,0.0,0.0
33,72,882,431.5328674,501.8151855
33,73,2516,357.7710571,21.69356155
33,74,6233,429.7092896,362.5048828
33,75,3833,199.3850708,488.1899414
33,76,0,0.0,0.0
33,77,2221,37.99549866,498.0045166
33,78,0,0.0,0.0
33,79,823,488.4325562,331.872406
33,80,493,471.4056702,315.8600464
33,81,0,0.0,0.0
33,82,7771,445.6277161,270.5196228
33,83,0,0.0,0.0
33,84,1664,486.5787354,27.41586494
33,85,0,0.0,0.0
33,86,206,506.7330017,344.3495178
33,87,1410,499.3978577,121.8687973
33,88,1386,107.8614731,23.52453041
33,89,3060,246.8898621,26.61568642
33,90,2143,145.8460083,71.32104492
33,91,1065,479.7633667,205.7906036
33,92,1329,499.3431091,242.6734314
33,93,337,10.17210674,6.620178223
33,94,425,289.4494019,6.927058697
33,95,1350,66.72000122,9.102962494
33,96,1476,500.1280518,179.5636902
33,97,1067,500.2755432,300.6504211
33,98,1537,499.7150269,58.83148956
33,99,0,0.0,0.0
33,100,0,0.0,0.0
33,101,0,0.0,0.0
33,102,2492,492.2989502,380.3788147
33,103,0,0.0,0.0
33,104,744,309.1263428,14.01612949
33,105,0,0.0,0.0
33,106,0,0.0,0.0
33,107,0,0.0,0.0
33,108,0,0.0,0.0
33,109,0,0.0,0.0
33,110,0,0.0,0.0
33,111,0,0.0,0.0
33,112,0,0.0,0.0
33,113,6917,44.53433609,81.14211273
33,114,0,0.0,0.0
33,115,0,0.0,0.0
33,116,0,0.0,0.0
33,117,0,0.0,0.0
33,118,0,0.0,0.0
33,119,0,0.0,0.0
33,120,0,0.0,0.0
33,121,0,0.0,0.0
33,122,0,0.0,0.0
33,123,0,0.0,0.0
33,124,0,0.0,0.0
33,125,0,0.0,0.0
33,126,0,0.0,0.0
33,127,0,0.0,0.0
33,128,0,0.0,0.0
33,129,0,0.0,0.0
33,130,0,0.0,0.0
33,131,0,0.0,0.0
33,132,0,0.0,0.0
33,133,2558,31.23690414,304.0070496
34,0,0,0.0,0.0
34,1,2668,41.03635788,30.05547142
34,2,0,0.0,0.0
34,3,824,105.8434448,56.12136078
34,4,5382,170.8691864,27.51690865
34,5,2123,158.1625061,105.5129547
34,6,3275,223.3853455,81.53343201
34,7,6826,296.4938354,71.32479095
34,8,5957,336.1871643,130.3023376
34,9,5208,388.706604,90.38306427
34,10,4957,432.1682434,29.63062286
34,11,5405,453.704895,107.3874207
34,12,1511,98.61813354,99.81733704
34,13,2714,185.2133331,133.0939636
34,14,1587,374.4631348,172.7863922
34,15,1690,464.5840149,166.2733765
34,16,476,55.43487549,127.6617661
34,17,10468,241.0210114,169.9731598
34,18,2243,116.8426208,134.7909088
34,19,1631,77.72225952,148.6026917
34,20,877,408.3466492,148.9156189
34,21,6100,308.0547485,221.2932739
34,22,6142,137.9768829,190.960434
34,23,0,0.0,0.0
34,24,5039,30.01131248,169.8166351
34,25,4338,423.1129456,196.1108856
34,26,0,0.0,0.0
34,27,967,78.86038971,188.8510895
34,28,6138,237.6955109,261.8812256
34,29,5122,365.0374756,241.4181976
34,30,3185,163.0320282,248.2122498
34,31,0,0.0,0.0
34,32,3588,22.58584213,244.6967621
34,33,9182,93.80233002,270.6657715
34,34,2833,310.3007507,300.7514954
34,35,0,0.0,0.0
34,36,0,0.0,0.0
34,37,2324,235.6996613,309.5830383
34,38,3685,376.8602295,308.1907654
34,39,1726,357.8012695,346.930481
34,40,8600,175.0608215,338.0964966
34,41,2077,260.5748596,343.180542
34,42,2567,96.87495422,347.4943542
34,43,3716,315.2462463,362.9857483
34,44,587,11.96081734,333.3901062
34,45,0,0.0,0.0
34,46,5039,377.1669006,410.6715698
34,47,868,454.1267395,409.6013794
34,48,6785,284.0907898,416.1143799
34,49,1122,337.5668335,445.7344055
34,50,5862,45.74309158,373.2105103
34,51,2203,216.3304596,392.614624
34,52,2007,144.578476,393.2117615
34,53,0,0.0,0.0
34,54,4899,470.9338684,446.7581177
34,55,619,442.7059631,480.9741516
34,56,5127,387.5275879,476.0522766
34,57,4168,236.8877106,451.8512573
34,58,3213,312.9763489,489.1008301
34,59,2520,127.875,426.9321289
34,60,2852,170.7328186,442.3646545
34,61,4589,72.48093414,435.2139893
34,62,1912,483.915802,495.2698669
34,63,0,0.0,0.0
34,64,0,0.0,0.0
34,65,640,262.4046936,501.59375
34,66,2529,99.66666412,480.1474915
34,67,0,0.0,0.0
34,68,0,0.0,0.0
34,69,3286,20.68593979,447.4592285
34,70,1339,132.8446655,499.438385
34,71,0,0.0,0.0
34,72,730,432.4958801,501.8493042
34,73,2929,359.5264587,22.501194
34,74,6212,428.5975647,363.8412781
34,75,3849,197.1701813,488.5055847
34,76,0,0.0,0.0
34,77,2170,38.51013947,498.4341125
34,78,0,0.0,0.0
34,79,806,483.9962769,333.8759155
34,80,419,468.3460693,318.0549011
34,81,0,0.0,0.0
34,82,7800,445.5376892,270.7347412
34,83,0,0.0,0.0
34,84,1768,485.9485168,27.171381
34,85,0,0.0,0.0
34,86,201,506.7810974,341.1542358
34,87,1360,498.9360352,121.6242676
34,88,1235,106.6437225,22.84939194
34,89,3194,243.9001312,28.06919289
34,90,2228,144.7585297,71.66113281
34,91,1200,479.9274902,205.4383392
34,92,1431,498.838562,243.7037048
34,93,258,8.430233002,5.988372326
34,94,536,287.4160461,8.65485096
34,95,1357,66.85261536,8.927044868
34,96,1448,500.4751282,177.4827423
34,97,1128,499.7695007,303.6515808
34,98,1659,498.6546021,60.65943527
34,99,0,0.0,0.0
34,100,0,0.0,0.0
34,101,0,0.0,0.0
34,102,2734,491.5376587,381.2487183
34,103,0,0.0,0.0
34,104,730,307.630127,14.9260273
34,105,0,0.0,0.0
34,106,0,0.0,0.0
34,107,0,0.0,0.0
34,108,0,0.0,0.0
34,109,0,0.0,0.0
34,110,0,0.0,0.0
34,111,0,0.0,0.0
34,112,0,0.0,0.0
34,113,6765,42.79940796,82.27893829
34,114,0,0.0,0.0
34,115,0,0.0,0.0
34,116,0,0.0,0.0
34,117,0,0.0,0.0
34,118,0,0.0,0.0
34,119,0,0.0,0.0
34,120,0,0.0,0.0
34,121,0,0.0,0.0
34,122,0,0.0,0.0
34,123,0,0.0,0.0
34,124,0,0.0,0.0
34,125,0,0.0,0.0
34,126,0,0.0,0.0
34,127,0,0.0,0.0
34,128,0,0.0,0.0
34,129,0,0.0,0.0
34,130,0,0.0,0.0
34,131,0,0.0,0.0
34,132,0,0.0,0.0
34,133,2680,32.15783691,304.5843201
35,0,0,0.0,0.0
35,1,2667,41.85901642,31.94975662
35,2,0,0.0,0.0
35,3,742,106.7291107,57.1266861
35,4,5318,169.7006378,27.0522747
35,5,2116,157.3851624,105.5571823
35,6,3162,221.8206787,84.24320221
35,7,6883,295.7046204,72.80633545
35,8,5979,336.1510315,131.5840454
35,9,5356,388.818512,91.87341309
35,10,4773,431.2032166,30.05656815
35,11,5259,452.5276794,107.2006073
35,12,1797,97.56872559,103.9343338
35,13,2616,185.1972504,134.0661316
35,14,1512,374.9385071,174.4973602
35,15,1721,463.2533264,165.0941315
35,16,589,52.94397354,130.6145935
35,17,10228,241.359314,170.2489319
35,18,2115,116.3304977,136.5692596
35,19,1322,76.78820038,151.2405396
35,20,723,409.5892029,148.9349976
35,21,6650,309.6927795,223.2318726
35,22,6523,138.380188,191.5460663
35,23,0,0.0,0.0
35,24,4468,28.75649071,170.3491516
35,25,4482,422.0617981,196.8377991
35,26,0,0.0,0.0
35,27,1438,73.7148819,193.4283752
35,28,6504,235.2747498,263.4274292
35,29,4319,366.2956848,241.9844818
35,30,3226,161.6943512,249.9500885
35,31,0,0.0,0.0
35,32,3728,23.24543953,245.22612
35,33,8429,94.17368317,272.1372681
35,34,2865,310.5319519,300.6551514
35,35,0,0.0,0.0
35,36,0,0.0,0.0
35,37,2007,239.0458374,313.5740051
35,38,4287,378.5190125,311.4231262
35,39,1502,354.7503357,348.6298218
35,40,8800,174.1997681,339.4013672
35,41,2024,260.2401123,344.0143433
35,42,2584,96.11183929,347.8363037
35,43,3853,316.7453918,364.5956421
35,44,619,12.29240704,332.6736755
35,45,0,0.0,0.0
35,46,4429,375.7132568,411.8069458
35,47,973,451.7749329,410.4018555
35,48,6796,283.5567932,416.4380493
35,49,1161,337.8423767,445.8062134
35,50,5661,45.16145706,373.3935852
35,51,2289,216.5316772,393.7654114
35,52,2022,143.1879272,394.244812
35,53,0,0.0,0.0
35,54,4751,470.8753967,447.2738342
35,55,524,443.0152588,481.4274902
35,56,5247,387.5018005,474.9617004
35,57,4310,236.9104462,453.9552307
35,58,3201,312.2649231,489.9228516
35,59,2696,127.1769257,429.2822571
35,60,2659,170.4926605,442.7950439
35,61,4417,72.67240143,435.8757019
35,62,2004,482.6462097,495.1896057
35,63,0,0.0,0.0
35,64,0,0.0,0.0
35,65,460,261.1195679,502.7130432
35,66,2425,98.80700684,481.3633118
35,67,0,0.0,0.0
35,68,0,0.0,0.0
35,69,3400,21.22558784,446.0370483
35,70,1327,131.2735443,499.7445374
35,71,0,0.0,0.0
35,72,769,429.6788025,501.3042908
35,73,3030,358.2831726,21.72673225
35,74,6128,427.587616,366.5811157
35,75,3800,196.128952,488.9421082
35,76,0,0.0,0.0
35,77,2161,37.13465881,498.0856018
35,78,0,0.0,0.0
35,79,723,480.9737244,336.1922607
35,80,360,468.8444519,318.5222168
35,81,0,0.0,0.0
35,82,7590,443.2171326,271.9441223
35,83,0,0.0,0.0
35,84,1867,484.5907898,26.84467125
35,85,0,0.0,0.0
35,86,327,505.7369995,341.6299744
35,87,1356,498.1696167,122.1917419
35,88,1232,106.1590881,24.67126656
35,89,3302,239.7568207,30.647789
35,90,2211,144.7127991,71.76074219
35,91,1262,477.7123718,205.3034821
35,92,1682,497.4625549,246.0338898
35,93,328,9.871951103,6.649390221
35,94,763,287.2188721,8.841415405
35,95,1470,66.84013367,9.794557571
35,96,1566,500.3224792,178.5561981
35,97,1223,498.463623,305.747345
35,98,1841,497.7914124,61.96306229
35,99,0,0.0,0.0
35,100,0,0.0,0.0
35,101,0,0.0,0.0
35,102,2766,491.307312,383.3864746
35,103,0,0.0,0.0
35,104,755,304.7761536,18.93377495
35,105,0,0.0,0.0
35,106,0,0.0,0.0
35,107,0,0.0,0.0
35,108,0,0.0,0.0
35,109,0,0.0,0.0
35,110,0,0.0,0.0
35,111,0,0.0,0.0
35,112,0,0.0,0.0
35,113,6869,42.2025032,84.36031342
35,114,0,0.0,0.0
35,115,0,0.0,0.0
35,116,0,0.0,0.0
35,117,0,0.0,0.0
35,118,0,0.0,0.0
35,119,0,0.0,0.0
35,120,0,0.0,0.0
35,121,0,0.0,0.0
35,122,0,0.0,0.0
35,123,0,0.0,0.0
35,124,0,0.0,0.0
35,125,0,0.0,0.0
35,126,0,0.0,0.0
35,127,0,0.0,0.0
35,128,0,0.0,0.0
35,129,0,0.0,0.0
35,130,0,0.0,0.0
35,131,0,0.0,0.0
35,132,0,0.0,0.0
35,133,2825,34.24000168,304.8853149
36,0,0,0.0,0.0
36,1,2689,41.37709045,32.88248444
36,2,0,0.0,0.0
36,3,808,104.5841599,58.9257431
36,4,5187,168.1548157,27.2456131
36,5,2218,156.5563507,106.4242554
36,6,3335,220.993103,87.26686859
36,7,6165,295.2267761,75.6833725
36,8,6225,336.4605713,134.0673065
36,9,5464,388.6592102,91.99468994
36,10,4224,430.5805054,29.51041603
36,11,5025,450.3470764,106.5225906
36,12,1819,97.34194946,105.4359512
36,13,2414,184.0153198,136.1362915
36,14,1437,375.7251282,176.8399506
36,15,1824,461.7785034,165.5707245
36,16,596,53.58053589,133.827179
36,17,10250,241.1376648,171.1499481
36,18,1991,115.9944763,136.1747894
36,19,1191,77.42989349,152.3820343
36,20,552,407.9184875,149.085144
36,21,7542,313.1835022,226.0883026
36,22,6830,137.9786224,192.0437775
36,23,0,0.0,0.0
36,24,4662,28.81810379,172.1349182
36,25,4613,419.194458,197.3843536
36,26,0,0.0,0.0
36,27,1295,73.65096283,193.9019318
36,28,6725,233.3283234,265.4321289
36,29,3066,367.9628296,246.3274689
36,30,3018,160.5092773,250.9105377
36,31,0,0.0,0.0
36,32,3477,22.31176376,246.9948273
36,33,8590,93.59685516,272.4243164
36,34,2789,309.1150818,303.4273987
36,35,0,0.0,0.0
36,36,0,0.0,0.0
36,37,1919,239.0620117,316.436676
36,38,4620,376.2346191,311.594574
36,39,1531,354.4944458,353.0646667
36,40,8833,172.6555023,341.1768494
36,41,1961,258.9087219,345.0377502
36,42,2664,94.09722137,349.4909973
36,43,5035,318.745575,373.6391296
36,44,0,0.0,0.0
36,45,0,0.0,0.0
36,46,3053,379.7061768,415.6472473
36,47,912,444.9396973,413.8771973
36,48,6377,282.2980957,419.9753723
36,49,1096,337.6259155,445.588501
36,50,6359,41.28825378,371.1530151
36,51,2412,215.0315094,395.8669128
36,52,1885,143.3055725,396.7172546
36,53,0,0.0,0.0
36,54,4720,469.6112366,447.8434448
36,55,634,441.6246033,482.4921265
36,56,5278,386.4048767,475.34729
36,57,4607,238.0718536,458.6529236
36,58,3222,311.5949707,490.2700195
36,59,2562,126.5499573,430.3727417
36,60,2673,168.2861938,445.1178589
36,61,4664,75.05724335,439.7221375
36,62,2052,482.2621765,495.2085876
36,63,0,0.0,0.0
36,64,0,0.0,0.0
36,65,0,0.0,0.0
36,66,2140,97.60794067,485.6130981
36,67,0,0.0,0.0
36,68,0,0.0,0.0
36,69,3352,21.39528656,447.1942139
36,70,1096,131.8914185,500.0994568
36,71,0,0.0,0.0
36,72,605,429.4710693,502.2181702
36,73,3454,359.4003906,23.39432526
36,74,6499,427.0949402,368.5753174
36,75,3843,195.4894562,489.8326721
36,76,0,0.0,0.0
36,77,2050,36.13609695,498.5473022
36,78,0,0.0,0.0
36,79,467,479.6916504,337.4475403
36,80,511,468.9099731,320.09198
36,81,0,0.0,0.0
36,82,7605,441.859314,272.4594421
36,83,0,0.0,0.0
36,84,2221,482.4673462,28.00990486
36,85,0,0.0,0.0
36,86,782,502.213562,347.4143372
36,87,1638,495.4395752,123.8498154
36,88,1361,105.8559875,25.53343201
36,89,3207,236.6145935,36.60149765
36,90,2125,144.2155304,72.02635193
36,91,1177,474.9439392,205.8241272
36,92,1817,496.3368225,245.6345673
36,93,326,9.957055092,6.564417362
36,94,755,282.153656,9.905960083
36,95,1519,65.92166138,10.26728153
36,96,1663,499.5628357,180.6337891
36,97,1251,498.0583496,305.7817688
36,98,1846,497.3954468,63.78006363
36,99,405,244.1259308,4.990123272
36,100,0,0.0,0.0
36,101,0,0.0,0.0
36,102,2592,489.5057983,389.3441467
36,103,0,0.0,0.0
36,104,1201,302.5328979,20.89758492
36,105,0,0.0,0.0
36,106,0,0.0,0.0
36,107,0,0.0,0.0
36,108,0,0.0,0.0
36,109,0,0.0,0.0
36,110,0,0.0,0.0
36,111,0,0.0,0.0
36,112,0,0.0,0.0
36,113,6737,41.48908997,86.0353241
36,114,0,0.0,0.0
36,115,0,0.0,0.0
36,116,0,0.0,0.0
36,117,0,0.0,0.0
36,118,0,0.0,0.0
36,119,0,0.0,0.0
36,120,0,0.0,0.0
36,121,0,0.0,0.0
36,122,0,0.0,0.0
36,123,0,0.0,0.0
36,124,0,0.0,0.0
36,125,0,0.0,0.0
36,126,0,0.0,0.0
36,127,0,0.0,0.0
36,128,0,0.0,0.0
36,129,0,0.0,0.0
36,130,0,0.0,0.0
36,131,0,0.0,0.0
36,132,0,0.0,0.0
36,133,2809,33.96404266,305.3613281
37,0,0,0.0,0.0
37,1,2873,40.39192581,31.98364067
37,2,0,0.0,0.0
37,3,703,102.7908936,57.79658508
37,4,5108,166.0601044,27.05383682
37,5,2328,155.6894379,107.5725937
37,6,3419,219.3003845,88.33430481
37,7,5870,294.5603027,78.00289917
37,8,6305,336.6109314,135.7573395
37,9,5559,388.4472046,92.62924957
37,10,4380,427.6063843,29.90662193
37,11,4759,448.7415466,106.6236572
37,12,2017,96.14873505,107.4605865
37,13,2241,184.5841217,138.3360138
37,14,1609,373.6936035,184.7439423
37,15,1747,461.3434448,165.2283936
37,16,461,52.88936996,133.4251556
37,17,10090,241.7329102,170.8607483
37,18,1927,115.6367416,138.0067444
37,19,1134,75.58730316,153.6446228
37,20,633,406.8183289,150.289093
37,21,7942,313.4814758,229.0616913
37,22,6960,138.3369293,192.4951172
37,23,0,0.0,0.0
37,24,4528,27.87279129,170.2184143
37,25,4941,419.2580566,199.7597656
37,26,0,0.0,0.0
37,27,1489,72.31296539,195.1981201
37,28,7089,231.9154968,266.3794556
37,29,2279,367.3633118,252.9723511
37,30,3148,157.412323,252.34021
37,31,0,0.0,0.0
37,32,3593,23.08961868,245.8833771
37,33,8095,92.83174896,273.9919739
37,34,2707,308.8197327,306.5371399
37,35,0,0.0,0.0
37,36,0,0.0,0.0
37,37,1768,236.9954681,318.8161621
37,38,5023,375.2950439,313.7505493
37,39,1145,351.3179016,354.2157288
37,40,8877,171.6254425,342.302124
37,41,2094,257.2860413,347.4961853
37,42,2766,94.91395569,352.0357971
37,43,5086,314.7168579,373.7322083
37,44,0,0.0,0.0
37,45,0,0.0,0.0
37,46,3110,377.7125549,414.8643188
37,47,737,451.1451721,411.9430237
37,48,5958,282.0743408,423.4761658
37,49,1057,338.1523132,444.7105103
37,50,6304,40.1307106,371.7841187
37,51,2296,215.1480865,397.9651489
37,52,1752,145.8179169,398.6826477
37,53,0,0.0,0.0
37,54,4519,469.4560852,448.0070801
37,55,576,440.1423645,481.1927185
37,56,5414,385.8825378,474.8622131
37,57,4714,238.0969391,460.4766541
37,58,3135,312.2998352,490.164917
37,59,2739,125.5888977,431.2573853
37,60,2584,167.6435699,445.1470642
37,61,4353,72.5639801,437.407074
37,62,2210,480.7176514,494.7565613
37,63,0,0.0,0.0
37,64,0,0.0,0.0
37,65,0,0.0,0.0
37,66,2259,96.710495,483.4466553
37,67,0,0.0,0.0
37,68,0,0.0,0.0
37,69,3234,21.53617859,449.2996216
37,70,1110,128.6036072,500.286499
37,71,0,0.0,0.0
37,72,573,428.5549622,501.8499146
37,73,3277,356.45224,23.22337532
37,74,6671,424.7938843,371.6099548
37,75,3845,193.2174225,489.9615173
37,76,0,0.0,0.0
37,77,2020,35.56138611,498.5069275
37,78,0,0.0,0.0
37,79,562,478.9573059,337.2224121
37,80,519,467.3371887,320.7687988
37,81,0,0.0,0.0
37,82,7197,439.8129883,274.3230591
37,83,0,0.0,0.0
37,84,2268,481.7288208,27.33686066
37,85,0,0.0,0.0
37,86,1268,500.1758728,352.9897461
37,87,1877,494.4208984,123.8007431
37,88,1314,104.8097382,24.88127899
37,89,3153,234.2394562,38.95718384
37,90,2264,144.0640411,71.82111359
37,91,1296,473.8418274,205.8881226
37,92,2021,495.1286621,245.7996063
37,93,230,8.147826195,5.526086807
37,94,1564,285.8849182,15.01982117
37,95,1423,65.42164612,9.59170723
37,96,1593,499.6289978,180.8016357
37,97,1239,497.2574768,304.1791687
37,98,1973,495.8535156,63.759758
37,99,542,242.9409637,6.619925976
37,100,19,510.9473572,463.0526428
37,101,0,0.0,0.0
37,102,2299,487.5176086,393.418457
37,103,0,0.0,0.0
37,104,794,310.2304688,26.99874115
37,105,0,0.0,0.0
37,106,0,0.0,0.0
37,107,0,0.0,0.0
37,108,0,0.0,0.0
37,109,0,0.0,0.0
37,110,0,0.0,0.0
37,111,0,0.0,0.0
37,112,0,0.0,0.0
37,113,6683,41.85575485,86.18405151
37,114,0,0.0,0.0
37,115,0,0.0,0.0
37,116,0,0.0,0.0
37,117,0,0.0,0.0
37,118,0,0.0,0.0
37,119,0,0.0,0.0
37,120,0,0.0,0.0
37,121,0,0.0,0.0
37,122,0,0.0,0.0
37,123,0,0.0,0.0
37,124,0,0.0,0.0
37,125,0,0.0,0.0
37,126,0,0.0,0.0
37,127,0,0.0,0.0
37,128,0,0.0,0.0
37,129,0,0.0,0.0
37,130,0,0.0,0.0
37,131,0,0.0,0.0
37,132,0,0.0,0.0
37,133,2906,33.36097717,305.2174683
38,0,0,0.0,0.0
38,1,3207,39.73246002,32.15341568
38,2,0,0.0,0.0
38,3,539,103.5361786,59.06679153
38,4,4987,165.2576752,27.15039063
38,5,2253,155.4873505,108.3244553
38,6,3432,218.4868927,90.91725159
38,7,5704,295.9907227,79.23387146
38,8,6217,336.8479919,136.3591766
38,9,5626,389.4047241,93.48168945
38,10,2956,436.1018372,28.27841759
38,11,4536,448.7570496,106.1902542
38,12,2374,95.54170227,109.3277206
38,13,2077,184.3009186,137.4824219
38,14,1827,373.6940308,186.8916321
38,15,1784,459.3705139,165.9243317
38,16,369,51.50406647,132.2926788
38,17,10125,240.9036102,172.1666107
38,18,1727,115.1268082,138.216568
38,19,986,73.67849731,154.0537567
38,20,623,409.9213562,149.3723907
38,21,8113,312.9582214,230.5056152
38,22,7495,137.1818542,192.9850616
38,23,0,0.0,0.0
38,24,4528,27.59584808,171.1621094
38,25,4933,418.0713501,201.936554
38,26,0,0.0,0.0
38,27,1599,70.68105316,195.2745514
38,28,7273,231.8307495,267.9932556
38,29,1950,366.0281982,253.1174316
38,30,3235,154.9687805,253.940033
38,31,0,0.0,0.0
38,32,3471,22.2996254,247.6557159
38,33,7692,92.26846313,275.421875
38,34,2416,306.7081909,309.2615967
38,35,0,0.0,0.0
38,36,0,0.0,0.0
38,37,1792,235.8487701,320.9296875
38,38,5366,376.4478149,312.3468018
38,39,1487,352.0242004,355.6799011
38,40,8712,171.1446228,344.2219849
38,41,2075,256.2399902,348.79422
38,42,2667,94.70641327,350.2351074
38,43,5390,313.3998108,376.019104
38,44,0,0.0,0.0
38,45,0,0.0,0.0
38,46,2759,376.9162598,416.0927734
38,47,755,448.4397278,414.6847534
38,48,5668,280.9052429,424.9890747
38,49,1002,338.2684631,444.4590759
38,50,6716,42.01995087,372.1148071
38,51,2241,214.8888855,400.0517578
38,52,1833,145.8505249,399.6470337
38,53,0,0.0,0.0
38,54,4260,466.0936584,448.6915588
38,55,534,439.2940063,482.3014832
38,56,5464,385.6994934,475.0287476
38,57,4601,238.052597,461.3699341
38,58,3192,311.6694946,490.4611511
38,59,2664,126.2079544,433.7267151
38,60,2544,167.1761017,446.42099
38,61,4649,73.03591919,440.6134644
38,62,2196,479.1734924,495.472229
38,63,0,0.0,0.0
38,64,0,0.0,0.0
38,65,0,0.0,0.0
38,66,1993,97.12945557,486.910675
38,67,0,0.0,0.0
38,68,0,0.0,0.0
38,69,3162,21.63345909,450.1109924
38,70,898,127.739418,500.90979
38,71,0,0.0,0.0
38,72,456,427.875,502.8026428
38,73,4535,368.506958,26.24961472
38,74,6607,424.7209167,374.1845093
38,75,3911,191.3896637,490.2853394
38,76,0,0.0,0.0
38,77,1939,33.79577255,498.4043274
38,78,0,0.0,0.0
38,79,531,475.711853,339.9453735
38,80,508,465.5118103,323.8366089
38,81,0,0.0,0.0
38,82,6979,439.5030823,275.2124939
38,83,0,0.0,0.0
38,84,2415,479.8426514,27.96853065
38,85,0,0.0,0.0
38,86,2075,496.2356567,361.2862549
38,87,1896,493.7157288,124.0854416
38,88,1376,105.4927292,24.9963665
38,89,3646,235.7032318,41.19391251
38,90,2280,144.4192963,72.01359558
38,91,1209,471.910675,207.0438385
38,92,2126,494.1340637,246.7746887
38,93,21,0.333333343,5.904761791
38,94,1600,287.3306274,14.81812477
38,95,1556,65.00257111,10.52956295
38,96,1821,498.3130188,181.2427216
38,97,1346,496.0497742,305.0326843
38,98,2106,495.0142517,64.15052032
38,99,596,242.6845703,6.919463158
38,100,338,507.3254395,458.2307739
38,101,0,0.0,0.0
38,102,1535,487.4215088,404.1492004
38,103,0,0.0,0.0
38,104,749,310.4846497,25.82643509
38,105,0,0.0,0.0
38,106,0,0.0,0.0
38,107,0,0.0,0.0
38,108,0,0.0,0.0
38,109,0,0.0,0.0
38,110,0,0.0,0.0
38,111,0,0.0,0.0
38,112,0,0.0,0.0
38,113,6513,41.0836792,87.13956451
38,114,0,0.0,0.0
38,115,0,0.0,0.0
38,116,0,0.0,0.0
38,117,0,0.0,0.0
38,118,0,0.0,0.0
38,119,0,0.0,0.0
38,120,0,0.0,0.0
38,121,0,0.0,0.0
38,122,0,0.0,0.0
38,123,0,0.0,0.0
38,124,0,0.0,0.0
38,125,0,0.0,0.0
38,126,0,0.0,0.0
38,127,0,0.0,0.0
38,128,0,0.0,0.0
38,129,0,0.0,0.0
38,130,0,0.0,0.0
38,131,0,0.0,0.0
38,132,0,0.0,0.0
38,133,2800,33.64428711,304.7478638
39,0,0,0.0,0.0
39,1,3443,39.31309891,32.82341003
39,2,2,95.0,52.5
39,3,287,103.3449478,58.29616547
39,4,4892,164.6441193,27.53004837
39,5,2141,151.7627258,109.4278412
39,6,3716,217.8242798,94.53148651
39,7,5508,295.5946045,79.9257431
39,8,6215,336.7919617,136.5816498
39,9,5775,389.8493652,92.58701324
39,10,2723,433.395874,26.94454575
39,11,4479,447.7597656,104.4456329
39,12,2626,94.52780151,109.4013672
39,13,2012,182.4279327,137.2783356
39,14,1874,373.0656433,187.4071503
39,15,2000,458.8034973,165.5225067
39,16,414,51.89130402,132.710144
39,17,9896,241.6551056,173.3114319
39,18,1623,112.3604431,140.4417725
39,19,625,74.03839874,155.9696045
39,20,602,406.9451904,151.7724304
39,21,8165,312.8688354,231.5201416
39,22,7672,137.9804535,192.1793518
39,23,0,0.0,0.0
39,24,4432,27.99593925,171.1759949
39,25,5094,418.1566467,203.8315735
39,26,0,0.0,0.0
39,27,1719,69.70098877,195.5008698
39,28,7568,232.166626,270.4665833
39,29,1813,365.6646423,253.592392
39,30,3365,154.0763702,253.1542358
39,31,0,0.0,0.0
39,32,3469,23.2087059,245.8463593
39,33,7430,92.87631226,276.3572083
39,34,2306,307.1504822,309.457489
39,35,0,0.0,0.0
39,36,0,0.0,0.0
39,37,1539,230.41716,326.1104736
39,38,5757,375.5770264,314.192627
39,39,1016,350.6604309,356.0502014
39,40,8580,169.9105988,344.234375
39,41,2144,258.1371155,347.3852539
39,42,2723,93.97502899,350.1553345
39,43,5559,314.6350098,376.6056824
39,44,0,0.0,0.0
39,45,0,0.0,0.0
39,46,2647,374.4555969,416.108429
39,47,537,451.1862183,413.6443176
39,48,5851,280.375824,425.8207092
39,49,865,337.3815002,446.2601013
39,50,6589,41.49537277,372.1883545
39,51,2384,214.1426239,400.7474976
39,52,1827,145.002182,399.8675537
39,53,0,0.0,0.0
39,54,4029,462.0622864,448.9957886
39,55,552,438.8623047,483.1720886
39,56,5526,385.1833191,475.0631409
39,57,4469,237.4101563,462.710907
39,58,3109,311.0836182,490.8041077
39,59,2861,126.9699402,437.2886963
39,60,2314,169.7571259,443.7640381
39,61,4725,73.7403183,440.8981934
39,62,2109,479.4357605,495.8463745
39,63,0,0.0,0.0
39,64,0,0.0,0.0
39,65,0,0.0,0.0
39,66,1930,94.87150574,488.2969055
39,67,0,0.0,0.0
39,68,0,0.0,0.0
39,69,3154,21.09638596,449.1391907
39,70,798,125.8383484,500.3132935
39,71,0,0.0,0.0
39,72,435,428.797699,503.4046021
39,73,4099,368.9963379,26.00805092
39,74,6828,423.9212036,377.0265198
39,75,3972,188.8184814,490.6404724
39,76,0,0.0,0.0
39,77,1914,33.36729431,498.338562
39,78,0,0.0,0.0
39,79,596,475.0419312,341.6610718
39,80,503,463.2425537,325.4711609
39,81,0,0.0,0.0
39,82,6786,439.2256165,276.3840332
39,83,0,0.0,0.0
39,84,2562,477.8446655,27.83255196
39,85,0,0.0,0.0
39,86,2343,495.4933777,365.4319153
39,87,1883,493.2506714,123.6378098
39,88,1518,105.4631119,25.740448
39,89,3841,234.0760193,42.73626709
39,90,2310,143.4406891,72.27229309
39,91,1210,472.2314148,209.1297455
39,92,2089,494.4624329,248.2666321
39,93,1,0.0,0.0
39,94,1809,289.4676514,15.45715904
39,95,1485,64.71447754,10.22424221
39,96,1886,498.3573608,181.2539825
39,97,1403,495.3135986,305.888092
39,98,2224,494.8313904,64.05845642
39,99,677,242.2821198,7.449039936
39,100,689,504.9143677,454.7402039
39,101,0,0.0,0.0
39,102,1267,487.49646,408.5540771
39,103,0,0.0,0.0
39,104,952,317.4768982,28.51470566
39,105,0,0.0,0.0
39,106,0,0.0,0.0
39,107,0,0.0,0.0
39,108,0,0.0,0.0
39,109,0,0.0,0.0
39,110,0,0.0,0.0
39,111,0,0.0,0.0
39,112,0,0.0,0.0
39,113,6409,41.00827026,88.47745514
39,114,0,0.0,0.0
39,115,0,0.0,0.0
39,116,0,0.0,0.0
39,117,0,0.0,0.0
39,118,0,0.0,0.0
39,119,0,0.0,0.0
39,120,0,0.0,0.0
39,121,0,0.0,0.0
39,122,0,0.0,0.0
39,123,0,0.0,0.0
39,124,0,0.0,0.0
39,125,0,0.0,0.0
39,126,0,0.0,0.0
39,127,0,0.0,0.0
39,128,0,0.0,0.0
39,129,0,0.0,0.0
39,130,0,0.0,0.0
39,131,0,0.0,0.0
39,132,0,0.0,0.0
39,133,2973,33.15674591,303.6175537
40,0,0,0.0,0.0
40,1,3588,40.25668716,32.95903015
40,2,0,0.0,0.0
40,3,672,104.1711273,56.62797546
40,4,4548,164.9560242,27.11323738
40,5,2050,150.3902435,107.4502411
40,6,4121,215.258194,97.10046387
40,7,5218,295.3623962,82.07321167
40,8,6231,335.9380493,138.1880951
40,9,5838,390.532196,93.08033752
40,10,2637,431.0364075,27.1937809
40,11,3973,447.0709839,104.3903885
40,12,2372,94.90345764,107.370575
40,13,1887,178.6793823,139.4054108
40,14,2035,373.8461914,189.1955719
40,15,2228,457.3586121,164.2113953
40,16,522,52.18390656,135.2950134
40,17,9963,241.6365509,175.2585602
40,18,1714,111.1260223,140.4043121
40,19,700,73.32428741,153.1100006
40,20,643,407.0108948,150.9269104
40,21,8122,313.6138916,233.1786499
40,22,7761,136.7765808,191.9947205
40,23,0,0.0,0.0
40,24,4334,26.9330864,171.789566
40,25,5121,418.0359192,205.9748077
40,26,0,0.0,0.0
40,27,1776,67.63119507,196.113739
40,28,7767,232.4848785,272.5098572
40,29,1628,366.5282593,255.8753052
40,30,3527,153.0184326,253.1136932
40,31,0,0.0,0.0
40,32,3141,21.59821701,246.1480408
40,33,7035,91.38393402,274.6289978
40,34,2468,310.0615845,310.268219
40,35,0,0.0,0.0
40,36,0,0.0,0.0
40,37,1523,232.7078094,329.1044006
40,38,6467,380.2070618,318.4170532
40,39,923,350.5514526,357.8114929
40,40,8787,169.5906525,344.4810486
40,41,1947,257.9738159,350.1854248
40,42,2757,94.27167511,349.1323853
40,43,5696,312.1681824,377.4036255
40,44,0,0.0,0.0
40,45,0,0.0,0.0
40,46,2525,371.8269348,415.4003906
40,47,393,452.409668,415.2569885
40,48,5411,279.6242981,427.769928
40,49,970,336.6206055,444.4133911
40,50,6601,41.5835495,372.3361511
40,51,2345,213.1842194,401.0643921
40,52,1789,142.0832825,399.7098999
40,53,0,0.0,0.0
40,54,3713,461.1166077,449.8602295
40,55,572,437.8304138,484.0541992
40,56,5602,385.693512,475.0005493
40,57,4616,237.3988342,462.3505249
40,58,3046,311.7514648,490.7347412
40,59,2736,125.5877228,437.7949524
40,60,2292,167.1889191,443.4075012
40,61,4791,72.7146759,441.0050049
40,62,2050,477.9604797,496.4829407
40,63,0,0.0,0.0
40,64,0,0.0,0.0
40,65,0,0.0,0.0
40,66,1765,93.35580444,488.8685608
40,67,0,0.0,0.0
40,68,0,0.0,0.0
40,69,3088,20.97182655,450.0488892
40,70,854,124.5035095,499.7962646
40,71,0,0.0,0.0
40,72,358,428.0307312,504.7541809
40,73,4421,365.8357849,27.29518127
40,74,6528,425.4230957,382.350647
40,75,4151,188.109848,489.8499146
40,76,0,0.0,0.0
40,77,1879,33.28313065,498.6700439
40,78,0,0.0,0.0
40,79,561,472.7539978,343.1497192
40,80,534,462.5599365,325.4625549
40,81,0,0.0,0.0
40,82,6170,439.1938477,277.1400452
40,83,0,0.0,0.0
40,84,2761,476.3908081,27.50163078
40,85,0,0.0,0.0
40,86,2626,493.8815613,368.213623
40,87,1962,492.0050964,122.7869492
40,88,1528,107.5,23.30890083
40,89,4138,233.8438873,43.49323273
40,90,2122,144.438736,72.13289642
40,91,1291,471.9450073,209.672348
40,92,2272,493.1408386,248.7896118
40,93,0,0.0,0.0
40,94,1937,290.7800598,16.34486389
40,95,1381,63.52570724,9.494568825
40,96,1885,498.6291809,180.0885925
40,97,1488,494.6438293,306.8474426
40,98,2314,493.6732788,64.91011047
40,99,734,242.3542175,7.826975346
40,100,971,503.3800354,455.1091614
40,101,0,0.0,0.0
40,102,1032,488.2635803,412.508728
40,103,0,0.0,0.0
40,104,746,313.6715698,32.3900795
40,105,0,0.0,0.0
40,106,0,0.0,0.0
40,107,0,0.0,0.0
40,108,0,0.0,0.0
40,109,0,0.0,0.0
40,110,0,0.0,0.0
40,111,0,0.0,0.0
40,112,0,0.0,0.0
40,113,6248,40.32170105,89.02481079
40,114,0,0.0,0.0
40,115,0,0.0,0.0
40,116,0,0.0,0.0
40,117,0,0.0,0.0
40,118,0,0.0,0.0
40,119,0,0.0,0.0
40,120,0,0.0,0.0
40,121,0,0.0,0.0
40,122,0,0.0,0.0
40,123,0,0.0,0.0
40,124,0,0.0,0.0
40,125,0,0.0,0.0
40,126,0,0.0,0.0
40,127,0,0.0,0.0
40,128,0,0.0,0.0
40,129,0,0.0,0.0
40,130,0,0.0,0.0
40,131,0,0.0,0.0
40,132,0,0.0,0.0
40,133,3227,34.00619888,303.2668152
41,0,0,0.0,0.0
41,1,3643,39.97447205,32.06780243
41,2,0,0.0,0.0
41,3,682,103.6407623,54.94721222
41,4,4135,166.2176514,26.1569519
41,5,2187,149.281662,108.1659775
41,6,4413,213.5193787,98.48085022
41,7,5146,296.0545959,83.27108765
41,8,6240,336.352417,138.8890991
41,9,5711,391.3265686,94.03431702
41,10,2578,429.6865845,27.46741676
41,11,3722,446.987915,104.5789871
41,12,2442,93.38861847,105.4909897
41,13,1675,179.4340363,141.214325
41,14,2023,372.9377136,191.1794434
41,15,2250,455.7288818,163.8457794
41,16,371,49.18867874,133.5444794
41,17,10011,241.446701,176.5112305
41,18,1705,109.0580673,140.266861
41,19,712,72.33848572,151.5674133
41,20,649,408.4807434,149.9584045
41,21,8158,313.2995911,233.7781372
41,22,7888,136.3684082,191.4013672
41,23,0,0.0,0.0
41,24,4258,26.80249023,171.4098206
41,25,5258,417.2576904,206.6669769
41,26,0,0.0,0.0
41,27,2177,65.10840607,199.6963654
41,28,7858,231.4256744,274.3617859
41,29,1436,364.8182373,258.3621216
41,30,3917,151.2655029,256.308136
41,31,0,0.0,0.0
41,32,3170,22.16845512,246.6463776
41,33,5870,93.00971222,275.7493896
41,34,2435,308.7392273,311.8476257
41,35,0,0.0,0.0
41,36,0,0.0,0.0
41,37,1329,233.7471771,328.4747925
41,38,6911,380.217926,319.9675903
41,39,658,351.1869202,360.2462158
41,40,8680,169.3465424,346.7140503
41,41,2214,256.123291,351.4986572
41,42,3010,93.50365448,349.1810608
41,43,5764,313.0185547,378.7145996
41,44,0,0.0,0.0
41,45,0,0.0,0.0
41,46,2505,373.368866,416.8547058
41,47,688,449.8473816,421.1758728
41,48,5162,280.8814392,428.7098083
41,49,860,337.9941711,444.1081543
41,50,6596,41.41237259,373.3738708
41,51,2321,213.5626831,402.3524475
41,52,1574,143.5800476,400.9034424
41,53,0,0.0,0.0
41,54,3478,461.7124634,452.4401855
41,55,606,435.9801941,482.5115662
41,56,5505,384.1500549,475.7921753
41,57,4545,236.9989014,460.8215637
41,58,3128,310.5802307,490.2512817
41,59,2789,124.3191071,439.2664185
41,60,2231,167.0555878,441.6593323
41,61,4599,72.14764404,440.3900757
41,62,2033,476.3541565,497.1529846
41,63,0,0.0,0.0
41,64,0,0.0,0.0
41,65,0,0.0,0.0
41,66,1898,91.71970367,489.0247498
41,67,0,0.0,0.0
41,68,0,0.0,0.0
41,69,3061,21.06141853,450.759552
41,70,707,122.1244659,499.7963257
41,71,0,0.0,0.0
41,72,315,427.6825256,504.4253845
41,73,4685,364.3959351,28.35453606
41,74,6397,425.4109802,383.4378662
41,75,4468,186.7370148,489.8162537
41,76,1,57.0,491.0
41,77,1785,31.71596718,498.736145
41,78,0,0.0,0.0
41,79,646,472.9752197,341.6795654
41,80,495,460.4020081,325.8222351
41,81,0,0.0,0.0
41,82,6070,437.6484375,276.8079224
41,83,0,0.0,0.0
41,84,2803,474.993927,26.82839775
41,85,0,0.0,0.0
41,86,2605,494.5581665,367.9873352
41,87,1948,491.106781,122.1134491
41,88,1738,109.3193359,22.48676682
41,89,4321,233.0293884,44.58782578
41,90,2123,143.6109314,71.36505127
41,91,1262,471.6069641,208.4936676
41,92,2326,492.4969788,248.8357697
41,93,0,0.0,0.0
41,94,2026,290.589325,16.49012756
41,95,1232,63.88473892,8.876623154
41,96,1995,498.2666626,179.7488708
41,97,1549,493.9586792,305.8431396
41,98,2495,492.9326782,64.93066406
41,99,740,241.7770233,7.99594593
41,100,967,503.5708313,457.2285461
41,101,0,0.0,0.0
41,102,1094,487.6115112,413.2385864
41,103,0,0.0,0.0
41,104,631,309.973053,36.50237656
41,105,0,0.0,0.0
41,106,0,0.0,0.0
41,107,0,0.0,0.0
41,108,0,0.0,0.0
41,109,0,0.0,0.0
41,110,0,0.0,0.0
41,111,0,0.0,0.0
41,112,0,0.0,0.0
41,113,6205,39.56663895,89.08493042
41,114,0,0.0,0.0
41,115,0,0.0,0.0
41,116,0,0.0,0.0
41,117,0,0.0,0.0
41,118,0,0.0,0.0
41,119,0,0.0,0.0
41,120,0,0.0,0.0
41,121,0,0.0,0.0
41,122,0,0.0,0.0
41,123,0,0.0,0.0
41,124,0,0.0,0.0
41,125,0,0.0,0.0
41,126,0,0.0,0.0
41,127,0,0.0,0.0
41,128,0,0.0,0.0
41,129,0,0.0,0.0
41,130,0,0.0,0.0
41,131,0,0.0,0.0
41,132,0,0.0,0.0
41,133,3650,37.18822098,301.5827332
42,0,0,0.0,0.0
42,1,4060,40.37290573,32.60640335
42,2,0,0.0,0.0
42,3,408,101.090683,57.77450943
42,4,3748,165.1243286,26.19530487
42,5,2269,145.8642578,109.4222107
42,6,4377,210.4987488,98.83024597
42,7,5114,294.4004822,84.50273895
42,8,6103,335.5969238,139.9965515
42,9,5752,390.2167969,93.70983887
42,10,2705,429.3112793,28.68206978
42,11,3457,445.4963989,103.4197311
42,12,2651,90.50659943,106.788002
42,13,1885,179.7549133,144.0588837
42,14,2101,371.6016235,193.2741547
42,15,2664,455.5889587,161.8149414
42,16,425,49.61647034,135.0211792
42,17,10098,241.3648224,176.6857758
42,18,1757,107.2470093,141.8070526
42,19,531,72.97740173,154.7947235
42,20,775,407.098053,150.423233
42,21,7995,312.8208923,234.7135773
42,22,7858,133.9618225,193.4082489
42,23,0,0.0,0.0
42,24,4090,26.18459702,172.0929108
42,25,5100,415.3296204,208.0866699
42,26,0,0.0,0.0
42,27,2216,62.38673401,201.1899872
42,28,7801,231.3222656,273.7778625
42,29,1194,364.5469055,258.1490784
42,30,4262,148.829422,259.3071289
42,31,0,0.0,0.0
42,32,3027,21.68219376,247.5256042
42,33,5190,90.75260162,275.5404663
42,34,2600,310.2842407,311.6223145
42,35,0,0.0,0.0
42,36,0,0.0,0.0
42,37,1491,232.0281677,328.7444763
42,38,6947,381.481781,319.2926331
42,39,1060,351.5707397,361.6018982
42,40,8755,170.2600861,348.1411743
42,41,2058,256.6054382,351.4373169
42,42,3224,94.32785034,349.1463928
42,43,5717,311.7886963,380.3164368
42,44,0,0.0,0.0
42,45,0,0.0,0.0
42,46,2026,370.8193359,418.0118408
42,47,710,449.5197144,421.4816895
42,48,5083,278.5317688,428.0513611
42,49,875,337.1782837,443.8262939
42,50,6461,42.70670319,375.5986633
42,51,2114,214.1579895,403.1409607
42,52,1545,144.3870544,402.1889954
42,53,0,0.0,0.0
42,54,3309,459.6899414,451.9845886
42,55,566,436.1643066,483.397522
42,56,5571,385.1134338,474.7022095
42,57,4385,237.6955566,461.5564575
42,58,3267,312.0168457,489.7407532
42,59,2442,123.488121,440.4426575
42,60,2343,165.125473,442.1165161
42,61,4766,72.66596985,440.4823608
42,62,2026,475.7097778,497.1554871
42,63,0,0.0,0.0
42,64,0,0.0,0.0
42,65,0,0.0,0.0
42,66,1852,90.66630554,490.8963318
42,67,0,0.0,0.0
42,68,0,0.0,0.0
42,69,2994,21.00100136,451.7879028
42,70,0,0.0,0.0
42,71,0,0.0,0.0
42,72,300,427.6133423,505.0566711
42,73,4758,362.5288086,29.12168884
42,74,6541,424.2660217,384.656311
42,75,5318,178.8595276,490.4396362
42,76,0,0.0,0.0
42,77,1742,31.04764557,498.7462769
42,78,0,0.0,0.0
42,79,555,473.5621643,343.1711731
42,80,422,461.2298584,327.0900574
42,81,0,0.0,0.0
42,82,5880,436.5088501,277.4210815
42,83,0,0.0,0.0
42,84,2812,475.8894043,25.66180611
42,85,0,0.0,0.0
42,86,2715,494.0953979,370.3856201
42,87,1828,491.571106,121.3894958
42,88,2004,110.3847275,23.99600792
42,89,4492,230.8713226,44.38045502
42,90,2200,143.626358,70.26363373
42,91,1291,468.9264221,210.5290527
42,92,2516,491.3743896,249.7631226
42,93,0,0.0,0.0
42,94,2025,290.0469055,16.15407372
42,95,1078,67.38126373,8.048237801
42,96,2105,497.6437073,180.3144836
42,97,1664,492.9008484,307.7145386
42,98,2583,491.5749207,67.15679169
42,99,766,239.7610931,7.808094025
42,100,1239,501.7296143,456.2348633
42,101,0,0.0,0.0
42,102,888,487.0033875,413.9065247
42,103,0,0.0,0.0
42,104,718,305.3746643,37.04735565
42,105,0,0.0,0.0
42,106,0,0.0,0.0
42,107,0,0.0,0.0
42,108,0,0.0,0.0
42,109,0,0.0,0.0
42,110,0,0.0,0.0
42,111,0,0.0,0.0
42,112,0,0.0,0.0
42,113,5903,38.40420151,90.58563232
42,114,0,0.0,0.0
42,115,0,0.0,0.0
42,116,0,0.0,0.0
42,117,0,0.0,0.0
42,118,0,0.0,0.0
42,119,0,0.0,0.0
42,120,0,0.0,0.0
42,121,0,0.0,0.0
42,122,0,0.0,0.0
42,123,0,0.0,0.0
42,124,0,0.0,0.0
42,125,0,0.0,0.0
42,126,0,0.0,0.0
42,127,0,0.0,0.0
42,128,0,0.0,0.0
42,129,0,0.0,0.0
42,130,0,0.0,0.0
42,131,0,0.0,0.0
42,132,0,0.0,0.0
42,133,4001,37.04523849,303.1102295
43,0,0,0.0,0.0
43,1,4111,40.6952095,33.09486771
43,2,0,0.0,0.0
43,3,363,99.65289307,57.88154221
43,4,3620,164.1513824,25.12403297
43,5,2805,144.8973236,113.4909058
43,6,4453,208.743988,99.08556366
43,7,4907,294.168335,85.39617157
43,8,6038,334.4478455,140.4710236
43,9,5492,389.0966797,94.90914154
43,10,2951,429.3564758,30.23348045
43,11,3236,444.0639648,103.4347992
43,12,2873,87.15036774,110.1113815
43,13,1627,184.4105682,149.3011627
43,14,2107,371.2577209,195.1675415
43,15,2762,453.0253296,160.2795105
43,16,400,47.45500183,136.3549957
43,17,10040,240.6372528,177.3593597
43,18,1479,107.4043274,142.3225098
43,19,446,76.04708862,159.163681
43,20,857,405.3348999,149.9031525
43,21,8199,312.0257263,235.4389496
43,22,7743,132.9312897,193.7741241
43,23,0,0.0,0.0
43,24,4030,25.70868492,173.0007477
43,25,6020,414.753479,215.3571472
43,26,0,0.0,0.0
43,27,2406,61.26267624,203.322937
43,28,7727,230.6697235,274.5489807
43,29,992,362.6622925,258.53125
43,30,5059,144.8462219,262.6967773
43,31,0,0.0,0.0
43,32,2780,20.45215797,248.3830872
43,33,3967,86.34156799,271.2462769
43,34,2498,308.8582764,313.1281128
43,35,0,0.0,0.0
43,36,0,0.0,0.0
43,37,1606,231.855545,330.9315186
43,38,7313,381.4815979,317.824707
43,39,1245,352.0265198,362.3477783
43,40,8399,169.5030365,348.6138916
43,41,2051,256.4476013,353.0487671
43,42,3628,94.78555298,348.2742615
43,43,5625,311.0049744,380.9974976
43,44,0,0.0,0.0
43,45,0,0.0,0.0
43,46,2144,370.5461731,417.3535461
43,47,881,450.0976257,422.9625549
43,48,4720,278.4620667,427.7167358
43,49,957,337.0501709,443.4942627
43,50,6334,42.57373047,376.7047729
43,51,2137,213.5245667,403.1647034
43,52,1540,145.5331116,402.5720825
43,53,0,0.0,0.0
43,54,2794,459.9430847,452.7154541
43,55,706,435.5042419,481.6133118
43,56,5444,384.7926025,474.1535645
43,57,4527,237.7156982,460.5570984
43,58,3363,311.4772644,489.0618591
43,59,2657,120.2337189,438.6379395
43,60,2304,164.2113647,441.8259583
43,61,4501,71.35903168,442.8504639
43,62,2019,474.5631409,497.2283325
43,63,0,0.0,0.0
43,64,0,0.0,0.0
43,65,0,0.0,0.0
43,66,1932,87.53105927,492.4451294
43,67,0,0.0,0.0
43,68,0,0.0,0.0
43,69,3000,20.72866631,451.4933472
43,70,0,0.0,0.0
43,71,0,0.0,0.0
43,72,386,424.7487183,504.002594
43,73,4744,363.3688965,30.59422493
43,74,6280,424.8447571,384.5346985
43,75,5408,177.9080963,490.2274475
43,76,0,0.0,0.0
43,77,1531,27.17570305,498.32724
43,78,0,0.0,0.0
43,79,465,470.9354858,341.1591492
43,80,370,460.8729858,326.2243347
43,81,0,0.0,0.0
43,82,4630,440.4259033,282.8468628
43,83,0,0.0,0.0
43,84,2770,476.3332214,25.21985626
43,85,0,0.0,0.0
43,86,2951,492.7698975,370.0115356
43,87,1703,490.5936584,121.5836792
43,88,1998,109.262764,24.24524498
43,89,4873,231.5544891,44.59244919
43,90,2359,141.9906769,69.57608795
43,91,1272,467.0062866,209.2012634
43,92,2578,490.3956604,249.2253723
43,93,0,0.0,0.0
43,94,2134,291.9976501,16.1813488
43,95,1051,66.07135773,8.008563042
43,96,2340,496.8645325,179.6957245
43,97,1767,492.1873169,307.1652527
43,98,2746,491.0076599,68.77676392
43,99,704,239.1150513,7.234375
43,100,1443,500.6001282,456.7207336
43,101,0,0.0,0.0
43,102,892,486.0706177,414.3654785
43,103,0,0.0,0.0
43,104,769,308.4928589,38.4993515
43,105,0,0.0,0.0
43,106,0,0.0,0.0
43,107,0,0.0,0.0
43,108,0,0.0,0.0
43,109,0,0.0,0.0
43,110,0,0.0,0.0
43,111,0,0.0,0.0
43,112,0,0.0,0.0
43,113,5769,37.26781082,91.34876251
43,114,0,0.0,0.0
43,115,0,0.0,0.0
43,116,0,0.0,0.0
43,117,0,0.0,0.0
43,118,0,0.0,0.0
43,119,0,0.0,0.0
43,120,0,0.0,0.0
43,121,0,0.0,0.0
43,122,0,0.0,0.0
43,123,0,0.0,0.0
43,124,0,0.0,0.0
43,125,0,0.0,0.0
43,126,0,0.0,0.0
43,127,0,0.0,0.0
43,128,0,0.0,0.0
43,129,0,0.0,0.0
43,130,0,0.0,0.0
43,131,0,0.0,0.0
43,132,0,0.0,0.0
43,133,4396,39.21200943,303.4064941
44,0,0,0.0,0.0
44,1,4263,40.96340561,33.65751648
44,2,0,0.0,0.0
44,3,415,99.53494263,59.18313217
44,4,3496,163.5715027,24.23426819
44,5,2895,143.2455902,113.9820404
44,6,4642,208.4000397,99.70745087
44,7,4662,292.8088684,86.52294922
44,8,5798,332.6170959,141.2502594
44,9,5579,387.94104,96.32299805
44,10,3036,428.5049438,30.65415001
44,11,3037,443.6108093,99.98090363
44,12,2788,88.69189453,108.0147095
44,13,1663,183.6440125,149.266983
44,14,2457,369.9947205,192.4546204
44,15,3102,452.231781,157.8481598
44,16,341,46.55131912,133.4897308
44,17,10181,239.8343964,179.2541046
44,18,1272,105.4748459,144.0841217
44,19,672,76.75148773,156.1547546
44,20,672,405.9568481,148.2098236
44,21,8257,310.1984863,237.7522125
44,22,7603,132.7383881,193.3681488
44,23,0,0.0,0.0
44,24,4016,26.10209084,172.0816803
44,25,5583,414.9593506,212.3859863
44,26,0,0.0,0.0
44,27,2643,59.61142731,205.0325317
44,28,7584,228.6365967,276.7385254
44,29,1050,363.7523804,257.362854
44,30,5202,142.8863831,262.5067139
44,31,0,0.0,0.0
44,32,2336,18.78424644,246.4434967
44,33,3746,85.61158752,271.6687012
44,34,2430,309.6864319,313.1399231
44,35,0,0.0,0.0
44,36,0,0.0,0.0
44,37,1675,228.7217865,331.5355225
44,38,7250,382.5053711,318.378479
44,39,1409,353.2164612,363.8239746
44,40,8209,168.2549591,350.478363
44,41,2168,256.1955872,353.8883667
44,42,3616,94.29507446,347.8954773
44,43,5762,310.3479614,381.0657654
44,44,0,0.0,0.0
44,45,0,0.0,0.0
44,46,1971,370.7280579,418.1242981
44,47,1183,446.4928284,430.8596802
44,48,4286,279.4265137,428.2984009
44,49,974,337.7731018,442.5995789
44,50,6236,42.24470901,377.424469
44,51,2138,214.0406952,403.4438782
44,52,1444,143.0664825,402.2624512
44,53,0,0.0,0.0
44,54,2240,465.6290283,455.2830505
44,55,735,434.5169983,477.0653076
44,56,5378,384.4977722,474.4588928
44,57,4692,238.8878937,460.3974915
44,58,3432,311.6975403,488.3860779
44,59,2130,123.9718323,442.8370972
44,60,2290,164.6117859,439.1707458
44,61,5001,74.02239227,441.1835632
44,62,1946,472.8586731,497.6572571
44,63,0,0.0,0.0
44,64,0,0.0,0.0
44,65,0,0.0,0.0
44,66,1831,87.26051331,492.2239075
44,67,0,0.0,0.0
44,68,0,0.0,0.0
44,69,3015,20.93565559,452.1860657
44,70,0,0.0,0.0
44,71,0,0.0,0.0
44,72,422,424.0592346,503.2867432
44,73,5001,361.536499,32.71945572
44,74,6334,424.7631836,387.3738403
44,75,5626,176.2918549,489.7070618
44,76,0,0.0,0.0
44,77,1480,26.65405464,498.8304138
44,78,0,0.0,0.0
44,79,460,468.9956665,341.1608582
44,80,369,458.0596313,327.2520447
44,81,0,0.0,0.0
44,82,4885,436.2550659,280.2655029
44,83,0,0.0,0.0
44,84,2493,478.0926514,20.14560699
44,85,0,0.0,0.0
44,86,3136,491.8893433,370.7452087
44,87,1727,490.4221191,120.9148788
44,88,2041,108.5600204,23.6849575
44,89,5013,231.5846863,44.90385056
44,90,2268,143.3747864,67.77733612
44,91,1257,465.4367676,208.6507568
44,92,2693,489.6438904,249.256958
44,93,0,0.0,0.0
44,94,2325,292.9535522,16.80516052
44,95,950,63.74947357,7.534736633
44,96,2372,496.5316162,180.4013519
44,97,1897,490.8650513,307.5281982
44,98,2961,488.5021973,68.13272858
44,99,673,238.0044556,6.796433926
44,100,1565,500.3456726,458.6811523
44,101,8,511.0,99.5
44,102,750,486.8706665,415.410675
44,103,0,0.0,0.0
44,104,531,305.9152527,41.35216522
44,105,0,0.0,0.0
44,106,0,0.0,0.0
44,107,0,0.0,0.0
44,108,0,0.0,0.0
44,109,0,0.0,0.0
44,110,0,0.0,0.0
44,111,0,0.0,0.0
44,112,0,0.0,0.0
44,113,5646,37.11353302,91.9144516
44,114,0,0.0,0.0
44,115,0,0.0,0.0
44,116,0,0.0,0.0
44,117,0,0.0,0.0
44,118,0,0.0,0.0
44,119,0,0.0,0.0
44,120,0,0.0,0.0
44,121,0,0.0,0.0
44,122,0,0.0,0.0
44,123,0,0.0,0.0
44,124,0,0.0,0.0
44,125,0,0.0,0.0
44,126,0,0.0,0.0
44,127,0,0.0,0.0
44,128,0,0.0,0.0
44,129,0,0.0,0.0
44,130,0,0.0,0.0
44,131,0,0.0,0.0
44,132,0,0.0,0.0
44,133,4829,38.97722244,302.1176147
45,0,0,0.0,0.0
45,1,4387,40.84476852,33.55459213
45,2,0,0.0,0.0
45,3,522,99.65517426,58.41379166
45,4,3273,164.29422,23.94958687
45,5,3148,142.5984802,114.8913574
45,6,4924,210.0284271,100.4650726
45,7,4610,295.0887146,87.88742065
45,8,5812,332.5705566,142.2904358
45,9,4974,387.7927246,101.4177704
45,10,3243,425.9762573,30.6469326
45,11,2977,441.1141968,98.9418869
45,12,3048,89.21227264,106.7765732
45,13,1846,185.5205841,152.5861359
45,14,2445,370.1321106,193.5681
45,15,3415,451.2477417,157.5338287
45,16,407,45.7665863,134.6093292
45,17,10023,240.2194977,181.4888763
45,18,1134,103.8959427,145.3403931
45,19,826,76.48667908,158.4963684
45,20,558,403.1308289,151.6057281
45,21,8223,310.5929565,238.5663452
45,22,7478,132.1651459,193.7191772
45,23,0,0.0,0.0
45,24,3814,25.12427902,171.809906
45,25,6030,411.3827515,218.4339905
45,26,0,0.0,0.0
45,27,2786,56.27817535,207.4152832
45,28,7615,228.3160858,278.7323608
45,29,759,361.7259521,259.8511047
45,30,5493,141.3335114,262.8723755
45,31,0,0.0,0.0
45,32,2180,18.17110062,247.3444977
45,33,3748,85.46638489,273.7395935
45,34,2658,309.401062,313.5763855
45,35,0,0.0,0.0
45,36,0,0.0,0.0
45,37,1837,228.04953,334.7893372
45,38,7300,381.3173828,320.144928
45,39,1112,353.3048706,365.3938904
45,40,7598,168.981842,351.2263794
45,41,1982,256.4727478,356.5065613
45,42,3972,94.98111725,349.0951538
45,43,5824,309.8234863,381.8490601
45,44,0,0.0,0.0
45,45,0,0.0,0.0
45,46,1912,369.3493652,417.2620239
45,47,1043,453.3049011,426.8360596
45,48,3885,281.428833,429.6666565
45,49,1057,337.5175171,443.2384033
45,50,6074,43.40467453,379.0437927
45,51,2143,213.4008331,403.4941711
45,52,1562,143.9647827,403.3367615
45,53,0,0.0,0.0
45,54,2323,459.7757263,455.1157837
45,55,701,433.587738,477.5763245
45,56,5283,385.0817566,474.316864
45,57,5056,239.1987762,459.4111938
45,58,3477,311.9076843,489.1610718
45,59,2331,120.9978561,443.1385803
45,60,2218,163.9454498,439.2457275
45,61,4810,71.12099457,443.190033
45,62,1971,472.0405884,497.1887512
45,63,0,0.0,0.0
45,64,0,0.0,0.0
45,65,0,0.0,0.0
45,66,1796,86.63752747,493.6581421
45,67,0,0.0,0.0
45,68,0,0.0,0.0
45,69,2908,20.21836281,451.912323
45,70,0,0.0,0.0
45,71,0,0.0,0.0
45,72,396,424.694458,505.0959473
45,73,5240,361.5454102,35.01774979
45,74,6354,424.1897888,388.7260132
45,75,5503,175.3192749,489.2489624
45,76,0,0.0,0.0
45,77,1463,26.06561852,498.5762024
45,78,0,0.0,0.0
45,79,408,468.4142151,344.901947
45,80,355,455.7408447,332.4901428
45,81,0,0.0,0.0
45,82,4458,439.4517822,283.228363
45,83,0,0.0,0.0
45,84,2418,479.2981873,19.95781708
45,85,0,0.0,0.0
45,86,3216,491.5534973,372.1523743
45,87,1558,487.3446655,121.831192
45,88,2053,110.2143173,22.76181221
45,89,5231,231.9839478,45.09233475
45,90,2136,145.804306,66.05336761
45,91,1208,464.8137512,209.0273132
45,92,2862,488.7341003,252.0157166
45,93,0,0.0,0.0
45,94,2206,292.9143372,16.14007187
45,95,912,65.21272278,6.778508663
45,96,2499,496.4141541,181.573822
45,97,1974,488.8510742,310.4848022
45,98,3167,486.0486145,67.59583282
45,99,688,239.2921448,7.133720875
45,100,1694,499.6452332,458.5253906
45,101,221,506.6334839,106.3076935
45,102,572,488.741272,417.4073486
45,103,0,0.0,0.0
45,104,589,307.0458374,40.53141022
45,105,0,0.0,0.0
45,106,0,0.0,0.0
45,107,0,0.0,0.0
45,108,0,0.0,0.0
45,109,0,0.0,0.0
45,110,0,0.0,0.0
45,111,0,0.0,0.0
45,112,0,0.0,0.0
45,113,5422,36.37052917,92.02619171
45,114,0,0.0,0.0
45,115,0,0.0,0.0
45,116,0,0.0,0.0
45,117,0,0.0,0.0
45,118,0,0.0,0.0
45,119,0,0.0,0.0
45,120,0,0.0,0.0
45,121,0,0.0,0.0
45,122,0,0.0,0.0
45,123,0,0.0,0.0
45,124,0,0.0,0.0
45,125,0,0.0,0.0
45,126,0,0.0,0.0
45,127,0,0.0,0.0
45,128,0,0.0,0.0
45,129,0,0.0,0.0
45,130,0,0.0,0.0
45,131,0,0.0,0.0
45,132,0,0.0,0.0
45,133,4810,36.8538475,303.1091614
46,0,0,0.0,0.0
46,1,4543,40.85362244,33.11336136
46,2,0,0.0,0.0
46,3,662,97.90936279,59.11480331
46,4,3321,165.4932251,23.68774414
46,5,2999,142.9383087,116.4708252
46,6,4952,210.4234619,102.239296
46,7,4530,296.745697,88.89713287
46,8,5542,331.4592285,143.4034576
46,9,4687,386.9046326,101.337532
46,10,3168,425.6950684,30.28251266
46,11,2855,439.9569092,96.34325409
46,12,3315,88.85098267,107.9046783
46,13,1843,185.7417297,152.8676147
46,14,2628,368.6834106,193.2066193
46,15,3774,451.4809265,156.1187134
46,16,421,45.03562927,134.824234
46,17,10128,239.3931732,183.0994263
46,18,989,103.3538895,147.7178955
46,19,886,75.97629547,157.6873627
46,20,684,403.9385986,148.5906372
46,21,8468,309.4299622,240.7573242
46,22,7282,131.9541321,193.1656189
46,23,0,0.0,0.0
46,24,3680,24.57853317,172.0853271
46,25,6493,410.4992981,221.5598297
46,26,0,0.0,0.0
46,27,3233,55.30776215,210.5366516
46,28,7689,225.7952881,280.3947144
46,29,594,361.7575684,259.3417358
46,30,6555,134.7095337,267.8742981
46,31,0,0.0,0.0
46,32,1903,16.66999435,247.6237488
46,33,2655,77.72052765,270.6968079
46,34,2573,309.3323059,315.2153015
46,35,0,0.0,0.0
46,36,0,0.0,0.0
46,37,1852,227.2937317,336.6706238
46,38,7519,381.0630493,320.4065552
46,39,1045,355.6028748,369.6220093
46,40,7354,168.5901489,352.9050903
46,41,1969,256.2945557,357.0782166
46,42,4108,94.48247528,349.8395691
46,43,5807,310.2967224,381.9708862
46,44,0,0.0,0.0
46,45,0,0.0,0.0
46,46,1739,368.9499817,418.8907471
46,47,1152,454.200531,428.1579895
46,48,3993,280.3693848,429.5404358
46,49,1071,336.2773132,443.4145508
46,50,6051,43.55908203,379.5610657
46,51,2151,212.745697,404.6796875
46,52,1563,143.6308441,404.6244507
46,53,0,0.0,0.0
46,54,2163,459.1983337,456.2917175
46,55,708,433.5579224,478.9759827
46,56,5430,384.8169556,474.1379395
46,57,5013,239.0047913,461.0740051
46,58,3380,311.8482361,489.004425
46,59,2047,123.0459213,447.6399536
46,60,2169,163.910553,439.5772095
46,61,5155,71.66556549,442.8153381
46,62,1848,470.7164612,497.5146179
46,63,0,0.0,0.0
46,64,0,0.0,0.0
46,65,0,0.0,0.0
46,66,1863,83.48362732,493.8561401
46,67,0,0.0,0.0
46,68,0,0.0,0.0
46,69,2708,18.85893631,450.9279785
46,70,0,0.0,0.0
46,71,0,0.0,0.0
46,72,367,425.7765808,505.8365173
46,73,5458,361.5212402,36.08519745
46,74,6246,423.2375793,388.8776855
46,75,5444,174.1460266,489.5525208
46,76,0,0.0,0.0
46,77,1388,23.75936508,498.1635437
46,78,0,0.0,0.0
46,79,541,468.042511,344.1164551
46,80,379,454.8680725,330.0765076
46,81,0,0.0,0.0
46,82,3786,441.2224121,285.1656189
46,83,0,0.0,0.0
46,84,2565,478.7828369,20.62612152
46,85,0,0.0,0.0
46,86,3160,490.9936829,374.8190002
46,87,1261,484.4353638,120.0610657
46,88,2092,110.7624283,22.86615753
46,89,5437,232.6943207,46.73533249
46,90,2178,145.1877899,67.04821014
46,91,1265,464.7857666,209.1486206
46,92,2933,487.575531,252.2581024
46,93,0,0.0,0.0
46,94,2155,294.0830688,15.69187927
46,95,777,67.45302582,6.431145668
46,96,2493,496.6802979,181.7115936
46,97,2106,489.7753906,310.8860474
46,98,2990,486.071228,68.33444977
46,99,741,238.9905548,7.546558857
46,100,1792,499.2394104,461.3147278
46,101,497,505.1468811,110.1549301
46,102,639,487.0453796,417.5790405
46,103,0,0.0,0.0
46,104,598,304.2709045,43.52006531
46,105,0,0.0,0.0
46,106,0,0.0,0.0
46,107,0,0.0,0.0
46,108,0,0.0,0.0
46,109,0,0.0,0.0
46,110,0,0.0,0.0
46,111,0,0.0,0.0
46,112,0,0.0,0.0
46,113,5201,34.80599976,92.56912231
46,114,0,0.0,0.0
46,115,0,0.0,0.0
46,116,0,0.0,0.0
46,117,0,0.0,0.0
46,118,0,0.0,0.0
46,119,0,0.0,0.0
46,120,0,0.0,0.0
46,121,0,0.0,0.0
46,122,0,0.0,0.0
46,123,0,0.0,0.0
46,124,0,0.0,0.0
46,125,0,0.0,0.0
46,126,0,0.0,0.0
46,127,0,0.0,0.0
46,128,0,0.0,0.0
46,129,0,0.0,0.0
46,130,0,0.0,0.0
46,131,0,0.0,0.0
46,132,0,0.0,0.0
46,133,4745,35.69757462,302.7759705
47,0,0,0.0,0.0
47,1,4623,40.34177017,33.00302887
47,2,0,0.0,0.0
47,3,879,99.17406464,60.31626892
47,4,3448,163.6003418,23.06786537
47,5,2910,141.3360901,117.8281784
47,6,4836,209.8961945,102.1098022
47,7,4379,297.7440186,90.14912415
47,8,5461,330.7722168,143.3090973
47,9,5504,390.5557861,92.5526886
47,10,2392,426.2842712,22.99122047
47,11,3096,439.5148621,92.29780579
47,12,3583,86.30002594,109.6447144
47,13,2147,185.407547,155.1322784
47,14,3250,371.2061462,190.368927
47,15,3926,451.4223022,155.2129364
47,16,335,42.11044693,135.4955292
47,17,9983,239.9620361,182.8818054
47,18,1280,104.1320343,148.7546844
47,19,838,75.99403381,162.3520355
47,20,431,407.8700562,142.7586975
47,21,8546,306.9762573,242.4321289
47,22,7042,132.1931305,194.7479401
47,23,0,0.0,0.0
47,24,3698,24.64088631,172.4702606
47,25,7036,411.9489746,226.8449402
47,26,0,0.0,0.0
47,27,3126,53.64267349,212.4203491
47,28,7651,223.4902649,280.8470764
47,29,673,357.8365479,260.4695435
47,30,6189,134.4567719,265.9831848
47,31,0,0.0,0.0
47,32,1756,16.65774536,247.6884918
47,33,2856,80.10469055,274.2496643
47,34,2445,309.1726074,315.5476379
47,35,0,0.0,0.0
47,36,0,0.0,0.0
47,37,1980,224.9646454,338.5151367
47,38,7591,380.3111572,320.5287781
47,39,1102,356.2595215,369.6778564
47,40,7136,166.5409241,353.1014709
47,41,2245,255.253006,361.1559143
47,42,4522,93.26205444,351.4867249
47,43,5656,309.4724121,381.8193054
47,44,0,0.0,0.0
47,45,0,0.0,0.0
47,46,1681,368.0921936,418.0083313
47,47,1450,444.8834534,433.4992981
47,48,3651,282.9161987,432.0671082
47,49,1122,337.0133667,442.0632935
47,50,5781,42.02681351,381.7304993
47,51,2297,212.2407532,404.9743042
47,52,1641,142.0066986,405.9500427
47,53,0,0.0,0.0
47,54,1887,463.1929016,457.7578125
47,55,741,431.5074158,477.8312988
47,56,5184,384.4743347,474.5237122
47,57,5031,239.2170563,461.1437073
47,58,3554,312.6874084,488.4634094
47,59,1887,123.1266556,447.2909241
47,60,2085,164.1865692,440.7059937
47,61,5175,71.32753754,444.6457825
47,62,1802,468.4789124,498.1903381
47,63,0,0.0,0.0
47,64,0,0.0,0.0
47,65,0,0.0,0.0
47,66,2008,83.20069885,495.0099487
47,67,0,0.0,0.0
47,68,0,0.0,0.0
47,69,2607,18.55734634,452.1480713
47,70,0,0.0,0.0
47,71,0,0.0,0.0
47,72,298,424.2416077,504.9664307
47,73,5040,358.2305603,35.31448364
47,74,6194,422.7316895,389.4039307
47,75,5331,174.5083466,489.3299561
47,76,0,0.0,0.0
47,77,1268,21.79258728,497.9061584
47,78,0,0.0,0.0
47,79,518,467.7779846,344.0115967
47,80,355,453.0591431,331.0901489
47,81,0,0.0,0.0
47,82,3035,443.774292,290.0392151
47,83,0,0.0,0.0
47,84,2562,479.0335693,20.76619911
47,85,0,0.0,0.0
47,86,3304,490.5342102,376.2608948
47,87,1078,483.0380249,118.406311
47,88,2023,108.830452,23.95106316
47,89,5523,233.2294006,47.59496689
47,90,2167,148.5745239,68.11351776
47,91,1210,464.2810059,208.4297485
47,92,3072,487.1702576,253.157547
47,93,0,0.0,0.0
47,94,2059,293.93396,15.44341946
47,95,688,67.77761841,5.649709225
47,96,2590,496.2266541,181.1996155
47,97,2170,488.7424011,312.0119934
47,98,2979,485.8556519,68.401474
47,99,770,238.5818176,7.105194569
47,100,1942,498.282196,462.9675598
47,101,591,504.5668335,111.2081223
47,102,607,486.8270264,419.614502
47,103,0,0.0,0.0
47,104,834,304.0072021,44.01198959
47,105,0,0.0,0.0
47,106,0,0.0,0.0
47,107,0,0.0,0.0
47,108,0,0.0,0.0
47,109,0,0.0,0.0
47,110,0,0.0,0.0
47,111,0,0.0,0.0
47,112,0,0.0,0.0
47,113,4949,33.53000641,93.04061127
47,114,0,0.0,0.0
47,115,0,0.0,0.0
47,116,0,0.0,0.0
47,117,0,0.0,0.0
47,118,0,0.0,0.0
47,119,0,0.0,0.0
47,120,0,0.0,0.0
47,121,0,0.0,0.0
47,122,0,0.0,0.0
47,123,0,0.0,0.0
47,124,0,0.0,0.0
47,125,0,0.0,0.0
47,126,0,0.0,0.0
47,127,0,0.0,0.0
47,128,0,0.0,0.0
47,129,0,0.0,0.0
47,130,0,0.0,0.0
47,131,0,0.0,0.0
47,132,0,0.0,0.0
47,133,4852,34.90890503,303.1047058
48,0,0,0.0,0.0
48,1,4658,39.82803726,33.74817657
48,2,0,0.0,0.0
48,3,951,97.96635437,61.65510178
48,4,3607,162.3604126,23.43415642
48,5,3013,142.4500427,120.7490845
48,6,4789,209.2850342,104.5777817
48,7,4183,297.1066284,92.40449524
48,8,5392,328.8251038,143.9490051
48,9,4193,385.9654236,105.0202713
48,10,3859,418.6867065,33.67737579
48,11,3119,439.4745178,91.2526474
48,12,3998,86.5655365,111.6205597
48,13,1916,185.5266113,157.9681702
48,14,3422,369.4450684,191.006134
48,15,4007,450.7931213,155.7646637
48,16,341,42.89736176,135.2932587
48,17,9864,239.1625061,183.8785553
48,18,865,101.7826614,150.4901733
48,19,707,73.8656311,163.507782
48,20,389,409.5732727,141.7146454
48,21,8497,307.5718384,242.736618
48,22,6953,131.7579498,194.0175476
48,23,0,0.0,0.0
48,24,3501,23.54898643,172.1462402
48,25,7173,410.7473755,227.5986328
48,26,0,0.0,0.0
48,27,3418,52.28993607,211.4681091
48,28,7957,222.6677094,281.6130371
48,29,406,359.8423767,261.5517273
48,30,6390,132.1795044,266.5694885
48,31,0,0.0,0.0
48,32,1509,15.56461239,247.9184875
48,33,2815,78.35097504,272.2579041
48,34,2755,308.9397583,315.7397461
48,35,0,0.0,0.0
48,36,0,0.0,0.0
48,37,2117,222.1124268,339.7930908
48,38,7467,381.2714539,320.7666931
48,39,1248,358.0384521,371.2884521
48,40,7053,165.0751495,354.9921875
48,41,2546,254.5989838,367.0436096
48,42,4544,92.19013977,352.95224
48,43,5455,310.5567322,381.9178772
48,44,0,0.0,0.0
48,45,0,0.0,0.0
48,46,1553,368.730835,417.171936
48,47,1666,443.7923279,434.3787537
48,48,3485,285.9236755,433.4522095
48,49,1047,339.1958008,440.2282715
48,50,5667,41.213871,382.2998047
48,51,2249,212.5931549,406.3472595
48,52,1650,140.684845,407.190918
48,53,0,0.0,0.0
48,54,1745,464.2091675,460.2773743
48,55,795,433.6490479,479.2679138
48,56,5271,385.6514893,474.0747375
48,57,4958,238.8592224,461.2785339
48,58,3770,313.3336792,488.0610046
48,59,1806,123.3527145,449.2962341
48,60,2013,164.2598114,440.800293
48,61,5373,70.83156586,445.3452454
48,62,1555,468.0733032,499.7459717
48,63,0,0.0,0.0
48,64,0,0.0,0.0
48,65,0,0.0,0.0
48,66,1809,82.50691223,495.4660034
48,67,0,0.0,0.0
48,68,0,0.0,0.0
48,69,2455,18.11242294,452.907135
48,70,0,0.0,0.0
48,71,0,0.0,0.0
48,72,216,425.8333435,506.7685242
48,73,5036,356.5192566,36.72974396
48,74,5807,422.6483459,389.6051331
48,75,5413,173.9368134,489.3147888
48,76,0,0.0,0.0
48,77,1316,22.52811623,498.4597168
48,78,0,0.0,0.0
48,79,501,466.2973938,346.8442993
48,80,256,452.8671875,335.3515625
48,81,0,0.0,0.0
48,82,2750,443.7636414,291.3385315
48,83,0,0.0,0.0
48,84,2633,478.6080627,21.37371826
48,85,0,0.0,0.0
48,86,3412,489.7286072,378.6937256
48,87,1048,482.5877991,119.9637375
48,88,1906,108.1038818,24.7523613
48,89,5801,233.4152679,48.32959747
48,90,2221,149.206665,69.63800049
48,91,1236,463.4781494,209.6059875
48,92,3289,485.9410095,254.9993896
48,93,0,0.0,0.0
48,94,2207,294.3733521,15.93520641
48,95,783,69.40868378,6.553001404
48,96,2571,495.8953857,182.5709839
48,97,2401,486.8404846,314.1011963
48,98,2831,486.7396545,69.73295593
48,99,710,237.3028107,7.035211086
48,100,2072,497.6872559,464.0999146
48,101,722,503.6357422,111.6869812
48,102,534,486.9176025,421.9419556
48,103,0,0.0,0.0
48,104,863,303.4333801,48.12746048
48,105,0,0.0,0.0
48,106,0,0.0,0.0
48,107,0,0.0,0.0
48,108,0,0.0,0.0
48,109,0,0.0,0.0
48,110,0,0.0,0.0
48,111,0,0.0,0.0
48,112,0,0.0,0.0
48,113,4730,32.18879318,94.12854004
48,114,0,0.0,0.0
48,115,0,0.0,0.0
48,116,0,0.0,0.0
48,117,0,0.0,0.0
48,118,0,0.0,0.0
48,119,0,0.0,0.0
48,120,0,0.0,0.0
48,121,0,0.0,0.0
48,122,0,0.0,0.0
48,123,0,0.0,0.0
48,124,0,0.0,0.0
48,125,0,0.0,0.0
48,126,0,0.0,0.0
48,127,0,0.0,0.0
48,128,0,0.0,0.0
48,129,0,0.0,0.0
48,130,0,0.0,0.0
48,131,0,0.0,0.0
48,132,0,0.0,0.0
48,133,4935,34.48125458,302.9039612
49,0,0,0.0,0.0
49,1,4922,40.79154968,35.01422119
49,2,0,0.0,0.0
49,3,596,97.78355408,61.72986603
49,4,3123,166.2539215,24.74031448
49,5,2904,141.3309174,122.4449005
49,6,4776,207.4840851,106.0268021
49,7,4096,296.4089355,94.49047852
49,8,5277,329.0778809,144.0545807
49,9,3987,385.7817993,106.4376755
49,10,4249,420.3262024,35.87173462
49,11,2637,436.2536926,93.57034302
49,12,4529,86.09980011,111.852066
49,13,1985,186.0775757,157.1808624
49,14,3405,368.4240723,191.6478729
49,15,4300,450.6518555,154.5844116
49,16,323,41.09597397,137.207428
49,17,9768,239.3640442,184.8894348
49,18,762,102.2572174,150.881897
49,19,739,75.79566956,167.1650848
49,20,556,409.1205139,144.1726685
49,21,8124,307.2041016,241.8457642
49,22,6234,134.4244537,192.4019928
49,23,0,0.0,0.0
49,24,3401,22.79506111,171.8185883
49,25,7224,411.0328064,230.2475128
49,26,0,0.0,0.0
49,27,4337,54.47567368,214.8512726
49,28,8134,222.9519348,281.5024719
49,29,689,358.9709778,263.9521179
49,30,6955,130.4986267,265.394104
49,31,0,0.0,0.0
49,32,1359,15.76085377,250.2332611
49,33,2299,79.43280029,281.6202698
49,34,2944,308.3172607,315.8641357
49,35,0,0.0,0.0
49,36,0,0.0,0.0
49,37,2691,215.0776672,338.5704346
49,38,7468,381.6246643,322.2728882
49,39,1001,359.4995117,372.7162781
49,40,6228,164.077713,358.3198547
49,41,2429,255.4088135,365.8414917
49,42,4960,91.82036591,353.8324585
49,43,5250,311.6194153,381.2221069
49,44,0,0.0,0.0
49,45,0,0.0,0.0
49,46,1617,368.0327759,415.8855896
49,47,1719,446.1430969,432.9336853
49,48,3530,285.7917786,433.040802
49,49,1288,339.1754761,441.2926941
49,50,5339,39.7550087,382.9464417
49,51,2315,213.2380066,406.4254761
49,52,1682,140.5422058,407.9607544
49,53,0,0.0,0.0
49,54,1652,460.0932312,461.5115051
49,55,789,434.6856689,482.2648926
49,56,5158,386.7060852,474.0986938
49,57,5159,239.3822479,461.5316772
49,58,3688,314.5753784,488.125824
49,59,1705,121.5096741,450.587677
49,60,2151,162.3323975,442.2891541
49,61,5675,70.07382965,446.6477661
49,62,1443,468.5377808,499.9438782
49,63,0,0.0,0.0
49,64,0,0.0,0.0
49,65,0,0.0,0.0
49,66,1517,84.01515961,497.1252441
49,67,0,0.0,0.0
49,68,0,0.0,0.0
49,69,2325,16.90236473,451.8382874
49,70,0,0.0,0.0
49,71,0,0.0,0.0
49,72,238,424.0672302,506.9873962
49,73,5160,355.7480469,37.69670486
49,74,5670,422.2181702,389.91922
49,75,5311,173.3298798,489.3253479
49,76,2,45.5,489.0
49,77,1402,24.46219635,498.3644714
49,78,0,0.0,0.0
49,79,494,468.0830078,347.6599121
49,80,299,451.6521606,338.1003418
49,81,0,0.0,0.0
49,82,2431,444.4578247,293.7297363
49,83,0,0.0,0.0
49,84,2747,478.1947632,22.07317162
49,85,0,0.0,0.0
49,86,3396,489.9599609,379.0992432
49,87,901,480.8656921,118.8990021
49,88,1985,108.6906815,26.20100784
49,89,6024,233.8270264,49.60059738
49,90,2357,149.1510468,68.85956573
49,91,1191,462.7682495,209.7472687
49,92,3415,484.9873962,255.3587189
49,93,0,0.0,0.0
49,94,2077,295.1011047,15.24939823
49,95,796,70.62185669,6.668341637
49,96,2599,495.8137817,183.046936
49,97,2419,486.3055115,314.3104553
49,98,2691,485.8888855,69.72537994
49,99,729,237.6748962,6.920438766
49,100,2186,497.0526123,465.3357849
49,101,948,502.4156189,111.1318588
49,102,589,485.5721436,422.5331116
49,103,408,137.7524567,6.247549057
49,104,1005,301.1950378,48.87661743
49,105,0,0.0,0.0
49,106,0,0.0,0.0
49,107,0,0.0,0.0
49,108,0,0.0,0.0
49,109,0,0.0,0.0
49,110,0,0.0,0.0
49,111,0,0.0,0.0
49,112,0,0.0,0.0
49,113,4450,31.44539261,94.57752991
49,114,0,0.0,0.0
49,115,0,0.0,0.0
49,116,0,0.0,0.0
49,117,0,0.0,0.0
49,118,0,0.0,0.0
49,119,0,0.0,0.0
49,120,0,0.0,0.0
49,121,0,0.0,0.0
49,122,0,0.0,0.0
49,123,0,0.0,0.0
49,124,0,0.0,0.0
49,125,0,0.0,0.0
49,126,0,0.0,0.0
49,127,0,0.0,0.0
49,128,0,0.0,0.0
49,129,0,0.0,0.0
49,130,0,0.0,0.0
49,131,0,0.0,0.0
49,132,0,0.0,0.0
49,133,4811,33.42215729,303.7162781
50,0,0,0.0,0.0
50,1,5000,40.45999908,35.02399826
50,2,0,0.0,0.0
50,3,443,102.2031631,59.48758316
50,4,2032,154.4921265,31.71063042
50,5,2881,139.5237732,123.4953156
50,6,5085,207.5783691,106.6945953
50,7,3855,298.1211548,97.03475952
50,8,5070,328.8538513,144.3493042
50,9,3575,385.9227905,105.7697906
50,10,4308,420.0192566,36.5819397
50,11,2530,434.6782532,95.98774719
50,12,5144,85.66835022,111.2919922
50,13,2243,185.9692383,158.6691895
50,14,3411,367.5974731,191.7739716
50,15,4552,450.3754272,153.1871643
50,16,335,39.61492538,137.19104
50,17,9556,239.8779755,185.8442841
50,18,557,103.5565567,153.3105927
50,19,557,73.58168793,165.5493774
50,20,577,404.2980957,144.6568451
50,21,8133,308.5976868,240.9093781
50,22,6334,132.6842499,193.2290802
50,23,0,0.0,0.0
50,24,3224,22.36631584,170.671524
50,25,7363,410.1671753,230.4070282
50,26,0,0.0,0.0
50,27,4945,53.51041412,218.1824036
50,28,8213,223.2390137,281.5586243
50,29,389,359.5475464,262.9871521
50,30,7200,129.8084717,268.4473572
50,31,0,0.0,0.0
50,32,1304,15.39570522,251.3918762
50,33,1462,78.20998383,282.6026001
50,34,2938,306.8482056,316.2409668
50,35,0,0.0,0.0
50,36,0,0.0,0.0
50,37,2708,217.9756317,338.7481384
50,38,7480,380.3570862,322.3434448
50,39,936,360.3151855,375.1100464
50,40,6102,164.1060333,358.9742737
50,41,2262,253.9730377,366.6131592
50,42,5157,91.46286774,352.9616089
50,43,5389,311.6142273,380.0827637
50,44,0,0.0,0.0
50,45,0,0.0,0.0
50,46,1509,369.3399658,416.2365723
50,47,1943,445.2166748,433.6500244
50,48,3684,284.578186,431.9524841
50,49,1475,339.1735535,440.405426
50,50,5131,37.39855957,382.9366455
50,51,2295,212.0888824,405.8248291
50,52,1897,136.6215057,407.7986145
50,53,0,0.0,0.0
50,54,1352,461.2795715,462.5340271
50,55,689,434.3106079,480.7344055
50,56,5175,387.8191223,474.4237671
50,57,5232,238.1553955,461.7238159
50,58,3738,314.0604553,488.1896667
50,59,1829,122.4866028,453.5615234
50,60,2015,163.2352295,441.526062
50,61,5725,69.76593781,446.7096863
50,62,1492,467.6394043,499.5985107
50,63,0,0.0,0.0
50,64,0,0.0,0.0
50,65,0,0.0,0.0
50,66,1380,82.73622894,497.6000061
50,67,0,0.0,0.0
50,68,0,0.0,0.0
50,69,2231,16.50784492,452.4953003
50,70,0,0.0,0.0
50,71,0,0.0,0.0
50,72,227,426.2510986,506.6564026
50,73,5227,356.6122131,38.42930984
50,74,5371,421.5014038,390.0454407
50,75,5213,171.6898193,489.7784424
50,76,0,0.0,0.0
50,77,1431,25.11390686,498.3242493
50,78,0,0.0,0.0
50,79,553,465.7866211,347.7974548
50,80,316,448.240509,337.6329041
50,81,0,0.0,0.0
50,82,2252,442.2380066,296.0395203
50,83,0,0.0,0.0
50,84,2773,478.2318726,22.59646606
50,85,0,0.0,0.0
50,86,3468,489.2462463,379.1793518
50,87,707,481.224884,118.864212
50,88,1882,107.0781097,29.02338028
50,89,6140,234.0293121,50.54120636
50,90,2209,151.3766479,68.721138
50,91,1189,461.7956238,208.7594604
50,92,3597,483.8223572,254.8290253
50,93,0,0.0,0.0
50,94,2121,295.1970825,15.63507748
50,95,693,70.8138504,6.173160076
50,96,2574,495.6379089,183.3772278
50,97,2589,485.0791931,314.0305176
50,98,2741,484.2331238,70.08828735
50,99,768,237.8007813,7.359375
50,100,2300,496.1347961,465.3439026
50,101,1096,501.6879578,109.9671555
50,102,629,485.5946045,424.0127258
50,103,615,129.0877991,5.208129883
50,104,1258,303.2758484,52.33306885
50,105,0,0.0,0.0
50,106,0,0.0,0.0
50,107,1075,187.6139526,10.02511597
50,108,0,0.0,0.0
50,109,0,0.0,0.0
50,110,0,0.0,0.0
50,111,0,0.0,0.0
50,112,0,0.0,0.0
50,113,4220,30.64194298,94.46113586
50,114,0,0.0,0.0
50,115,0,0.0,0.0
50,116,0,0.0,0.0
50,117,0,0.0,0.0
50,118,0,0.0,0.0
50,119,0,0.0,0.0
50,120,0,0.0,0.0
50,121,0,0.0,0.0
50,122,0,0.0,0.0
50,123,0,0.0,0.0
50,124,0,0.0,0.0
50,125,0,0.0,0.0
50,126,0,0.0,0.0
50,127,0,0.0,0.0
50,128,0,0.0,0.0
50,129,0,0.0,0.0
50,130,0,0.0,0.0
50,131,0,0.0,0.0
50,132,0,0.0,0.0
50,133,4868,33.45727158,303.5462341
51,0,0,0.0,0.0
51,1,5245,41.37159348,34.27550125
51,2,0,0.0,0.0
51,3,697,104.3185043,59.92826462
51,4,1446,152.7669373,33.2413559
51,5,3127,140.3354645,126.5410919
51,6,5316,209.5882263,107.9928513
51,7,3486,299.2819824,98.40074921
51,8,4962,329.8262939,144.3808899
51,9,3189,385.7002258,108.3643799
51,10,4919,421.4988708,38.28135681
51,11,2384,434.2588196,96.36576843
51,12,5504,85.23964691,113.2292862
51,13,2190,185.9041138,160.3789978
51,14,3547,367.90979,190.9729309
51,15,4456,449.8325806,153.2832184
51,16,376,38.25,140.3031921
51,17,9667,240.5488739,186.1126556
51,18,616,108.899353,159.9220734
51,19,491,73.79429626,168.0305481
51,20,567,405.1728516,144.7142792
51,21,7624,308.8880005,239.4791412
51,22,5439,133.5740051,194.8944702
51,23,0,0.0,0.0
51,24,3111,22.26583099,171.5480499
51,25,7275,409.9768982,230.7454224
51,26,0,0.0,0.0
51,27,4927,52.64704514,216.806366
51,28,8557,223.7004852,281.4194336
51,29,495,358.0868835,261.7676697
51,30,7367,127.5144577,266.9554749
51,31,0,0.0,0.0
51,32,1139,14.57506561,252.5864868
51,33,1613,72.78858948,278.8276367
51,34,3109,306.7709961,315.6786804
51,35,0,0.0,0.0
51,36,0,0.0,0.0
51,37,2830,215.0438232,339.1173096
51,38,7408,379.7425842,322.3208618
51,39,1164,363.3161621,375.1898499
51,40,5909,163.7292328,359.2191467
51,41,2524,254.7440643,366.3486633
51,42,5664,91.56585693,353.6295776
51,43,5156,312.5370483,381.5831909
51,44,0,0.0,0.0
51,45,0,0.0,0.0
51,46,1336,369.380249,414.8637695
51,47,2007,446.7738037,431.952179
51,48,3654,282.6773376,432.0987854
51,49,1650,339.5927124,439.9593811
51,50,4713,34.91725159,382.7301025
51,51,2245,211.5603638,407.0044556
51,52,1863,137.451416,408.5410767
51,53,0,0.0,0.0
51,54,1174,461.5749512,461.7819519
51,55,965,434.5367737,479.4217529
51,56,5165,387.5405579,473.8172302
51,57,5263,237.0744781,462.3292847
51,58,3761,314.052124,488.1967468
51,59,1839,123.3605194,453.9445496
51,60,1940,163.3855743,441.9830017
51,61,6054,69.47076416,446.3014526
51,62,1369,466.4543457,499.6062927
51,63,0,0.0,0.0
51,64,0,0.0,0.0
51,65,0,0.0,0.0
51,66,1313,84.06626129,497.5536804
51,67,0,0.0,0.0
51,68,0,0.0,0.0
51,69,2077,15.28936005,451.4622192
51,70,0,0.0,0.0
51,71,0,0.0,0.0
51,72,204,426.931366,507.7745056
51,73,5546,355.3276367,40.51280212
51,74,5183,422.3054199,389.9779968
51,75,5017,171.2493591,490.352417
51,76,0,0.0,0.0
51,77,1534,26.44328499,498.0202026
51,78,0,0.0,0.0
51,79,498,465.5260925,349.3212891
51,80,400,448.1975098,337.6600037
51,81,0,0.0,0.0
51,82,2216,441.8434143,294.524353
51,83,0,0.0,0.0
51,84,2572,480.5489807,23.4222393
51,85,0,0.0,0.0
51,86,3420,489.5909424,379.1915283
51,87,981,480.3720703,118.8511734
51,88,1897,109.0,28.48181343
51,89,6154,232.1091919,50.66834641
51,90,2225,152.2417908,69.08000183
51,91,1220,461.059021,209.6655731
51,92,3623,484.1841125,255.7364044
51,93,0,0.0,0.0
51,94,2295,294.8727722,16.12984657
51,95,480,73.50208282,5.418749809
51,96,2600,495.476532,184.0280762
51,97,2643,483.5172119,315.1842651
51,98,2521,484.6045227,69.4474411
51,99,756,236.4153442,7.251322746
51,100,2475,495.2044373,466.5066528
51,101,1102,502.078949,107.7214127
51,102,566,487.3869324,423.348053
51,103,691,128.7901611,5.678726673
51,104,1269,298.9235535,54.93853378
51,105,0,0.0,0.0
51,106,0,0.0,0.0
51,107,1326,183.0754089,12.4253397
51,108,0,0.0,0.0
51,109,0,0.0,0.0
51,110,0,0.0,0.0
51,111,0,0.0,0.0
51,112,0,0.0,0.0
51,113,4108,29.27288246,95.6915741
51,114,0,0.0,0.0
51,115,0,0.0,0.0
51,116,0,0.0,0.0
51,117,0,0.0,0.0
51,118,0,0.0,0.0
51,119,0,0.0,0.0
51,120,0,0.0,0.0
51,121,0,0.0,0.0
51,122,0,0.0,0.0
51,123,0,0.0,0.0
51,124,0,0.0,0.0
51,125,0,0.0,0.0
51,126,0,0.0,0.0
51,127,0,0.0,0.0
51,128,0,0.0,0.0
51,129,0,0.0,0.0
51,130,0,0.0,0.0
51,131,0,0.0,0.0
51,132,0,0.0,0.0
51,133,4738,31.94976807,303.9767761
52,0,0,0.0,0.0
52,1,5583,42.77323914,31.90847206
52,2,0,0.0,0.0
52,3,754,103.8076935,59.32095337
52,4,1138,148.2425232,33.60105515
52,5,3147,138.6247253,127.2164001
52,6,5314,206.5071564,109.7538605
52,7,3727,299.2286072,99.03139496
52,8,5001,329.5142822,146.4958954
52,9,2612,383.353363,111.5130157
52,10,4973,417.7168579,40.11763382
52,11,2433,431.82901,94.98849487
52,12,5730,84.05095673,114.0094223
52,13,2538,183.9810944,165.2155304
52,14,3960,368.9244995,192.2449493
52,15,4617,448.596283,151.0188446
52,16,414,39.06763458,143.8115997
52,17,9538,242.0411987,187.1677551
52,18,1002,105.7724533,167.4790344
52,19,584,73.29623413,171.0256805
52,20,436,404.7637634,143.4747772
52,21,7533,307.4117737,242.2600555
52,22,4552,135.5265808,197.8807068
52,23,0,0.0,0.0
52,24,2971,21.00908852,172.5375366
52,25,6880,410.3991394,232.2093048
52,26,0,0.0,0.0
52,27,4766,51.7675209,216.8203888
52,28,8276,221.2642517,281.5113525
52,29,698,358.6045837,265.4226379
52,30,7604,126.8837433,267.2194824
52,31,0,0.0,0.0
52,32,1191,15.78253555,253.7178802
52,33,1485,71.99192047,276.6303101
52,34,3551,308.2441711,316.5665894
52,35,0,0.0,0.0
52,36,0,0.0,0.0
52,37,3057,211.9142914,338.1890869
52,38,6671,382.1855774,322.3480835
52,39,1452,359.4483337,370.9469604
52,40,5546,163.5816803,361.2531433
52,41,2738,255.0905762,367.5953369
52,42,5857,91.77650452,354.8649597
52,43,4666,312.655365,382.3900452
52,44,0,0.0,0.0
52,45,0,0.0,0.0
52,46,1346,369.6329956,415.2681885
52,47,2032,444.9650574,432.8316956
52,48,3431,282.993866,431.4919739
52,49,1889,338.4631958,439.8893738
52,50,4489,33.16083908,382.1100464
52,51,2304,210.7682343,408.4249268
52,52,1755,140.1960144,408.8056946
52,53,0,0.0,0.0
52,54,933,460.8424377,461.9935608
52,55,1057,434.4323425,479.8221436
52,56,5225,388.1799011,474.3952026
52,57,5319,237.787735,462.5446472
52,58,3736,313.7540283,488.5449829
52,59,2123,122.1144638,453.5657043
52,60,1891,163.1713409,442.0957031
52,61,6131,68.3025589,446.2133484
52,62,1382,463.7431335,499.5629578
52,63,0,0.0,0.0
52,64,0,0.0,0.0
52,65,0,0.0,0.0
52,66,1341,82.84712982,498.7322998
52,67,0,0.0,0.0
52,68,0,0.0,0.0
52,69,1892,14.50687122,449.6987305
52,70,0,0.0,0.0
52,71,0,0.0,0.0
52,72,2,429.5,511.0
52,73,5515,355.7229309,40.64968109
52,74,5103,421.4125061,389.9602051
52,75,4887,172.4438324,490.5297852
52,76,0,0.0,0.0
52,77,1595,24.89780617,496.5360413
52,78,0,0.0,0.0
52,79,498,463.6766968,349.9397583
52,80,403,445.9528503,339.1588135
52,81,0,0.0,0.0
52,82,1924,439.5244141,295.1112366
52,83,0,0.0,0.0
52,84,2704,479.7910461,24.75111008
52,85,0,0.0,0.0
52,86,3420,489.5227966,378.8815918
52,87,828,478.2886353,117.1014481
52,88,1918,108.6538086,28.83628845
52,89,6219,231.8946838,52.45730972
52,90,2134,151.0131226,69.55622864
52,91,1377,459.70224,209.0472107
52,92,3704,483.0869446,255.3477325
52,93,0,0.0,0.0
52,94,2330,293.9493713,15.94420624
52,95,0,0.0,0.0
52,96,2664,495.0018921,183.4012756
52,97,3001,481.1969299,314.6001282
52,98,2438,481.8912964,68.25799561
52,99,799,236.0162659,8.177721977
52,100,2650,494.4151001,467.2441406
52,101,1417,500.5921021,106.0875092
52,102,697,484.3299866,423.9756165
52,103,685,123.3941574,5.55474472
52,104,1376,299.7696228,54.0210762
52,105,0,0.0,0.0
52,106,0,0.0,0.0
52,107,1776,179.5782623,16.20157623
52,108,0,0.0,0.0
52,109,0,0.0,0.0
52,110,0,0.0,0.0
52,111,0,0.0,0.0
52,112,0,0.0,0.0
52,113,4019,28.69171524,95.9644165
52,114,0,0.0,0.0
52,115,0,0.0,0.0
52,116,0,0.0,0.0
52,117,0,0.0,0.0
52,118,0,0.0,0.0
52,119,0,0.0,0.0
52,120,0,0.0,0.0
52,121,0,0.0,0.0
52,122,0,0.0,0.0
52,123,0,0.0,0.0
52,124,0,0.0,0.0
52,125,0,0.0,0.0
52,126,0,0.0,0.0
52,127,0,0.0,0.0
52,128,0,0.0,0.0
52,129,0,0.0,0.0
52,130,0,0.0,0.0
52,131,0,0.0,0.0
52,132,0,0.0,0.0
52,133,4790,32.37620163,304.3755798
53,0,0,0.0,0.0
53,1,5581,42.90378189,32.56692505
53,2,0,0.0,0.0
53,3,554,104.6064987,59.60469437
53,4,1219,147.1624298,35.34126282
53,5,3080,137.4668884,128.4584351
53,6,5695,208.320282,112.2121124
53,7,3365,299.2626953,100.8769684
53,8,4847,329.8683777,146.7146759
53,9,2624,382.515625,113.4279709
53,10,4888,415.4539795,40.69128418
53,11,2418,432.3478088,92.73904419
53,12,6095,83.6485672,116.5064774
53,13,2634,181.7828369,168.0394897
53,14,3805,367.8948669,192.5237885
53,15,4625,448.6590271,152.645401
53,16,392,37.13520432,143.8596954
53,17,9443,243.5644379,188.0045471
53,18,705,105.4170227,168.9304962
53,19,474,76.11814117,174.3206787
53,20,528,405.3731079,143.3996277
53,21,7610,307.947052,243.9207611
53,22,4453,135.3734589,198.1780853
53,23,0,0.0,0.0
53,24,2992,21.46089554,173.8612976
53,25,7031,408.8392944,233.4090424
53,26,0,0.0,0.0
53,27,4862,52.07281113,218.615799
53,28,8286,220.9255371,282.3135376
53,29,621,359.2512207,267.6811523
53,30,7913,125.9352951,267.2325439
53,31,0,0.0,0.0
53,32,1129,15.1550045,254.284317
53,33,904,70.59402466,275.2566223
53,34,3644,307.2673035,318.6391296
53,35,0,0.0,0.0
53,36,0,0.0,0.0
53,37,3232,209.8709717,338.9591675
53,38,6480,380.8589478,323.3848877
53,39,1569,359.3792114,372.805603
53,40,5312,164.1876831,363.4868164
53,41,2676,255.7447662,369.3744507
53,42,6512,91.26397705,355.8762207
53,43,4420,312.1040649,384.4353027
53,44,0,0.0,0.0
53,45,0,0.0,0.0
53,46,1188,369.359436,415.2062378
53,47,2287,444.4744263,434.0384827
53,48,3188,280.7305603,431.0849915
53,49,2072,337.5593567,439.2905273
53,50,4159,31.73912048,382.8809814
53,51,2204,211.6705933,408.5984497
53,52,1637,142.5137482,409.9205933
53,53,0,0.0,0.0
53,54,834,460.4484558,463.8776855
53,55,1001,435.0409546,479.9050903
53,56,5249,387.8205261,474.8588257
53,57,5220,238.2099609,463.7323608
53,58,3774,313.0469055,488.1330261
53,59,2345,121.8848648,453.5061951
53,60,1875,164.8032074,442.0538635
53,61,6008,67.52879333,447.4146118
53,62,1276,462.7445068,500.3315125
53,63,0,0.0,0.0
53,64,0,0.0,0.0
53,65,0,0.0,0.0
53,66,1278,83.75352478,498.5892029
53,67,0,0.0,0.0
53,68,0,0.0,0.0
53,69,1910,14.670681,447.4141235
53,70,0,0.0,0.0
53,71,0,0.0,0.0
53,72,0,0.0,0.0
53,73,5821,353.2399902,42.45164108
53,74,5118,421.3466187,389.855011
53,75,4827,172.4470673,490.3026733
53,76,0,0.0,0.0
53,77,1627,24.50645447,496.4794006
53,78,0,0.0,0.0
53,79,388,461.3195801,351.6391602
53,80,447,443.302002,339.9463196
53,81,0,0.0,0.0
53,82,1687,437.2080688,295.0823975
53,83,0,0.0,0.0
53,84,2956,478.2479553,26.68572426
53,85,0,0.0,0.0
53,86,3293,489.741272,378.1318054
53,87,724,472.8397827,115.7817688
53,88,1874,107.7449341,29.23479271
53,89,6049,231.87883,53.38370132
53,90,2224,150.6034241,70.7999115
53,91,1354,458.2872925,209.7902527
53,92,3773,482.2329712,256.1216431
53,93,0,0.0,0.0
53,94,2545,294.7033386,17.13477325
53,95,0,0.0,0.0
53,96,2712,494.8126831,185.056778
53,97,3332,478.8778381,315.6182556
53,98,2260,480.5079651,69.47920227
53,99,853,234.6670532,8.023447037
53,100,2793,493.7833862,467.5309753
53,101,1755,498.6535645,105.7116776
53,102,715,484.9958191,421.9566345
53,103,830,121.3843384,5.732530117
53,104,1166,295.7547302,58.1012001
53,105,0,0.0,0.0
53,106,0,0.0,0.0
53,107,1867,179.8098602,17.74718857
53,108,0,0.0,0.0
53,109,0,0.0,0.0
53,110,0,0.0,0.0
53,111,0,0.0,0.0
53,112,0,0.0,0.0
53,113,4073,28.79842949,95.90596771
53,114,0,0.0,0.0
53,115,0,0.0,0.0
53,116,0,0.0,0.0
53,117,0,0.0,0.0
53,118,0,0.0,0.0
53,119,0,0.0,0.0
53,120,0,0.0,0.0
53,121,0,0.0,0.0
53,122,0,0.0,0.0
53,123,0,0.0,0.0
53,124,0,0.0,0.0
53,125,0,0.0,0.0
53,126,0,0.0,0.0
53,127,0,0.0,0.0
53,128,0,0.0,0.0
53,129,0,0.0,0.0
53,130,0,0.0,0.0
53,131,0,0.0,0.0
53,132,0,0.0,0.0
53,133,4958,33.18696976,303.9509888
54,0,0,0.0,0.0
54,1,5460,42.01355362,33.06025696
54,2,0,0.0,0.0
54,3,493,104.6166306,61.25963593
54,4,1319,147.6649017,34.70507813
54,5,2996,137.6378479,129.2710266
54,6,6144,208.4134064,112.6588516
54,7,3900,302.6318054,104.5989761
54,8,4068,331.8962708,152.1779785
54,9,2784,383.4375,113.3509369
54,10,4979,414.77948,41.16750336
54,11,2252,432.866333,93.32904053
54,12,6226,83.10793304,116.9280472
54,13,3021,183.4071503,171.5577698
54,14,4417,370.6662903,194.6730804
54,15,4621,447.5541992,153.3109741
54,16,430,37.61395264,145.1441803
54,17,8971,246.5760803,188.4351807
54,18,828,107.4855042,170.9432373
54,19,907,81.9426651,180.9470825
54,20,561,406.5971375,143.1550751
54,21,7572,307.8634338,244.410202
54,22,3825,140.1751709,199.9485016
54,23,0,0.0,0.0
54,24,2761,20.57877541,173.1455994
54,25,6119,409.9434509,237.6429138
54,26,0,0.0,0.0
54,27,5192,49.7001152,220.6051636
54,28,8355,219.8950348,282.8514709
54,29,544,362.3970642,266.875
54,30,8249,125.0441284,267.4067078
54,31,0,0.0,0.0
54,32,899,14.97441578,256.6629639
54,33,896,70.8091507,280.7254333
54,34,4315,311.3056641,318.8482056
54,35,0,0.0,0.0
54,36,0,0.0,0.0
54,37,3292,211.5473938,340.653717
54,38,5728,383.7519226,323.1349487
54,39,1635,359.780426,371.7559509
54,40,5191,162.7083435,362.3398132
54,41,2689,257.4336243,370.7541809
54,42,6432,90.12904358,357.8006897
54,43,4127,313.369751,383.5480957
54,44,0,0.0,0.0
54,45,0,0.0,0.0
54,46,1224,369.5433044,415.0857849
54,47,2662,443.9646912,431.7088623
54,48,2565,283.5263062,427.885376
54,49,2251,337.1865845,438.0350952
54,50,3882,30.45311737,382.8619385
54,51,2226,211.0822144,408.1886902
54,52,1782,143.6206512,410.4163818
54,53,0,0.0,0.0
54,54,1047,457.1757507,466.076416
54,55,762,431.3897705,481.6942139
54,56,4955,388.5005188,474.239563
54,57,5886,241.3788605,462.1350708
54,58,3938,315.1543884,487.4349976
54,59,2733,121.3161392,454.9436646
54,60,1709,166.8022308,442.0198975
54,61,6052,66.01916504,447.343689
54,62,1303,459.9209595,500.337677
54,63,0,0.0,0.0
54,64,0,0.0,0.0
54,65,0,0.0,0.0
54,66,1107,80.27281189,500.1788635
54,67,0,0.0,0.0
54,68,0,0.0,0.0
54,69,1739,13.55721664,445.2880859
54,70,0,0.0,0.0
54,71,0,0.0,0.0
54,72,0,0.0,0.0
54,73,5198,357.0001831,41.43285751
54,74,4725,420.8050842,388.4935303
54,75,4800,172.0379181,490.3477173
54,76,0,0.0,0.0
54,77,1718,24.00640297,495.2182922
54,78,0,0.0,0.0
54,79,384,461.908844,352.9947815
54,80,453,440.3796997,342.0551758
54,81,0,0.0,0.0
54,82,1568,434.6505127,295.4623718
54,83,0,0.0,0.0
54,84,3184,478.1033325,28.99497414
54,85,0,0.0,0.0
54,86,3330,489.9918823,378.0129089
54,87,914,473.5087585,116.3052521
54,88,1886,107.2062531,31.7746563
54,89,5762,232.0787964,53.71242523
54,90,2172,149.5395966,70.84438324
54,91,1400,456.6499939,210.1699982
54,92,3939,481.2406616,256.3363647
54,93,0,0.0,0.0
54,94,2620,296.7423706,17.16870308
54,95,0,0.0,0.0
54,96,2695,494.3335876,186.2972107
54,97,3539,476.2249146,316.1025696
54,98,1899,479.6887817,69.96524811
54,99,934,236.3426056,9.062098503
54,100,2985,493.1078796,466.8636475
54,101,1869,498.3643799,105.1963654
54,102,508,486.6004028,420.8149719
54,103,1110,118.8585587,6.024324417
54,104,1806,301.6567078,58.40919113
54,105,13,509.5384521,140.3076935
54,106,0,0.0,0.0
54,107,1833,182.7037659,18.68303299
54,108,0,0.0,0.0
54,109,0,0.0,0.0
54,110,0,0.0,0.0
54,111,0,0.0,0.0
54,112,0,0.0,0.0
54,113,3998,28.10380173,96.21961212
54,114,0,0.0,0.0
54,115,0,0.0,0.0
54,116,0,0.0,0.0
54,117,0,0.0,0.0
54,118,0,0.0,0.0
54,119,0,0.0,0.0
54,120,0,0.0,0.0
54,121,0,0.0,0.0
54,122,0,0.0,0.0
54,123,0,0.0,0.0
54,124,0,0.0,0.0
54,125,0,0.0,0.0
54,126,0,0.0,0.0
54,127,0,0.0,0.0
54,128,0,0.0,0.0
54,129,0,0.0,0.0
54,130,0,0.0,0.0
54,131,0,0.0,0.0
54,132,0,0.0,0.0
54,133,4881,31.90678215,304.7385864
55,0,0,0.0,0.0
55,1,5439,41.24710464,33.06894684
55,2,0,0.0,0.0
55,3,668,101.0793381,62.76197433
55,4,1228,146.8648224,34.53420258
55,5,3308,137.0671082,131.3923798
55,6,6347,208.771698,111.3103867
55,7,4186,301.985199,104.5544662
55,8,3925,332.6924744,151.2868805
55,9,2634,382.4104004,114.8086548
55,10,5137,414.2908325,42.73739624
55,11,2278,433.5241394,90.70807648
55,12,6277,81.23690033,118.302536
55,13,3428,184.7467957,171.9069366
55,14,3898,366.2249756,195.0546417
55,15,4915,449.1975708,149.8366241
55,16,373,34.58176804,144.8713074
55,17,8578,248.0850983,189.4368134
55,18,690,102.8739166,169.4579773
55,19,818,81.71882629,183.1393585
55,20,629,405.8601074,143.0158997
55,21,7119,308.1465149,241.8703461
55,22,3729,137.9678192,200.5449219
55,23,0,0.0,0.0
55,24,2706,20.39652634,172.5048065
55,25,6860,407.717041,234.3574371
55,26,0,0.0,0.0
55,27,5179,47.53639603,221.2425232
55,28,8525,218.0524292,282.2473755
55,29,701,361.1811829,269.2182617
55,30,8188,123.4808273,266.3375549
55,31,0,0.0,0.0
55,32,735,14.07074833,257.7170105
55,33,914,68.94638824,280.155365
55,34,4519,307.9271851,316.6286926
55,35,0,0.0,0.0
55,36,0,0.0,0.0
55,37,3737,207.2726746,339.9593201
55,38,5724,382.405304,325.3736877
55,39,1533,361.2367859,374.587738
55,40,4552,164.1913452,365.1438904
55,41,2850,257.9803467,371.8410645
55,42,7100,89.54351807,357.7849426
55,43,4148,314.1554871,383.2724304
55,44,0,0.0,0.0
55,45,0,0.0,0.0
55,46,1273,369.388855,415.3487854
55,47,3212,443.2976379,431.9268494
55,48,2445,283.986084,429.0372314
55,49,2485,337.8479004,440.105835
55,50,3546,27.90863037,383.2763672
55,51,2335,211.0847931,409.9117737
55,52,1958,143.5372772,410.0245056
55,53,0,0.0,0.0
55,54,689,457.0580444,467.6545715
55,55,918,432.3725586,482.7527161
55,56,4792,388.3789673,475.2477112
55,57,5720,242.3767548,462.6447449
55,58,3734,314.4775085,488.3122559
55,59,2445,120.4678955,456.3378296
55,60,1748,165.169342,442.0005798
55,61,6195,65.29701233,447.8395386
55,62,1199,459.5154419,500.3778076
55,63,0,0.0,0.0
55,64,0,0.0,0.0
55,65,0,0.0,0.0
55,66,1148,81.24477386,500.22995
55,67,0,0.0,0.0
55,68,0,0.0,0.0
55,69,1625,13.22523117,444.0966187
55,70,0,0.0,0.0
55,71,0,0.0,0.0
55,72,0,0.0,0.0
55,73,4918,359.1978455,39.63338852
55,74,4383,421.1024475,386.8913879
55,75,4922,172.6353149,489.8695679
55,76,0,0.0,0.0
55,77,1701,22.75955391,494.7789612
55,78,0,0.0,0.0
55,79,433,463.353363,353.605072
55,80,530,440.5528259,342.7660522
55,81,0,0.0,0.0
55,82,1343,432.5584412,294.2606201
55,83,0,0.0,0.0
55,84,3116,478.670105,29.83472443
55,85,0,0.0,0.0
55,86,3309,490.5243225,378.4974365
55,87,477,474.1090088,111.771492
55,88,1858,108.3928986,33.28525162
55,89,5517,233.354538,52.29436111
55,90,2126,149.1194763,70.57102203
55,91,1470,456.0163269,208.9224548
55,92,4019,480.4702759,256.4421387
55,93,0,0.0,0.0
55,94,2661,298.7872925,17.86771965
55,95,0,0.0,0.0
55,96,2302,492.5395203,192.542572
55,97,3708,474.6459045,315.2745361
55,98,1817,479.4639587,70.49092102
55,99,928,237.9073334,8.383620262
55,100,3083,492.645813,467.9672546
55,101,1827,497.8166504,101.9184418
55,102,470,485.9255371,422.3212891
55,103,1193,115.9698257,6.360435963
55,104,1864,302.9699707,57.14055634
55,105,569,502.1546631,148.8435822
55,106,0,0.0,0.0
55,107,1964,182.0804443,20.41038704
55,108,11,168.5454559,0.0
55,109,0,0.0,0.0
55,110,0,0.0,0.0
55,111,0,0.0,0.0
55,112,0,0.0,0.0
55,113,3793,27.24360657,96.45768738
55,114,0,0.0,0.0
55,115,0,0.0,0.0
55,116,0,0.0,0.0
55,117,0,0.0,0.0
55,118,0,0.0,0.0
55,119,0,0.0,0.0
55,120,0,0.0,0.0
55,121,0,0.0,0.0
55,122,0,0.0,0.0
55,123,0,0.0,0.0
55,124,0,0.0,0.0
55,125,0,0.0,0.0
55,126,0,0.0,0.0
55,127,0,0.0,0.0
55,128,0,0.0,0.0
55,129,0,0.0,0.0
55,130,0,0.0,0.0
55,131,0,0.0,0.0
55,132,0,0.0,0.0
55,133,4790,30.74112701,304.7983398
56,0,0,0.0,0.0
56,1,5534,41.51120377,33.19624329
56,2,0,0.0,0.0
56,3,662,101.6601181,62.32930374
56,4,1299,145.76828,34.45419693
56,5,3392,137.6400299,132.8331299
56,6,6486,210.3024902,111.2773666
56,7,4145,303.2945862,106.7864914
56,8,3696,334.6125488,151.7776031
56,9,2810,383.367981,112.6626358
56,10,4967,416.4894409,40.95107651
56,11,1945,435.5310974,88.12287903
56,12,6513,80.90496063,116.920929
56,13,3784,186.2600403,173.2838287
56,14,4547,367.8284607,195.6890259
56,15,5169,447.6668701,149.3518982
56,16,282,34.95744705,142.5567322
56,17,8249,250.0322418,189.6351013
56,18,857,105.8483047,170.6184387
56,19,912,87.65570068,184.7752228
56,20,490,409.9551086,127.863266
56,21,6872,306.6871338,242.3568115
56,22,3046,139.8322449,201.3923187
56,23,0,0.0,0.0
56,24,2822,21.78490448,172.1651306
56,25,6539,407.3020325,236.4857025
56,26,0,0.0,0.0
56,27,5415,48.04561234,221.7032318
56,28,8733,217.0400848,281.7163696
56,29,451,356.567627,269.8115234
56,30,8556,122.6340561,267.1763611
56,31,0,0.0,0.0
56,32,726,13.32369137,258.6074524
56,33,778,68.00642395,282.0385742
56,34,5095,311.125824,316.8824463
56,35,0,0.0,0.0
56,36,0,0.0,0.0
56,37,3728,206.3886871,341.5067139
56,38,5124,384.0448914,324.4900513
56,39,1658,359.0187073,374.2756348
56,40,4290,163.69487,365.96875
56,41,2862,256.7001953,371.7938538
56,42,7297,88.77812958,358.8600769
56,43,4069,312.1523743,383.6343079
56,44,0,0.0,0.0
56,45,0,0.0,0.0
56,46,1112,369.7167358,415.524292
56,47,3632,440.0754395,430.4710999
56,48,2352,284.3482056,429.8601074
56,49,2660,338.6142883,439.2229309
56,50,3382,26.9630394,384.1061401
56,51,2331,210.848999,410.7528992
56,52,1984,143.243454,411.112915
56,53,0,0.0,0.0
56,54,725,457.7889709,466.6620789
56,55,784,431.7206726,482.5918274
56,56,4691,387.9004517,475.7429199
56,57,5852,242.8349304,463.3419495
56,58,3628,315.1262512,488.3800964
56,59,2634,119.627182,459.3261108
56,60,1761,166.1555939,442.8705139
56,61,6095,64.94110107,447.8615112
56,62,1297,457.5011597,500.0732422
56,63,0,0.0,0.0
56,64,0,0.0,0.0
56,65,0,0.0,0.0
56,66,1176,79.46513367,501.0493164
56,67,0,0.0,0.0
56,68,0,0.0,0.0
56,69,1538,12.6931076,442.6352539
56,70,0,0.0,0.0
56,71,0,0.0,0.0
56,72,0,0.0,0.0
56,73,4872,360.6935425,40.1672821
56,74,4175,418.796875,384.5219116
56,75,4666,173.5855103,489.8876953
56,76,0,0.0,0.0
56,77,1731,22.06296921,493.8347778
56,78,0,0.0,0.0
56,79,526,461.9771729,354.1235657
56,80,501,438.7285461,342.5309448
56,81,0,0.0,0.0
56,82,1404,430.0035706,295.3269348
56,83,0,0.0,0.0
56,84,3098,479.4967651,29.97127151
56,85,0,0.0,0.0
56,86,3141,490.7045593,380.0137024
56,87,569,471.0509644,108.4991226
56,88,1777,108.2521133,32.90377045
56,89,5437,235.0520477,53.61780548
56,90,2057,149.6081696,70.10208893
56,91,1538,456.4005127,208.5897217
56,92,4136,479.4219055,257.1581116
56,93,0,0.0,0.0
56,94,2689,300.1182556,17.94496155
56,95,0,0.0,0.0
56,96,2260,492.9022217,192.9287567
56,97,3875,474.610321,316.4415588
56,98,1734,480.5005798,69.78546906
56,99,1096,236.8877716,9.541971207
56,100,3071,492.8397827,468.147522
56,101,1783,497.6186218,102.7795868
56,102,547,483.8190002,422.7861023
56,103,1116,116.3476715,6.161290169
56,104,2014,305.1559143,58.06653595
56,105,592,502.6080933,149.5793915
56,106,0,0.0,0.0
56,107,1857,182.08078,23.48842239
56,108,195,174.1333313,2.317948818
56,109,0,0.0,0.0
56,110,0,0.0,0.0
56,111,0,0.0,0.0
56,112,0,0.0,0.0
56,113,3609,25.83153152,97.11055756
56,114,0,0.0,0.0
56,115,0,0.0,0.0
56,116,0,0.0,0.0
56,117,0,0.0,0.0
56,118,0,0.0,0.0
56,119,0,0.0,0.0
56,120,0,0.0,0.0
56,121,0,0.0,0.0
56,122,0,0.0,0.0
56,123,0,0.0,0.0
56,124,0,0.0,0.0
56,125,0,0.0,0.0
56,126,0,0.0,0.0
56,127,0,0.0,0.0
56,128,0,0.0,0.0
56,129,0,0.0,0.0
56,130,0,0.0,0.0
56,131,0,0.0,0.0
56,132,0,0.0,0.0
56,133,4644,29.80792427,305.6853943
57,0,0,0.0,0.0
57,1,5491,41.04334259,33.36004257
57,2,427,11.35128784,144.2763519
57,3,602,100.553154,63.2142868
57,4,1345,160.7189636,35.88327026
57,5,3655,136.9707184,134.4637451
57,6,7128,212.7502747,111.1439362
57,7,3617,307.1940918,107.5297241
57,8,3616,334.1341248,150.8094635
57,9,2472,380.75,115.2018585
57,10,5038,416.0293884,43.13199615
57,11,2083,435.7119446,86.87470245
57,12,6644,80.6550293,119.2009354
57,13,4360,188.8367004,174.8938141
57,14,4619,366.4232483,196.464386
57,15,5315,446.5392151,148.3960419
57,16,337,35.35014725,145.2195892
57,17,7659,253.5398865,191.8656464
57,18,821,104.8538361,175.0414124
57,19,689,87.27140808,187.1567535
57,20,464,408.9482727,123.3599167
57,21,6331,307.1590576,241.3383331
57,22,2908,138.8768921,202.8727722
57,23,0,0.0,0.0
57,24,2362,22.53556252,176.9733276
57,25,6265,406.2266541,236.1000824
57,26,0,0.0,0.0
57,27,5235,45.78605652,222.3856659
57,28,8785,216.2135468,280.4384766
57,29,762,355.6102295,271.8084106
57,30,8718,121.4583588,266.9045715
57,31,0,0.0,0.0
57,32,543,11.58563519,259.01474
57,33,974,66.75769806,283.9507141
57,34,5746,312.4507446,318.2706299
57,35,0,0.0,0.0
57,36,0,0.0,0.0
57,37,3956,207.4524841,339.9373169
57,38,4800,385.40271,326.7785339
57,39,1578,358.9835205,376.3447266
57,40,3412,167.5460205,365.0096741
57,41,2984,257.6075745,373.3120117
57,42,7896,87.2069397,359.4310913
57,43,3608,314.044342,385.254425
57,44,0,0.0,0.0
57,45,0,0.0,0.0
57,46,978,371.7914124,416.8956909
57,47,3963,438.973999,428.1206055
57,48,2226,284.2520142,428.9451904
57,49,2951,339.8746338,439.0040588
57,50,2830,23.57879829,385.5074158
57,51,2462,208.7465515,409.8050232
57,52,2547,144.5374908,407.6737366
57,53,0,0.0,0.0
57,54,725,458.4551697,463.6634521
57,55,1006,430.1252441,482.6123352
57,56,4307,387.3496704,476.597168
57,57,5987,242.2009277,462.7090454
57,58,3728,314.7054749,488.3374329
57,59,2579,119.3342361,461.0581665
57,60,1737,165.4231415,443.5653381
57,61,5906,63.96105576,446.3132324
57,62,1312,458.0975647,499.28125
57,63,0,0.0,0.0
57,64,0,0.0,0.0
57,65,0,0.0,0.0
57,66,1393,78.93323517,498.5707092
57,67,0,0.0,0.0
57,68,0,0.0,0.0
57,69,1518,12.740448,441.5204163
57,70,0,0.0,0.0
57,71,0,0.0,0.0
57,72,0,0.0,0.0
57,73,4645,363.6669617,39.79634094
57,74,3808,417.2092896,383.6179199
57,75,4579,173.2376099,490.1779785
57,76,0,0.0,0.0
57,77,1725,21.78492737,493.8214417
57,78,0,0.0,0.0
57,79,428,457.7756958,355.3387756
57,80,474,435.1624451,343.8059082
57,81,0,0.0,0.0
57,82,1292,429.0325012,294.3041687
57,83,0,0.0,0.0
57,84,3151,480.0891724,30.45287132
57,85,0,0.0,0.0
57,86,3052,490.3804016,380.6871033
57,87,468,470.527771,105.8290634
57,88,2466,114.9359283,33.09448624
57,89,5519,237.4250793,55.28556061
57,90,1883,147.7785492,70.75570679
57,91,1796,455.0439758,207.332962
57,92,4225,477.8421326,257.504364
57,93,0,0.0,0.0
57,94,2809,301.7539978,17.64613724
57,95,0,0.0,0.0
57,96,2110,493.289093,195.2796173
57,97,4280,473.6109924,318.0848083
57,98,1470,479.408844,69.6789093
57,99,1128,236.6418457,10.34840393
57,100,3161,492.6478882,467.277771
57,101,1913,496.9884949,100.8248825
57,102,435,484.1907959,420.2781677
57,103,1109,114.2885513,6.284039497
57,104,2276,306.8409424,58.5856781
57,105,801,501.3995056,150.971283
57,106,0,0.0,0.0
57,107,1089,191.9880676,19.3342514
57,108,434,172.0760345,6.099078178
57,109,0,0.0,0.0
57,110,0,0.0,0.0
57,111,0,0.0,0.0
57,112,0,0.0,0.0
57,113,3620,26.96160126,96.37873077
57,114,0,0.0,0.0
57,115,0,0.0,0.0
57,116,0,0.0,0.0
57,117,0,0.0,0.0
57,118,0,0.0,0.0
57,119,0,0.0,0.0
57,120,0,0.0,0.0
57,121,0,0.0,0.0
57,122,0,0.0,0.0
57,123,0,0.0,0.0
57,124,0,0.0,0.0
57,125,0,0.0,0.0
57,126,0,0.0,0.0
57,127,0,0.0,0.0
57,128,0,0.0,0.0
57,129,0,0.0,0.0
57,130,0,0.0,0.0
57,131,0,0.0,0.0
57,132,0,0.0,0.0
57,133,4598,28.00021744,306.025238
58,0,0,0.0,0.0
58,1,5453,40.43058777,33.70951843
58,2,420,8.726190567,128.1785736
58,3,654,101.3272171,63.55810547
58,4,1162,166.9147949,38.98020554
58,5,3904,136.3394012,136.2538452
58,6,7037,214.5309143,112.584198
58,7,3454,309.5538635,109.6711044
58,8,3540,333.4307861,153.4468994
58,9,2328,385.3505249,119.5446701
58,10,5929,415.223999,48.9482193
58,11,1255,440.8693237,86.78964233
58,12,6569,79.77226257,118.9468689
58,13,4537,186.4767456,175.4714508
58,14,4831,365.6182861,197.7290344
58,15,5410,445.8452759,148.0221863
58,16,265,38.82641602,145.3660431
58,17,7827,253.1143494,193.3068848
58,18,734,105.7534027,174.205719
58,19,786,84.07633209,185.7938995
58,20,416,415.802887,116.6370163
58,21,5707,306.3772583,241.1920471
58,22,2551,135.0517426,204.2328491
58,23,0,0.0,0.0
58,24,2674,20.54562378,170.9184723
58,25,5949,405.2158203,237.6043091
58,26,0,0.0,0.0
58,27,5638,43.77030945,225.0744934
58,28,8761,215.3549805,280.6736755
58,29,881,354.5391541,271.7616272
58,30,8765,120.5916748,266.4033203
58,31,0,0.0,0.0
58,32,4,0.0,249.5
58,33,734,67.87193298,287.0027161
58,34,6194,312.4533386,318.1906738
58,35,0,0.0,0.0
58,36,0,0.0,0.0
58,37,3831,205.8942871,339.2545166
58,38,4422,386.1628113,325.7991943
58,39,1819,360.9191895,377.3826294
58,40,3586,164.3605652,363.3513794
58,41,3239,257.4912109,373.4300842
58,42,8099,83.49734497,360.7194824
58,43,3358,314.5804138,385.9857178
58,44,0,0.0,0.0
58,45,0,0.0,0.0
58,46,765,373.785614,416.3372498
58,47,4952,439.5866394,422.5133362
58,48,2049,285.1376343,428.2293701
58,49,3052,339.6572876,437.0969849
58,50,2416,23.18956947,391.5389099
58,51,2459,208.8596954,408.8963013
58,52,2651,144.2719727,407.8475952
58,53,0,0.0,0.0
58,54,591,458.1793518,465.7208252
58,55,1093,429.9679871,482.1903076
58,56,4410,386.4267578,475.3791504
58,57,6288,243.0578918,462.6291199
58,58,3660,315.7887878,488.4606628
58,59,2918,120.2128143,463.6473694
58,60,1695,167.6938019,444.1309814
58,61,5728,64.64019012,447.5123901
58,62,1305,457.9915771,499.352478
58,63,0,0.0,0.0
58,64,0,0.0,0.0
58,65,0,0.0,0.0
58,66,1319,76.51781464,499.0455017
58,67,0,0.0,0.0
58,68,0,0.0,0.0
58,69,1432,12.93784904,441.8086548
58,70,0,0.0,0.0
58,71,0,0.0,0.0
58,72,0,0.0,0.0
58,73,4908,363.8194885,40.33068466
58,74,2866,413.8894043,380.796936
58,75,4247,174.8810883,490.7278137
58,76,1,29.0,418.0
58,77,1769,21.28999519,493.0163879
58,78,0,0.0,0.0
58,79,428,457.0420532,356.2453308
58,80,517,432.9864502,344.949707
58,81,0,0.0,0.0
58,82,1209,426.9784851,294.5227356
58,83,0,0.0,0.0
58,84,3085,480.3173523,31.58379173
58,85,0,0.0,0.0
58,86,2902,490.9279785,379.329071
58,87,526,470.0608215,105.0
58,88,2772,118.0876617,33.1035347
58,89,5367,239.1188812,56.73635101
58,90,2003,149.6679993,70.77284241
58,91,2182,456.0027466,207.2007294
58,92,4306,477.2974854,258.196228
58,93,0,0.0,0.0
58,94,2751,301.5343628,17.70410728
58,95,0,0.0,0.0
58,96,1805,494.8631592,196.9224396
58,97,4456,471.8247375,318.2304688
58,98,1397,479.061554,69.58196259
58,99,1124,237.0,10.42259789
58,100,3224,492.5744324,466.7906189
58,101,1844,497.0856934,98.72613525
58,102,375,485.2479858,420.8773193
58,103,1133,112.2338943,6.466902256
58,104,2498,305.8258667,60.93875122
58,105,1010,500.4940491,151.1306915
58,106,7,510.2857056,0.857142866
58,107,1120,195.7982178,19.11071396
58,108,567,170.4356232,6.687830925
58,109,6,511.0,417.5
58,110,0,0.0,0.0
58,111,0,0.0,0.0
58,112,0,0.0,0.0
58,113,3154,28.53043747,93.16233063
58,114,0,0.0,0.0
58,115,0,0.0,0.0
58,116,0,0.0,0.0
58,117,0,0.0,0.0
58,118,0,0.0,0.0
58,119,0,0.0,0.0
58,120,0,0.0,0.0
58,121,0,0.0,0.0
58,122,0,0.0,0.0
58,123,0,0.0,0.0
58,124,0,0.0,0.0
58,125,195,3.476922989,355.0358887
58,126,0,0.0,0.0
58,127,0,0.0,0.0
58,128,0,0.0,0.0
58,129,0,0.0,0.0
58,130,0,0.0,0.0
58,131,0,0.0,0.0
58,132,0,0.0,0.0
58,133,4884,26.79852486,303.6650391
59,0,0,0.0,0.0
59,1,5513,40.32904053,33.82659149
59,2,437,12.94736862,139.7460022
59,3,685,99.21605682,64.17810059
59,4,490,162.8244934,43.53265381
59,5,4072,136.6335907,136.2470551
59,6,7023,213.1546326,112.7086716
59,7,3109,307.1688538,114.4203949
59,8,3477,333.9177551,154.4420471
59,9,1664,385.384613,126.9290848
59,10,6550,411.1770935,54.24305344
59,11,1520,439.6480408,86.8052597
59,12,6916,78.69577789,121.7095108
59,13,4868,186.5133514,177.6366119
59,14,4931,366.7675781,198.1512909
59,15,5464,446.1932678,147.0486755
59,16,267,34.17602921,142.5505676
59,17,7736,255.089325,194.7620239
59,18,657,105.0532761,176.7047119
59,19,697,82.05882263,188.0071716
59,20,454,411.0726929,120.2687225
59,21,5657,306.5541687,242.9770203
59,22,2430,132.8152313,205.197113
59,23,0,0.0,0.0
59,24,2350,20.9978714,175.1140442
59,25,5579,404.9449768,239.4029388
59,26,0,0.0,0.0
59,27,5601,43.25709534,226.5620422
59,28,8815,214.1946716,280.8685303
59,29,887,355.2874756,271.5704651
59,30,8724,120.5804672,267.9543762
59,31,0,0.0,0.0
59,32,0,0.0,0.0
59,33,1033,67.50919342,289.0619507
59,34,6424,314.0907593,318.8311157
59,35,0,0.0,0.0
59,36,0,0.0,0.0
59,37,3990,205.0782013,340.9734192
59,38,3815,386.7090454,325.0671082
59,39,2715,368.916748,377.9856262
59,40,3368,163.4397278,364.8645935
59,41,3385,257.828949,374.6531677
59,42,8035,82.02464294,361.2979431
59,43,3185,315.0,387.3372192
59,44,0,0.0,0.0
59,45,0,0.0,0.0
59,46,735,379.0258484,418.7755127
59,47,5431,441.4708252,421.3148499
59,48,2038,286.2934265,429.6457214
59,49,3513,341.6831665,438.9980164
59,50,2104,24.06463814,394.0689087
59,51,2378,207.8881378,408.7102661
59,52,2551,142.4076843,408.4147339
59,53,0,0.0,0.0
59,54,402,457.3283691,466.9875488
59,55,1126,430.6092224,482.2593384
59,56,4024,388.0171509,477.3737488
59,57,6470,243.2304535,462.8366394
59,58,3437,316.7905273,490.094574
59,59,3155,121.1793976,463.2231445
59,60,1647,169.6423798,443.8293762
59,61,5908,63.57769012,447.0101624
59,62,1436,459.7235413,498.4846802
59,63,0,0.0,0.0
59,64,0,0.0,0.0
59,65,0,0.0,0.0
59,66,1365,73.59926605,500.0563965
59,67,0,0.0,0.0
59,68,0,0.0,0.0
59,69,1283,11.48168373,442.2096558
59,70,0,0.0,0.0
59,71,0,0.0,0.0
59,72,0,0.0,0.0
59,73,4912,363.4224243,39.11176682
59,74,2077,417.8502502,379.0495911
59,75,4124,174.633606,490.9408264
59,76,0,0.0,0.0
59,77,1685,19.8284874,492.3999939
59,78,0,0.0,0.0
59,79,427,453.7494202,354.9391174
59,80,533,431.0619202,343.0375366
59,81,0,0.0,0.0
59,82,1206,423.6907043,294.9676514
59,83,0,0.0,0.0
59,84,2630,477.8068542,34.78669357
59,85,0,0.0,0.0
59,86,2874,491.2254639,378.954071
59,87,484,468.5578613,103.3636398
59,88,2968,120.6239929,34.89892197
59,89,5307,240.636322,58.64028549
59,90,1824,148.9665527,70.46052551
59,91,2323,456.2996216,205.1424866
59,92,4414,476.1878052,257.7609863
59,93,0,0.0,0.0
59,94,2776,299.1405029,18.50792503
59,95,0,0.0,0.0
59,96,1654,495.9226074,198.4564667
59,97,4563,471.400177,317.3938293
59,98,1215,480.6321106,68.11605072
59,99,1104,235.970108,10.76268101
59,100,3117,492.5819702,466.309906
59,101,1744,496.5670776,95.08314514
59,102,294,486.4319763,416.2176819
59,103,1246,114.1781693,7.093097687
59,104,2982,308.4450073,65.63380432
59,105,1230,499.6585388,149.4325256
59,106,434,501.5691223,9.276497841
59,107,1612,193.2599182,25.71712112
59,108,673,171.0817261,9.046062469
59,109,24,510.5833435,417.9166565
59,110,0,0.0,0.0
59,111,0,0.0,0.0
59,112,0,0.0,0.0
59,113,3225,25.9708519,95.27256012
59,114,0,0.0,0.0
59,115,0,0.0,0.0
59,116,0,0.0,0.0
59,117,0,0.0,0.0
59,118,0,0.0,0.0
59,119,0,0.0,0.0
59,120,0,0.0,0.0
59,121,0,0.0,0.0
59,122,0,0.0,0.0
59,123,0,0.0,0.0
59,124,0,0.0,0.0
59,125,337,6.67359066,360.5697327
59,126,0,0.0,0.0
59,127,0,0.0,0.0
59,128,0,0.0,0.0
59,129,0,0.0,0.0
59,130,0,0.0,0.0
59,131,0,0.0,0.0
59,132,0,0.0,0.0
59,133,4600,25.30543518,304.6289063
60,0,0,0.0,0.0
60,1,5683,40.2537384,35.07724762
60,2,2263,15.65134811,111.9836502
60,3,665,101.6676712,66.26165771
60,4,974,167.5626221,39.84702301
60,5,4254,137.1652527,136.2023926
60,6,7698,215.3847809,111.5046768
60,7,2944,308.8267517,115.391304
60,8,3436,334.5704346,153.7075043
60,9,1324,384.9380798,131.3512115
60,10,6603,410.2232361,54.61577988
60,11,1513,438.3357544,84.63317871
60,12,7053,78.14646149,121.5556488
60,13,4826,185.9428101,176.8619995
60,14,5379,367.1717834,198.7888031
60,15,5079,445.0844727,145.1917725
60,16,323,37.32507706,148.0340576
60,17,7738,253.7808228,196.8905334
60,18,570,103.5929794,175.8087769
60,19,777,85.43114471,188.5675659
60,20,633,408.0663452,115.9557648
60,21,5205,305.7085571,242.2505341
60,22,2161,132.7149506,205.8135071
60,23,0,0.0,0.0
60,24,2407,20.29081917,175.5446625
60,25,5261,405.8952637,239.0452423
60,26,0,0.0,0.0
60,27,5749,44.31083679,227.5460052
60,28,8612,213.5570068,280.0126648
60,29,1151,355.2962646,272.8557739
60,30,8934,121.4745941,269.9030762
60,31,0,0.0,0.0
60,32,0,0.0,0.0
60,33,923,67.81798553,289.3033447
60,34,6715,311.3316345,319.8119202
60,35,0,0.0,0.0
60,36,0,0.0,0.0
60,37,4326,203.4008331,341.6005554
60,38,3919,386.5713196,324.9247131
60,39,3411,372.5121765,380.7203064
60,40,2770,164.8025208,367.7335815
60,41,3315,257.45401,374.1194458
60,42,8051,81.51360321,361.1834412
60,43,2593,314.4411926,388.1260986
60,44,0,0.0,0.0
60,45,0,0.0,0.0
60,46,696,380.3577576,419.2528687
60,47,5203,438.6650085,421.0737915
60,48,2265,285.7381897,429.1386414
60,49,3876,342.4760132,438.0219421
60,50,1955,25.66291618,396.8726196
60,51,2394,209.2401886,408.4916382
60,52,2655,142.3883209,407.8214722
60,53,0,0.0,0.0
60,54,602,460.8139648,464.3721008
60,55,1111,430.583252,481.4383545
60,56,3772,389.588562,478.4673767
60,57,6281,242.1894531,463.2244873
60,58,3611,317.1110535,489.6593628
60,59,3574,120.1782303,463.4753723
60,60,1730,170.7260132,443.5976868
60,61,6689,53.34519196,445.4069519
60,62,1331,458.0563354,499.4943542
60,63,0,0.0,0.0
60,64,0,0.0,0.0
60,65,0,0.0,0.0
60,66,1610,70.51490784,499.0403748
60,67,0,0.0,0.0
60,68,0,0.0,0.0
60,69,32,0.40625,423.875
60,70,0,0.0,0.0
60,71,0,0.0,0.0
60,72,0,0.0,0.0
60,73,4815,363.3071594,36.79667664
60,74,1614,431.5247803,369.4491882
60,75,3912,176.2484589,491.1911926
60,76,0,0.0,0.0
60,77,1629,17.850214,490.8680115
60,78,0,0.0,0.0
60,79,381,456.9081421,353.7611694
60,80,739,430.6792908,340.0162354
60,81,0,0.0,0.0
60,82,1139,423.5662842,294.1080017
60,83,0,0.0,0.0
60,84,2516,477.8803711,34.09141541
60,85,0,0.0,0.0
60,86,2594,491.6557312,377.0281372
60,87,473,469.0740051,102.2262192
60,88,2962,118.4422684,36.8193779
60,89,5192,241.6615906,57.91949081
60,90,1479,147.5767365,70.81203461
60,91,2309,454.9055786,203.6006927
60,92,4502,475.7161255,256.0013428
60,93,0,0.0,0.0
60,94,2778,294.3973999,18.40892792
60,95,0,0.0,0.0
60,96,1702,494.3707275,196.6051636
60,97,4578,472.1828308,316.0624695
60,98,1342,479.6147461,67.82712555
60,99,1003,230.9521484,10.59022903
60,100,3248,492.6213074,465.5338745
60,101,1786,495.9255371,95.68701172
60,102,398,484.9497375,417.2713623
60,103,1241,113.2175674,7.166800976
60,104,3264,309.9325867,65.67401886
60,105,1399,498.6368713,148.7176514
60,106,441,501.4966125,9.344671249
60,107,998,195.1843719,22.18637276
60,108,828,171.7644958,10.13647366
60,109,118,507.1864319,416.7542419
60,110,0,0.0,0.0
60,111,0,0.0,0.0
60,112,0,0.0,0.0
60,113,1056,38.24526596,80.66571808
60,114,0,0.0,0.0
60,115,0,0.0,0.0
60,116,0,0.0,0.0
60,117,0,0.0,0.0
60,118,0,0.0,0.0
60,119,0,0.0,0.0
60,120,0,0.0,0.0
60,121,0,0.0,0.0
60,122,0,0.0,0.0
60,123,0,0.0,0.0
60,124,0,0.0,0.0
60,125,453,8.693157196,365.4900513
60,126,0,0.0,0.0
60,127,0,0.0,0.0
60,128,0,0.0,0.0
60,129,0,0.0,0.0
60,130,0,0.0,0.0
60,131,0,0.0,0.0
60,132,0,0.0,0.0
60,133,4630,25.40237617,304.8438416
61,0,0,0.0,0.0
61,1,5643,40.58763123,35.11465454
61,2,1895,13.85699177,114.0897064
61,3,538,98.56134033,67.57063293
61,4,870,174.470108,45.03103638
61,5,4491,137.3043823,136.9523468
61,6,7790,218.0613556,112.6952515
61,7,2713,308.9568787,116.3007736
61,8,3508,334.3275452,153.8244019
61,9,1339,386.6624451,132.2188263
61,10,6885,408.4752502,56.99898148
61,11,1625,439.8461609,84.32061768
61,12,7064,78.15061951,122.6545868
61,13,4917,185.6385956,177.3007965
61,14,5773,367.0381165,201.4924622
61,15,4984,443.3852234,143.790329
61,16,241,37.2821579,152.5518646
61,17,7619,253.5898438,198.8733368
61,18,850,108.56353,183.9929352
61,19,752,81.96808624,187.7367096
61,20,361,408.0969543,116.3767319
61,21,5119,305.4639587,242.9484253
61,22,1711,133.6855621,209.347168
61,23,0,0.0,0.0
61,24,2337,19.24090767,175.4634094
61,25,5252,405.8695679,241.8990936
61,26,0,0.0,0.0
61,27,5920,44.46638489,228.0628357
61,28,8442,213.5063934,279.8872375
61,29,632,357.2784729,272.473114
61,30,8998,121.3205185,270.0348816
61,31,0,0.0,0.0
61,32,0,0.0,0.0
61,33,699,68.56223297,293.92276
61,34,7492,314.252533,319.8937683
61,35,0,0.0,0.0
61,36,0,0.0,0.0
61,37,4463,203.0737152,342.1109009
61,38,3122,386.6630249,322.5919189
61,39,3479,372.7803955,380.1690063
61,40,2677,162.6040344,366.8871765
61,41,3385,257.770752,375.9598083
61,42,8063,80.03336334,360.7833252
61,43,2605,314.4084473,390.4395447
61,44,0,0.0,0.0
61,45,0,0.0,0.0
61,46,657,384.3820496,422.8127747
61,47,5462,438.3277283,419.1459045
61,48,2330,284.9815369,431.4351807
61,49,4060,344.4891663,439.3618164
61,50,2054,25.14995193,397.7633972
61,51,2404,207.0199738,407.4276123
61,52,2682,140.9597321,406.8370667
61,53,0,0.0,0.0
61,54,567,458.6966553,462.5220337
61,55,1070,430.5710144,481.5439148
61,56,3463,390.3101501,480.88797
61,57,6419,240.3684387,463.8139954
61,58,3515,318.0133667,490.2207642
61,59,3776,119.5672684,463.502655
61,60,1642,169.6205902,443.3106079
61,61,6471,52.37768555,445.235199
61,62,1473,459.8092346,499.0923157
61,63,0,0.0,0.0
61,64,0,0.0,0.0
61,65,0,0.0,0.0
61,66,1762,69.54199982,498.6969299
61,67,0,0.0,0.0
61,68,0,0.0,0.0
61,69,0,0.0,0.0
61,70,0,0.0,0.0
61,71,0,0.0,0.0
61,72,0,0.0,0.0
61,73,3037,369.0378723,21.48567581
61,74,1316,423.2325134,368.2028809
61,75,3734,176.0728455,491.1987
61,76,0,0.0,0.0
61,77,1526,17.37090492,491.2372131
61,78,0,0.0,0.0
61,79,433,454.8291016,354.4873047
61,80,824,427.1844788,339.7597046
61,81,0,0.0,0.0
61,82,1049,421.9933167,296.4928589
61,83,0,0.0,0.0
61,84,2430,477.5502014,33.78353882
61,85,0,0.0,0.0
61,86,2672,489.6946106,375.6549377
61,87,403,468.6947937,103.5459061
61,88,3394,120.7598724,38.13965988
61,89,4857,244.4500732,58.69240189
61,90,1356,147.042038,71.90781403
61,91,2644,456.0612793,202.5597534
61,92,4534,475.6497498,256.5983582
61,93,0,0.0,0.0
61,94,2668,295.401062,18.00674629
61,95,0,0.0,0.0
61,96,1501,495.612915,196.7861481
61,97,4645,471.4107666,316.2678223
61,98,1242,481.2560425,66.68437958
61,99,920,232.1934814,9.931521416
61,100,3118,492.5121765,465.5169983
61,101,1744,495.2706299,93.65424347
61,102,405,482.602478,418.9753113
61,103,1335,114.7475662,7.555805206
61,104,5118,324.1633301,64.64517212
61,105,1664,497.6039734,147.503006
61,106,512,500.6503906,10.0234375
61,107,1458,198.3696899,24.64540482
61,108,756,171.3002625,10.60978794
61,109,290,503.9862061,415.3275757
61,110,0,0.0,0.0
61,111,0,0.0,0.0
61,112,0,0.0,0.0
61,113,1529,34.73708344,85.85611725
61,114,0,0.0,0.0
61,115,0,0.0,0.0
61,116,8,0.0,58.5
61,117,0,0.0,0.0
61,118,0,0.0,0.0
61,119,0,0.0,0.0
61,120,0,0.0,0.0
61,121,0,0.0,0.0
61,122,0,0.0,0.0
61,123,0,0.0,0.0
61,124,0,0.0,0.0
61,125,399,8.260651588,364.2756958
61,126,0,0.0,0.0
61,127,0,0.0,0.0
61,128,0,0.0,0.0
61,129,0,0.0,0.0
61,130,0,0.0,0.0
61,131,0,0.0,0.0
61,132,0,0.0,0.0
61,133,4562,26.0905304,304.2976685
62,0,0,0.0,0.0
62,1,5633,41.21125412,35.13154602
62,2,2218,14.75518513,127.9129868
62,3,684,98.03947449,69.41082001
62,4,474,171.0696259,44.53797531
62,5,4619,138.8242035,135.9915619
62,6,7972,219.693924,112.8344193
62,7,2498,308.7706299,117.1629333
62,8,3506,334.2812195,154.6152344
62,9,1282,385.4188843,132.4609985
62,10,7231,408.1883545,59.83833313
62,11,1526,443.1127014,76.70707703
62,12,6825,77.50534821,124.1991196
62,13,5259,185.7718201,181.9988556
62,14,5998,366.6655579,202.295105
62,15,4856,441.4851685,143.8601685
62,16,244,37.8319664,150.2172089
62,17,7193,256.5412292,197.6603699
62,18,1663,110.2242966,191.0944061
62,19,746,81.69168854,190.0093842
62,20,300,407.4033203,117.5066681
62,21,4846,304.2624817,244.7185364
62,22,915,144.8480835,211.7333374
62,23,0,0.0,0.0
62,24,1890,22.08254051,180.8534393
62,25,4902,404.9308472,244.741333
62,26,0,0.0,0.0
62,27,5799,44.48249817,228.2850494
62,28,8647,213.7267303,279.9700623
62,29,689,359.3962402,274.0580444
62,30,8707,122.2991867,270.3848572
62,31,0,0.0,0.0
62,32,0,0.0,0.0
62,33,1023,69.11437225,290.8924866
62,34,7749,316.074707,320.9563904
62,35,0,0.0,0.0
62,36,0,0.0,0.0
62,37,4739,202.022995,342.600769
62,38,2360,385.9665222,319.1508484
62,39,3823,373.5942993,378.2207642
62,40,2609,163.0827942,369.0168762
62,41,3930,262.9279785,378.2417297
62,42,8059,78.49286652,361.2819214
62,43,1868,318.9373779,393.3276367
62,44,0,0.0,0.0
62,45,0,0.0,0.0
62,46,454,385.6872253,422.7445068
62,47,5596,438.2741394,419.5532532
62,48,2199,286.0391235,433.4897766
62,49,4379,344.5382385,440.1429443
62,50,2064,23.6598835,399.7437134
62,51,2269,207.8184204,407.7822876
62,52,2705,141.394455,406.7689514
62,53,0,0.0,0.0
62,54,626,462.3370667,463.1421814
62,55,1132,432.1439819,480.8171387
62,56,3345,392.056488,480.5883484
62,57,6567,239.6532593,463.6715393
62,58,3499,319.7007751,490.6833496
62,59,4168,118.420105,463.3862915
62,60,1653,169.4277039,444.3381653
62,61,6072,52.26465607,445.2047119
62,62,1442,460.6567383,499.6171875
62,63,0,0.0,0.0
62,64,0,0.0,0.0
62,65,0,0.0,0.0
62,66,1679,66.31626129,498.4205017
62,67,0,0.0,0.0
62,68,0,0.0,0.0
62,69,0,0.0,0.0
62,70,0,0.0,0.0
62,71,0,0.0,0.0
62,72,0,0.0,0.0
62,73,3226,366.6732788,20.95536232
62,74,1260,421.8944397,368.777771
62,75,3584,175.2064667,492.2829285
62,76,0,0.0,0.0
62,77,1549,16.86055565,490.5293884
62,78,0,0.0,0.0
62,79,523,454.0783997,356.4665527
62,80,920,425.1956482,341.2652283
62,81,0,0.0,0.0
62,82,1148,420.1820679,299.0322266
62,83,0,0.0,0.0
62,84,2171,477.9359741,32.4744339
62,85,0,0.0,0.0
62,86,2533,489.6004639,375.9088135
62,87,442,467.4004517,105.0769196
62,88,3564,121.3215485,39.39534378
62,89,4646,246.3437347,58.71437836
62,90,1359,148.3745422,73.07946777
62,91,2919,454.1699219,202.2408295
62,92,4437,474.7955933,256.497406
62,93,0,0.0,0.0
62,94,2572,289.9692993,17.82581711
62,95,0,0.0,0.0
62,96,1486,495.6332397,198.7065887
62,97,4852,471.950531,316.2702026
62,98,1264,481.839386,64.7879715
62,99,882,229.1213226,9.62925148
62,100,2959,493.4055481,465.4065552
62,101,1773,494.288208,91.57416534
62,102,289,483.9965515,417.6816711
62,103,1289,114.5306473,7.46935606
62,104,5336,323.3058472,65.60457611
62,105,1893,496.5800171,146.6059113
62,106,549,499.8652039,10.00910759
62,107,1545,195.6854401,30.03430367
62,108,967,172.0620422,11.18614292
62,109,390,503.3410339,414.6230774
62,110,3,511.0,274.0
62,111,10,511.0,33.5
62,112,0,0.0,0.0
62,113,1339,36.22927475,86.2569046
62,114,0,0.0,0.0
62,115,0,0.0,0.0
62,116,421,7.076009274,71.78385162
62,117,0,0.0,0.0
62,118,0,0.0,0.0
62,119,0,0.0,0.0
62,120,0,0.0,0.0
62,121,0,0.0,0.0
62,122,0,0.0,0.0
62,123,0,0.0,0.0
62,124,0,0.0,0.0
62,125,421,6.847980976,362.7695923
62,126,0,0.0,0.0
62,127,0,0.0,0.0
62,128,0,0.0,0.0
62,129,0,0.0,0.0
62,130,0,0.0,0.0
62,131,0,0.0,0.0
62,132,0,0.0,0.0
62,133,4492,25.8194561,303.868866
63,0,0,0.0,0.0
63,1,5534,40.356884,35.32020187
63,2,2587,15.52647877,128.550827
63,3,641,98.12636566,70.26364899
63,4,630,172.0650787,46.76825333
63,5,4688,138.9921112,137.9656525
63,6,8612,224.0845337,114.9434509
63,7,1972,311.2124634,119.7241364
63,8,3452,333.7523193,155.51651
63,9,1224,385.9428101,133.6094818
63,10,7613,407.328125,61.73597717
63,11,1216,444.6735229,77.02960205
63,12,6695,78.19297791,124.7988052
63,13,5878,190.2312012,183.1180725
63,14,6424,366.9640503,204.1860199
63,15,4852,440.7532959,142.9890747
63,16,302,38.61589432,150.8874207
63,17,6145,259.0240784,202.2229462
63,18,1295,110.596138,191.7235565
63,19,912,82.97477722,187.8684235
63,20,284,409.2852173,119.3450699
63,21,4659,302.216156,245.3505096
63,22,975,143.9056396,211.9610291
63,23,0,0.0,0.0
63,24,1643,22.55203819,183.0535583
63,25,4543,403.7277222,248.383667
63,26,0,0.0,0.0
63,27,5885,44.60645676,228.4713745
63,28,8394,212.6028137,279.3220215
63,29,863,356.550415,278.3209839
63,30,8612,121.8471909,269.8181458
63,31,0,0.0,0.0
63,32,0,0.0,0.0
63,33,1035,69.23864746,291.5690918
63,34,7619,314.8797607,321.4155273
63,35,0,0.0,0.0
63,36,0,0.0,0.0
63,37,4945,201.13974,342.2262878
63,38,2099,384.6907959,320.0447693
63,39,3788,374.3772583,377.9112854
63,40,2325,163.3677368,368.9845276
63,41,3869,262.825531,377.9165039
63,42,8206,78.97367859,361.1157837
63,43,2000,317.8825073,392.9089966
63,44,0,0.0,0.0
63,45,0,0.0,0.0
63,46,406,389.6674805,423.5270996
63,47,5355,436.851532,419.7266235
63,48,2469,282.6075439,432.3924561
63,49,4654,347.4226379,439.811554
63,50,2040,25.07598114,398.5147095
63,51,2194,209.0405579,407.0811157
63,52,3025,143.2138824,407.0928955
63,53,0,0.0,0.0
63,54,633,463.0884705,461.1627197
63,55,1145,431.6864624,480.422699
63,56,3128,392.0984802,482.2346497
63,57,6460,239.7801819,465.4391785
63,58,3415,319.8919373,491.3745117
63,59,4440,118.4263535,465.5801697
63,60,1696,170.6686249,446.41745
63,61,6000,51.5878334,444.6873474
63,62,1560,461.1672974,498.9673157
63,63,0,0.0,0.0
63,64,0,0.0,0.0
63,65,0,0.0,0.0
63,66,1694,63.53778076,497.8093262
63,67,0,0.0,0.0
63,68,0,0.0,0.0
63,69,0,0.0,0.0
63,70,0,0.0,0.0
63,71,0,0.0,0.0
63,72,0,0.0,0.0
63,73,3663,363.4512634,21.22768211
63,74,1124,422.9679565,368.4430542
63,75,3234,176.8488007,492.9511414
63,76,0,0.0,0.0
63,77,1524,16.1496067,489.954071
63,78,0,0.0,0.0
63,79,415,453.7132568,356.053009
63,80,1160,423.6491394,340.116394
63,81,0,0.0,0.0
63,82,1106,417.4647522,298.3417664
63,83,0,0.0,0.0
63,84,2052,477.2992249,33.08869553
63,85,0,0.0,0.0
63,86,2541,488.8598938,375.9283752
63,87,443,466.977417,103.9277649
63,88,3651,120.2152863,41.46261215
63,89,4122,247.3486176,62.70184326
63,90,1216,148.2878265,74.96052551
63,91,3099,453.8396301,201.3543091
63,92,4452,473.2252808,255.7973938
63,93,0,0.0,0.0
63,94,3375,266.8515625,16.06370354
63,95,0,0.0,0.0
63,96,1408,496.4382019,199.7826691
63,97,4831,470.3378296,317.3612061
63,98,1263,480.74823,64.57086182
63,99,1,256.0,0.0
63,100,2914,493.5161438,464.4303284
63,101,1714,493.9399109,90.06768036
63,102,472,480.6864319,415.4830627
63,103,1460,114.4780807,8.130137444
63,104,5580,321.6073608,66.68871307
63,105,2064,495.8289795,144.9815826
63,106,637,498.5776978,10.51177406
63,107,1463,200.7539368,32.67327499
63,108,1207,175.3686829,12.88401031
63,109,403,503.789093,414.0471497
63,110,251,505.6772766,285.844635
63,111,42,510.1904907,35.83333206
63,112,30,0.0,412.7999878
63,113,1391,38.59669113,83.9575882
63,114,0,0.0,0.0
63,115,0,0.0,0.0
63,116,322,5.409937859,70.77950287
63,117,0,0.0,0.0
63,118,0,0.0,0.0
63,119,0,0.0,0.0
63,120,0,0.0,0.0
63,121,0,0.0,0.0
63,122,0,0.0,0.0
63,123,0,0.0,0.0
63,124,0,0.0,0.0
63,125,404,6.274752617,359.3316956
63,126,0,0.0,0.0
63,127,0,0.0,0.0
63,128,0,0.0,0.0
63,129,0,0.0,0.0
63,130,0,0.0,0.0
63,131,0,0.0,0.0
63,132,0,0.0,0.0
63,133,4380,26.14223671,303.2913208
64,0,0,0.0,0.0
64,1,5324,39.66529083,35.06498718
64,2,2632,15.66261387,131.0417938
64,3,924,99.16233826,73.37662506
64,4,941,181.9086151,44.07757568
64,5,5104,141.7733154,138.7919312
64,6,8588,226.9826508,116.0884933
64,7,2109,313.9857788,117.8079681
64,8,3527,333.7357483,156.2815399
64,9,1115,385.7713013,134.1901398
64,10,8071,407.2704773,61.97608566
64,11,1126,447.7566528,79.11367798
64,12,6291,79.26943207,125.6485443
64,13,5611,191.0752106,186.0236969
64,14,6946,366.9640198,206.7384033
64,15,4622,440.4880981,142.9798737
64,16,374,39.95186996,149.4759369
64,17,6164,260.0752869,202.168396
64,18,1281,110.0905533,191.0960236
64,19,939,82.38551331,187.2385559
64,20,347,407.8011475,117.8530273
64,21,3879,302.3374634,243.4181519
64,22,976,142.7633209,212.3791046
64,23,0,0.0,0.0
64,24,1684,23.72981071,184.0564117
64,25,3621,407.1944275,244.8144226
64,26,0,0.0,0.0
64,27,5764,44.91360092,228.8377838
64,28,8451,213.0302887,279.3161621
64,29,1182,369.7495728,281.6962891
64,30,8601,121.1674194,269.6652832
64,31,0,0.0,0.0
64,32,0,0.0,0.0
64,33,879,69.85210419,292.1046753
64,34,8594,317.4178467,318.5894775
64,35,0,0.0,0.0
64,36,0,0.0,0.0
64,37,5116,199.9745941,342.1553955
64,38,1244,387.9509583,319.6141357
64,39,3905,373.3856506,376.8012695
64,40,2283,161.5203705,368.6246033
64,41,4017,263.5880127,378.5056152
64,42,7834,78.23985291,360.4925842
64,43,1771,318.37323,392.4776917
64,44,0,0.0,0.0
64,45,0,0.0,0.0
64,46,384,390.5390625,426.0104065
64,47,5304,436.2739563,418.4415588
64,48,1873,287.9199219,430.4431458
64,49,4688,347.4104004,439.4163818
64,50,1524,29.6541996,397.8635254
64,51,2243,208.7775269,407.0481567
64,52,3059,141.8097382,405.9892273
64,53,0,0.0,0.0
64,54,610,459.6114807,463.8262329
64,55,1041,430.5686951,479.5101013
64,56,3142,392.7119751,482.5378723
64,57,7126,241.3770752,464.1584473
64,58,3444,320.3995361,490.3379822
64,59,4818,117.8432922,465.6369934
64,60,1682,170.792511,444.8912048
64,61,5636,53.44836807,445.4382629
64,62,2024,467.0509033,498.3863525
64,63,0,0.0,0.0
64,64,0,0.0,0.0
64,65,0,0.0,0.0
64,66,1578,61.74334717,498.243988
64,67,0,0.0,0.0
64,68,0,0.0,0.0
64,69,0,0.0,0.0
64,70,0,0.0,0.0
64,71,0,0.0,0.0
64,72,0,0.0,0.0
64,73,3594,358.7270508,19.74679947
64,74,1162,418.993103,367.4328613
64,75,3072,176.8831329,492.9615784
64,76,0,0.0,0.0
64,77,1556,15.96272469,489.2634888
64,78,0,0.0,0.0
64,79,417,451.9856262,356.7194214
64,80,1361,421.0264587,336.9581299
64,81,0,0.0,0.0
64,82,1088,416.8952332,296.3345642
64,83,0,0.0,0.0
64,84,1946,475.5231323,33.95529175
64,85,0,0.0,0.0
64,86,2731,488.4349976,378.0450439
64,87,526,467.3954468,103.7946777
64,88,3934,120.4323807,41.21072769
64,89,4073,248.7294312,65.27989197
64,90,1257,150.3253784,75.29833221
64,91,3356,453.4970093,200.2729492
64,92,4406,472.3849182,255.7446594
64,93,0,0.0,0.0
64,94,3289,263.2788086,16.34812927
64,95,0,0.0,0.0
64,96,1331,496.8955688,201.8580017
64,97,4825,470.1946106,317.8866272
64,98,1196,482.0016785,65.21990204
64,99,0,0.0,0.0
64,100,2664,492.4677124,458.4053955
64,101,1547,495.0387878,89.81124878
64,102,386,479.0647583,418.7254028
64,103,1485,115.272728,7.81952858
64,104,5255,323.1404419,63.54519653
64,105,2164,495.7444458,145.3507385
64,106,701,497.5121155,10.72039986
64,107,2228,190.8608551,21.41337585
64,108,29,194.4827576,0.448275864
64,109,312,504.0192261,416.2307739
64,110,362,505.3646545,286.1436462
64,111,151,507.5430603,36.92715073
64,112,656,8.408536911,417.5457458
64,113,1378,40.25907135,86.49419403
64,114,0,0.0,0.0
64,115,0,0.0,0.0
64,116,539,8.016697884,71.99814606
64,117,0,0.0,0.0
64,118,0,0.0,0.0
64,119,0,0.0,0.0
64,120,0,0.0,0.0
64,121,0,0.0,0.0
64,122,0,0.0,0.0
64,123,0,0.0,0.0
64,124,0,0.0,0.0
64,125,640,8.917187691,364.9593811
64,126,0,0.0,0.0
64,127,0,0.0,0.0
64,128,0,0.0,0.0
64,129,0,0.0,0.0
64,130,0,0.0,0.0
64,131,0,0.0,0.0
64,132,0,0.0,0.0
64,133,4514,26.69782829,302.8349609
65,0,0,0.0,0.0
65,1,5367,39.622509,34.95192719
65,2,2710,16.08081245,128.748703
65,3,762,98.17191315,73.07349396
65,4,838,188.9868774,48.71121597
65,5,4844,141.4163971,138.98349
65,6,9006,229.5813904,117.4089508
65,7,1410,319.872345,117.2085114
65,8,3425,334.8160706,157.4531403
65,9,1166,386.1792603,135.0446014
65,10,7961,405.0823975,61.9358139
65,11,1367,445.6466675,77.35552216
65,12,6489,78.39944458,125.6249008
65,13,5331,189.097168,185.1776428
65,14,7382,366.3468018,210.0402374
65,15,4525,440.8855286,142.4179077
65,16,414,38.91304398,152.4565277
65,17,6791,259.3774109,201.9335938
65,18,1296,109.1851883,187.9220734
65,19,876,81.45205688,189.3812714
65,20,425,408.6846924,116.7247086
65,21,3504,301.2037659,245.2160339
65,22,1111,139.6876678,211.4086456
65,23,0,0.0,0.0
65,24,1638,22.66788673,184.5164795
65,25,3708,405.2038879,249.4563141
65,26,0,0.0,0.0
65,27,5725,44.37065506,229.0148468
65,28,8216,212.1755066,279.2932129
65,29,870,359.8827515,282.829895
65,30,8669,120.6474762,269.3425903
65,31,0,0.0,0.0
65,32,0,0.0,0.0
65,33,868,66.96543884,291.1555176
65,34,8358,313.8912354,319.8805847
65,35,0,0.0,0.0
65,36,0,0.0,0.0
65,37,5165,199.5326233,341.7364807
65,38,1402,382.0035706,321.3380737
65,39,4224,375.7604065,377.7175598
65,40,2253,161.2521057,367.7319031
65,41,4066,263.4414673,379.0629578
65,42,7780,76.2793045,359.2444763
65,43,1618,318.4833069,393.7280579
65,44,0,0.0,0.0
65,45,0,0.0,0.0
65,46,301,391.2923584,426.3587952
65,47,5567,436.3624878,421.0551453
65,48,1594,289.4140625,430.7559509
65,49,5050,348.1750488,440.9320679
65,50,1367,32.81858063,397.516449
65,51,2164,210.1719055,406.9662781
65,52,3478,141.4951172,405.0888367
65,53,0,0.0,0.0
65,54,517,459.9632568,463.3733215
65,55,963,430.6417542,479.9221191
65,56,2901,392.7735291,486.0361938
65,57,7436,242.6335449,463.411499
65,58,3198,319.7811279,491.7951965
65,59,5420,116.1180801,466.2441101
65,60,1622,172.1430359,446.1017151
65,61,5005,52.61498642,444.967041
65,62,2211,468.6897278,497.1017761
65,63,0,0.0,0.0
65,64,0,0.0,0.0
65,65,0,0.0,0.0
65,66,1625,57.94400024,498.3409119
65,67,0,0.0,0.0
65,68,0,0.0,0.0
65,69,0,0.0,0.0
65,70,0,0.0,0.0
65,71,0,0.0,0.0
65,72,0,0.0,0.0
65,73,3988,360.1775208,23.12537575
65,74,718,422.4039001,368.5334167
65,75,2875,177.7527008,493.3078308
65,76,0,0.0,0.0
65,77,1499,14.6884594,487.16745
65,78,0,0.0,0.0
65,79,454,450.8392029,360.3810425
65,80,1977,419.9028931,333.599884
65,81,0,0.0,0.0
65,82,926,414.7451477,293.8283081
65,83,0,0.0,0.0
65,84,1815,474.9818115,34.23526001
65,85,0,0.0,0.0
65,86,2483,488.8115234,377.788147
65,87,768,464.1328125,99.71484375
65,88,4097,121.2518921,42.09201813
65,89,3775,248.8466187,65.58171844
65,90,1350,148.4807434,77.01407623
65,91,3528,452.8628235,201.0430908
65,92,4470,471.5671082,257.0527954
65,93,0,0.0,0.0
65,94,3163,265.0913696,16.60923195
65,95,0,0.0,0.0
65,96,1315,497.2691956,203.9748993
65,97,4743,470.8323975,319.9987488
65,98,947,484.7497253,62.63780212
65,99,0,0.0,0.0
65,100,2525,492.9976196,456.1037598
65,101,1472,495.3627625,89.04959106
65,102,353,481.3796082,415.8555298
65,103,1471,116.0870132,7.727396488
65,104,5190,316.8471985,66.96550751
65,105,2277,495.7255249,145.5085602
65,106,760,495.8486938,10.37894726
65,107,2637,191.6719818,22.0018959
65,108,0,0.0,0.0
65,109,311,503.3987122,415.0643005
65,110,418,505.2177124,287.8851624
65,111,253,505.8893433,39.05138397
65,112,1065,10.85727692,414.1239319
65,113,1168,41.57534409,83.03510284
65,114,20,199.5,0.0
65,115,19,510.8421021,396.8421021
65,116,505,7.394059181,73.17029572
65,117,0,0.0,0.0
65,118,0,0.0,0.0
65,119,0,0.0,0.0
65,120,0,0.0,0.0
65,121,0,0.0,0.0
65,122,0,0.0,0.0
65,123,0,0.0,0.0
65,124,0,0.0,0.0
65,125,547,7.945155621,362.6234131
65,126,0,0.0,0.0
65,127,0,0.0,0.0
65,128,0,0.0,0.0
65,129,0,0.0,0.0
65,130,0,0.0,0.0
65,131,0,0.0,0.0
65,132,0,0.0,0.0
65,133,4283,25.81694984,302.6726685
66,0,0,0.0,0.0
66,1,5466,40.09440231,36.66300583
66,2,2702,16.19763184,131.5355225
66,3,722,97.18421173,77.48753357
66,4,767,186.8552856,49.58279037
66,5,5233,142.6531677,139.083313
66,6,8983,232.4486237,120.2925491
66,7,996,320.1606445,123.1455841
66,8,3453,334.2209778,159.0706635
66,9,966,385.4430542,133.8374786
66,10,8232,404.0044861,63.33345413
66,11,1062,443.3022461,75.57533264
66,12,6527,78.64072418,127.5677948
66,13,5617,189.8296204,189.7493286
66,14,6815,364.9008179,208.2622223
66,15,4496,440.7253113,142.4775391
66,16,271,42.00738144,150.9852448
66,17,6297,261.5956726,202.2358246
66,18,1252,108.5263596,190.6837006
66,19,838,79.73747253,188.1622925
66,20,424,411.0,116.3985825
66,21,2940,302.7513733,243.5316315
66,22,869,139.3486786,211.1231232
66,23,0,0.0,0.0
66,24,1730,23.73988533,184.670517
66,25,3909,406.5802002,240.1273956
66,26,0,0.0,0.0
66,27,5882,44.96854782,230.8833771
66,28,7841,214.5092468,277.84021
66,29,1462,362.283844,281.2968445
66,30,8630,121.3220139,269.2460022
66,31,0,0.0,0.0
66,32,0,0.0,0.0
66,33,782,67.84398651,292.5933533
66,34,8791,313.7880859,319.223877
66,35,0,0.0,0.0
66,36,0,0.0,0.0
66,37,5710,198.2176819,340.0134888
66,38,1277,383.6123657,323.95224
66,39,4375,374.2738342,380.2077637
66,40,2055,158.7566986,367.0622864
66,41,4075,264.4250183,379.5671082
66,42,7583,73.85058594,358.9210205
66,43,1452,317.7162476,395.9524841
66,44,0,0.0,0.0
66,45,0,0.0,0.0
66,46,226,388.6327515,428.2433777
66,47,5382,434.4654541,420.7688599
66,48,1917,286.7527466,432.7944641
66,49,4755,346.0328064,442.3320618
66,50,1059,35.81491852,400.2228394
66,51,2239,210.2067871,404.4167175
66,52,3942,139.977417,404.5415955
66,53,0,0.0,0.0
66,54,570,459.4596558,463.7315674
66,55,1196,428.2391357,480.4122009
66,56,2887,389.2237549,484.3051758
66,57,7242,241.7624969,465.2927246
66,58,2868,319.9972229,492.209198
66,59,5774,115.2204742,469.6539612
66,60,1821,173.375061,447.5952759
66,61,4963,52.75216675,445.0864258
66,62,2323,468.5368042,496.8174744
66,63,0,0.0,0.0
66,64,0,0.0,0.0
66,65,0,0.0,0.0
66,66,1212,54.77887726,497.4785461
66,67,0,0.0,0.0
66,68,0,0.0,0.0
66,69,0,0.0,0.0
66,70,0,0.0,0.0
66,71,0,0.0,0.0
66,72,0,0.0,0.0
66,73,3232,354.3539734,17.96163368
66,74,832,420.4699402,366.3798218
66,75,2500,179.8899994,494.7824097
66,76,0,0.0,0.0
66,77,1630,16.03496933,488.1067505
66,78,0,0.0,0.0
66,79,575,451.1826172,360.6365356
66,80,2171,419.3362427,327.8254395
66,81,0,0.0,0.0
66,82,812,414.5455627,291.6847229
66,83,0,0.0,0.0
66,84,1707,474.0925598,34.48682022
66,85,0,0.0,0.0
66,86,1945,485.5382996,375.0483398
66,87,639,463.6072083,101.1877899
66,88,4205,118.7800217,43.85707474
66,89,3912,245.8335876,65.45807648
66,90,1331,154.3275757,74.31855774
66,91,3441,452.3406067,201.1935425
66,92,4487,471.4807129,256.8444519
66,93,0,0.0,0.0
66,94,3442,263.5081482,17.48750687
66,95,0,0.0,0.0
66,96,1329,496.5951843,203.9142151
66,97,4536,472.0337219,320.8573608
66,98,1275,478.1051025,67.10274506
66,99,0,0.0,0.0
66,100,2429,492.6500549,455.8126831
66,101,1472,494.7568054,89.88587189
66,102,460,477.8456421,413.8630371
66,103,1634,115.6842117,8.366584778
66,104,6229,323.3491821,67.48130035
66,105,2331,495.5800171,145.300293
66,106,841,493.2402039,9.846611023
66,107,1816,189.4812775,27.24118996
66,108,0,0.0,0.0
66,109,488,501.2356567,414.4098511
66,110,476,504.210083,288.119751
66,111,379,504.5145264,39.74406433
66,112,1232,11.3839283,412.3181763
66,113,935,39.74545288,87.74224854
66,114,633,184.6824646,5.957345963
66,115,425,505.7952881,387.0705872
66,116,692,9.906069756,73.27167511
66,117,29,368.0344849,510.620697
66,118,0,0.0,0.0
66,119,0,0.0,0.0
66,120,0,0.0,0.0
66,121,0,0.0,0.0
66,122,0,0.0,0.0
66,123,0,0.0,0.0
66,124,0,0.0,0.0
66,125,580,8.444828033,365.5482788
66,126,0,0.0,0.0
66,127,0,0.0,0.0
66,128,0,0.0,0.0
66,129,0,0.0,0.0
66,130,0,0.0,0.0
66,131,0,0.0,0.0
66,132,0,0.0,0.0
66,133,4204,25.80708885,303.7533264
67,0,0,0.0,0.0
67,1,5687,38.35976791,38.05028915
67,2,2739,16.28587151,130.8010254
67,3,738,97.83875275,76.92818451
67,4,1008,191.2797546,48.33730316
67,5,5269,143.3251038,139.2700653
67,6,8427,234.7219696,123.16922
67,7,938,318.3539429,123.7910461
67,8,3001,335.8187256,157.6401215
67,9,921,385.75354,139.463623
67,10,8832,402.5501709,67.33355713
67,11,764,449.2657166,65.50261688
67,12,6289,80.24248505,128.7676849
67,13,7140,201.861908,191.127594
67,14,7068,364.3449402,209.7985229
67,15,3831,442.0005188,146.4434814
67,16,311,40.98392105,147.8424377
67,17,4840,274.7900696,203.397522
67,18,1219,111.2346191,191.387207
67,19,930,80.83763123,189.531189
67,20,968,417.7427673,119.3822327
67,21,2492,304.3346558,240.9554596
67,22,886,145.6772003,214.1681671
67,23,0,0.0,0.0
67,24,1762,24.04710579,184.5919342
67,25,3470,405.4971313,244.489624
67,26,0,0.0,0.0
67,27,6024,45.41600418,231.6459198
67,28,7625,214.6670227,277.2937622
67,29,1202,362.1164856,280.9941711
67,30,8488,122.9224777,268.2319641
67,31,0,0.0,0.0
67,32,0,0.0,0.0
67,33,914,71.04923248,294.2943115
67,34,9182,312.5585938,317.8634338
67,35,0,0.0,0.0
67,36,0,0.0,0.0
67,37,5774,198.6761322,338.7913208
67,38,1407,383.0042725,321.3397217
67,39,4660,375.2776794,378.6785278
67,40,2194,159.8751068,367.9056396
67,41,4153,263.9164429,380.2747498
67,42,7370,72.30908966,357.9118042
67,43,1375,315.8487244,396.852356
67,44,0,0.0,0.0
67,45,0,0.0,0.0
67,46,360,389.4138794,431.0055542
67,47,5527,436.474762,422.4858093
67,48,1088,293.1948547,434.0165405
67,49,4907,345.7477112,442.6005554
67,50,973,37.43576431,401.0472717
67,51,2314,209.496109,405.3063965
67,52,4074,136.4572906,403.4960632
67,53,0,0.0,0.0
67,54,455,458.1648254,463.8527527
67,55,1361,427.4261475,481.1653137
67,56,1829,386.0956726,478.7052917
67,57,7816,244.9536896,463.4837646
67,58,2809,319.3738098,492.086853
67,59,5999,115.3960648,469.2775574
67,60,2013,174.4451141,448.8390503
67,61,4847,52.07839966,445.4988708
67,62,2309,470.1212769,496.1922913
67,63,0,0.0,0.0
67,64,0,0.0,0.0
67,65,0,0.0,0.0
67,66,1155,55.77835464,498.0692749
67,67,0,0.0,0.0
67,68,0,0.0,0.0
67,69,0,0.0,0.0
67,70,0,0.0,0.0
67,71,0,0.0,0.0
67,72,0,0.0,0.0
67,73,3545,353.7052307,18.59464073
67,74,651,424.8571472,374.0215149
67,75,2247,180.6893616,495.9332581
67,76,0,0.0,0.0
67,77,1691,16.08752251,487.8143005
67,78,0,0.0,0.0
67,79,569,450.8681946,363.0632629
67,80,2471,421.2675171,327.9393005
67,81,0,0.0,0.0
67,82,865,415.1456604,288.9468079
67,83,0,0.0,0.0
67,84,1708,473.0491943,31.57494164
67,85,0,0.0,0.0
67,86,1865,484.875061,375.8391418
67,87,825,459.3406067,100.8060608
67,88,4376,118.5116577,44.51668167
67,89,3794,246.1317902,66.84896851
67,90,1620,161.2166595,76.19567871
67,91,3543,450.2192993,201.4586487
67,92,4514,471.7237549,256.8544617
67,93,0,0.0,0.0
67,94,3278,263.4960327,18.59304428
67,95,0,0.0,0.0
67,96,1351,495.3878479,203.3856354
67,97,4367,472.6214905,322.4813232
67,98,1092,476.8992615,67.2142868
67,99,0,0.0,0.0
67,100,2403,492.4831543,455.4527588
67,101,1639,493.8059692,88.48322296
67,102,233,483.4592285,410.1630859
67,103,1580,115.5632935,8.487975121
67,104,6028,321.9483948,68.50348663
67,105,2442,495.210907,145.493454
67,106,781,494.7989807,10.05377674
67,107,1596,189.0682983,27.54072762
67,108,0,0.0,0.0
67,109,341,502.2961731,418.0087891
67,110,568,504.1302795,290.7658386
67,111,443,503.9571228,39.66817093
67,112,1204,11.4601326,413.229248
67,113,1135,43.85638809,88.88193512
67,114,958,187.9916534,7.332985401
67,115,593,504.8920593,389.7402954
67,116,407,8.668304443,76.5921402
67,117,867,392.1868591,504.5593872
67,118,1,511.0,511.0
67,119,0,0.0,0.0
67,120,0,0.0,0.0
67,121,0,0.0,0.0
67,122,0,0.0,0.0
67,123,0,0.0,0.0
67,124,0,0.0,0.0
67,125,680,8.560294151,366.3470459
67,126,0,0.0,0.0
67,127,0,0.0,0.0
67,128,0,0.0,0.0
67,129,0,0.0,0.0
67,130,0,0.0,0.0
67,131,0,0.0,0.0
67,132,0,0.0,0.0
67,133,4139,26.12249374,303.156311
68,0,0,0.0,0.0
68,1,5460,38.21135712,37.06867981
68,2,2993,17.22819901,129.9007721
68,3,745,101.6134262,77.91543579
68,4,1173,194.3461151,48.13725662
68,5,5588,144.63797,139.6605225
68,6,8839,235.3718719,124.5852509
68,7,823,320.2770386,122.7922211
68,8,2968,337.1058044,158.9855194
68,9,806,386.3573303,144.0930481
68,10,9628,403.2510376,72.51308441
68,11,430,451.8279114,56.72325516
68,12,6176,80.78465271,129.3455353
68,13,7220,204.7371216,193.0102539
68,14,7366,364.2576599,212.7130127
68,15,3480,441.9560242,148.0953979
68,16,312,40.72756577,149.3333282
68,17,4175,276.89151,204.5968933
68,18,1482,111.7672043,194.9959564
68,19,846,79.21276855,188.8936157
68,20,881,426.1520996,123.0363235
68,21,2256,303.6560364,240.9423828
68,22,701,145.5649109,214.6818848
68,23,0,0.0,0.0
68,24,1693,24.62669754,185.036026
68,25,3223,406.8510742,244.1985779
68,26,0,0.0,0.0
68,27,6159,45.91573334,232.1263123
68,28,7547,217.0384216,275.7307434
68,29,1086,362.2025757,281.7559814
68,30,8553,123.9127808,270.1817017
68,31,0,0.0,0.0
68,32,0,0.0,0.0
68,33,910,70.73956299,295.7252808
68,34,9493,311.9301453,318.6470947
68,35,0,0.0,0.0
68,36,0,0.0,0.0
68,37,5760,197.4548645,338.9128418
68,38,1124,378.8514099,321.9724121
68,39,4609,374.4584656,380.9175415
68,40,2078,159.4687195,367.1453247
68,41,4124,263.5225525,380.5460815
68,42,7135,71.18107605,357.5506592
68,43,1176,314.751709,397.3469238
68,44,0,0.0,0.0
68,45,0,0.0,0.0
68,46,448,394.6183167,436.21875
68,47,5352,437.8852844,421.4605713
68,48,950,294.6347351,433.0042114
68,49,5055,345.6730042,442.5604248
68,50,1030,36.63301086,401.5689392
68,51,2156,210.7240295,404.0032349
68,52,4319,135.566803,401.8930359
68,53,0,0.0,0.0
68,54,417,459.0455627,464.6378784
68,55,1484,427.9036255,480.3281555
68,56,1606,385.7073364,477.3941345
68,57,7821,247.6394348,463.4004517
68,58,2627,319.5249329,492.3791504
68,59,6231,115.6191635,468.147644
68,60,2333,177.8208313,448.1474609
68,61,4659,50.60807037,445.1011047
68,62,2192,469.3166199,496.9174194
68,63,0,0.0,0.0
68,64,0,0.0,0.0
68,65,0,0.0,0.0
68,66,1580,52.43607712,498.6911316
68,67,0,0.0,0.0
68,68,0,0.0,0.0
68,69,0,0.0,0.0
68,70,0,0.0,0.0
68,71,0,0.0,0.0
68,72,0,0.0,0.0
68,73,4053,355.43573,19.5094986
68,74,618,423.606781,371.8527527
68,75,2196,181.989975,496.2199402
68,76,0,0.0,0.0
68,77,1345,13.10557652,485.6736145
68,78,0,0.0,0.0
68,79,647,450.0679932,363.768158
68,80,3460,422.2089539,324.9893188
68,81,0,0.0,0.0
68,82,951,411.0389099,288.37854
68,83,0,0.0,0.0
68,84,1612,473.6743164,30.34429359
68,85,0,0.0,0.0
68,86,1561,484.190918,375.6303711
68,87,1020,459.7039185,98.79216003
68,88,4600,118.1913071,44.77260971
68,89,3796,246.3119049,66.78424835
68,90,1276,160.9271088,75.74765015
68,91,3552,451.8502197,201.2561951
68,92,4373,471.8696594,256.9876404
68,93,0,0.0,0.0
68,94,3389,262.2918396,19.78400803
68,95,0,0.0,0.0
68,96,1342,495.973175,203.5141602
68,97,3860,476.3207397,324.923584
68,98,1002,476.7894287,65.27345276
68,99,0,0.0,0.0
68,100,2525,491.9607849,456.2162476
68,101,1574,494.2611084,86.96696472
68,102,296,484.7803955,407.6148682
68,103,1485,113.9622879,8.195960045
68,104,5864,320.6261902,70.91132355
68,105,2491,495.0774841,144.9056549
68,106,748,495.2807617,9.993315697
68,107,1242,180.8945313,28.04669952
68,108,0,0.0,0.0
68,109,340,501.6617737,418.2558899
68,110,717,503.2803345,291.7866211
68,111,507,503.254425,39.70611572
68,112,1232,10.84902573,411.9586182
68,113,956,53.1736412,87.62133789
68,114,1146,188.099472,8.576788902
68,115,650,504.9015503,388.6569214
68,116,716,14.77793312,77.48603058
68,117,1052,389.3327026,503.5817566
68,118,9,509.8888855,510.222229
68,119,0,0.0,0.0
68,120,0,0.0,0.0
68,121,1,0.0,0.0
68,122,0,0.0,0.0
68,123,0,0.0,0.0
68,124,0,0.0,0.0
68,125,661,9.084719658,363.6747437
68,126,0,0.0,0.0
68,127,0,0.0,0.0
68,128,0,0.0,0.0
68,129,0,0.0,0.0
68,130,0,0.0,0.0
68,131,0,0.0,0.0
68,132,0,0.0,0.0
68,133,4001,25.56535912,303.1314697
69,0,0,0.0,0.0
69,1,4920,37.63394165,34.90304947
69,2,3097,17.61543465,130.6160736
69,3,944,99.34322357,80.1144104
69,4,727,187.1760712,55.40852737
69,5,5625,145.6195526,141.471283
69,6,8963,235.9042664,124.9491272
69,7,566,318.853363,127.9116592
69,8,3145,337.5841064,159.2950745
69,9,970,391.6278381,143.4185638
69,10,9299,403.0392456,71.51134491
69,11,391,452.0281372,53.67007828
69,12,5898,81.02153015,130.326889
69,13,7491,208.4255829,194.5463867
69,14,7469,364.7173767,214.3825073
69,15,3288,442.2916565,148.965332
69,16,338,44.77810669,148.4644928
69,17,3482,280.6731873,204.0295868
69,18,1711,112.5634155,196.067215
69,19,877,79.09806061,189.7058105
69,20,1005,426.686554,120.9452744
69,21,2238,300.6528015,241.6550446
69,22,659,149.7708588,217.8179016
69,23,0,0.0,0.0
69,24,1652,25.161623,184.6622314
69,25,3002,405.9730225,246.1155853
69,26,0,0.0,0.0
69,27,6241,44.58676529,233.3981781
69,28,7521,217.3663025,274.8823242
69,29,1069,359.928894,283.1150513
69,30,8408,123.2960281,270.0384216
69,31,0,0.0,0.0
69,32,0,0.0,0.0
69,33,1045,79.76171875,304.383728
69,34,9252,312.6332703,318.6187744
69,35,0,0.0,0.0
69,36,0,0.0,0.0
69,37,6103,199.1158447,338.5249939
69,38,1050,378.1923828,323.255249
69,39,4652,373.3802795,382.3035278
69,40,2123,159.6966553,368.7522278
69,41,4103,265.2617493,381.0543518
69,42,6827,71.36868286,357.5350952
69,43,1150,314.6478271,399.2399902
69,44,0,0.0,0.0
69,45,0,0.0,0.0
69,46,590,397.1135559,439.2033997
69,47,5071,439.0765076,420.8670959
69,48,871,295.3788757,433.8909302
69,49,4903,345.8123474,443.5263977
69,50,883,40.49943542,399.7927551
69,51,2318,210.6242523,404.5220032
69,52,4105,134.2333679,401.524231
69,53,0,0.0,0.0
69,54,415,457.0337219,465.0096436
69,55,1536,426.5039063,481.3125
69,56,1581,386.0682983,477.3111877
69,57,7868,248.3210449,464.1624451
69,58,2574,319.7478638,492.5392456
69,59,6394,115.7563324,467.6843872
69,60,2356,178.7126465,448.057312
69,61,4635,51.62200546,444.8677368
69,62,1806,464.1489563,494.8903503
69,63,0,0.0,0.0
69,64,0,0.0,0.0
69,65,0,0.0,0.0
69,66,509,68.90177155,504.6168823
69,67,0,0.0,0.0
69,68,0,0.0,0.0
69,69,0,0.0,0.0
69,70,0,0.0,0.0
69,71,0,0.0,0.0
69,72,0,0.0,0.0
69,73,4268,355.0489807,19.02460098
69,74,668,420.696106,373.026947
69,75,2110,180.8298645,496.1867371
69,76,0,0.0,0.0
69,77,2402,25.42922592,489.4775085
69,78,0,0.0,0.0
69,79,736,451.6385803,362.4361267
69,80,4114,420.4667053,324.162384
69,81,0,0.0,0.0
69,82,675,417.4814758,281.5911255
69,83,0,0.0,0.0
69,84,1571,474.1005859,28.37110138
69,85,0,0.0,0.0
69,86,1439,482.9666443,375.1702576
69,87,1212,459.0544434,99.93811798
69,88,4814,116.6925659,45.58392334
69,89,3856,244.3560638,66.34673309
69,90,1183,159.4226532,77.50634003
69,91,3748,451.6502075,201.6955719
69,92,4285,470.8485413,257.6721191
69,93,0,0.0,0.0
69,94,3339,263.3722534,21.43186569
69,95,0,0.0,0.0
69,96,1361,495.9118347,203.949295
69,97,3472,477.7836914,325.0224609
69,98,1160,475.5586243,64.42758942
69,99,0,0.0,0.0
69,100,2611,491.7361145,456.0563049
69,101,1551,494.0444946,86.33139801
69,102,309,484.6472473,405.142395
69,103,1522,112.2312775,8.147174835
69,104,6011,319.9409485,74.11911774
69,105,2433,495.0789185,144.44841
69,106,626,496.7236328,9.21086216
69,107,1461,183.9794617,32.03285599
69,108,0,0.0,0.0
69,109,393,499.4809265,417.002533
69,110,896,502.4966431,292.9397278
69,111,545,503.2972412,38.58531952
69,112,1449,12.86749458,412.9648132
69,113,998,51.61723328,87.49098206
69,114,1467,190.4226379,9.79686451
69,115,694,504.8919373,387.4495544
69,116,965,15.78134727,74.32228088
69,117,1038,388.0934448,503.5404663
69,118,360,498.7527771,504.8444519
69,119,0,0.0,0.0
69,120,0,0.0,0.0
69,121,5,0.200000003,1.200000048
69,122,24,510.75,228.75
69,123,0,0.0,0.0
69,124,0,0.0,0.0
69,125,702,9.213675499,364.4629517
69,126,0,0.0,0.0
69,127,0,0.0,0.0
69,128,0,0.0,0.0
69,129,0,0.0,0.0
69,130,0,0.0,0.0
69,131,0,0.0,0.0
69,132,0,0.0,0.0
69,133,3955,25.9549942,304.5742188
70,0,0,0.0,0.0
70,1,5004,37.61130905,35.45024109
70,2,3115,18.14125252,130.7367554
70,3,1025,103.0809784,82.17853546
70,4,888,192.9076538,57.84234238
70,5,5940,148.1146393,140.5498352
70,6,8675,237.5789032,123.4891052
70,7,687,318.3333435,129.6346436
70,8,3275,336.8448792,161.1642761
70,9,890,391.6336975,142.4685364
70,10,9370,403.1659546,72.23490143
70,11,559,455.6636963,54.82468796
70,12,5723,81.4069519,130.9042511
70,13,7151,208.2075195,194.3058319
70,14,7633,362.590332,217.2866516
70,15,3305,440.6801758,148.0302582
70,16,467,46.24625397,145.7794495
70,17,3595,277.9869385,203.7248993
70,18,1418,110.733429,194.3540192
70,19,896,79.61830139,190.1071472
70,20,833,427.1944885,121.0
70,21,2083,300.0172729,239.6020203
70,22,1003,147.7467651,215.6660004
70,23,0,0.0,0.0
70,24,1684,24.92220879,185.0374146
70,25,2840,407.6700745,242.4267578
70,26,0,0.0,0.0
70,27,6402,45.58169174,234.0470123
70,28,6855,221.337265,272.8565979
70,29,1003,367.3788757,284.946167
70,30,8352,125.3405151,268.8613586
70,31,0,0.0,0.0
70,32,0,0.0,0.0
70,33,1207,89.02236938,309.4026489
70,34,9000,312.8781128,318.4996643
70,35,0,0.0,0.0
70,36,0,0.0,0.0
70,37,6610,199.5338898,335.5673218
70,38,1322,378.3207397,320.0060425
70,39,4975,373.8054199,382.8862305
70,40,2130,160.326767,367.8572693
70,41,4383,266.8987122,380.4950867
70,42,6460,70.45789337,356.9105225
70,43,852,316.8650208,399.150238
70,44,0,0.0,0.0
70,45,0,0.0,0.0
70,46,583,398.7358398,441.1852417
70,47,4924,441.0237732,420.3096924
70,48,606,298.367981,432.1303711
70,49,4901,345.8435059,443.5621338
70,50,832,45.77884674,400.3605652
70,51,2293,211.1674652,404.6690063
70,52,4233,133.0961456,399.8953552
70,53,0,0.0,0.0
70,54,321,457.3644714,464.9002991
70,55,2044,425.8111572,480.3679199
70,56,1332,383.8348389,477.7372437
70,57,8329,250.4331818,463.4163818
70,58,2436,321.0525513,492.4646912
70,59,6500,115.0615387,467.3107605
70,60,2552,178.6124573,448.6402893
70,61,4708,50.87192154,446.6183167
70,62,1599,463.6804199,492.9393311
70,63,0,0.0,0.0
70,64,0,0.0,0.0
70,65,0,0.0,0.0
70,66,539,66.91651154,504.0890503
70,67,0,0.0,0.0
70,68,0,0.0,0.0
70,69,0,0.0,0.0
70,70,0,0.0,0.0
70,71,0,0.0,0.0
70,72,0,0.0,0.0
70,73,4478,356.1462708,19.75882149
70,74,615,422.4325256,374.4715576
70,75,2020,180.3178253,497.1307068
70,76,0,0.0,0.0
70,77,2188,21.80393028,488.9926758
70,78,0,0.0,0.0
70,79,759,449.6864319,363.7127686
70,80,4292,421.9198608,322.3446045
70,81,0,0.0,0.0
70,82,418,422.5406799,279.7870789
70,83,0,0.0,0.0
70,84,1598,474.4386597,25.42553139
70,85,0,0.0,0.0
70,86,1327,482.9668274,375.4355774
70,87,1188,459.5808105,100.1136398
70,88,5041,116.5502853,45.50783539
70,89,3171,247.948288,66.63040161
70,90,1252,163.0822754,76.95367432
70,91,4226,452.1221008,200.9029846
70,92,4193,470.39328,257.8399658
70,93,0,0.0,0.0
70,94,3398,264.8446045,23.07004166
70,95,0,0.0,0.0
70,96,1111,497.5895691,206.9586029
70,97,3263,478.429657,327.5853577
70,98,944,475.1938477,64.71186066
70,99,0,0.0,0.0
70,100,2513,492.4966125,456.0445557
70,101,1646,493.9659729,85.33049774
70,102,274,484.8832092,406.9489136
70,103,1439,113.1111908,7.624044418
70,104,5677,318.5953979,75.41782379
70,105,2497,495.2242737,145.6976318
70,106,536,498.6100769,9.199626923
70,107,1495,186.0501709,34.04816055
70,108,0,0.0,0.0
70,109,348,501.379303,417.6034546
70,110,1117,501.4789734,293.8692932
70,111,593,502.9662781,38.55143356
70,112,1555,13.12218666,410.4437256
70,113,1013,47.93780899,86.98618317
70,114,1669,194.0611115,10.38166523
70,115,730,503.710968,388.3205566
70,116,815,13.54355812,74.52392578
70,117,1050,384.8209534,503.2428589
70,118,543,494.0828857,504.0239563
70,119,0,0.0,0.0
70,120,0,0.0,0.0
70,121,16,1.0,2.0
70,122,30,510.7000122,231.0
70,123,0,0.0,0.0
70,124,7,508.8571472,106.5714264
70,125,764,11.95811558,365.920166
70,126,0,0.0,0.0
70,127,0,0.0,0.0
70,128,0,0.0,0.0
70,129,0,0.0,0.0
70,130,0,0.0,0.0
70,131,0,0.0,0.0
70,132,0,0.0,0.0
70,133,3993,26.11870766,304.7034912
71,0,0,0.0,0.0
71,1,4052,40.03356552,39.47853088
71,2,3030,17.66204643,129.935318
71,3,1102,98.29219818,82.60072327
71,4,973,197.9886932,57.48304367
71,5,5886,146.1459351,140.7290192
71,6,9123,238.3249969,123.4034882
71,7,609,321.4384155,132.1773376
71,8,3226,339.426239,160.6326752
71,9,937,398.5069275,140.7598724
71,10,8840,404.3535156,73.66120148
71,11,517,453.1760254,54.06189728
71,12,5195,81.91761017,131.9907532
71,13,7058,207.8819733,193.0573883
71,14,7299,363.430603,215.2927856
71,15,3222,440.8125305,148.3057098
71,16,643,45.98911285,147.5349884
71,17,3588,276.5944824,205.102005
71,18,1638,110.0555573,196.8577576
71,19,838,77.57875824,188.7696838
71,20,610,430.6131287,118.5983582
71,21,2259,301.9588318,238.796814
71,22,1027,149.9289246,214.8334961
71,23,0,0.0,0.0
71,24,1713,25.16579056,184.681839
71,25,2408,407.6291504,240.7865448
71,26,0,0.0,0.0
71,27,6404,44.56948853,234.4942169
71,28,6541,222.4086456,271.2297668
71,29,1471,371.6172791,282.9163818
71,30,8481,125.3458328,269.5210571
71,31,0,0.0,0.0
71,32,0,0.0,0.0
71,33,1356,82.71607971,306.1710815
71,34,9188,312.9289246,319.2523804
71,35,0,0.0,0.0
71,36,0,0.0,0.0
71,37,6772,199.8499756,334.4038696
71,38,912,375.3815918,315.6195068
71,39,5172,374.8650513,382.0046387
71,40,1974,159.6747742,366.0997925
71,41,4656,267.8563232,381.6454163
71,42,6364,70.13262177,355.9528503
71,43,647,320.3585815,398.4559631
71,44,0,0.0,0.0
71,45,0,0.0,0.0
71,46,681,397.5917664,442.4786987
71,47,4889,441.3962097,422.3955688
71,48,637,299.6452026,431.3265381
71,49,4637,346.5410767,444.073761
71,50,1075,46.45023346,401.2521057
71,51,2294,210.0714874,404.7676697
71,52,4618,132.9315796,399.7427368
71,53,0,0.0,0.0
71,54,289,457.484436,466.3771667
71,55,2026,424.0774841,480.9955444
71,56,937,383.264679,475.3340454
71,57,8864,251.01828,464.2154846
71,58,2191,323.2565002,492.2222595
71,59,6417,114.0921021,467.5904541
71,60,2614,176.6315918,451.0684814
71,61,4478,51.05515671,448.6873474
71,62,1620,463.5783997,493.1932068
71,63,0,0.0,0.0
71,64,0,0.0,0.0
71,65,0,0.0,0.0
71,66,477,67.01467133,504.5178223
71,67,0,0.0,0.0
71,68,0,0.0,0.0
71,69,0,0.0,0.0
71,70,0,0.0,0.0
71,71,0,0.0,0.0
71,72,0,0.0,0.0
71,73,4824,358.8349915,19.67102051
71,74,544,423.0165405,377.3639832
71,75,1784,179.8323975,498.6625671
71,76,0,0.0,0.0
71,77,2215,21.14356613,488.3006897
71,78,0,0.0,0.0
71,79,1157,453.5211792,366.0613708
71,80,4553,420.807373,324.1144409
71,81,0,0.0,0.0
71,82,492,423.7215576,281.3353577
71,83,0,0.0,0.0
71,84,1533,474.640564,25.48336601
71,85,0,0.0,0.0
71,86,1083,485.8771973,373.3757935
71,87,1536,461.7506409,98.14388275
71,88,5232,114.4946518,44.84231567
71,89,3233,247.5162354,64.78379059
71,90,1394,160.1743164,75.65638733
71,91,4548,451.5554199,201.3199158
71,92,3867,466.9252625,258.6591797
71,93,0,0.0,0.0
71,94,3415,264.4720459,23.80614853
71,95,0,0.0,0.0
71,96,1045,498.5550232,202.2832489
71,97,2811,478.5418091,327.7819214
71,98,915,476.4633789,61.75737762
71,99,0,0.0,0.0
71,100,1923,489.5257263,447.3785706
71,101,1492,495.4336548,83.83779907
71,102,373,486.4504089,403.5013428
71,103,1303,110.3760529,6.788948536
71,104,5945,321.3608093,76.49671936
71,105,1544,494.7512817,155.6852264
71,106,505,498.7267456,8.748515129
71,107,1419,180.7455902,31.37843513
71,108,0,0.0,0.0
71,109,353,501.7705383,416.6062317
71,110,1556,500.5835571,290.1870117
71,111,620,502.7419434,37.8741951
71,112,1542,12.62451363,411.7535706
71,113,1150,48.76173782,88.62348175
71,114,1549,192.0587463,9.721755981
71,115,711,504.3333435,385.2503662
71,116,794,12.74055386,74.6297226
71,117,1315,383.244873,501.2707214
71,118,489,494.425354,504.206543
71,119,671,500.968689,481.5126648
71,120,8,280.5,0.0
71,121,765,14.68758202,10.70326805
71,122,221,506.4389038,230.6108551
71,123,0,0.0,0.0
71,124,841,495.1498108,121.9571915
71,125,768,11.63541698,364.731781
71,126,0,0.0,0.0
71,127,0,0.0,0.0
71,128,0,0.0,0.0
71,129,0,0.0,0.0
71,130,0,0.0,0.0
71,131,0,0.0,0.0
71,132,0,0.0,0.0
71,133,3631,24.57807732,305.7565308
72,0,0,0.0,0.0
72,1,3618,41.99281311,41.05859756
72,2,3011,18.37927628,130.7087402
72,3,1033,98.36205292,83.10455322
72,4,1101,198.5068054,58.9981842
72,5,6265,148.4518738,141.1730194
72,6,8993,240.427002,124.6122513
72,7,731,319.1874084,135.7058868
72,8,3093,340.9573364,161.0472107
72,9,956,398.592041,143.2541809
72,10,8758,405.6918335,74.53939056
72,11,543,454.786377,52.49171448
72,12,5062,82.25305939,132.1013489
72,13,7426,210.2230072,195.9480133
72,14,7165,364.2085266,215.9845123
72,15,2942,441.631897,148.3096466
72,16,590,46.97118759,150.032196
72,17,3189,279.0564575,206.8156128
72,18,1729,111.1266632,197.0451202
72,19,866,78.38221741,188.9122467
72,20,645,431.2062073,120.5457382
72,21,2316,302.4809875,238.6295319
72,22,818,148.4804382,215.3337402
72,23,0,0.0,0.0
72,24,1771,25.62958717,184.4968872
72,25,2323,408.4369202,236.6887665
72,26,0,0.0,0.0
72,27,6432,45.15096283,234.9031372
72,28,6305,222.782547,271.9190979
72,29,1343,380.2606201,281.7743835
72,30,8547,125.5944748,270.2632446
72,31,0,0.0,0.0
72,32,0,0.0,0.0
72,33,1240,83.84435272,308.2492065
72,34,9374,314.8229065,317.0141907
72,35,0,0.0,0.0
72,36,0,0.0,0.0
72,37,6595,200.5144806,333.3270569
72,38,857,377.243866,316.4480896
72,39,5300,375.3156738,383.2409363
72,40,2062,160.7807922,364.5009766
72,41,4773,268.3942871,380.5964661
72,42,5846,70.09322357,355.9057617
72,43,696,320.2155151,399.120697
72,44,0,0.0,0.0
72,45,0,0.0,0.0
72,46,582,395.329895,441.5635681
72,47,4836,441.3982544,421.2442017
72,48,564,299.4485779,427.8031921
72,49,4528,346.6797791,444.5865784
72,50,1120,45.97499847,401.8875122
72,51,2186,210.812439,403.786377
72,52,4918,131.6087799,397.7535706
72,53,0,0.0,0.0
72,54,493,458.752533,465.223114
72,55,2104,422.7005615,478.8393555
72,56,843,383.0889587,475.4816284
72,57,8925,252.9641418,463.7305298
72,58,2115,323.7669067,492.2241211
72,59,6335,114.2977142,467.1925659
72,60,2871,177.6847839,450.1730957
72,61,4441,50.21864319,449.4856873
72,62,1519,459.8262024,493.923645
72,63,0,0.0,0.0
72,64,0,0.0,0.0
72,65,0,0.0,0.0
72,66,622,65.73151398,503.8070679
72,67,0,0.0,0.0
72,68,0,0.0,0.0
72,69,0,0.0,0.0
72,70,0,0.0,0.0
72,71,0,0.0,0.0
72,72,0,0.0,0.0
72,73,5023,358.9733276,19.82799149
72,74,444,423.8738708,376.0
72,75,1893,179.7474976,498.8066711
72,76,0,0.0,0.0
72,77,2058,20.08649254,488.548584
72,78,0,0.0,0.0
72,79,1128,452.9884644,366.5381165
72,80,4754,421.0675354,322.9991455
72,81,0,0.0,0.0
72,82,439,425.2574158,279.6264343
72,83,0,0.0,0.0
72,84,1504,474.2120972,24.11236763
72,85,0,0.0,0.0
72,86,981,486.6309814,374.1488342
72,87,1321,461.1211243,99.42922211
72,88,5482,113.9489212,45.07880402
72,89,3011,247.8266296,65.77947235
72,90,1460,162.6719208,73.48972321
72,91,4682,452.3436584,202.157196
72,92,3577,467.5789795,258.4414368
72,93,0,0.0,0.0
72,94,2945,266.461792,29.06485558
72,95,0,0.0,0.0
72,96,935,499.3882446,201.3550873
72,97,2784,478.2999268,329.5373535
72,98,832,474.0697021,62.09975815
72,99,0,0.0,0.0
72,100,1751,489.1890259,446.9023438
72,101,1703,493.943634,83.31414795
72,102,313,485.5974426,402.9936218
72,103,1235,110.9012146,6.738461494
72,104,6036,321.9350586,79.02998352
72,105,1519,494.1896057,156.5628662
72,106,432,499.1550903,7.89120388
72,107,1054,182.3984833,31.90037918
72,108,0,0.0,0.0
72,109,462,502.2034607,418.0627747
72,110,1717,499.4635925,292.0005798
72,111,724,501.7058105,36.21408844
72,112,1526,13.46199226,412.0504456
72,113,1095,53.04931641,89.86483765
72,114,1949,192.6516113,11.16931725
72,115,691,503.9797363,385.3429871
72,116,1117,14.88630295,74.29543304
72,117,1329,382.0270996,501.027832
72,118,557,490.9766541,504.3734436
72,119,801,500.0361938,481.8551941
72,120,523,262.8068848,5.267686367
72,121,1047,17.45463181,12.63705826
72,122,302,505.2715149,230.4271545
72,123,0,0.0,0.0
72,124,949,494.7745056,122.5637512
72,125,1013,13.75616932,363.7581482
72,126,0,0.0,0.0
72,127,0,0.0,0.0
72,128,0,0.0,0.0
72,129,0,0.0,0.0
72,130,0,0.0,0.0
72,131,0,0.0,0.0
72,132,0,0.0,0.0
72,133,3730,25.13190269,304.9482422
73,0,0,0.0,0.0
73,1,3499,41.8465271,44.69762802
73,2,2962,18.74847984,131.850769
73,3,1353,99.97930145,86.07021332
73,4,959,198.8936462,56.28258514
73,5,6361,149.6937561,141.3181915
73,6,8984,242.9475708,125.7048111
73,7,787,323.6404114,134.2922516
73,8,2593,343.5325928,159.7875061
73,9,692,394.1416321,143.5317993
73,10,8764,404.7666626,74.78411865
73,11,704,452.484375,53.95738602
73,12,4668,83.25428772,132.567688
73,13,7607,211.3558502,196.9506989
73,14,7361,363.0449524,216.6797943
73,15,3297,438.0345764,147.8022461
73,16,791,48.64854431,151.5322418
73,17,3078,284.2322998,204.2098694
73,18,1844,112.2988052,197.6361237
73,19,854,77.46838379,188.717804
73,20,508,431.0944824,117.4055099
73,21,2168,299.9644775,237.4709473
73,22,836,153.52034,219.0598145
73,23,0,0.0,0.0
73,24,1791,25.954216,184.8431091
73,25,1741,409.4100952,228.7535858
73,26,0,0.0,0.0
73,27,6514,45.60024643,235.4639282
73,28,5907,227.2011108,272.4437256
73,29,1762,388.0885315,275.4682312
73,30,8685,128.1965485,269.9318237
73,31,0,0.0,0.0
73,32,0,0.0,0.0
73,33,1289,88.41815186,310.146637
73,34,8925,316.0173645,315.9378052
73,35,0,0.0,0.0
73,36,0,0.0,0.0
73,37,6738,200.7499237,332.3760681
73,38,1099,377.5168457,316.9972839
73,39,5565,375.8848267,384.3486023
73,40,2093,162.7238464,365.5446777
73,41,4973,269.5298462,379.5141907
73,42,4765,77.78510284,354.988678
73,43,653,320.623291,398.3889771
73,44,0,0.0,0.0
73,45,0,0.0,0.0
73,46,638,397.0266418,441.8605042
73,47,4267,443.4628601,419.2198181
73,48,295,301.1152649,422.0576172
73,49,4484,346.4118958,445.0631104
73,50,1039,47.23484039,402.3666992
73,51,2126,211.3278503,403.415802
73,52,4823,131.4422607,397.568512
73,53,0,0.0,0.0
73,54,241,464.5643005,458.8630676
73,55,3044,426.4264221,477.6054382
73,56,716,381.5014038,475.3840637
73,57,9382,255.9422302,463.1636047
73,58,1921,325.8068848,493.6121826
73,59,6325,114.4757309,467.1503601
73,60,3115,178.3341827,450.4115601
73,61,4327,50.98752213,449.0621643
73,62,1011,461.9673462,491.1829834
73,63,0,0.0,0.0
73,64,0,0.0,0.0
73,65,0,0.0,0.0
73,66,635,66.38110352,503.415741
73,67,0,0.0,0.0
73,68,0,0.0,0.0
73,69,0,0.0,0.0
73,70,0,0.0,0.0
73,71,0,0.0,0.0
73,72,0,0.0,0.0
73,73,4795,359.1268005,19.24462891
73,74,445,423.1168518,376.1078796
73,75,1799,180.1956635,499.1523132
73,76,0,0.0,0.0
73,77,2142,20.50420189,488.1045837
73,78,0,0.0,0.0
73,79,1072,450.9757385,368.6846924
73,80,4617,421.4230042,322.2269897
73,81,0,0.0,0.0
73,82,411,428.5352783,281.7469482
73,83,0,0.0,0.0
73,84,1588,474.6246948,23.17191505
73,85,0,0.0,0.0
73,86,972,485.1615295,374.5432129
73,87,1325,461.1607666,100.0294342
73,88,5673,111.4584885,44.08249664
73,89,2781,246.7414551,67.21395111
73,90,1610,164.1701813,74.53416443
73,91,4735,451.4561768,203.7486725
73,92,3235,465.5094299,258.4197693
73,93,0,0.0,0.0
73,94,3115,268.1964722,32.20674133
73,95,0,0.0,0.0
73,96,868,499.0414734,196.3006897
73,97,2940,478.0272217,330.5591736
73,98,732,476.0710449,59.9439888
73,99,0,0.0,0.0
73,100,1746,488.7920837,446.1867065
73,101,1748,492.4010315,82.3604126
73,102,347,487.4582214,402.9452515
73,103,1061,114.8934937,6.2808671
73,104,6023,321.9639587,79.75178528
73,105,1296,494.1790161,158.8981476
73,106,338,498.8076782,6.304733753
73,107,1053,182.2032318,33.30294418
73,108,0,0.0,0.0
73,109,448,503.4352722,418.4196472
73,110,1964,498.6929626,288.146637
73,111,759,502.5309753,34.94861603
73,112,1602,14.05742836,412.6616821
73,113,858,51.22027969,92.06526947
73,114,2098,192.5867462,11.80743599
73,115,650,504.466156,384.2692261
73,116,1110,15.17837811,77.90720367
73,117,1313,382.3762512,500.68927
73,118,739,487.0595398,503.702301
73,119,901,498.2108765,480.9189758
73,120,692,264.232666,6.108381271
73,121,1339,20.13741684,14.05153084
73,122,475,504.0231628,227.814743
73,123,0,0.0,0.0
73,124,1248,492.9527283,125.2556076
73,125,2153,25.26010132,363.1035767
73,126,0,0.0,0.0
73,127,0,0.0,0.0
73,128,0,0.0,0.0
73,129,0,0.0,0.0
73,130,0,0.0,0.0
73,131,0,0.0,0.0
73,132,0,0.0,0.0
73,133,3769,26.0238781,305.2650452
74,0,0,0.0,0.0
74,1,3821,37.36430359,47.30908203
74,2,2839,18.11025047,129.8960876
74,3,1382,101.474678,87.43343353
74,4,1108,203.4512634,57.36552429
74,5,6728,150.8159943,141.6267853
74,6,8744,244.596756,126.5871429
74,7,673,326.5958252,136.3343201
74,8,2358,346.9787903,158.9682007
74,9,854,397.9156799,142.5843048
74,10,8915,405.3434753,74.13314819
74,11,612,454.5947571,55.32026291
74,12,4454,83.32173157,135.0938416
74,13,7353,213.059433,198.2638397
74,14,7315,364.1172791,215.6367798
74,15,2950,439.4308472,148.8050842
74,16,850,44.90588379,150.524704
74,17,3317,288.7705688,198.5073853
74,18,2016,114.3333359,198.8055573
74,19,955,77.26596832,188.1790619
74,20,636,430.7059631,120.5204391
74,21,2161,301.7047729,237.8380432
74,22,884,161.1979675,224.9785004
74,23,0,0.0,0.0
74,24,1748,25.81750488,184.4353485
74,25,1391,408.1236572,235.9417725
74,26,0,0.0,0.0
74,27,6429,44.36537552,235.9038696
74,28,5937,226.9784393,271.7438049
74,29,1998,384.5405273,276.4399414
74,30,8619,126.2362213,270.2177734
74,31,0,0.0,0.0
74,32,0,0.0,0.0
74,33,1180,86.88389587,310.1152649
74,34,8417,316.2617188,315.3518982
74,35,0,0.0,0.0
74,36,0,0.0,0.0
74,37,6981,201.9278107,331.7041931
74,38,1047,374.7975159,316.3839417
74,39,5690,377.3882141,385.8920898
74,40,1836,163.559906,364.0495605
74,41,5468,271.7600708,379.2088623
74,42,4285,77.98016357,354.8331299
74,43,543,324.5377502,398.8066406
74,44,0,0.0,0.0
74,45,0,0.0,0.0
74,46,665,398.3714294,440.9383545
74,47,3622,445.1397095,418.3263245
74,48,315,305.1904907,422.2888794
74,49,4374,348.0612793,445.9664001
74,50,1101,51.33969116,404.2861023
74,51,2118,209.4542084,402.9825439
74,52,5380,131.2949829,395.8979492
74,53,0,0.0,0.0
74,54,658,459.311554,461.0410461
74,55,2865,424.9057617,477.2199097
74,56,566,386.4416809,474.0194397
74,57,9414,256.0398254,462.7664185
74,58,2014,324.9851074,493.1241455
74,59,6233,115.3983612,467.2096863
74,60,3173,179.4402771,452.7655334
74,61,4024,51.50944519,449.9664612
74,62,1026,466.1354675,490.8216248
74,63,0,0.0,0.0
74,64,0,0.0,0.0
74,65,0,0.0,0.0
74,66,753,66.91633606,502.5856628
74,67,0,0.0,0.0
74,68,0,0.0,0.0
74,69,0,0.0,0.0
74,70,0,0.0,0.0
74,71,0,0.0,0.0
74,72,0,0.0,0.0
74,73,4698,361.6292114,19.96424103
74,74,480,424.9562378,376.6958313
74,75,1598,179.6095123,500.6126404
74,76,0,0.0,0.0
74,77,2191,20.9109993,487.6051941
74,78,0,0.0,0.0
74,79,1408,454.8231506,369.734375
74,80,4685,420.7818604,322.9325562
74,81,0,0.0,0.0
74,82,470,428.9787292,282.6893616
74,83,0,0.0,0.0
74,84,1793,478.2453918,20.63134384
74,85,0,0.0,0.0
74,86,727,486.4332886,376.3273621
74,87,1394,461.9827881,99.78335571
74,88,5865,110.2675171,44.24143219
74,89,2862,247.1306763,66.00349426
74,90,1789,165.4851837,73.7372818
74,91,5010,451.0147705,202.6928101
74,92,3208,464.0461426,257.5205688
74,93,0,0.0,0.0
74,94,2965,267.6920776,31.51972961
74,95,0,0.0,0.0
74,96,689,500.3280029,196.1857758
74,97,2861,478.8678894,330.4176941
74,98,740,474.1851501,61.18918991
74,99,0,0.0,0.0
74,100,1628,488.6400452,443.3900452
74,101,1680,493.7696533,81.16963959
74,102,258,486.0697632,402.2286682
74,103,1094,115.3153534,6.730347157
74,104,6040,321.5774841,80.62351227
74,105,1290,493.7658997,160.2232513
74,106,4,504.0,0.25
74,107,760,179.6868439,33.74341965
74,108,0,0.0,0.0
74,109,562,502.1049805,417.322052
74,110,2099,497.9504395,287.6069641
74,111,823,502.176178,33.19441223
74,112,1715,15.29912567,414.0513
74,113,949,54.11169815,95.43940735
74,114,2184,191.8227997,12.14514637
74,115,674,504.1453857,382.6083069
74,116,757,18.98943138,84.10964203
74,117,1469,380.611969,499.3764343
74,118,541,492.3419495,504.2254944
74,119,1003,497.5314026,480.0348816
74,120,890,271.0584412,7.071909904
74,121,1296,21.07176018,13.00308609
74,122,511,503.7319031,225.9236755
74,123,165,447.8727417,507.9515076
74,124,1316,493.5113831,125.7097244
74,125,2437,26.85186768,362.4792786
74,126,0,0.0,0.0
74,127,0,0.0,0.0
74,128,0,0.0,0.0
74,129,0,0.0,0.0
74,130,0,0.0,0.0
74,131,0,0.0,0.0
74,132,0,0.0,0.0
74,133,3771,26.24874115,305.5669556
75,0,0,0.0,0.0
75,1,3419,37.5451889,45.68528748
75,2,2733,18.2971096,132.0665894
75,3,1531,100.0640106,90.71391296
75,4,1694,208.1145172,51.11334229
75,5,6978,151.7867584,140.3403625
75,6,8633,246.1253357,127.0721664
75,7,993,322.2054443,139.8952637
75,8,2402,345.2177429,161.1161499
75,9,1123,399.6375732,143.8192291
75,10,8729,406.8135986,73.58036804
75,11,647,454.6707764,57.43276596
75,12,3841,84.03098297,137.9614716
75,13,7467,217.0677643,197.3950653
75,14,7287,365.4219971,216.2843475
75,15,2827,440.7152405,148.0626068
75,16,727,47.39202118,151.0357666
75,17,2583,288.6279602,204.2210541
75,18,1993,116.3507309,200.462616
75,19,1252,78.95926666,187.9472809
75,20,561,431.3137207,118.8663101
75,21,2245,302.3278503,237.9608002
75,22,902,160.4811554,222.5665131
75,23,0,0.0,0.0
75,24,1878,24.75399399,185.3189545
75,25,1290,408.6123962,239.2527161
75,26,0,0.0,0.0
75,27,6334,44.38032913,237.076416
75,28,5727,225.9601898,268.8231201
75,29,1556,386.25,276.6227417
75,30,8255,127.0862503,269.8611755
75,31,0,0.0,0.0
75,32,0,0.0,0.0
75,33,1576,87.77474976,309.0031738
75,34,8822,318.7115173,314.4365234
75,35,0,0.0,0.0
75,36,0,0.0,0.0
75,37,7294,203.3624878,329.6260071
75,38,980,378.3979492,314.5989685
75,39,5662,377.8318481,385.7115784
75,40,1437,162.6409149,361.6360474
75,41,5667,272.3245239,379.4916077
75,42,4134,74.18795013,353.8260803
75,43,616,324.6315002,401.3084412
75,44,0,0.0,0.0
75,45,0,0.0,0.0
75,46,689,399.9274292,438.079834
75,47,3266,447.6925964,420.0137634
75,48,306,307.7483521,424.9248352
75,49,4070,350.5417786,446.1886902
75,50,1255,52.23984146,404.1952209
75,51,2251,209.7951965,401.7165833
75,52,6016,130.5540161,393.1306458
75,53,0,0.0,0.0
75,54,425,463.2423401,460.8235168
75,55,3093,427.8092346,475.2088623
75,56,616,390.1818237,472.3003235
75,57,9189,257.8105469,463.052124
75,58,2174,325.8923645,491.5786438
75,59,6302,117.2196121,467.4703369
75,60,3336,181.5368652,453.5215759
75,61,3997,52.14886093,449.467865
75,62,528,471.5738525,481.1590881
75,63,0,0.0,0.0
75,64,0,0.0,0.0
75,65,0,0.0,0.0
75,66,804,67.44776154,501.9042358
75,67,0,0.0,0.0
75,68,0,0.0,0.0
75,69,0,0.0,0.0
75,70,0,0.0,0.0
75,71,0,0.0,0.0
75,72,0,0.0,0.0
75,73,4672,362.7512817,20.41673851
75,74,681,424.4375916,379.8663635
75,75,1484,182.863205,501.036377
75,76,0,0.0,0.0
75,77,2306,21.77276611,487.0823975
75,78,0,0.0,0.0
75,79,1496,452.9913025,370.5868835
75,80,4820,421.8892212,319.0271912
75,81,0,0.0,0.0
75,82,578,437.0467224,273.7941284
75,83,0,0.0,0.0
75,84,1794,478.0211792,22.24247551
75,85,0,0.0,0.0
75,86,814,485.5651245,373.1019592
75,87,1481,462.1802979,97.36664581
75,88,6348,112.3301849,46.86215973
75,89,2333,252.7183838,70.97085571
75,90,1426,169.8295898,75.28821564
75,91,5292,451.5674744,203.1330261
75,92,2529,467.9644165,254.044281
75,93,0,0.0,0.0
75,94,2832,274.4201965,34.50812149
75,95,0,0.0,0.0
75,96,651,501.5591431,190.6313324
75,97,2853,477.3291321,327.8219299
75,98,635,479.6157532,58.41889954
75,99,0,0.0,0.0
75,100,1603,488.8727417,441.1559448
75,101,1590,494.7999878,82.1603775
75,102,358,488.3994446,403.5530701
75,103,1151,114.2754135,6.806255341
75,104,6004,324.5611267,82.31695557
75,105,1225,492.1469421,157.2963257
75,106,0,0.0,0.0
75,107,512,180.8769531,36.04882813
75,108,0,0.0,0.0
75,109,337,505.4332275,420.6350098
75,110,2187,497.761322,286.2830505
75,111,816,503.1507263,31.24632263
75,112,1617,15.62213993,414.2139893
75,113,1314,53.04718399,100.5
75,114,2561,193.7192535,14.19133186
75,115,817,503.5630493,382.4945068
75,116,1011,19.62017822,84.83778381
75,117,1513,381.7732849,498.9623413
75,118,601,490.5523987,503.6555786
75,119,1071,497.926239,478.8730164
75,120,1077,269.4865417,7.395543098
75,121,1454,21.72971153,14.27166462
75,122,559,503.3130493,223.3309479
75,123,573,455.6963501,503.670166
75,124,1238,494.5856323,124.9515381
75,125,2214,23.28590775,361.5614319
75,126,0,0.0,0.0
75,127,0,0.0,0.0
75,128,0,0.0,0.0
75,129,0,0.0,0.0
75,130,0,0.0,0.0
75,131,0,0.0,0.0
75,132,0,0.0,0.0
75,133,3604,26.38041115,305.8648682
76,0,0,0.0,0.0
76,1,10635,81.99454498,47.91001511
76,2,3122,19.81262016,129.4394684
76,3,1726,102.2821579,91.38470459
76,4,1574,211.4644165,57.40914917
76,5,7302,152.57724,140.1283264
76,6,8391,247.2294159,126.2033157
76,7,833,325.482605,139.0348206
76,8,2304,345.559906,160.2005157
76,9,946,398.4355164,143.3350983
76,10,8661,407.9844055,74.23588562
76,11,774,456.0077515,57.94315338
76,12,3182,85.95159912,141.0119476
76,13,7462,218.026001,198.2776794
76,14,7466,366.4425354,216.4113312
76,15,2983,440.1867371,146.5383911
76,16,790,49.56202698,152.2354431
76,17,2752,291.5875854,196.9186096
76,18,2168,117.6619034,201.6120911
76,19,1313,79.78522491,187.6466064
76,20,430,429.8279114,120.0139542
76,21,2378,301.8763733,236.9209442
76,22,897,166.0434723,225.411377
76,23,0,0.0,0.0
76,24,1812,24.90231705,184.4547424
76,25,1192,408.6090698,242.0209656
76,26,0,0.0,0.0
76,27,6567,44.51789093,237.777832
76,28,5264,230.9557343,271.2160034
76,29,1396,389.6604614,276.9785156
76,30,8400,131.1964264,268.8118896
76,31,0,0.0,0.0
76,32,0,0.0,0.0
76,33,1608,86.44464874,308.0690308
76,34,9033,320.0122986,314.2896118
76,35,0,0.0,0.0
76,36,0,0.0,0.0
76,37,7049,203.1563416,328.636261
76,38,673,377.7369995,317.4100952
76,39,5656,379.6428528,386.5300598
76,40,1602,160.2996216,358.0380859
76,41,5767,271.9217834,379.0515137
76,42,4246,70.65167236,352.3266602
76,43,619,326.5056458,401.5411987
76,44,0,0.0,0.0
76,45,0,0.0,0.0
76,46,444,400.6171265,438.3986511
76,47,3069,449.6047668,416.2156982
76,48,381,311.9553833,421.8609009
76,49,4061,352.4917603,446.2423096
76,50,1286,53.91213226,405.2084045
76,51,2395,208.1194153,402.3352966
76,52,6357,130.2095337,392.7792969
76,53,0,0.0,0.0
76,54,502,465.1275024,458.4263
76,55,3524,426.928772,472.0252686
76,56,420,388.4571533,472.3999939
76,57,9401,259.0840454,463.1045532
76,58,2129,328.2592773,491.6533508
76,59,6274,117.685051,466.8699341
76,60,3195,181.4519501,455.3067322
76,61,3893,49.94194794,450.3727112
76,62,467,473.3490295,480.4946594
76,63,0,0.0,0.0
76,64,0,0.0,0.0
76,65,0,0.0,0.0
76,66,947,69.86377716,500.8542786
76,67,0,0.0,0.0
76,68,0,0.0,0.0
76,69,0,0.0,0.0
76,70,0,0.0,0.0
76,71,0,0.0,0.0
76,72,0,0.0,0.0
76,73,4570,366.5278015,20.86039352
76,74,761,425.2536011,379.0538635
76,75,1423,183.654953,500.9016113
76,76,0,0.0,0.0
76,77,2219,22.55340195,488.6615601
76,78,0,0.0,0.0
76,79,1510,454.2880859,368.7112732
76,80,5072,421.7714844,318.3639526
76,81,0,0.0,0.0
76,82,649,436.8844299,273.3174133
76,83,0,0.0,0.0
76,84,1755,479.2501526,21.23077011
76,85,0,0.0,0.0
76,86,807,488.5885925,370.4126282
76,87,1376,462.1351624,97.16352081
76,88,4,67.25,1.75
76,89,1793,255.2364807,72.87060547
76,90,1222,171.9148865,75.14484406
76,91,5428,450.3452454,203.1940002
76,92,2325,468.7440796,254.0116119
76,93,0,0.0,0.0
76,94,3039,276.714386,35.82889175
76,95,0,0.0,0.0
76,96,733,500.8976746,185.5634308
76,97,2618,479.1038818,327.588623
76,98,533,481.2363892,57.84427643
76,99,0,0.0,0.0
76,100,1493,488.4742126,441.4802551
76,101,1487,493.4781494,80.08943939
76,102,410,490.0219421,401.0877991
76,103,1152,116.6397552,6.780382156
76,104,6062,325.1082153,82.59980011
76,105,1249,491.0088196,152.9167328
76,106,0,0.0,0.0
76,107,1125,198.8257751,36.75733185
76,108,0,0.0,0.0
76,109,490,504.9040833,417.3612366
76,110,2227,497.1944275,284.4207458
76,111,769,503.6593018,31.61768532
76,112,1658,16.4366703,414.0982971
76,113,1701,55.53439331,99.96355438
76,114,2438,194.3248596,13.89007378
76,115,574,504.7787476,379.0365906
76,116,39,0.358974367,82.25640869
76,117,1451,381.059967,498.3135681
76,118,581,491.7160034,503.4182434
76,119,1049,498.4146729,478.2793274
76,120,1206,274.7794495,7.373134136
76,121,1316,20.75911903,13.39133739
76,122,690,502.2666626,220.8594208
76,123,786,454.3002625,502.6361389
76,124,1209,496.8908081,119.8039703
76,125,2024,20.708992,362.539032
76,126,0,0.0,0.0
76,127,0,0.0,0.0
76,128,0,0.0,0.0
76,129,0,0.0,0.0
76,130,0,0.0,0.0
76,131,0,0.0,0.0
76,132,0,0.0,0.0
76,133,3403,25.34763527,305.4863281
77,0,0,0.0,0.0
77,1,4123,33.87387848,52.19403458
77,2,2631,20.27670097,122.4583817
77,3,1959,102.4696274,91.39611816
77,4,1635,214.334549,57.68868637
77,5,7509,152.7205963,142.7227325
77,6,8089,248.6255341,128.3367462
77,7,1117,324.2605286,139.8227386
77,8,2120,347.2254639,161.4226379
77,9,938,396.537323,143.948822
77,10,8326,409.4166565,75.14316559
77,11,708,455.9632874,58.26271057
77,12,2522,87.75495911,139.0011902
77,13,7304,220.085434,198.5077972
77,14,7692,364.7411499,217.0585022
77,15,3054,440.3447876,147.8945618
77,16,1250,53.87680054,154.2431946
77,17,2523,290.676178,201.3024139
77,18,1842,120.6731796,200.4408264
77,19,1620,82.25,191.3753052
77,20,447,430.798645,122.5637589
77,21,2106,299.4154663,238.1600189
77,22,1050,166.7923737,225.7200012
77,23,0,0.0,0.0
77,24,2404,21.41264534,182.0557404
77,25,1136,407.7852173,242.3943634
77,26,0,0.0,0.0
77,27,6336,45.38020706,237.9949493
77,28,4754,231.3687439,270.460022
77,29,1373,386.5404358,279.0014648
77,30,8441,130.9675446,268.7573853
77,31,0,0.0,0.0
77,32,0,0.0,0.0
77,33,1621,86.8988266,308.4231873
77,34,9207,320.9118042,314.0932007
77,35,0,0.0,0.0
77,36,0,0.0,0.0
77,37,7311,204.5830994,326.7557068
77,38,543,380.1915283,317.6077271
77,39,5752,380.290863,386.7313843
77,40,1753,165.3451233,361.1466064
77,41,6011,272.4877625,379.5263672
77,42,4005,71.55605316,350.7156067
77,43,563,326.9644775,403.1740723
77,44,0,0.0,0.0
77,45,0,0.0,0.0
77,46,428,399.1799011,437.7266235
77,47,2706,451.1903076,418.301178
77,48,524,318.259552,424.2614441
77,49,3713,354.3765259,447.505249
77,50,1375,54.39563751,405.2458191
77,51,2318,208.2264862,403.6919861
77,52,6544,129.1181183,392.9990845
77,53,0,0.0,0.0
77,54,521,466.8790894,456.0383911
77,55,3740,428.5523987,471.4275513
77,56,586,388.3395996,471.9590454
77,57,9224,260.5775146,462.884552
77,58,2118,328.2747803,491.2346497
77,59,6025,117.8212433,468.4328613
77,60,3436,181.2430115,456.9455872
77,61,3008,47.90525436,443.4700928
77,62,461,472.4620361,481.0780945
77,63,0,0.0,0.0
77,64,0,0.0,0.0
77,65,0,0.0,0.0
77,66,1892,64.18076324,488.2108765
77,67,0,0.0,0.0
77,68,0,0.0,0.0
77,69,0,0.0,0.0
77,70,0,0.0,0.0
77,71,0,0.0,0.0
77,72,0,0.0,0.0
77,73,4850,367.3237,22.22886658
77,74,754,425.5556946,382.0159302
77,75,1385,187.7487335,501.6130066
77,76,0,0.0,0.0
77,77,2214,21.83423615,487.586731
77,78,0,0.0,0.0
77,79,1388,450.9020081,371.1671448
77,80,5074,422.7010193,317.9617615
77,81,0,0.0,0.0
77,82,674,436.3397522,271.9599304
77,83,0,0.0,0.0
77,84,1664,477.2445984,21.43449593
77,85,0,0.0,0.0
77,86,1171,484.0708923,373.21521
77,87,1379,461.070343,96.69833374
77,88,6639,111.6375961,46.47974014
77,89,1498,248.3084106,73.99866486
77,90,1365,173.6278381,78.97142792
77,91,5504,450.3668213,204.1077423
77,92,2130,468.4572754,254.3464813
77,93,0,0.0,0.0
77,94,3291,278.1571045,41.8216362
77,95,0,0.0,0.0
77,96,533,501.6416626,186.5966187
77,97,2628,478.5585938,327.6571655
77,98,454,481.180603,55.33700562
77,99,0,0.0,0.0
77,100,1159,490.427948,442.2001648
77,101,1599,492.0150146,79.09318542
77,102,459,488.1132813,402.9433594
77,103,1045,115.7971268,6.700478554
77,104,6089,326.4626465,84.7909317
77,105,1283,493.1332703,154.6087341
77,106,0,0.0,0.0
77,107,1392,198.4295959,37.29454041
77,108,0,0.0,0.0
77,109,549,505.3934326,417.6520996
77,110,2307,497.0459595,282.6059875
77,111,917,502.7415466,29.7121048
77,112,1618,15.70951748,413.7972717
77,113,1479,58.65111542,103.5720062
77,114,2482,193.4403687,13.59065247
77,115,566,504.9116516,376.9894104
77,116,0,0.0,0.0
77,117,1389,380.6443481,499.2966309
77,118,502,493.9263,503.6892395
77,119,1109,498.0279541,477.2010803
77,120,1333,275.4043579,8.006001472
77,121,1430,20.68251801,14.69090939
77,122,803,501.0373535,219.22789
77,123,797,458.0752869,502.7315063
77,124,1222,496.4083557,119.3633423
77,125,2180,21.92201805,363.627533
77,126,0,0.0,0.0
77,127,0,0.0,0.0
77,128,0,0.0,0.0
77,129,0,0.0,0.0
77,130,0,0.0,0.0
77,131,0,0.0,0.0
77,132,0,0.0,0.0
77,133,3446,25.36448097,304.8911743
78,0,0,0.0,0.0
78,1,4635,34.21143341,54.84746552
78,2,2487,19.29875374,125.9400864
78,3,1952,102.3217239,93.53227234
78,4,1929,227.9118652,63.61223602
78,5,7579,153.3724823,145.7417908
78,6,7949,254.0061646,131.4620667
78,7,785,329.0318604,136.0025482
78,8,1935,348.4966431,158.5188599
78,9,933,394.7095337,144.4287262
78,10,7911,408.9141846,75.48679352
78,11,892,457.8878784,58.55381012
78,12,2550,86.54548645,140.1501923
78,13,7157,217.9674377,201.9959412
78,14,7508,364.4678955,215.3010101
78,15,3174,439.8182068,147.266861
78,16,1182,51.14297867,153.5854492
78,17,3024,291.4057617,199.1068115
78,18,2283,110.9706497,200.5597839
78,19,1019,76.13935089,184.7556458
78,20,547,429.6947021,120.2577667
78,21,1830,300.3120117,238.5371552
78,22,852,160.4671326,222.5446014
78,23,0,0.0,0.0
78,24,2039,20.77537918,181.8043213
78,25,1068,406.0383911,243.3061829
78,26,0,0.0,0.0
78,27,6565,45.09778976,237.6405182
78,28,3965,234.3664551,267.6158752
78,29,1331,388.3478699,278.3996887
78,30,8370,132.5039368,267.6581726
78,31,0,0.0,0.0
78,32,0,0.0,0.0
78,33,1757,85.46841431,307.380188
78,34,9451,322.0814819,312.0903625
78,35,0,0.0,0.0
78,36,0,0.0,0.0
78,37,7930,206.0675964,323.2586365
78,38,582,381.0704346,318.4621887
78,39,5760,379.6795044,385.4293518
78,40,1641,166.8744659,360.9646606
78,41,6130,271.5065308,378.3293762
78,42,3859,68.54470062,350.4778442
78,43,669,327.0881958,403.1808777
78,44,0,0.0,0.0
78,45,0,0.0,0.0
78,46,659,400.5386963,437.4127502
78,47,2827,450.5864868,417.5256348
78,48,577,323.8422852,424.8734741
78,49,3494,354.7913513,449.3205566
78,50,1303,55.33384323,405.6592407
78,51,2325,206.9015045,402.4215088
78,52,6890,127.0249634,390.9985352
78,53,0,0.0,0.0
78,54,740,472.1216125,454.4216309
78,55,3668,427.1619263,472.5305481
78,56,413,389.527832,472.1234741
78,57,9002,263.7271729,462.3943481
78,58,1932,328.2282715,491.784668
78,59,7046,112.0972214,464.666748
78,60,3869,184.4145813,457.2618103
78,61,1944,34.460392,443.4871521
78,62,507,471.5759277,482.8599548
78,63,0,0.0,0.0
78,64,0,0.0,0.0
78,65,0,0.0,0.0
78,66,1981,63.21554947,487.1973877
78,67,0,0.0,0.0
78,68,0,0.0,0.0
78,69,0,0.0,0.0
78,70,0,0.0,0.0
78,71,0,0.0,0.0
78,72,0,0.0,0.0
78,73,4968,369.4482727,22.71819687
78,74,855,425.3157959,382.387146
78,75,1411,189.4790955,501.2381287
78,76,0,0.0,0.0
78,77,2244,21.42691612,486.8863525
78,78,0,0.0,0.0
78,79,1580,453.5829163,369.3442993
78,80,5036,424.5907593,316.6421814
78,81,0,0.0,0.0
78,82,723,438.0069275,269.8810425
78,83,0,0.0,0.0
78,84,1841,479.6192322,21.14231491
78,85,0,0.0,0.0
78,86,845,487.4378662,372.1562195
78,87,1532,462.3518372,95.17623901
78,88,6739,112.1474991,46.7266655
78,89,886,266.1162415,78.61174011
78,90,2249,180.37883,83.05958557
78,91,5479,448.2911072,204.8778992
78,92,1826,468.4008789,252.7951813
78,93,0,0.0,0.0
78,94,3075,279.3886108,38.16162491
78,95,0,0.0,0.0
78,96,631,500.637085,185.2900085
78,97,2454,479.4617004,328.2445068
78,98,376,484.9255371,54.60106277
78,99,0,0.0,0.0
78,100,1012,493.5622559,434.6521606
78,101,1370,494.7335815,77.64598846
78,102,674,493.0177917,404.0400696
78,103,997,117.180542,6.402206421
78,104,5981,326.1349182,84.50743866
78,105,1386,492.3823853,153.6774902
78,106,0,0.0,0.0
78,107,1800,199.2655487,39.82500076
78,108,0,0.0,0.0
78,109,182,508.467041,422.6263733
78,110,2555,496.2759399,282.6935425
78,111,683,504.1229858,30.94436264
78,112,1570,16.46879005,413.5019226
78,113,1363,59.24504852,107.0469589
78,114,2412,193.0679932,13.45978451
78,115,581,505.0361328,378.1600647
78,116,0,0.0,0.0
78,117,1422,376.9451599,497.7819824
78,118,511,494.7827759,503.5929565
78,119,1214,497.6021423,474.775116
78,120,1454,276.6746826,8.405776978
78,121,1367,20.49817085,14.11704445
78,122,876,500.1598206,218.4862976
78,123,879,455.8839722,502.4732666
78,124,1188,496.2794495,117.3021851
78,125,2177,20.18925095,363.6123047
78,126,0,0.0,0.0
78,127,0,0.0,0.0
78,128,0,0.0,0.0
78,129,0,0.0,0.0
78,130,0,0.0,0.0
78,131,0,0.0,0.0
78,132,0,0.0,0.0
78,133,3333,25.34773445,303.7653809
79,0,0,0.0,0.0
79,1,4963,34.78823471,57.12190247
79,2,2193,19.36525345,127.0501633
79,3,2305,104.2633438,93.9041214
79,4,2037,220.8399658,62.63181305
79,5,7346,155.3154144,146.0839844
79,6,8063,254.3451538,130.5856323
79,7,850,330.5917664,136.9129486
79,8,1911,347.7263184,160.1575165
79,9,1123,396.4986572,143.8753357
79,10,7667,411.4742432,74.85704803
79,11,773,456.4165649,55.65329742
79,12,2111,90.80483246,140.4206543
79,13,7394,218.9948578,203.2276154
79,14,7219,365.3143005,214.4003296
79,15,3100,441.9570923,146.2348328
79,16,1789,54.37730408,150.9636688
79,17,2880,293.5586853,198.734375
79,18,2186,112.5690765,198.8838043
79,19,1032,77.84593201,184.883728
79,20,355,431.414093,119.1774673
79,21,1803,303.3250122,237.3444214
79,22,758,158.7176819,221.3970947
79,23,0,0.0,0.0
79,24,2096,19.20038223,181.6655579
79,25,1414,410.0233459,229.9872742
79,26,0,0.0,0.0
79,27,6857,47.03033447,238.1595459
79,28,3722,240.6950531,267.0596313
79,29,1547,390.5171204,275.0930786
79,30,8072,133.3576508,266.4103088
79,31,0,0.0,0.0
79,32,0,0.0,0.0
79,33,1681,83.4009552,304.980957
79,34,9366,323.6646423,310.8709106
79,35,0,0.0,0.0
79,36,0,0.0,0.0
79,37,8509,203.1827545,320.6940918
79,38,747,386.6747131,315.8661194
79,39,5616,380.9086609,385.2743835
79,40,1592,164.0960999,360.150116
79,41,6554,273.2564697,378.0601196
79,42,3356,74.02532959,350.4118042
79,43,762,332.454071,402.6837158
79,44,0,0.0,0.0
79,45,0,0.0,0.0
79,46,346,399.297699,435.9710999
79,47,2464,448.3100586,417.8319702
79,48,447,323.492157,424.581665
79,49,3478,355.2892456,448.1980896
79,50,1239,56.08151627,405.8151855
79,51,2465,206.1914825,402.7553711
79,52,6757,125.7726822,391.5435791
79,53,0,0.0,0.0
79,54,614,472.1335449,453.7817688
79,55,4272,426.76474,471.2839355
79,56,356,388.7893372,467.4438171
79,57,9010,264.4860229,462.861145
79,58,2050,329.0170593,490.6580505
79,59,6777,111.7562332,464.0187378
79,60,5474,184.9132233,468.1242371
79,61,1777,34.84186935,442.436676
79,62,381,472.5118103,482.1994629
79,63,0,0.0,0.0
79,64,0,0.0,0.0
79,65,0,0.0,0.0
79,66,2176,64.19255829,486.4623108
79,67,0,0.0,0.0
79,68,0,0.0,0.0
79,69,0,0.0,0.0
79,70,0,0.0,0.0
79,71,0,0.0,0.0
79,72,0,0.0,0.0
79,73,4857,372.1815796,22.99752998
79,74,971,423.2657166,378.1627197
79,75,2,154.5,511.0
79,76,0,0.0,0.0
79,77,2315,21.13218117,486.0906982
79,78,0,0.0,0.0
79,79,1762,454.0578918,372.3041992
79,80,4667,427.3490601,313.6858826
79,81,0,0.0,0.0
79,82,761,436.0078735,264.4756775
79,83,0,0.0,0.0
79,84,1743,479.2707825,21.58003426
79,85,0,0.0,0.0
79,86,634,486.5236511,372.1782227
79,87,1603,463.4784851,94.54023743
79,88,6232,113.3966599,46.0502243
79,89,1312,269.6029053,80.33383942
79,90,2221,178.7469635,83.16343689
79,91,4995,451.8164063,203.1683655
79,92,1642,470.2728271,251.6717377
79,93,0,0.0,0.0
79,94,3313,284.5553894,36.83519363
79,95,0,0.0,0.0
79,96,582,501.0670166,184.0704498
79,97,2587,478.3343506,329.7885437
79,98,467,483.5802917,53.29764557
79,99,0,0.0,0.0
79,100,902,491.2926941,435.4467773
79,101,1284,494.4143372,77.2624588
79,102,584,485.5719299,405.2722473
79,103,1125,115.2480011,6.853333473
79,104,5853,330.3263245,85.37091827
79,105,1230,493.0243835,155.923584
79,106,0,0.0,0.0
79,107,1711,202.9281158,36.573349
79,108,0,0.0,0.0
79,109,501,505.9700623,421.5948181
79,110,2658,495.977417,282.0921631
79,111,743,504.1184387,29.629879
79,112,1619,16.88264275,413.8110046
79,113,1274,59.29199219,105.7064362
79,114,2516,194.9423676,13.54769516
79,115,756,503.8571472,377.3399353
79,116,0,0.0,0.0
79,117,1333,376.3901062,497.315094
79,118,682,491.8753662,502.7536621
79,119,1242,496.4404297,473.8695679
79,120,1248,274.3477478,7.855769157
79,121,1395,20.73620033,14.32186413
79,122,855,500.6397705,217.0561371
79,123,747,454.1298523,502.1231689
79,124,1313,496.4760132,117.8735733
79,125,2962,25.46184921,357.4267273
79,126,0,0.0,0.0
79,127,0,0.0,0.0
79,128,0,0.0,0.0
79,129,0,0.0,0.0
79,130,0,0.0,0.0
79,131,0,0.0,0.0
79,132,0,0.0,0.0
79,133,3113,25.34115028,302.7645264
80,0,0,0.0,0.0
80,1,4925,32.21238708,61.63248825
80,2,1869,19.37774277,126.6795044
80,3,2430,105.6510315,94.95226288
80,4,1876,224.6215363,60.59434891
80,5,7732,158.5016785,146.1070862
80,6,7670,255.8731384,129.8766632
80,7,1123,333.4755249,136.2867279
80,8,1900,354.7852783,158.1921082
80,9,943,402.7709351,141.3001099
80,10,7617,416.3183594,72.17014313
80,11,734,464.2384338,54.98092651
80,12,1809,93.07186127,142.26091
80,13,7715,224.1802979,202.645752
80,14,7337,364.7617493,216.6457672
80,15,3163,441.3041382,146.640213
80,16,2040,55.87892151,151.9147034
80,17,2669,300.276123,196.7950592
80,18,2134,116.1813507,201.2249298
80,19,1145,81.50480652,186.5126648
80,20,288,436.340271,114.7430573
80,21,1642,302.2253418,239.5213165
80,22,786,166.5407104,224.9122162
80,23,0,0.0,0.0
80,24,2503,19.29324722,182.8162231
80,25,1503,410.5302734,230.3320007
80,26,0,0.0,0.0
80,27,6361,47.19651031,238.9878998
80,28,2708,245.7234192,261.026947
80,29,1363,387.9215088,279.1027222
80,30,7806,133.7646637,264.1604004
80,31,0,0.0,0.0
80,32,0,0.0,0.0
80,33,2097,85.17453766,303.8626709
80,34,8888,325.3483276,310.8457336
80,35,0,0.0,0.0
80,36,0,0.0,0.0
80,37,9474,207.5309296,315.4369812
80,38,726,388.4876099,316.7810059
80,39,6080,381.7223816,384.7434082
80,40,1570,166.9993591,359.408905
80,41,6942,272.0318298,377.2594299
80,42,3211,70.78511047,349.4957886
80,43,669,330.983551,401.0523071
80,44,0,0.0,0.0
80,45,0,0.0,0.0
80,46,406,399.0664978,436.7709351
80,47,2659,449.5795288,418.8616028
80,48,761,321.8423157,426.4664917
80,49,3046,356.9303894,448.3427429
80,50,1379,54.83031082,405.7657776
80,51,2630,204.8410645,404.2806091
80,52,7205,123.6069412,388.8791199
80,53,0,0.0,0.0
80,54,659,472.638855,452.6752625
80,55,4314,425.9958191,473.149292
80,56,305,389.0524597,462.6983643
80,57,8504,268.9916382,463.7680054
80,58,1840,330.4212036,490.892395
80,59,6351,111.2539749,463.8899536
80,60,6212,186.2765656,469.0389709
80,61,1714,33.39848328,441.5204163
80,62,347,471.1815491,485.1066284
80,63,0,0.0,0.0
80,64,0,0.0,0.0
80,65,0,0.0,0.0
80,66,2333,64.7449646,485.3566284
80,67,0,0.0,0.0
80,68,0,0.0,0.0
80,69,0,0.0,0.0
80,70,0,0.0,0.0
80,71,0,0.0,0.0
80,72,0,0.0,0.0
80,73,4738,375.1861572,23.10595131
80,74,829,426.0747986,377.2279968
80,75,0,0.0,0.0
80,76,0,0.0,0.0
80,77,2405,21.27941704,484.9713135
80,78,0,0.0,0.0
80,79,2623,458.868866,366.9085083
80,80,4598,429.7194519,312.5915527
80,81,0,0.0,0.0
80,82,699,429.1058655,264.3032837
80,83,0,0.0,0.0
80,84,1873,487.7159729,20.28350258
80,85,0,0.0,0.0
80,86,558,489.7688293,370.2096863
80,87,1909,466.9717102,91.76480103
80,88,6947,111.2510452,45.09212494
80,89,1169,270.9906006,80.88536835
80,90,2249,180.6282806,81.89195251
80,91,4935,451.4465942,202.9963531
80,92,1546,467.2367249,252.7050476
80,93,0,0.0,0.0
80,94,3238,286.0163574,38.14823914
80,95,0,0.0,0.0
80,96,501,500.6387329,184.1437073
80,97,1773,481.9875793,321.6638489
80,98,472,490.2266846,48.42161179
80,99,0,0.0,0.0
80,100,757,489.3130798,433.9986877
80,101,1019,498.459259,74.86359406
80,102,521,492.7159424,401.9462585
80,103,1094,118.7285156,6.067641735
80,104,6251,331.5261536,86.48952484
80,105,1304,493.1963196,155.519165
80,106,0,0.0,0.0
80,107,1552,198.9400787,38.12757874
80,108,0,0.0,0.0
80,109,519,505.6184998,425.6165771
80,110,2794,495.5780334,281.8718567
80,111,104,510.0865479,22.71153831
80,112,1495,16.35183907,412.1177368
80,113,1252,65.46325684,109.6238022
80,114,2428,199.0119476,13.84472847
80,115,660,504.6105957,375.4984741
80,116,0,0.0,0.0
80,117,1392,374.362793,496.4884949
80,118,605,491.7867737,503.3487549
80,119,1411,495.9156494,473.9957581
80,120,1615,282.5894775,8.784520149
80,121,1381,21.6212883,13.60028934
80,122,1027,498.9824829,216.3505402
80,123,677,454.7503662,502.911377
80,124,1274,497.0314026,117.031395
80,125,2661,23.52799606,358.1679688
80,126,0,0.0,0.0
80,127,0,0.0,0.0
80,128,0,0.0,0.0
80,129,0,0.0,0.0
80,130,0,0.0,0.0
80,131,0,0.0,0.0
80,132,0,0.0,0.0
80,133,3176,25.0601387,302.8192749
81,0,0,0.0,0.0
81,1,4537,30.56865692,67.51068878
81,2,1692,19.76063919,126.0277786
81,3,2355,112.0216599,96.29978943
81,4,1554,225.9041138,66.14286041
81,5,7698,162.7989044,148.4365997
81,6,7757,261.2131042,132.0091553
81,7,718,336.4972229,138.5891418
81,8,1969,353.8095398,159.8181763
81,9,1087,401.215271,142.6136169
81,10,7499,416.7634277,71.34857941
81,11,787,464.1486511,54.19567871
81,12,2052,93.42153931,141.7548676
81,13,7613,227.7344055,203.4410858
81,14,7107,365.6333313,216.5631104
81,15,3030,443.2155151,145.435318
81,16,1913,55.33455276,151.2854156
81,17,2364,300.3768921,201.1125183
81,18,1809,123.3946915,200.3283539
81,19,1496,80.55213928,187.9873047
81,20,348,432.6091919,116.2729874
81,21,1808,300.588501,242.9933624
81,22,785,167.4942627,224.8777008
81,23,0,0.0,0.0
81,24,2701,19.2465744,182.7337952
81,25,1728,411.6452637,225.8252258
81,26,0,0.0,0.0
81,27,6432,48.14738846,240.65065
81,28,2590,240.251358,261.2610168
81,29,1456,388.4608459,278.917572
81,30,7744,133.2033844,261.835083
81,31,0,0.0,0.0
81,32,0,0.0,0.0
81,33,2144,87.73880768,305.432373
81,34,8557,327.3044434,310.6197205
81,35,0,0.0,0.0
81,36,0,0.0,0.0
81,37,9445,209.8412933,315.3520508
81,38,651,387.6636047,318.3671265
81,39,5880,383.1445618,382.7370605
81,40,1477,162.0081177,354.5436707
81,41,7285,272.3076172,376.7460632
81,42,3086,67.49287415,346.8156128
81,43,743,332.1265259,399.0632629
81,44,0,0.0,0.0
81,45,0,0.0,0.0
81,46,594,401.6380615,435.3198547
81,47,2287,448.8369141,416.8565674
81,48,576,323.515625,423.055542
81,49,3047,356.3807068,447.0810547
81,50,1398,54.77324677,406.1373291
81,51,2743,203.4247131,403.4422302
81,52,7527,122.6246872,387.1700439
81,53,0,0.0,0.0
81,54,617,474.1085815,445.452179
81,55,4590,427.9675293,472.5867004
81,56,422,388.1990662,463.412323
81,57,8686,271.0481262,462.8520508
81,58,1863,334.0933838,491.8867493
81,59,6282,110.6817856,464.5606384
81,60,6438,186.2104645,470.2480469
81,61,1729,31.35453987,442.1116333
81,62,218,471.724762,483.9311829
81,63,0,0.0,0.0
81,64,0,0.0,0.0
81,65,0,0.0,0.0
81,66,2283,63.6855011,482.5921936
81,67,0,0.0,0.0
81,68,0,0.0,0.0
81,69,0,0.0,0.0
81,70,0,0.0,0.0
81,71,0,0.0,0.0
81,72,0,0.0,0.0
81,73,4958,376.0106812,24.40117073
81,74,609,427.7898254,390.1609192
81,75,0,0.0,0.0
81,76,0,0.0,0.0
81,77,2372,22.27487373,486.2685547
81,78,0,0.0,0.0
81,79,3191,460.6860046,365.0028076
81,80,4755,429.3209229,311.567627
81,81,0,0.0,0.0
81,82,512,426.7421875,262.7226563
81,83,0,0.0,0.0
81,84,1724,489.71521,18.66183281
81,85,0,0.0,0.0
81,86,364,494.5604248,362.4560547
81,87,2016,466.2544556,92.22569275
81,88,7636,108.4651642,41.90584183
81,89,1146,274.2242432,85.13175964
81,90,2411,180.3894653,82.3562851
81,91,4584,452.0117798,203.1564178
81,92,1624,464.8719177,252.8460541
81,93,0,0.0,0.0
81,94,3753,283.97229,40.1462822
81,95,0,0.0,0.0
81,96,642,499.5233765,180.6012421
81,97,1442,483.72052,320.5887756
81,98,574,492.8432007,48.38327408
81,99,0,0.0,0.0
81,100,709,489.6939392,430.2877197
81,101,989,498.6461182,74.0717926
81,102,644,492.5046692,400.0465698
81,103,872,120.4116974,5.034403801
81,104,5980,332.2586975,88.38194275
81,105,1297,492.2474976,153.0401001
81,106,0,0.0,0.0
81,107,1653,199.2855377,40.84331512
81,108,0,0.0,0.0
81,109,505,506.0791931,426.2435608
81,110,2860,494.5968628,281.2276306
81,111,3,510.6666565,0.333333343
81,112,1406,15.99644375,413.2254639
81,113,1516,69.21173859,107.001976
81,114,2516,201.6987305,14.13712215
81,115,589,504.7826843,374.694397
81,116,0,0.0,0.0
81,117,1178,376.1018677,496.809845
81,118,735,490.2489929,502.6503296
81,119,1559,493.5093079,471.982666
81,120,1556,283.8174744,8.783418655
81,121,1457,21.9087162,14.38023376
81,122,1113,498.7376404,215.4690094
81,123,615,455.0601501,502.1235657
81,124,1166,497.5,115.1440811
81,125,2532,21.56556129,363.1702271
81,126,0,0.0,0.0
81,127,0,0.0,0.0
81,128,0,0.0,0.0
81,129,0,0.0,0.0
81,130,0,0.0,0.0
81,131,0,0.0,0.0
81,132,0,0.0,0.0
81,133,3184,24.70037651,303.213562
82,0,0,0.0,0.0
82,1,4758,31.06094933,68.41067505
82,2,1699,20.11712837,127.7822266
82,3,2575,111.4644623,97.05941772
82,4,1024,227.6904297,58.08105469
82,5,7903,162.2153625,149.2925415
82,6,8285,257.9256592,126.962944
82,7,821,336.8416443,134.0121765
82,8,1716,357.5740051,155.3345032
82,9,930,402.5623779,141.8010712
82,10,7092,416.1668091,74.21799469
82,11,657,461.8675842,53.165905
82,12,2262,89.9310379,142.7214813
82,13,7669,226.9218903,204.0517731
82,14,7101,366.3155823,214.5048523
82,15,2961,443.4039307,145.1587372
82,16,1618,52.96477127,151.7719421
82,17,3121,305.5386047,196.8378754
82,18,2029,121.9990158,201.2336121
82,19,1116,76.64067841,184.9229431
82,20,411,433.0535278,116.3892975
82,21,1914,297.540741,248.4602966
82,22,655,169.3175507,226.8473358
82,23,0,0.0,0.0
82,24,2649,18.81577873,183.1751556
82,25,2221,416.045929,221.8667297
82,26,0,0.0,0.0
82,27,6294,47.85001755,240.8593903
82,28,2261,240.1468353,260.9168396
82,29,1565,389.1948853,278.4594116
82,30,7851,131.4418488,259.8876648
82,31,0,0.0,0.0
82,32,0,0.0,0.0
82,33,1991,90.28829956,305.1582031
82,34,8477,329.9233093,311.030426
82,35,0,0.0,0.0
82,36,0,0.0,0.0
82,37,9815,209.8241425,314.750885
82,38,821,392.0743103,316.9585876
82,39,6129,385.5173645,380.5472412
82,40,1664,158.9176636,355.5883484
82,41,7621,273.0751953,376.6282654
82,42,3187,67.38657379,346.4916992
82,43,613,334.539978,400.3490906
82,44,0,0.0,0.0
82,45,0,0.0,0.0
82,46,708,399.3220215,434.3531189
82,47,2281,448.7733459,416.4840088
82,48,609,328.6387634,423.4564819
82,49,2911,355.8313293,447.1552734
82,50,1417,54.30487061,405.4022522
82,51,2968,204.2126007,404.0124512
82,52,7117,120.7829132,388.3084106
82,53,0,0.0,0.0
82,54,559,472.0983887,446.3130493
82,55,4548,426.3922729,471.7453918
82,56,359,388.746521,464.9108582
82,57,8035,273.5528259,463.2576294
82,58,1929,333.276825,490.5925293
82,59,5604,111.3690186,460.8103027
82,60,6979,187.6028137,470.3672485
82,61,1858,32.34768677,441.696991
82,62,269,468.3717346,481.8512878
82,63,0,0.0,0.0
82,64,0,0.0,0.0
82,65,0,0.0,0.0
82,66,2793,70.41138458,484.7024841
82,67,0,0.0,0.0
82,68,0,0.0,0.0
82,69,0,0.0,0.0
82,70,0,0.0,0.0
82,71,0,0.0,0.0
82,72,0,0.0,0.0
82,73,5174,377.9439392,24.60243607
82,74,365,427.6328735,393.0137024
82,75,0,0.0,0.0
82,76,0,0.0,0.0
82,77,2411,22.13272476,486.6474609
82,78,0,0.0,0.0
82,79,3496,461.2145386,364.1370239
82,80,3932,431.8005981,309.1146851
82,81,0,0.0,0.0
82,82,991,431.9929504,263.0928345
82,83,0,0.0,0.0
82,84,1841,486.8125916,17.66594315
82,85,0,0.0,0.0
82,86,293,497.4812317,357.1433411
82,87,1948,467.2761841,92.6155014
82,88,7767,108.6384735,41.29947281
82,89,1069,278.9457397,86.28999329
82,90,2404,181.68927,81.59567261
82,91,3906,456.2104492,200.0417328
82,92,1235,466.6534424,250.4064789
82,93,0,0.0,0.0
82,94,4592,283.6999207,43.24063492
82,95,0,0.0,0.0
82,96,986,498.1044617,176.0263672
82,97,1274,483.0439453,322.0839844
82,98,610,492.4819641,46.46065521
82,99,0,0.0,0.0
82,100,996,496.4638672,430.3062134
82,101,1144,496.8356628,71.86276245
82,102,718,489.7284241,404.0487366
82,103,865,119.1179199,4.677456856
82,104,5219,338.1607666,88.33090973
82,105,760,489.8592224,151.0631561
82,106,0,0.0,0.0
82,107,1515,195.6739349,40.97029877
82,108,0,0.0,0.0
82,109,29,510.8620605,414.7930908
82,110,3120,493.5076904,280.4169922
82,111,1,511.0,0.0
82,112,1229,15.65093613,413.4043884
82,113,1238,66.63973999,107.3053284
82,114,2382,200.6330872,14.03064632
82,115,732,504.2745972,376.5983582
82,116,0,0.0,0.0
82,117,1233,374.655304,495.5085144
82,118,783,491.0076599,501.8978271
82,119,1627,493.3589478,470.0878906
82,120,1469,280.2777405,8.117086411
82,121,1329,20.58389854,14.0398798
82,122,1121,497.6520996,215.5637817
82,123,693,454.2424316,502.1789246
82,124,1328,498.1242371,118.2710876
82,125,2518,20.92494011,363.6270752
82,126,0,0.0,0.0
82,127,0,0.0,0.0
82,128,0,0.0,0.0
82,129,0,0.0,0.0
82,130,0,0.0,0.0
82,131,0,0.0,0.0
82,132,0,0.0,0.0
82,133,3381,25.63235664,302.4232483
83,0,0,0.0,0.0
83,1,5277,33.03846741,68.4172821
83,2,1788,24.47874641,127.4865799
83,3,2583,113.4738693,97.27216339
83,4,1063,226.2709351,61.57761002
83,5,7905,165.1209412,151.2853851
83,6,7792,258.7823486,126.5424805
83,7,706,341.6402283,133.5963135
83,8,1337,353.4225769,157.0897522
83,9,1391,397.3227844,144.4421234
83,10,7016,416.5651245,75.68871307
83,11,547,464.8592224,49.93967056
83,12,2115,93.18108368,140.6496429
83,13,7591,231.6138916,204.2305298
83,14,7146,365.8035278,215.6280365
83,15,2960,443.042572,145.7672272
83,16,1893,55.75013351,150.6080322
83,17,3034,307.6091003,192.7191772
83,18,1981,124.6900558,199.5335693
83,19,1967,83.43212891,195.6766663
83,20,283,434.802124,117.0424042
83,21,1658,303.2503052,244.6345062
83,22,824,171.720871,227.1237793
83,23,0,0.0,0.0
83,24,2771,19.82605553,183.0523224
83,25,1820,413.4472656,223.5758209
83,26,0,0.0,0.0
83,27,6434,48.71355438,242.0725861
83,28,2170,248.0055237,259.8198242
83,29,1750,391.2342834,276.7314148
83,30,6787,135.9733276,263.1989136
83,31,0,0.0,0.0
83,32,0,0.0,0.0
83,33,1930,92.11139679,304.2202148
83,34,7974,330.8254395,310.727356
83,35,0,0.0,0.0
83,36,0,0.0,0.0
83,37,10430,211.5214691,312.217926
83,38,850,390.2070618,316.6670532
83,39,6343,385.6471558,380.2623291
83,40,1380,162.4681091,355.4166565
83,41,7838,274.0066223,376.9766541
83,42,3574,64.7977066,342.9020691
83,43,655,331.8977051,400.4900818
83,44,0,0.0,0.0
83,45,0,0.0,0.0
83,46,643,398.5707703,434.7060547
83,47,1977,448.5326233,418.0617065
83,48,786,334.3091736,424.2111816
83,49,2247,358.9674988,448.6199341
83,50,1522,53.60906601,406.3134155
83,51,3078,203.9145508,403.3684082
83,52,7705,120.2058411,387.0554199
83,53,0,0.0,0.0
83,54,620,472.2693481,445.7387085
83,55,4639,426.0273743,471.7749634
83,56,406,387.7290649,462.4704285
83,57,8371,275.4805908,463.5834351
83,58,1875,335.1722717,490.990387
83,59,5268,111.3084641,462.7687988
83,60,7100,186.1329651,470.3126831
83,61,1619,31.84434891,440.916626
83,62,249,470.1967773,478.9076233
83,63,0,0.0,0.0
83,64,0,0.0,0.0
83,65,0,0.0,0.0
83,66,2821,68.7121582,482.40979
83,67,0,0.0,0.0
83,68,0,0.0,0.0
83,69,0,0.0,0.0
83,70,0,0.0,0.0
83,71,0,0.0,0.0
83,72,0,0.0,0.0
83,73,5277,379.862793,25.23270798
83,74,667,428.9175415,392.0539856
83,75,0,0.0,0.0
83,76,0,0.0,0.0
83,77,2520,22.3515873,485.4940491
83,78,0,0.0,0.0
83,79,3712,461.6756592,361.8887329
83,80,3798,432.8633423,305.5831909
83,81,0,0.0,0.0
83,82,674,434.5163269,261.1498413
83,83,0,0.0,0.0
83,84,1812,486.662262,17.28476906
83,85,0,0.0,0.0
83,86,329,499.5683899,352.7993774
83,87,2187,467.7101135,89.9044342
83,88,6995,113.7632599,41.79499817
83,89,879,272.2730408,83.14562225
83,90,2448,181.2736969,83.61642456
83,91,4238,454.6760254,201.4971619
83,92,1260,466.3190613,249.5738068
83,93,0,0.0,0.0
83,94,5160,292.7573547,47.77519226
83,95,0,0.0,0.0
83,96,855,498.8842163,176.9660797
83,97,1097,483.0282593,318.6134949
83,98,768,492.625,48.27604294
83,99,0,0.0,0.0
83,100,1146,496.3778381,428.4232178
83,101,856,500.0665894,74.15070343
83,102,520,484.8173218,403.553833
83,103,1083,121.8190231,5.236380577
83,104,4596,339.3346252,93.52980804
83,105,935,486.9230042,149.4331512
83,106,0,0.0,0.0
83,107,2047,206.5793915,39.36199188
83,108,0,0.0,0.0
83,109,0,0.0,0.0
83,110,3099,493.6434326,280.3494568
83,111,0,0.0,0.0
83,112,1207,14.74979305,414.0057983
83,113,1047,72.54727936,101.0773621
83,114,2209,202.1833344,13.97872353
83,115,911,502.6662903,381.8496094
83,116,0,0.0,0.0
83,117,1228,374.6335449,494.9161377
83,118,817,491.4345093,501.4455261
83,119,1521,493.8764038,469.6600952
83,120,1540,283.5915527,8.58571434
83,121,1583,23.85407448,14.48831367
83,122,1081,498.4458923,214.9343262
83,123,733,455.2442017,501.4120178
83,124,1318,499.5903015,119.8702545
83,125,2318,19.0923214,366.712677
83,126,0,0.0,0.0
83,127,0,0.0,0.0
83,128,0,0.0,0.0
83,129,0,0.0,0.0
83,130,0,0.0,0.0
83,131,0,0.0,0.0
83,132,0,0.0,0.0
83,133,3184,25.76256371,301.5401917
84,0,0,0.0,0.0
84,1,5291,32.60177612,68.40029907
84,2,1691,23.60910797,127.1762238
84,3,2914,113.8867569,97.77384949
84,4,852,234.0187836,65.04577637
84,5,7681,166.3537292,153.6268768
84,6,7200,259.9150085,128.4016724
84,7,645,338.311615,132.9023285
84,8,1469,359.4601746,153.2273712
84,9,1043,401.834137,144.2416077
84,10,6898,417.932312,76.86474609
84,11,687,471.8267822,47.00436783
84,12,1608,98.93408203,144.4801025
84,13,7532,234.333252,204.3615265
84,14,7164,365.1640015,214.3996429
84,15,2912,443.4728699,144.9553528
84,16,2418,58.69065475,149.2311859
84,17,3239,311.0972595,189.8644714
84,18,1399,129.6604767,200.8899231
84,19,3091,92.02620697,201.9087677
84,20,360,433.6361084,119.5444412
84,21,1374,301.2663879,246.8478851
84,22,1027,172.7692261,227.7127533
84,23,0,0.0,0.0
84,24,2596,18.45339012,181.5119476
84,25,1824,414.9029541,224.2099762
84,26,0,0.0,0.0
84,27,6787,49.83703995,242.2165833
84,28,1983,247.5557251,258.2314758
84,29,1655,387.0574036,278.9710083
84,30,5996,140.2398224,267.3477173
84,31,0,0.0,0.0
84,32,0,0.0,0.0
84,33,1958,90.33197021,303.1077576
84,34,7974,331.4894714,309.9005432
84,35,0,0.0,0.0
84,36,0,0.0,0.0
84,37,10561,214.1177979,311.4056396
84,38,855,390.5157776,318.2409363
84,39,6049,386.0644836,381.03125
84,40,1394,160.5868073,352.2202148
84,41,7749,274.8824463,377.2436523
84,42,3723,63.29707336,340.4520569
84,43,964,334.5311279,398.5072632
84,44,0,0.0,0.0
84,45,0,0.0,0.0
84,46,511,397.2739868,434.9373779
84,47,1702,448.7496948,417.8936462
84,48,429,325.5198059,421.3589783
84,49,2774,354.9448547,445.967926
84,50,1152,56.32465363,406.3428955
84,51,3577,207.1559906,405.6362915
84,52,7732,120.3517838,386.0839233
84,53,0,0.0,0.0
84,54,619,471.0387573,442.1453857
84,55,4870,425.5946655,470.9860229
84,56,308,386.6331177,463.8603821
84,57,7253,276.9677429,465.3681335
84,58,2124,334.0084839,490.6417236
84,59,4352,109.7630997,456.747467
84,60,7573,186.602005,469.926178
84,61,1623,31.98089981,438.9328308
84,62,315,470.9047546,474.9301453
84,63,0,0.0,0.0
84,64,0,0.0,0.0
84,65,0,0.0,0.0
84,66,3698,77.6046524,483.6781921
84,67,0,0.0,0.0
84,68,0,0.0,0.0
84,69,0,0.0,0.0
84,70,0,0.0,0.0
84,71,0,0.0,0.0
84,72,0,0.0,0.0
84,73,5507,381.1396484,26.43562698
84,74,579,425.9965515,403.2677002
84,75,0,0.0,0.0
84,76,0,0.0,0.0
84,77,2591,22.47394753,484.9637146
84,78,0,0.0,0.0
84,79,4286,461.4279175,363.0769958
84,80,3951,433.287262,305.6540222
84,81,0,0.0,0.0
84,82,856,425.8691711,260.9194031
84,83,0,0.0,0.0
84,84,1739,486.364563,15.86198997
84,85,0,0.0,0.0
84,86,300,502.9166565,349.4866638
84,87,2175,469.5475769,88.80505371
84,88,6944,113.1667633,41.96111679
84,89,781,292.9346924,98.7413559
84,90,2994,186.0641327,84.73780823
84,91,4349,455.6029053,200.1418762
84,92,1036,466.2268372,247.585907
84,93,0,0.0,0.0
84,94,5984,299.5949097,55.68231964
84,95,0,0.0,0.0
84,96,883,498.568512,175.7485809
84,97,1265,480.4007874,311.9936829
84,98,618,495.28479,45.75242615
84,99,0,0.0,0.0
84,100,1170,497.1683655,426.222229
84,101,798,500.4824524,73.88721466
84,102,434,483.7834167,404.5714417
84,103,1132,120.5158997,5.149293423
84,104,3369,347.3205566,97.8842392
84,105,903,488.0188293,149.3809509
84,106,0,0.0,0.0
84,107,2922,217.1652985,39.60746002
84,108,0,0.0,0.0
84,109,0,0.0,0.0
84,110,3015,493.8640137,278.7485962
84,111,0,0.0,0.0
84,112,1221,17.62899208,413.8419189
84,113,1094,72.23309326,104.98172
84,114,2197,201.4833832,14.69412804
84,115,786,502.762085,382.1577759
84,116,0,0.0,0.0
84,117,1150,374.8478394,495.6426086
84,118,890,491.7674255,500.4674072
84,119,1475,494.1776123,467.5579529
84,120,1553,281.7185974,8.213135719
84,121,1519,24.47992134,13.57735348
84,122,1069,498.6940918,214.8026123
84,123,740,455.9432373,501.048645
84,124,1215,500.0082397,118.8337479
84,125,2529,20.81850624,370.4566956
84,126,0,0.0,0.0
84,127,0,0.0,0.0
84,128,0,0.0,0.0
84,129,0,0.0,0.0
84,130,0,0.0,0.0
84,131,0,0.0,0.0
84,132,0,0.0,0.0
84,133,2950,24.0674572,300.4623718
85,0,0,0.0,0.0
85,1,5509,32.94536209,69.31494141
85,2,1549,23.558424,128.2834015
85,3,3544,116.4218369,98.69667053
85,4,846,233.8085175,60.64657211
85,5,7871,165.5535583,155.5225525
85,6,7363,261.1787415,128.985733
85,7,518,339.1872559,136.6988373
85,8,1441,363.4954834,154.0992432
85,9,1199,404.5654602,143.7055817
85,10,7137,418.1552429,76.5163269
85,11,355,473.7943726,45.44507217
85,12,873,96.97480011,141.9988556
85,13,7679,235.4908142,205.1621246
85,14,7935,357.0778809,218.3382416
85,15,3190,444.2203674,144.555481
85,16,2821,61.42077255,147.9918518
85,17,2907,312.9391174,190.3601685
85,18,1105,134.4190063,206.0778351
85,19,3636,92.82948303,201.0574799
85,20,239,436.6025085,116.2468643
85,21,358,285.1983337,261.8854675
85,22,941,173.2975616,230.1519623
85,23,0,0.0,0.0
85,24,2582,18.53292084,182.0178223
85,25,2270,417.1189575,225.0167389
85,26,0,0.0,0.0
85,27,6617,49.31177139,243.1885986
85,28,2130,246.0615082,257.9751282
85,29,1960,390.8816223,276.9709167
85,30,5867,140.8343201,265.9977722
85,31,0,0.0,0.0
85,32,0,0.0,0.0
85,33,2228,86.66337585,302.1777344
85,34,7753,332.4859924,309.0514526
85,35,0,0.0,0.0
85,36,0,0.0,0.0
85,37,10564,213.3378448,312.4250183
85,38,644,390.3478394,314.4223633
85,39,6078,386.5041199,378.3848267
85,40,961,168.4432831,359.340271
85,41,8143,276.9075317,376.8661499
85,42,3260,66.84416962,341.026062
85,43,756,339.6481628,398.4510498
85,44,0,0.0,0.0
85,45,0,0.0,0.0
85,46,609,398.9014893,433.5550232
85,47,1761,448.2850647,418.1453857
85,48,531,329.7909546,420.2316284
85,49,2474,357.3795471,445.4385681
85,50,1264,55.66693115,404.428009
85,51,3729,207.6033783,406.2520752
85,52,8026,121.0667801,383.5033569
85,53,0,0.0,0.0
85,54,609,472.6600952,441.2676392
85,55,4791,424.1817932,470.8812256
85,56,359,385.8078003,462.8969421
85,57,7591,278.3768921,464.8141174
85,58,2106,335.1348572,491.0037842
85,59,4524,103.7665787,455.2044678
85,60,7605,184.2723236,470.2243347
85,61,1568,30.41709137,437.7614746
85,62,357,469.2016907,474.3977661
85,63,0,0.0,0.0
85,64,0,0.0,0.0
85,65,0,0.0,0.0
85,66,3439,78.53794861,485.6911926
85,67,0,0.0,0.0
85,68,0,0.0,0.0
85,69,0,0.0,0.0
85,70,0,0.0,0.0
85,71,0,0.0,0.0
85,72,0,0.0,0.0
85,73,5435,382.8294373,26.57387352
85,74,402,423.0522461,403.7537231
85,75,0,0.0,0.0
85,76,0,0.0,0.0
85,77,2624,22.46265221,484.6642456
85,78,0,0.0,0.0
85,79,3956,457.5245056,364.0374146
85,80,3972,433.9670105,304.6565857
85,81,0,0.0,0.0
85,82,704,436.4715881,259.3764343
85,83,0,0.0,0.0
85,84,1721,485.7489929,16.34224319
85,85,0,0.0,0.0
85,86,481,493.1330566,362.2266235
85,87,1982,469.4541016,86.14177704
85,88,6840,113.8337708,40.10365677
85,89,1405,302.0640564,108.1010666
85,90,2881,185.3495331,85.90732574
85,91,3860,458.2090759,198.7419739
85,92,913,466.9342957,246.625412
85,93,0,0.0,0.0
85,94,6641,301.310791,57.68498611
85,95,0,0.0,0.0
85,96,1013,497.5370178,174.2250671
85,97,1033,486.5517883,328.2207031
85,98,704,493.0099487,43.55539703
85,99,0,0.0,0.0
85,100,1156,498.4160767,424.8157349
85,101,858,500.1585083,71.37296295
85,102,542,484.3247375,405.1513062
85,103,1057,118.978241,4.559129715
85,104,2433,353.5758362,100.1903
85,105,653,487.3277283,150.9571228
85,106,0,0.0,0.0
85,107,2934,211.9400177,38.90081787
85,108,0,0.0,0.0
85,109,0,0.0,0.0
85,110,3342,492.2262268,279.9608154
85,111,0,0.0,0.0
85,112,876,15.40867615,416.7420044
85,113,965,70.89118958,103.17202
85,114,1989,203.6395111,12.99195576
85,115,748,503.8208618,375.3235168
85,116,0,0.0,0.0
85,117,1069,374.4340515,495.507019
85,118,959,490.9624634,499.9280396
85,119,1487,493.7962341,467.1983948
85,120,1689,285.7240906,8.948490143
85,121,1459,23.59904099,13.55448914
85,122,1084,498.6079407,214.9160461
85,123,772,454.1087952,500.8627014
85,124,1415,498.5342712,119.3102493
85,125,3020,21.30695343,369.5563049
85,126,60,271.1666565,510.6666565
85,127,0,0.0,0.0
85,128,0,0.0,0.0
85,129,0,0.0,0.0
85,130,0,0.0,0.0
85,131,0,0.0,0.0
85,132,0,0.0,0.0
85,133,2838,23.0232563,300.8664551
86,0,0,0.0,0.0
86,1,5519,31.87533951,67.48940277
86,2,1377,20.06826401,129.6891785
86,3,3857,118.2149353,97.32331085
86,4,741,240.8110657,65.27799988
86,5,8156,165.5830078,153.9516907
86,6,6419,270.0895691,133.5518036
86,7,526,338.0209045,134.4866943
86,8,1457,362.6781006,152.5435791
86,9,1439,407.2578125,143.1966705
86,10,7572,420.3436279,73.80889893
86,11,355,478.1070557,44.98591614
86,12,738,93.74661255,147.7073212
86,13,7439,235.4566498,203.905365
86,14,7689,358.2278442,217.0698395
86,15,3050,445.2085266,144.9406586
86,16,2951,58.75737,145.7600861
86,17,3030,310.7587585,194.2656708
86,18,1232,132.4715881,203.6923676
86,19,4882,100.4190903,210.677597
86,20,197,440.5228577,113.6751251
86,21,746,281.8150024,261.1514893
86,22,1281,172.4465332,227.5956268
86,23,0,0.0,0.0
86,24,2395,17.83799553,182.133606
86,25,2818,422.7366943,219.1678467
86,26,0,0.0,0.0
86,27,6707,49.56925583,243.3818359
86,28,1783,244.188446,257.9427795
86,29,1899,388.2211609,275.4354858
86,30,4215,146.8680878,272.5675049
86,31,0,0.0,0.0
86,32,0,0.0,0.0
86,33,2628,86.22983551,303.7134705
86,34,7281,333.3270264,306.6564941
86,35,0,0.0,0.0
86,36,0,0.0,0.0
86,37,10736,211.2954559,312.5310059
86,38,764,389.2644043,310.4960632
86,39,6013,385.2042236,377.742218
86,40,929,170.8083954,360.9429626
86,41,8300,278.1925354,374.5257874
86,42,2778,69.51583862,338.5471497
86,43,792,337.7462158,395.2386475
86,44,0,0.0,0.0
86,45,0,0.0,0.0
86,46,566,397.2385254,432.4911804
86,47,1861,446.0354614,416.6362305
86,48,529,335.3232422,418.648407
86,49,1999,362.3952026,446.3556824
86,50,1461,54.58384705,408.5920715
86,51,4027,206.7330475,406.240387
86,52,7755,119.9766617,383.7579651
86,53,0,0.0,0.0
86,54,620,472.0129089,440.635498
86,55,4893,424.7457581,470.1089172
86,56,337,385.709198,463.6350098
86,57,7717,285.8070374,461.4127197
86,58,1882,337.9580383,489.8963928
86,59,4190,104.7668228,454.1723022
86,60,8201,186.7580719,471.5654297
86,61,1363,26.13499641,439.8892212
86,62,413,470.0944214,474.5036316
86,63,0,0.0,0.0
86,64,0,0.0,0.0
86,65,0,0.0,0.0
86,66,3714,77.13058472,483.3914795
86,67,0,0.0,0.0
86,68,0,0.0,0.0
86,69,0,0.0,0.0
86,70,0,0.0,0.0
86,71,0,0.0,0.0
86,72,0,0.0,0.0
86,73,5440,384.8889771,26.3459568
86,74,383,422.7519531,399.5561218
86,75,0,0.0,0.0
86,76,0,0.0,0.0
86,77,2588,22.71213341,485.4594421
86,78,0,0.0,0.0
86,79,3792,453.9319763,361.5843811
86,80,3442,431.8431091,303.487793
86,81,0,0.0,0.0
86,82,1168,434.0316772,257.9263611
86,83,0,0.0,0.0
86,84,1152,489.4331665,11.57291698
86,85,0,0.0,0.0
86,86,1077,493.4215393,369.3407593
86,87,2152,469.4052124,84.8368988
86,88,6674,113.7361374,40.39811325
86,89,1083,300.6362,108.2400742
86,90,3390,194.1451263,88.83776093
86,91,3000,462.4899902,196.8269958
86,92,685,469.1562195,244.2481689
86,93,0,0.0,0.0
86,94,6680,301.1100159,57.93113708
86,95,0,0.0,0.0
86,96,1445,494.208313,169.9460144
86,97,1247,482.7097168,327.6768188
86,98,707,498.1626587,40.38189697
86,99,0,0.0,0.0
86,100,1288,498.153717,420.7748413
86,101,860,499.8464966,71.79534912
86,102,602,487.519928,399.8388672
86,103,1161,123.8673553,5.275624275
86,104,2443,351.3237915,101.524353
86,105,560,490.7857056,140.4214325
86,106,0,0.0,0.0
86,107,3049,213.3161621,41.3499527
86,108,0,0.0,0.0
86,109,0,0.0,0.0
86,110,3622,490.8550415,280.1833191
86,111,0,0.0,0.0
86,112,551,11.63883877,420.479126
86,113,1109,71.24256134,104.4256058
86,114,2202,204.2497711,13.86784744
86,115,145,509.1517334,371.2276001
86,116,0,0.0,0.0
86,117,1143,374.9842529,494.9921265
86,118,993,491.4058533,499.3222656
86,119,1466,494.267395,465.5313721
86,120,1705,288.8516235,8.944281578
86,121,1342,23.95752525,12.49627399
86,122,1087,498.0248413,215.1131592
86,123,733,454.2728577,501.4611206
86,124,1094,500.1855469,116.2065811
86,125,3775,24.43152237,371.5496826
86,126,211,276.2322388,509.4265442
86,127,0,0.0,0.0
86,128,0,0.0,0.0
86,129,0,0.0,0.0
86,130,0,0.0,0.0
86,131,0,0.0,0.0
86,132,0,0.0,0.0
86,133,2679,21.50989151,299.3829651
87,0,0,0.0,0.0
87,1,5628,32.24875641,67.76190186
87,2,1354,21.78286552,129.6927643
87,3,4052,119.1140213,96.59230042
87,4,695,241.6417236,72.47193909
87,5,8075,173.5701599,156.0406189
87,6,6375,269.0475159,133.0558472
87,7,682,340.4325562,137.4178925
87,8,1541,363.4815063,151.8332214
87,9,1445,402.9916992,146.505188
87,10,7223,424.2284241,73.21265411
87,11,235,483.8297729,46.87234116
87,12,1307,103.6824799,144.1461334
87,13,6666,237.7980804,205.1099548
87,14,7489,357.7308044,216.6990204
87,15,3281,445.6217651,143.4297485
87,16,3234,61.10729599,144.7699432
87,17,3098,309.2446594,193.8440857
87,18,1234,132.4756927,202.1604614
87,19,5241,101.829422,212.923111
87,20,238,446.7184753,112.3823547
87,21,669,279.0732422,260.370697
87,22,1573,176.7533417,231.5600739
87,23,0,0.0,0.0
87,24,2609,19.12495232,181.9459534
87,25,3021,423.0923462,219.9119568
87,26,0,0.0,0.0
87,27,6505,48.82997513,245.0942383
87,28,1578,244.6894836,256.645752
87,29,2117,388.8507385,275.9234619
87,30,3694,147.1970825,274.6740723
87,31,0,0.0,0.0
87,32,0,0.0,0.0
87,33,2343,90.86769104,300.6491699
87,34,7621,334.7293091,306.0438232
87,35,0,0.0,0.0
87,36,0,0.0,0.0
87,37,10377,212.8751984,309.8366699
87,38,539,395.2745972,311.5436096
87,39,5922,386.3451538,376.3139038
87,40,1386,173.6803741,360.8355103
87,41,8548,278.6498718,372.9343567
87,42,3331,71.53857422,338.382782
87,43,766,341.3250732,396.5848694
87,44,0,0.0,0.0
87,45,0,0.0,0.0
87,46,534,394.4588013,432.6217346
87,47,1849,450.177948,416.4158936
87,48,648,337.3719177,418.8209839
87,49,1702,362.2062378,446.7138672
87,50,892,55.12107468,409.3766785
87,51,4249,207.8401947,407.7451172
87,52,7812,118.0297012,384.1816406
87,53,0,0.0,0.0
87,54,504,473.6785583,441.2619019
87,55,5141,427.213562,468.3608398
87,56,406,385.7463074,460.2438354
87,57,6553,288.7558289,455.5275574
87,58,1688,339.110199,488.735199
87,59,3995,102.1249084,453.3201599
87,60,8432,184.5864563,471.115387
87,61,1550,27.07806396,437.5187073
87,62,473,475.4207153,474.1987305
87,63,0,0.0,0.0
87,64,0,0.0,0.0
87,65,0,0.0,0.0
87,66,3600,76.38972473,482.6564026
87,67,0,0.0,0.0
87,68,0,0.0,0.0
87,69,0,0.0,0.0
87,70,0,0.0,0.0
87,71,0,0.0,0.0
87,72,0,0.0,0.0
87,73,5608,386.1028748,27.24393654
87,74,523,421.6979065,403.3097534
87,75,0,0.0,0.0
87,76,0,0.0,0.0
87,77,2671,23.53013802,485.4915771
87,78,0,0.0,0.0
87,79,4414,458.2081909,360.6252747
87,80,3392,434.3242798,303.1851501
87,81,0,0.0,0.0
87,82,1015,434.8009949,258.4532166
87,83,0,0.0,0.0
87,84,1123,486.6901245,9.739982605
87,85,0,0.0,0.0
87,86,503,502.8449402,367.1272278
87,87,2116,473.0349731,81.63327026
87,88,6767,112.6196213,38.35983276
87,89,1471,310.0475769,109.0034027
87,90,3017,193.6466675,87.64733124
87,91,2689,463.0784607,194.6203003
87,92,873,466.8190002,244.812149
87,93,0,0.0,0.0
87,94,6388,300.8774414,58.77128983
87,95,0,0.0,0.0
87,96,1377,495.6136475,170.7893982
87,97,1159,488.7592773,329.6177673
87,98,854,498.4836121,39.46838379
87,99,0,0.0,0.0
87,100,1216,498.4029541,422.391449
87,101,588,502.4949036,74.0748291
87,102,760,490.5065918,395.7776184
87,103,919,121.6713791,4.247007847
87,104,2209,357.0774231,98.2399292
87,105,718,491.0905151,141.3593292
87,106,0,0.0,0.0
87,107,3550,213.3047943,40.99943542
87,108,0,0.0,0.0
87,109,0,0.0,0.0
87,110,3476,491.6159363,278.1467285
87,111,0,0.0,0.0
87,112,632,13.92563248,417.2911377
87,113,917,70.79498291,101.4242096
87,114,2011,204.4241638,12.34510231
87,115,0,0.0,0.0
87,116,0,0.0,0.0
87,117,1389,375.9308777,493.4053345
87,118,940,492.7563782,499.2478638
87,119,1236,496.6755676,464.4862366
87,120,1959,289.8019409,10.30015278
87,121,1213,21.43198776,12.34377575
87,122,1083,497.7063599,214.0184631
87,123,767,456.4054871,501.2763977
87,124,996,499.3343506,113.1184769
87,125,3888,23.90895081,367.7224731
87,126,1504,279.6762085,502.7652893
87,127,12,511.0,361.75
87,128,0,0.0,0.0
87,129,0,0.0,0.0
87,130,0,0.0,0.0
87,131,0,0.0,0.0
87,132,0,0.0,0.0
87,133,2481,22.47037506,298.2962646
88,0,0,0.0,0.0
88,1,5947,33.72288513,66.91407776
88,2,1420,22.74154854,129.6894379
88,3,4153,119.7035904,96.0096283
88,4,436,243.3302765,73.88532257
88,5,7665,177.7054138,155.8114777
88,6,5918,271.9259949,134.1720123
88,7,636,336.1477966,139.254715
88,8,1545,365.8310547,151.4802551
88,9,1579,408.3439026,145.9860687
88,10,7538,422.7311096,73.46365356
88,11,324,484.944458,46.1419754
88,12,1260,113.6563492,142.8722229
88,13,7044,238.5485535,205.3813171
88,14,6569,365.4750977,213.0557098
88,15,2814,446.2267151,143.0671692
88,16,3619,64.98674011,147.5755768
88,17,3777,311.0074158,206.455658
88,18,938,135.0970154,199.8486176
88,19,5504,102.9338684,213.2801666
88,20,336,454.0684509,107.7380981
88,21,984,280.5640259,261.0375977
88,22,1437,174.070282,229.4244995
88,23,0,0.0,0.0
88,24,2540,18.15944862,182.4755859
88,25,3567,430.3389282,216.9341125
88,26,0,0.0,0.0
88,27,6455,49.7129364,244.883194
88,28,1428,244.0644226,254.9026642
88,29,1944,387.4840393,275.7417603
88,30,4023,148.4615936,274.6766052
88,31,0,0.0,0.0
88,32,0,0.0,0.0
88,33,2663,86.11415863,301.5715332
88,34,6658,338.2409058,303.1348877
88,35,0,0.0,0.0
88,36,0,0.0,0.0
88,37,10385,214.0475616,310.5257568
88,38,474,396.1476746,310.892395
88,39,5952,389.638092,373.9519348
88,40,1025,171.5834198,358.1287842
88,41,9307,283.0729675,370.2680664
88,42,2246,73.38780212,332.1593933
88,43,994,344.6166992,391.4758606
88,44,0,0.0,0.0
88,45,0,0.0,0.0
88,46,674,396.3887329,430.4406433
88,47,1868,448.486084,416.9673462
88,48,468,338.1901855,417.7414551
88,49,1781,363.6973572,445.492981
88,50,1405,61.04056931,406.4490967
88,51,4522,208.2932281,406.8012085
88,52,7797,120.9175339,382.0118103
88,53,0,0.0,0.0
88,54,487,473.4045105,440.9425049
88,55,4984,427.6663208,469.8725891
88,56,368,387.3994446,459.6684875
88,57,6518,291.9289551,455.0159607
88,58,1617,342.5639954,487.5788574
88,59,3270,105.5321121,451.5064087
88,60,8731,185.2189941,471.4031677
88,61,1300,26.22692299,436.9730835
88,62,409,476.0611267,470.4987793
88,63,0,0.0,0.0
88,64,0,0.0,0.0
88,65,0,0.0,0.0
88,66,4141,76.81478119,479.8099365
88,67,0,0.0,0.0
88,68,0,0.0,0.0
88,69,0,0.0,0.0
88,70,0,0.0,0.0
88,71,0,0.0,0.0
88,72,0,0.0,0.0
88,73,5017,391.0635986,25.60613823
88,74,376,423.6861572,401.0186157
88,75,0,0.0,0.0
88,76,0,0.0,0.0
88,77,2807,23.41289711,483.9846802
88,78,0,0.0,0.0
88,79,4558,459.6608276,360.2025146
88,80,3218,435.7762451,299.6227417
88,81,0,0.0,0.0
88,82,1340,433.4768677,257.6134338
88,83,0,0.0,0.0
88,84,1152,486.506073,10.18402767
88,85,0,0.0,0.0
88,86,548,501.678833,361.1003723
88,87,1935,476.5131836,80.50697327
88,88,6324,113.7247009,37.80471039
88,89,2041,316.5781555,108.6173477
88,90,3316,197.1851654,89.27322388
88,91,1749,463.5671692,183.9588318
88,92,950,468.8263245,240.7652588
88,93,0,0.0,0.0
88,94,6859,305.2579041,57.86645126
88,95,0,0.0,0.0
88,96,1269,495.8439636,173.1126862
88,97,1041,483.2785645,322.2536011
88,98,731,499.5266724,37.65390015
88,99,0,0.0,0.0
88,100,1406,497.8164978,419.2460938
88,101,530,503.5188599,71.92829895
88,102,570,486.0894775,397.6017456
88,103,1019,124.6447525,4.748773098
88,104,1731,361.4696655,102.4067001
88,105,718,486.1183777,148.5988922
88,106,0,0.0,0.0
88,107,3896,212.2440948,41.36499023
88,108,0,0.0,0.0
88,109,0,0.0,0.0
88,110,3292,492.0680542,277.2202454
88,111,0,0.0,0.0
88,112,763,17.64482307,416.2372131
88,113,1050,73.40190125,103.6914291
88,114,1903,207.6847076,11.91960049
88,115,0,0.0,0.0
88,116,0,0.0,0.0
88,117,1332,376.9114075,493.9136658
88,118,1071,492.4761963,497.9794617
88,119,1161,496.6166992,462.9689941
88,120,2040,289.761261,11.13970566
88,121,1170,21.28205109,12.09829044
88,122,1092,497.8095093,213.4578705
88,123,764,458.2657166,499.5170288
88,124,1325,498.2422791,117.2686768
88,125,4567,28.59973717,366.0525513
88,126,1611,281.8901367,502.7424011
88,127,175,508.2285767,372.4171448
88,128,0,0.0,0.0
88,129,0,0.0,0.0
88,130,0,0.0,0.0
88,131,0,0.0,0.0
88,132,0,0.0,0.0
88,133,2283,18.36881256,298.1357727
89,0,0,0.0,0.0
89,1,5905,32.93852615,66.74513245
89,2,1415,22.00494766,129.5787964
89,3,4438,121.9975204,94.15660095
89,4,681,245.8149719,74.33039856
89,5,7534,179.3027649,156.3599701
89,6,5571,270.2611694,134.4053192
89,7,519,336.0038452,135.8053894
89,8,1520,363.6394653,151.9677582
89,9,1768,409.9920959,143.7895966
89,10,8132,420.0098267,72.97602081
89,11,257,485.3968811,45.23735428
89,12,1621,113.3318939,142.3318939
89,13,6656,238.6469421,204.9734039
89,14,6381,366.0706787,212.0327606
89,15,2829,449.1877136,141.7755432
89,16,3576,63.08696747,147.2337799
89,17,4397,310.8842468,204.3108978
89,18,1432,135.705307,199.0411987
89,19,5032,101.1104965,211.5238495
89,20,218,459.2477112,103.8761444
89,21,883,280.2434998,260.3816528
89,22,1168,177.3664398,232.2328796
89,23,0,0.0,0.0
89,24,2537,19.23531723,183.2270355
89,25,3736,430.3776855,214.5744171
89,26,0,0.0,0.0
89,27,5641,54.21556473,244.5137329
89,28,1470,242.9714355,254.3482971
89,29,2126,388.4670715,274.9313354
89,30,4203,147.5926666,272.8239441
89,31,0,0.0,0.0
89,32,0,0.0,0.0
89,33,2571,92.18202972,300.9564514
89,34,6490,337.6627197,303.4371338
89,35,0,0.0,0.0
89,36,0,0.0,0.0
89,37,10183,215.4393616,308.4267883
89,38,470,396.4787292,307.325531
89,39,5467,392.2659607,371.5140076
89,40,1087,172.7019348,356.5059814
89,41,9717,285.2362976,370.6872559
89,42,2094,72.55252838,332.2798462
89,43,1027,353.1694336,386.6105042
89,44,0,0.0,0.0
89,45,0,0.0,0.0
89,46,827,395.1281738,431.0991516
89,47,1750,448.8091431,413.9599915
89,48,430,335.4813843,416.311615
89,49,1760,362.4159241,442.7823792
89,50,1217,59.07970428,403.4946594
89,51,4799,207.9116516,405.941864
89,52,7999,120.2892838,380.7762146
89,53,0,0.0,0.0
89,54,625,471.092804,438.6463928
89,55,4922,427.071106,469.092041
89,56,356,387.5561829,457.6264038
89,57,6457,291.9990845,455.0088196
89,58,1481,343.0216064,486.1289673
89,59,2022,116.1290817,454.9693298
89,60,8862,185.3249817,471.8505859
89,61,1565,26.55591011,435.9508057
89,62,456,473.6732483,473.3793945
89,63,0,0.0,0.0
89,64,0,0.0,0.0
89,65,0,0.0,0.0
89,66,5422,78.70417023,470.8006287
89,67,0,0.0,0.0
89,68,0,0.0,0.0
89,69,0,0.0,0.0
89,70,0,0.0,0.0
89,71,0,0.0,0.0
89,72,0,0.0,0.0
89,73,4772,396.4218445,23.52472687
89,74,411,423.5863647,395.9975586
89,75,0,0.0,0.0
89,76,0,0.0,0.0
89,77,2747,23.95194817,485.2806702
89,78,0,0.0,0.0
89,79,4268,458.2975769,360.776947
89,80,3084,435.1147766,298.4918823
89,81,0,0.0,0.0
89,82,1146,432.5968628,254.8970337
89,83,0,0.0,0.0
89,84,1012,485.7618713,9.110671997
89,85,0,0.0,0.0
89,86,124,506.7661438,333.1532288
89,87,1798,479.462738,78.93937683
89,88,6162,113.5886078,37.04413986
89,89,2480,318.6217651,109.6205673
89,90,2950,198.6888123,90.86169434
89,91,1516,464.8937988,179.162262
89,92,1225,466.7322388,239.9183655
89,93,0,0.0,0.0
89,94,6379,306.7891541,58.7126503
89,95,0,0.0,0.0
89,96,1437,495.0765381,171.6979828
89,97,1411,481.4266357,325.5074463
89,98,839,500.0274048,36.09535217
89,99,0,0.0,0.0
89,100,1302,498.3417969,420.113678
89,101,466,504.7360535,72.59870911
89,102,559,484.3738708,399.293396
89,103,1045,120.00383,4.488995075
89,104,1430,364.4454651,101.2580414
89,105,827,492.778717,140.1511536
89,106,0,0.0,0.0
89,107,4286,213.2890778,42.32897949
89,108,0,0.0,0.0
89,109,0,0.0,0.0
89,110,3472,491.8317871,274.7528687
89,111,0,0.0,0.0
89,112,680,18.16617584,414.1455994
89,113,1021,73.81782532,102.0891266
89,114,1818,208.2684326,11.07920837
89,115,0,0.0,0.0
89,116,0,0.0,0.0
89,117,1446,376.4515991,493.6659851
89,118,1186,492.6804504,496.5505981
89,119,1181,495.0779114,460.6960144
89,120,2192,293.1573792,11.57527351
89,121,1124,21.57473373,11.54982185
89,122,917,497.5070801,211.434021
89,123,720,456.8958435,500.2305603
89,124,847,499.8689575,110.7319946
89,125,4595,28.48683357,363.840271
89,126,1684,288.0308838,502.1442871
89,127,661,504.3222351,369.0393372
89,128,0,0.0,0.0
89,129,0,0.0,0.0
89,130,0,0.0,0.0
89,131,793,8.470365524,246.6355591
89,132,0,0.0,0.0
89,133,2429,21.90695763,298.8369751
90,0,0,0.0,0.0
90,1,6178,34.99692535,64.94091797
90,2,1574,21.34498024,130.8513336
90,3,4933,126.5720673,94.8098526
90,4,756,251.829361,72.65872955
90,5,7762,179.5757599,159.6153107
90,6,4587,277.1972961,139.9492035
90,7,546,335.7033081,136.6886444
90,8,1593,364.7865601,151.3684845
90,9,1591,410.2891235,147.1558838
90,10,8790,415.3511963,71.3924942
90,11,235,484.6383057,40.71489334
90,12,1228,111.476387,141.5122223
90,13,6354,241.1366119,204.9477539
90,14,6399,365.7235413,211.8576355
90,15,2618,448.2150574,140.194046
90,16,3850,64.26649475,145.5823364
90,17,4174,311.2659302,207.5172424
90,18,882,143.4047546,206.9977264
90,19,5631,101.9959183,208.296402
90,20,312,461.8365479,101.4455109
90,21,1118,276.9749451,259.000885
90,22,1283,176.9555664,232.3047485
90,23,0,0.0,0.0
90,24,2397,18.59324074,183.8548126
90,25,3771,429.0965271,214.7984619
90,26,0,0.0,0.0
90,27,5275,55.38919449,244.9893799
90,28,1280,241.2265625,253.0039063
90,29,1907,388.8830566,275.0723572
90,30,4429,146.2833557,274.1803894
90,31,0,0.0,0.0
90,32,0,0.0,0.0
90,33,2472,89.33535767,300.6387634
90,34,6446,337.919342,303.4971924
90,35,0,0.0,0.0
90,36,0,0.0,0.0
90,37,9946,215.9888458,307.8978577
90,38,775,396.9690247,308.3599854
90,39,5498,392.2571716,372.2897339
90,40,1120,174.8651733,357.1776733
90,41,10060,285.614502,371.3200684
90,42,2066,71.57598877,333.7463684
90,43,655,352.0900879,383.8870239
90,44,0,0.0,0.0
90,45,0,0.0,0.0
90,46,980,394.2275391,429.4285583
90,47,1900,448.6410522,414.8510437
90,48,762,341.4107666,416.67453
90,49,1571,363.2622681,442.6276245
90,50,1362,58.17988205,400.0910339
90,51,5192,208.5190735,407.2532654
90,52,7952,120.3968811,379.4816284
90,53,0,0.0,0.0
90,54,580,472.9120789,439.9051819
90,55,4833,426.3821716,469.2869873
90,56,371,386.385437,459.309967
90,57,5837,292.6669617,456.0728149
90,58,1654,344.3506775,484.7345886
90,59,2693,112.4883041,455.6004333
90,60,8685,186.2572327,472.1995544
90,61,1591,26.29666901,435.5040894
90,62,547,473.656311,472.259613
90,63,0,0.0,0.0
90,64,0,0.0,0.0
90,65,0,0.0,0.0
90,66,5000,76.81159973,471.5718079
90,67,0,0.0,0.0
90,68,0,0.0,0.0
90,69,0,0.0,0.0
90,70,0,0.0,0.0
90,71,0,0.0,0.0
90,72,0,0.0,0.0
90,73,4185,399.5350037,21.48793221
90,74,256,426.1835938,393.4296875
90,75,0,0.0,0.0
90,76,0,0.0,0.0
90,77,2758,24.09934807,485.5279236
90,78,0,0.0,0.0
90,79,4462,459.3973694,358.4363403
90,80,3109,436.7250061,297.5532227
90,81,0,0.0,0.0
90,82,1072,430.2975769,254.9925385
90,83,0,0.0,0.0
90,84,1146,486.2443237,10.04362965
90,85,0,0.0,0.0
90,86,56,509.4821472,329.1428528
90,87,1706,478.8265076,75.0
90,88,5847,115.7798843,36.8908844
90,89,2354,314.7332153,110.3347473
90,90,3893,211.5789948,95.427948
90,91,1568,464.6364746,178.8985901
90,92,1292,465.885437,237.8343658
90,93,0,0.0,0.0
90,94,6307,309.2928467,58.48866272
90,95,0,0.0,0.0
90,96,1538,494.3855591,169.1053314
90,97,997,482.3901672,321.7392273
90,98,660,499.2530212,37.00757599
90,99,0,0.0,0.0
90,100,1319,498.0644531,422.5822449
90,101,495,504.1495056,69.72525024
90,102,456,482.8618469,398.4276428
90,103,1061,117.4288406,4.380773067
90,104,1519,364.5661621,105.0632019
90,105,898,490.7394104,137.128067
90,106,0,0.0,0.0
90,107,4762,211.6486816,39.38807297
90,108,0,0.0,0.0
90,109,0,0.0,0.0
90,110,3495,491.3573608,274.5553589
90,111,0,0.0,0.0
90,112,677,14.35155106,413.8729553
90,113,901,74.94561768,101.4894562
90,114,1405,213.2718811,9.193593979
90,115,0,0.0,0.0
90,116,0,0.0,0.0
90,117,1356,376.857666,492.9468994
90,118,1321,492.1604919,495.4761658
90,119,940,495.4468079,460.1723328
90,120,2042,291.5054016,11.05876637
90,121,1071,20.88795471,11.17553711
90,122,932,498.3379822,210.9109497
90,123,732,455.5437012,499.8852539
90,124,969,499.0464478,107.9803925
90,125,4433,27.7976532,361.5003357
90,126,1757,288.7296448,501.6994934
90,127,1018,502.4096375,370.193512
90,128,0,0.0,0.0
90,129,0,0.0,0.0
90,130,0,0.0,0.0
90,131,983,9.709053993,243.594101
90,132,0,0.0,0.0
90,133,2395,22.50229645,297.3173218
91,0,0,0.0,0.0
91,1,6199,33.45636368,65.19857788
91,2,1445,22.39031219,132.062973
91,3,4966,129.1274719,95.40032196
91,4,691,257.5325623,72.4645462
91,5,7194,182.839447,159.586319
91,6,4063,281.3834534,140.684967
91,7,520,341.1057739,137.6788483
91,8,1404,365.7286377,152.3411713
91,9,1819,410.9104004,147.9411774
91,10,8647,413.7310181,72.14733124
91,11,641,485.2215271,41.80967331
91,12,976,119.5891418,141.2868805
91,13,6996,242.5793304,204.1295013
91,14,6710,363.3763123,213.8588715
91,15,2567,450.2800903,139.3556671
91,16,4107,68.73435974,144.6708069
91,17,3658,312.3969421,205.4712982
91,18,747,150.0294495,209.665329
91,19,6391,103.7627945,207.9871674
91,20,338,465.4674683,96.90532684
91,21,1127,279.6264343,260.3185425
91,22,1263,176.6777496,235.7379303
91,23,0,0.0,0.0
91,24,2623,19.25428963,184.0148621
91,25,3807,429.5920715,215.7223511
91,26,0,0.0,0.0
91,27,5121,53.51845169,246.1361084
91,28,1202,244.0482483,252.3119812
91,29,2088,387.0493164,277.3400269
91,30,4110,144.7953796,274.6216431
91,31,0,0.0,0.0
91,32,0,0.0,0.0
91,33,2312,97.09255981,303.8442993
91,34,5981,339.8833008,304.3589783
91,35,0,0.0,0.0
91,36,0,0.0,0.0
91,37,10192,214.9920502,306.9814453
91,38,554,398.3772583,310.2238159
91,39,5332,390.8285828,371.9853821
91,40,622,169.554657,355.5980835
91,41,9937,286.4532471,368.8251038
91,42,2109,70.31199646,333.876709
91,43,762,348.3648376,388.9396362
91,44,0,0.0,0.0
91,45,0,0.0,0.0
91,46,793,391.055481,428.8827209
91,47,1729,449.0422058,413.0931091
91,48,553,341.7757568,413.8046875
91,49,1780,363.9915771,443.7679749
91,50,1659,67.30500031,398.508728
91,51,6055,208.1240234,403.8926392
91,52,7225,121.9146042,378.2458191
91,53,0,0.0,0.0
91,54,749,472.3057556,437.5620728
91,55,4826,425.3669739,467.2206726
91,56,261,388.6551819,459.2758484
91,57,6218,293.0250854,456.7996216
91,58,1617,344.3537292,484.2071838
91,59,2147,114.3721466,450.350708
91,60,8523,184.6793365,471.8862
91,61,1702,28.70505333,432.6838989
91,62,543,471.5101318,471.1031189
91,63,0,0.0,0.0
91,64,0,0.0,0.0
91,65,0,0.0,0.0
91,66,5439,79.83232117,472.59552
91,67,0,0.0,0.0
91,68,0,0.0,0.0
91,69,0,0.0,0.0
91,70,0,0.0,0.0
91,71,0,0.0,0.0
91,72,0,0.0,0.0
91,73,4356,406.1905518,24.28420639
91,74,501,421.4391174,402.2434998
91,75,0,0.0,0.0
91,76,0,0.0,0.0
91,77,2854,24.33496857,484.6489258
91,78,0,0.0,0.0
91,79,4566,457.7665405,357.4502869
91,80,3150,437.1409607,295.06604
91,81,0,0.0,0.0
91,82,1371,435.6907349,254.0496063
91,83,0,0.0,0.0
91,84,901,487.824646,8.126525879
91,85,0,0.0,0.0
91,86,93,509.1828003,323.7634277
91,87,1426,477.131134,74.27349091
91,88,5735,114.9082794,36.59860611
91,89,2321,314.1443481,111.3442459
91,90,4288,214.9253693,96.56925964
91,91,1590,463.6805115,172.5723267
91,92,1001,470.9151001,232.8651276
91,93,0,0.0,0.0
91,94,5935,309.993103,60.98584747
91,95,0,0.0,0.0
91,96,1455,494.7470703,169.1903839
91,97,1148,482.3388367,322.0313721
91,98,605,503.4313965,38.93553543
91,99,0,0.0,0.0
91,100,1431,497.956665,419.7582092
91,101,445,502.7662964,72.02921295
91,102,376,482.7712708,396.2553101
91,103,1054,115.6963959,4.379506588
91,104,1455,364.1209717,105.1340179
91,105,750,494.2120056,134.9226685
91,106,0,0.0,0.0
91,107,5064,212.5606232,40.67357635
91,108,0,0.0,0.0
91,109,0,0.0,0.0
91,110,3303,491.9500427,273.168335
91,111,0,0.0,0.0
91,112,828,19.57246399,411.6412964
91,113,1186,74.95194244,97.92158508
91,114,1389,211.1115875,9.094312668
91,115,0,0.0,0.0
91,116,0,0.0,0.0
91,117,1382,376.9819031,493.803894
91,118,1375,491.2850952,495.2123718
91,119,977,495.5476074,460.6734924
91,120,2516,298.3923035,11.9073925
91,121,1034,21.62572479,10.33268833
91,122,1059,497.375824,208.6147308
91,123,803,453.27771,499.8630066
91,124,999,498.9239197,105.8048019
91,125,4264,26.89540291,361.6834106
91,126,1666,286.0756226,503.1200562
91,127,912,502.7697449,368.0219421
91,128,0,0.0,0.0
91,129,0,0.0,0.0
91,130,0,0.0,0.0
91,131,804,9.544775963,245.646759
91,132,0,0.0,0.0
91,133,2736,27.10928345,296.76828
92,0,0,0.0,0.0
92,1,6332,34.81869888,65.27732086
92,2,1713,23.35143089,134.8826599
92,3,5302,130.9307861,94.22048187
92,4,699,256.3390503,75.08726501
92,5,6574,185.9117737,162.1405487
92,6,3163,287.6054382,147.933609
92,7,520,339.5307617,138.70961
92,8,1547,368.6755066,152.1706543
92,9,1741,414.3836975,148.108551
92,10,8948,414.2840881,73.77436066
92,11,658,484.0030518,40.16413498
92,12,1289,124.9736252,146.9775085
92,13,6928,243.4556885,206.2150726
92,14,6621,360.5402527,216.3665619
92,15,2619,450.5341797,142.5452423
92,16,4460,71.2903595,143.8921509
92,17,3194,315.4655457,198.4157867
92,18,431,165.542923,215.5638123
92,19,7123,104.9046783,209.6766815
92,20,535,473.0317688,94.83551025
92,21,1192,284.1375732,259.6593933
92,22,1114,178.9946136,239.3114929
92,23,0,0.0,0.0
92,24,2213,17.53230858,183.6443787
92,25,4088,429.5156555,215.5242157
92,26,0,0.0,0.0
92,27,4461,54.63371277,248.899353
92,28,1338,244.3983612,252.5837097
92,29,2525,389.3580322,282.0162354
92,30,4568,143.0210114,279.7537231
92,31,0,0.0,0.0
92,32,0,0.0,0.0
92,33,2337,87.31493378,300.4741211
92,34,5639,340.4717102,304.0615234
92,35,0,0.0,0.0
92,36,0,0.0,0.0
92,37,9816,215.9362335,306.5738525
92,38,296,407.3378296,317.3580933
92,39,5390,390.4059448,370.4005432
92,40,930,166.0354767,355.0215149
92,41,10597,286.5523376,369.2715759
92,42,2003,71.29855347,333.7958069
92,43,582,346.5670166,389.2783508
92,44,0,0.0,0.0
92,45,0,0.0,0.0
92,46,1169,394.7553406,427.7929993
92,47,1685,450.4361877,414.3548889
92,48,978,345.4039001,415.6196289
92,49,1460,364.769165,446.1362915
92,50,1260,63.11984253,397.3857117
92,51,6418,210.1622009,406.7648926
92,52,7387,118.7327728,380.6643982
92,53,0,0.0,0.0
92,54,788,471.9517822,442.247467
92,55,4714,425.8519287,468.1805115
92,56,248,385.8265991,460.3145142
92,57,5250,296.6386719,458.3041992
92,58,1549,345.3621826,483.2356262
92,59,1830,114.5666656,448.7650146
92,60,8536,184.3951569,472.0579834
92,61,1578,29.11723709,432.495575
92,62,507,474.6844177,474.6923218
92,63,0,0.0,0.0
92,64,0,0.0,0.0
92,65,0,0.0,0.0
92,66,5669,80.35562134,471.1984558
92,67,0,0.0,0.0
92,68,0,0.0,0.0
92,69,0,0.0,0.0
92,70,0,0.0,0.0
92,71,0,0.0,0.0
92,72,0,0.0,0.0
92,73,4352,405.7316284,21.79273987
92,74,678,426.3702087,394.6563416
92,75,0,0.0,0.0
92,76,0,0.0,0.0
92,77,2923,24.69962311,485.0013733
92,78,0,0.0,0.0
92,79,4834,460.2935486,352.8936768
92,80,2983,438.162262,292.7918091
92,81,0,0.0,0.0
92,82,1046,434.5535278,254.2332764
92,83,0,0.0,0.0
92,84,811,489.7287292,8.092478752
92,85,0,0.0,0.0
92,86,359,504.4819031,322.320343
92,87,1209,477.4425049,70.7684021
92,88,5266,114.0347519,34.85795593
92,89,2241,313.1731262,111.881752
92,90,5524,221.1104279,102.5943146
92,91,1589,468.6217651,166.2655792
92,92,1337,468.388916,233.5572205
92,93,0,0.0,0.0
92,94,6198,310.9511108,59.67118454
92,95,0,0.0,0.0
92,96,1373,495.8332214,165.1536713
92,97,617,479.3306274,314.1037292
92,98,606,502.9422302,38.91584015
92,99,0,0.0,0.0
92,100,1367,497.6620483,420.7658997
92,101,495,503.525238,71.61212158
92,102,545,483.9431152,396.8458862
92,103,1151,117.3953094,4.6559515
92,104,1511,362.5539246,107.0694885
92,105,160,503.4750061,137.625
92,106,0,0.0,0.0
92,107,5359,211.9949646,39.87535095
92,108,0,0.0,0.0
92,109,0,0.0,0.0
92,110,3142,491.8236694,270.5079651
92,111,0,0.0,0.0
92,112,930,20.72795677,411.1957092
92,113,974,76.72279358,98.31417084
92,114,1092,214.7536621,6.975274563
92,115,0,0.0,0.0
92,116,0,0.0,0.0
92,117,1415,377.0268555,495.2042542
92,118,1476,492.1788635,493.51828
92,119,714,495.6764832,456.7409058
92,120,2340,294.1581116,11.94786358
92,121,1058,21.7476368,10.63232517
92,122,1044,497.9300842,206.4578552
92,123,778,452.8804626,500.2969055
92,124,1172,498.2738953,110.7764511
92,125,4383,27.00296593,359.8564758
92,126,1982,284.7986755,501.8647766
92,127,928,502.852356,367.4816895
92,128,64,510.4375,466.21875
92,129,0,0.0,0.0
92,130,0,0.0,0.0
92,131,1390,13.65036011,239.5956879
92,132,0,0.0,0.0
92,133,2216,23.15478325,297.0279846
93,0,0,0.0,0.0
93,1,6512,36.11962509,63.2315712
93,2,1814,24.18026543,130.8291016
93,3,5662,133.4131012,92.58265686
93,4,650,259.8123169,78.24769592
93,5,6471,190.544281,162.4705658
93,6,2809,292.0060425,147.5122833
93,7,419,341.8448792,140.4248199
93,8,1485,370.3171692,151.9912415
93,9,1637,416.5509949,144.9248657
93,10,9122,413.9637146,71.30267334
93,11,686,484.0466614,41.32215881
93,12,1527,129.5481262,146.8474121
93,13,6762,245.7725525,206.7528839
93,14,6324,363.421875,214.4702759
93,15,2736,451.2843628,141.5836945
93,16,4495,71.59666443,143.5359344
93,17,3494,317.1468201,197.6579895
93,18,539,169.5102081,212.7959137
93,19,7088,107.2258759,209.8122253
93,20,504,473.7579346,94.88690186
93,21,1422,286.7440186,260.3059082
93,22,1108,179.7337494,238.7111969
93,23,0,0.0,0.0
93,24,2544,19.72759438,184.4048767
93,25,3904,427.3025208,217.1918488
93,26,0,0.0,0.0
93,27,4162,58.78375626,249.1513672
93,28,1364,245.155426,252.9838715
93,29,2485,389.1134949,280.9537354
93,30,4531,146.8470612,278.4091797
93,31,0,0.0,0.0
93,32,0,0.0,0.0
93,33,2937,82.40857697,298.8849182
93,34,5456,341.8027954,304.0668945
93,35,0,0.0,0.0
93,36,0,0.0,0.0
93,37,9068,219.6035461,305.5838013
93,38,368,405.9701233,315.8043518
93,39,5132,391.8721619,369.4781799
93,40,1427,165.8794708,348.6187744
93,41,10620,287.5195007,368.4842834
93,42,2118,70.1161499,333.3338013
93,43,775,350.4258118,390.4658203
93,44,0,0.0,0.0
93,45,0,0.0,0.0
93,46,763,397.5032654,430.1939697
93,47,1793,448.0340271,411.3301697
93,48,1291,352.690155,418.0914001
93,49,1410,365.0312195,447.1376038
93,50,1359,59.31346512,400.1118469
93,51,6591,209.4281616,406.5261841
93,52,7284,117.9851761,380.5288391
93,53,0,0.0,0.0
93,54,995,468.6442261,442.2874451
93,55,4233,425.290802,468.1228333
93,56,431,389.3735352,460.7006836
93,57,5130,294.607605,456.7284546
93,58,1478,345.6874084,481.0520935
93,59,1614,113.5916977,446.4473267
93,60,8701,182.887146,472.3066406
93,61,1435,25.0,433.0912781
93,62,421,471.9239807,474.1069031
93,63,0,0.0,0.0
93,64,0,0.0,0.0
93,65,0,0.0,0.0
93,66,5797,79.8844223,469.6765442
93,67,0,0.0,0.0
93,68,0,0.0,0.0
93,69,0,0.0,0.0
93,70,0,0.0,0.0
93,71,0,0.0,0.0
93,72,0,0.0,0.0
93,73,3863,408.9811096,19.13202095
93,74,643,422.8211365,398.4245605
93,75,0,0.0,0.0
93,76,0,0.0,0.0
93,77,2974,25.16610718,485.0262146
93,78,0,0.0,0.0
93,79,5293,461.4118652,346.2711182
93,80,2983,439.1173401,291.0130615
93,81,0,0.0,0.0
93,82,1567,443.3375854,250.0491333
93,83,0,0.0,0.0
93,84,734,491.3814697,8.046321869
93,85,0,0.0,0.0
93,86,392,504.045929,316.8418274
93,87,1241,478.6422119,71.60193634
93,88,5054,114.7971878,33.26197052
93,89,1993,310.4460754,112.7867508
93,90,5431,224.7053986,104.659729
93,91,1667,466.8572388,173.9256134
93,92,1722,486.5057983,216.0168457
93,93,0,0.0,0.0
93,94,5891,312.2790833,61.48633575
93,95,0,0.0,0.0
93,96,1346,495.4167786,165.306839
93,97,541,484.099823,297.6968689
93,98,639,502.6635437,38.08137894
93,99,0,0.0,0.0
93,100,1397,497.4502563,421.4617004
93,101,375,504.5759888,70.27466583
93,102,656,482.5213318,395.9054871
93,103,898,116.4131393,3.796213865
93,104,1910,362.1759033,106.9287949
93,105,365,497.8630066,137.7452087
93,106,0,0.0,0.0
93,107,5869,213.966095,39.39972687
93,108,0,0.0,0.0
93,109,0,0.0,0.0
93,110,2473,494.2996216,262.6526489
93,111,0,0.0,0.0
93,112,704,17.69034004,411.4588013
93,113,907,79.44542694,94.97904968
93,114,1044,217.6159058,7.453064919
93,115,0,0.0,0.0
93,116,0,0.0,0.0
93,117,1462,378.1224365,494.8078003
93,118,1360,487.9978027,494.7272034
93,119,690,491.9028931,457.1942139
93,120,2531,298.6973572,12.12366676
93,121,976,20.75512314,10.15266418
93,122,9,509.8888855,207.777771
93,123,816,451.5808716,499.0551453
93,124,1176,498.5552673,109.3630981
93,125,4305,27.08548164,361.7693481
93,126,2277,289.7509766,500.9833069
93,127,1083,502.6352844,365.2373047
93,128,387,507.5219727,476.5632935
93,129,0,0.0,0.0
93,130,0,0.0,0.0
93,131,1601,17.35727692,237.6239777
93,132,0,0.0,0.0
93,133,2016,18.80952454,297.9126892
94,0,0,0.0,0.0
94,1,6630,36.6190033,62.43469238
94,2,1873,22.4634285,132.7629547
94,3,5956,136.3052368,93.92461395
94,4,566,266.1872864,77.14487457
94,5,5537,189.0401001,165.2508545
94,6,3290,289.0778198,146.9075928
94,7,493,343.752533,139.9736328
94,8,1194,369.5016785,153.9405365
94,9,1346,410.639679,148.4465027
94,10,9101,412.2042542,72.417099
94,11,688,484.5813904,41.3866272
94,12,1129,131.0797119,148.6953125
94,13,6968,245.8573456,207.3972473
94,14,6692,361.426178,216.4290161
94,15,2757,448.9630127,142.3394928
94,16,4601,73.24777222,143.6152954
94,17,2980,319.3882446,193.8909454
94,18,904,164.4424744,213.7223511
94,19,7289,105.974205,209.8371582
94,20,425,467.0682373,96.76470947
94,21,1360,290.0764771,262.7617798
94,22,1143,179.0253754,241.9440002
94,23,0,0.0,0.0
94,24,2558,19.88428497,186.4276733
94,25,4055,427.3790283,215.1450043
94,26,0,0.0,0.0
94,27,3708,58.5097084,249.9460602
94,28,1484,252.0936584,251.4898987
94,29,1982,388.2305603,279.0691223
94,30,3731,144.9303131,277.8657227
94,31,0,0.0,0.0
94,32,0,0.0,0.0
94,33,3376,85.4152832,298.927124
94,34,5379,342.550293,305.1775513
94,35,0,0.0,0.0
94,36,0,0.0,0.0
94,37,9661,218.8621216,305.109314
94,38,509,401.6895752,312.3123779
94,39,5046,392.0810547,367.0216064
94,40,1389,163.5046844,347.7134705
94,41,10536,289.3639832,370.6448364
94,42,1993,71.90216064,331.7120056
94,43,704,351.9786987,390.3565369
94,44,0,0.0,0.0
94,45,0,0.0,0.0
94,46,1200,392.2283325,426.7008362
94,47,1758,448.5796509,411.5819092
94,48,916,351.9836121,415.9443359
94,49,1551,361.8807373,446.8807373
94,50,1145,64.89868927,390.986908
94,51,7058,210.7480927,407.2262573
94,52,7019,118.9891739,381.0384521
94,53,0,0.0,0.0
94,54,958,470.5271301,441.0281982
94,55,4340,425.2262573,466.9534607
94,56,407,390.6683044,461.7886963
94,57,4200,295.8761902,454.9271545
94,58,1304,343.5252991,476.9961548
94,59,1423,117.2979584,450.0168762
94,60,8442,182.4994049,472.3282471
94,61,2463,24.70077133,421.5241699
94,62,352,469.8920593,470.7840881
94,63,0,0.0,0.0
94,64,0,0.0,0.0
94,65,0,0.0,0.0
94,66,6261,79.73406982,466.2504272
94,67,0,0.0,0.0
94,68,0,0.0,0.0
94,69,0,0.0,0.0
94,70,0,0.0,0.0
94,71,0,0.0,0.0
94,72,0,0.0,0.0
94,73,4289,411.7698669,20.64000893
94,74,706,426.4220886,394.0977478
94,75,0,0.0,0.0
94,76,0,0.0,0.0
94,77,3041,25.45018005,484.5501404
94,78,0,0.0,0.0
94,79,5171,460.9864502,343.9197388
94,80,3006,436.8167114,290.528595
94,81,0,0.0,0.0
94,82,1159,436.4874878,253.8748932
94,83,0,0.0,0.0
94,84,623,493.3916626,7.629213333
94,85,0,0.0,0.0
94,86,524,503.4980774,317.0973206
94,87,1455,479.6591187,73.74157715
94,88,4505,117.9882355,32.79644775
94,89,1732,308.6039124,113.7592392
94,90,5944,224.0312958,105.2203903
94,91,1539,468.7270813,168.419754
94,92,2260,481.6345215,217.3553162
94,93,0,0.0,0.0
94,94,5674,312.8783875,62.68241119
94,95,0,0.0,0.0
94,96,1261,496.523407,164.7858887
94,97,531,483.8606262,294.6704407
94,98,563,503.4298401,35.60390854
94,99,0,0.0,0.0
94,100,1608,496.8308411,420.5621948
94,101,424,504.8443298,69.51651001
94,102,626,482.1789246,389.2108765
94,103,831,125.4139557,3.995186567
94,104,2062,363.1959229,109.756546
94,105,238,498.050415,135.8823547
94,106,0,0.0,0.0
94,107,5832,214.175415,40.05178452
94,108,0,0.0,0.0
94,109,0,0.0,0.0
94,110,2533,493.4816284,259.8827515
94,111,0,0.0,0.0
94,112,0,0.0,0.0
94,113,1239,80.87731934,96.26715088
94,114,1053,217.1386566,6.821462631
94,115,0,0.0,0.0
94,116,0,0.0,0.0
94,117,1570,376.0987244,494.354126
94,118,1590,487.7748413,492.1364746
94,119,354,488.81073,455.8644104
94,120,2563,299.2797546,12.47756577
94,121,1327,32.87038422,9.293895721
94,122,0,0.0,0.0
94,123,876,451.6564026,498.2408752
94,124,1268,496.922699,110.5102539
94,125,4350,27.78000069,359.151947
94,126,2932,289.4645386,498.9410095
94,127,1042,502.4712219,364.5748596
94,128,486,506.0720215,470.9279785
94,129,0,0.0,0.0
94,130,0,0.0,0.0
94,131,1550,18.3290329,237.0283813
94,132,0,0.0,0.0
94,133,1977,18.75366783,297.0657654
95,0,0,0.0,0.0
95,1,6685,36.40074921,62.5430069
95,2,1950,23.26410294,135.2948761
95,3,6143,134.7108917,95.91860962
95,4,567,264.9647217,73.22751617
95,5,5474,199.4137726,166.5993805
95,6,2196,301.9986267,147.9130249
95,7,561,354.7611389,138.869873
95,8,1176,378.7533875,149.8409882
95,9,1402,415.8652039,148.9436493
95,10,8950,415.1109619,71.36637115
95,11,605,485.1851196,40.76859665
95,12,1142,133.3914185,146.6882629
95,13,6400,249.752655,205.687973
95,14,6018,361.848114,212.5967102
95,15,2603,453.7337646,140.1525116
95,16,4517,72.27916718,144.2532654
95,17,3361,321.4549255,193.2823639
95,18,1185,166.2919769,213.9772186
95,19,7653,106.6575165,207.83078
95,20,438,466.5867615,95.39269257
95,21,1389,292.7602539,264.4182739
95,22,1667,180.1433716,243.8026428
95,23,0,0.0,0.0
95,24,2357,18.93041992,187.0114594
95,25,3816,425.960968,215.20755
95,26,0,0.0,0.0
95,27,2607,66.29344177,257.5393066
95,28,1754,255.8198395,251.0319214
95,29,2683,386.1457214,271.9519043
95,30,3383,142.6452789,279.5187683
95,31,0,0.0,0.0
95,32,0,0.0,0.0
95,33,3813,80.77629089,296.6900024
95,34,5293,343.8603821,306.0612183
95,35,0,0.0,0.0
95,36,0,0.0,0.0
95,37,9432,218.9909821,304.6455688
95,38,564,403.4929199,312.7978821
95,39,5046,391.0590515,367.7138367
95,40,1639,169.1848755,348.7852478
95,41,10603,289.5331421,370.9520874
95,42,2216,71.65478516,333.490509
95,43,781,350.8668518,393.3495483
95,44,0,0.0,0.0
95,45,0,0.0,0.0
95,46,1528,386.4986877,425.3808899
95,47,2193,449.2982178,409.7806702
95,48,573,338.0139465,419.7015686
95,49,1518,360.9387207,444.0184326
95,50,1353,70.29194641,393.5912781
95,51,7288,212.5767059,409.6005859
95,52,6571,120.4166794,380.8838806
95,53,0,0.0,0.0
95,54,588,469.4761963,438.5391235
95,55,4269,424.3499756,466.6408997
95,56,386,384.8912048,465.1062317
95,57,3400,297.6505737,455.1555786
95,58,1262,343.3716431,477.4960327
95,59,1592,116.5879364,450.2242432
95,60,8405,182.9732361,471.8746033
95,61,2591,26.74025536,420.7124634
95,62,262,469.64505,470.8511353
95,63,0,0.0,0.0
95,64,0,0.0,0.0
95,65,0,0.0,0.0
95,66,6017,80.14392853,468.200592
95,67,0,0.0,0.0
95,68,0,0.0,0.0
95,69,0,0.0,0.0
95,70,0,0.0,0.0
95,71,0,0.0,0.0
95,72,0,0.0,0.0
95,73,4303,412.1893921,21.23588181
95,74,780,424.5499878,391.8833313
95,75,0,0.0,0.0
95,76,0,0.0,0.0
95,77,3055,25.53944397,484.5522156
95,78,0,0.0,0.0
95,79,5002,460.543396,342.217926
95,80,2774,439.259552,288.8929443
95,81,0,0.0,0.0
95,82,1213,436.5391541,253.631485
95,83,0,0.0,0.0
95,84,626,490.7619934,6.509584427
95,85,0,0.0,0.0
95,86,740,503.0905457,310.7297363
95,87,1628,482.8415222,74.97543335
95,88,4519,118.0688171,34.46979523
95,89,2610,314.5739441,112.1455917
95,90,6655,226.7604828,108.8021011
95,91,1954,471.0368347,170.6929321
95,92,2331,481.2904358,217.6379242
95,93,0,0.0,0.0
95,94,5631,314.1381531,62.88616562
95,95,0,0.0,0.0
95,96,1123,499.1709595,159.1095276
95,97,538,482.9033508,295.8234253
95,98,519,503.5780334,33.70905685
95,99,0,0.0,0.0
95,100,1812,496.2582703,418.0767212
95,101,316,506.848114,66.93038177
95,102,558,483.9533997,388.1846008
95,103,1083,121.2714691,5.015697002
95,104,1395,371.3505249,107.6903229
95,105,196,502.5306091,131.6479645
95,106,0,0.0,0.0
95,107,6028,213.1478119,39.23606491
95,108,0,0.0,0.0
95,109,0,0.0,0.0
95,110,2252,493.6132202,257.2073669
95,111,0,0.0,0.0
95,112,0,0.0,0.0
95,113,1065,77.99906158,96.89859009
95,114,952,226.6102905,5.866596699
95,115,0,0.0,0.0
95,116,0,0.0,0.0
95,117,1657,374.7350769,494.6560059
95,118,1453,486.7646179,493.6311035
95,119,531,481.7175293,456.0960388
95,120,2582,302.0964355,13.58055782
95,121,1200,30.3591671,8.805832863
95,122,0,0.0,0.0
95,123,1036,450.9884033,496.585907
95,124,876,499.8641663,108.643837
95,125,4350,26.77724075,359.3790894
95,126,3116,288.3783569,497.2150269
95,127,902,502.4190674,359.1773987
95,128,715,504.1244812,469.7314758
95,129,0,0.0,0.0
95,130,0,0.0,0.0
95,131,2293,27.65242004,230.3157501
95,132,0,0.0,0.0
95,133,1910,18.38691139,296.5581055
96,0,0,0.0,0.0
96,1,7098,38.5664978,65.22372437
96,2,2009,29.08063698,137.4579468
96,3,6059,140.2724915,93.23898315
96,4,463,271.9719238,79.66954803
96,5,5776,209.4084167,169.0415497
96,6,2252,312.1753845,150.5968018
96,7,541,361.8798523,137.8299408
96,8,914,381.1728516,151.1969299
96,9,1412,416.9334412,150.6338501
96,10,9059,414.3780823,73.24230194
96,11,667,491.4422913,39.19040298
96,12,1777,143.1778259,148.2419739
96,13,6018,250.3477936,207.2176819
96,14,6316,359.4341431,215.2120056
96,15,2822,456.5336609,139.4209747
96,16,4246,74.90296936,143.8900146
96,17,2985,323.6529236,192.0693512
96,18,768,166.3255157,213.8203125
96,19,8175,109.4594498,208.7483826
96,20,483,464.6894531,94.27536011
96,21,1299,293.6820679,267.9522705
96,22,1362,181.9229126,242.0631409
96,23,0,0.0,0.0
96,24,2401,19.94960403,187.751358
96,25,3601,423.0424805,217.206604
96,26,0,0.0,0.0
96,27,2186,74.79872131,263.9689026
96,28,1865,260.1758728,250.6863251
96,29,3113,387.682312,273.4143982
96,30,3391,145.804184,278.0802002
96,31,0,0.0,0.0
96,32,0,0.0,0.0
96,33,4039,80.08888245,297.2124329
96,34,4842,343.3120728,307.2988586
96,35,0,0.0,0.0
96,36,0,0.0,0.0
96,37,9191,220.5614166,303.4520874
96,38,652,402.6088867,316.1855774
96,39,4477,392.6124573,364.6176147
96,40,1612,168.3877106,346.9082031
96,41,10629,290.9237976,371.9630127
96,42,2150,72.08371735,334.8567505
96,43,946,357.3815918,389.7843628
96,44,0,0.0,0.0
96,45,0,0.0,0.0
96,46,2050,387.3951111,424.4346313
96,47,2077,448.2022095,410.9133301
96,48,727,340.6575012,418.7001343
96,49,1413,359.6093445,447.3114014
96,50,1629,71.74156189,394.419281
96,51,7656,210.7782135,406.6162415
96,52,6200,121.3179016,380.4632263
96,53,0,0.0,0.0
96,54,905,466.2607727,438.8994446
96,55,3754,422.4102173,468.2253723
96,56,390,384.8230896,463.0897522
96,57,3526,293.1798096,458.0093689
96,58,1283,344.1083374,476.0405273
96,59,1434,117.5027924,450.5264893
96,60,8544,183.5051422,472.8313293
96,61,2335,24.59743118,422.0484009
96,62,407,465.1916504,469.3980408
96,63,0,0.0,0.0
96,64,0,0.0,0.0
96,65,0,0.0,0.0
96,66,6260,79.56214142,467.2506409
96,67,0,0.0,0.0
96,68,0,0.0,0.0
96,69,0,0.0,0.0
96,70,0,0.0,0.0
96,71,0,0.0,0.0
96,72,0,0.0,0.0
96,73,5079,422.6875305,20.27997589
96,74,650,425.1246033,391.1199951
96,75,0,0.0,0.0
96,76,0,0.0,0.0
96,77,2987,25.06193542,484.5172424
96,78,0,0.0,0.0
96,79,5394,460.9523621,342.9256592
96,80,2849,443.6332092,286.5556335
96,81,0,0.0,0.0
96,82,1238,440.3505554,250.7092133
96,83,0,0.0,0.0
96,84,91,505.0,2.934065819
96,85,0,0.0,0.0
96,86,810,503.0283813,309.1851807
96,87,1759,486.484375,76.91017914
96,88,3353,121.1947479,33.25082016
96,89,2718,321.5912476,114.0596008
96,90,6766,230.0271912,107.7426834
96,91,1982,471.0721436,174.6604462
96,92,2243,484.0205078,216.1983948
96,93,0,0.0,0.0
96,94,5099,314.483429,63.26201248
96,95,0,0.0,0.0
96,96,1111,499.5616455,160.207016
96,97,483,484.5693665,291.3105469
96,98,346,506.8872681,32.00289154
96,99,0,0.0,0.0
96,100,1750,496.3834229,416.4365845
96,101,170,507.394104,61.0
96,102,409,483.7481689,387.9461975
96,103,1453,121.5560913,6.029593945
96,104,1229,372.3002319,104.0162735
96,105,266,501.1390991,130.2706757
96,106,0,0.0,0.0
96,107,6230,216.4337006,40.23948669
96,108,0,0.0,0.0
96,109,0,0.0,0.0
96,110,1811,496.1093445,255.0988464
96,111,0,0.0,0.0
96,112,0,0.0,0.0
96,113,1501,84.74750519,92.31246185
96,114,872,226.0252228,6.1422019
96,115,0,0.0,0.0
96,116,0,0.0,0.0
96,117,1573,375.2485657,495.8639526
96,118,1507,487.3424072,492.8453979
96,119,344,480.3401184,454.6540833
96,120,2771,304.0938416,13.99530888
96,121,1598,28.89111328,13.0682106
96,122,0,0.0,0.0
96,123,1089,450.1450806,497.2350769
96,124,627,501.2918701,109.4067001
96,125,4430,27.38261795,360.678772
96,126,2842,292.9873352,497.8656006
96,127,897,502.3154907,360.1192932
96,128,858,502.343811,465.1620178
96,129,0,0.0,0.0
96,130,18,410.277771,510.777771
96,131,2918,31.4444828,233.5106201
96,132,0,0.0,0.0
96,133,1837,20.46271133,300.3037415
97,0,0,0.0,0.0
97,1,6380,44.39686584,64.18071747
97,2,2583,24.63801765,130.1420898
97,3,6443,140.0479584,92.75260162
97,4,655,276.6122131,78.31144714
97,5,5929,209.2349396,171.3197784
97,6,2647,309.2353516,151.1764221
97,7,635,361.7102356,140.1716461
97,8,736,382.0923767,152.3817902
97,9,1625,419.4886169,145.9876862
97,10,8498,413.0723572,72.18063354
97,11,499,491.655304,35.95591354
97,12,2053,141.1923981,145.9810028
97,13,5746,250.5600433,209.230072
97,14,5693,361.9367676,212.3051147
97,15,2853,457.5208435,139.9992981
97,16,4581,76.47566223,144.8266754
97,17,3010,323.3883667,195.8259125
97,18,1132,161.7075958,220.5326843
97,19,7822,105.9612656,210.2296143
97,20,700,454.0071411,92.51571655
97,21,1683,294.254303,265.591217
97,22,1642,183.5158386,246.1333771
97,23,0,0.0,0.0
97,24,2384,19.70092201,186.852356
97,25,3672,422.7557068,217.7696075
97,26,0,0.0,0.0
97,27,2696,81.72774506,271.0942078
97,28,1758,256.0716858,251.0449371
97,29,3182,387.2203064,271.1517944
97,30,3051,148.579483,282.335968
97,31,0,0.0,0.0
97,32,0,0.0,0.0
97,33,3444,85.29442596,302.514801
97,34,4727,343.098999,305.1781311
97,35,0,0.0,0.0
97,36,0,0.0,0.0
97,37,8483,221.9467163,303.9068604
97,38,717,401.6792297,316.4811707
97,39,4090,388.9286194,361.0814209
97,40,1659,169.2573853,347.0644836
97,41,10498,290.540863,370.1492615
97,42,1539,69.10331726,332.777771
97,43,846,354.8510742,388.0709229
97,44,0,0.0,0.0
97,45,0,0.0,0.0
97,46,2696,381.951416,419.5022278
97,47,2219,447.6696777,408.0923767
97,48,675,340.5111084,430.1925964
97,49,583,364.4802856,444.4253845
97,50,1369,70.87216949,400.3469543
97,51,8306,212.1213531,409.5021667
97,52,6705,117.8784485,378.6281738
97,53,0,0.0,0.0
97,54,662,464.7673645,437.8157043
97,55,3902,421.3877563,465.0751038
97,56,434,380.0115356,461.8732605
97,57,3114,296.1496582,454.00354
97,58,1549,345.8353882,469.9289856
97,59,1482,117.2921753,449.5539856
97,60,8351,182.2160187,474.194458
97,61,2356,24.4796257,424.3540039
97,62,485,468.065979,464.0123596
97,63,0,0.0,0.0
97,64,0,0.0,0.0
97,65,0,0.0,0.0
97,66,6126,78.41413879,467.785675
97,67,0,0.0,0.0
97,68,0,0.0,0.0
97,69,0,0.0,0.0
97,70,0,0.0,0.0
97,71,0,0.0,0.0
97,72,0,0.0,0.0
97,73,5134,425.6941833,20.10556984
97,74,751,422.2889404,387.0585938
97,75,0,0.0,0.0
97,76,0,0.0,0.0
97,77,2815,24.49413872,485.4497375
97,78,0,0.0,0.0
97,79,5195,460.2073059,340.5401306
97,80,2734,441.2864075,286.9579468
97,81,0,0.0,0.0
97,82,1074,441.7793274,250.8724365
97,83,0,0.0,0.0
97,84,45,506.7333374,1.866666675
97,85,0,0.0,0.0
97,86,867,502.431366,309.8465881
97,87,2033,488.0319824,77.82243347
97,88,3290,122.1164169,33.74194717
97,89,2633,321.8104858,113.6391983
97,90,6706,230.484787,108.1597061
97,91,2157,470.4515381,175.1784821
97,92,2126,483.057373,216.2610474
97,93,0,0.0,0.0
97,94,4609,317.6072998,63.11542511
97,95,0,0.0,0.0
97,96,1197,500.5388489,156.0476227
97,97,524,484.9026794,289.1526794
97,98,335,506.6776123,29.94029808
97,99,0,0.0,0.0
97,100,1912,494.375,412.1846313
97,101,114,506.7807007,51.7456131
97,102,463,483.6544189,378.9006348
97,103,1588,119.2575531,5.853904247
97,104,1369,372.7706299,107.0474777
97,105,0,0.0,0.0
97,106,0,0.0,0.0
97,107,6333,217.4756012,40.92089081
97,108,0,0.0,0.0
97,109,0,0.0,0.0
97,110,1982,494.8738708,253.2875824
97,111,0,0.0,0.0
97,112,0,0.0,0.0
97,113,571,82.60945892,93.1401062
97,114,906,227.9580536,6.048564911
97,115,0,0.0,0.0
97,116,0,0.0,0.0
97,117,1659,376.1983032,495.7293701
97,118,1493,482.5559387,495.6209106
97,119,320,480.75,450.0843811
97,120,2961,307.2252502,15.0567379
97,121,2063,29.88657379,17.07901192
97,122,0,0.0,0.0
97,123,1042,447.3061523,494.7053833
97,124,651,501.5637512,110.4869461
97,125,4764,28.11670876,360.5077515
97,126,3269,293.6873779,496.3374023
97,127,775,502.9458008,359.103241
97,128,1233,500.7323608,465.4720154
97,129,32,0.0,79.5
97,130,41,410.8780518,510.5853577
97,131,2996,31.92189598,235.6124878
97,132,0,0.0,0.0
97,133,2077,20.75493431,295.7318115
98,0,0,0.0,0.0
98,1,6104,45.72313309,62.49180984
98,2,2214,27.28003693,134.2922363
98,3,6554,140.280899,93.05874634
98,4,1047,282.9503479,75.00286865
98,5,6258,211.0401154,170.5254059
98,6,2211,306.6612244,149.1528778
98,7,669,353.5097046,140.970108
98,8,1137,383.2884827,151.2128448
98,9,1630,422.2368164,147.1791382
98,10,8859,411.5045776,69.82594299
98,11,705,491.9319153,36.14468002
98,12,1671,144.0275269,149.1813354
98,13,5557,251.439621,208.8668365
98,14,5518,364.4023132,212.618515
98,15,2642,460.1343689,137.4329987
98,16,4661,78.70521545,142.074234
98,17,3606,322.697998,199.1669464
98,18,1082,166.1450958,215.815155
98,19,7827,107.7049942,209.4557343
98,20,827,455.8730469,91.88270569
98,21,1793,292.4841003,267.7345276
98,22,1323,181.6266022,244.7339325
98,23,0,0.0,0.0
98,24,2332,21.59819984,185.9065247
98,25,3573,423.3501282,216.2292175
98,26,0,0.0,0.0
98,27,2889,64.52544403,267.1443481
98,28,1615,256.6699829,248.8866882
98,29,2903,388.0010376,273.0613098
98,30,2781,144.6983032,283.5109558
98,31,0,0.0,0.0
98,32,0,0.0,0.0
98,33,3269,94.67268372,304.1899719
98,34,4640,343.9784546,305.6392212
98,35,0,0.0,0.0
98,36,0,0.0,0.0
98,37,9117,220.27005,300.5143127
98,38,575,395.2486877,312.7704468
98,39,4011,388.8823242,360.45401
98,40,2129,171.8186951,346.4386902
98,41,10733,291.5473633,371.6021729
98,42,1450,70.04483032,330.0813904
98,43,761,353.7963257,388.5558472
98,44,0,0.0,0.0
98,45,0,0.0,0.0
98,46,2649,383.6534424,419.8165283
98,47,2534,448.3011169,404.2797852
98,48,714,338.7142944,430.0546265
98,49,809,363.9703369,445.8133545
98,50,1277,66.8120575,399.8206787
98,51,8241,210.916275,409.4728699
98,52,6857,115.3848648,380.0374756
98,53,0,0.0,0.0
98,54,525,463.3981018,435.0
98,55,3658,421.4240112,464.1850586
98,56,405,381.7259216,462.5506287
98,57,2728,295.3647461,454.3511658
98,58,1395,344.4093323,469.708252
98,59,1146,119.5209427,448.9266968
98,60,8543,181.8080292,474.82724
98,61,2289,22.45391083,425.5976257
98,62,374,462.4893188,462.0294189
98,63,0,0.0,0.0
98,64,0,0.0,0.0
98,65,0,0.0,0.0
98,66,6342,78.13907623,466.8844299
98,67,0,0.0,0.0
98,68,0,0.0,0.0
98,69,0,0.0,0.0
98,70,0,0.0,0.0
98,71,0,0.0,0.0
98,72,0,0.0,0.0
98,73,4781,426.5036621,20.20644188
98,74,701,418.2824402,388.6062622
98,75,0,0.0,0.0
98,76,0,0.0,0.0
98,77,2695,24.16029739,486.0649414
98,78,0,0.0,0.0
98,79,5498,462.6657104,336.4627075
98,80,2846,440.2442017,289.0808105
98,81,0,0.0,0.0
98,82,1327,439.2358704,251.5131836
98,83,0,0.0,0.0
98,84,36,506.25,1.138888836
98,85,0,0.0,0.0
98,86,753,502.7888489,303.1235046
98,87,1798,490.184082,74.44160461
98,88,3197,122.6334076,32.66749954
98,89,2837,322.9890747,112.8487854
98,90,6648,231.0148926,106.8685303
98,91,1716,467.4178467,176.5069885
98,92,2523,484.3571167,211.7867584
98,93,0,0.0,0.0
98,94,3765,317.5065002,60.33412933
98,95,0,0.0,0.0
98,96,1163,496.9759216,152.6440277
98,97,476,488.6512756,282.1218567
98,98,273,507.5970764,28.78022003
98,99,0,0.0,0.0
98,100,1908,493.7143555,411.5466309
98,101,0,0.0,0.0
98,102,567,484.3192139,374.7707214
98,103,1507,123.3317871,6.165892601
98,104,1477,374.7210693,104.1983719
98,105,0,0.0,0.0
98,106,0,0.0,0.0
98,107,6434,217.2413788,40.52642059
98,108,0,0.0,0.0
98,109,0,0.0,0.0
98,110,1702,495.3243103,250.5875397
98,111,0,0.0,0.0
98,112,0,0.0,0.0
98,113,615,82.59512329,91.71869659
98,114,775,230.0541992,5.214193344
98,115,0,0.0,0.0
98,116,0,0.0,0.0
98,117,1462,373.6121826,493.6073914
98,118,1732,483.9197388,492.8602905
98,119,461,477.0672302,449.4186401
98,120,2926,309.2976685,14.47402573
98,121,2118,31.20018959,16.42209625
98,122,0,0.0,0.0
98,123,1097,447.9453125,493.7912598
98,124,855,502.585968,111.5380096
98,125,4833,28.81853867,360.1311951
98,126,3453,295.406311,495.3761902
98,127,543,504.0257874,363.2154846
98,128,1170,500.3726501,461.3726501
98,129,743,7.981157303,101.6729507
98,130,357,408.061615,507.5770264
98,131,3242,33.99907303,233.6752014
98,132,0,0.0,0.0
98,133,1975,21.67544365,297.729126
99,0,0,0.0,0.0
99,1,6204,51.44809723,61.37685394
99,2,2200,25.90454483,136.9759064
99,3,6403,142.4099579,92.58081818
99,4,1206,294.1782837,80.18490601
99,5,6673,207.7329559,171.6655121
99,6,2274,308.2163696,149.7299957
99,7,711,357.9775085,140.7876282
99,8,953,381.396637,151.9517365
99,9,2062,422.8176575,146.6915588
99,10,9154,414.0710144,67.51277924
99,11,633,494.0821533,33.42180252
99,12,1722,139.6486664,146.2032471
99,13,4477,262.2526245,205.8793793
99,14,5480,364.278656,213.6941681
99,15,1887,457.620575,142.613678
99,16,4489,75.59812927,142.4372864
99,17,3720,322.1978455,201.5271454
99,18,1500,183.4026642,220.5406647
99,19,7776,112.0992813,210.4050903
99,20,813,461.5498047,92.96801758
99,21,1306,296.1967773,268.6914368
99,22,1824,186.7302704,245.6573486
99,23,0,0.0,0.0
99,24,2600,26.7542305,187.6657715
99,25,4391,430.8141785,209.079483
99,26,0,0.0,0.0
99,27,4169,77.35332489,270.7342224
99,28,2035,258.9317017,251.9375916
99,29,3098,388.5687561,272.0119324
99,30,1844,153.365509,285.1832886
99,31,0,0.0,0.0
99,32,0,0.0,0.0
99,33,2188,105.6914978,306.0132446
99,34,4708,343.3540649,306.5291138
99,35,0,0.0,0.0
99,36,0,0.0,0.0
99,37,8509,221.3929901,301.4034424
99,38,571,395.1278381,314.0490417
99,39,3699,389.4139099,361.5342102
99,40,2093,171.7333984,344.6173096
99,41,10742,293.0740051,371.5162964
99,42,1898,69.37987518,329.3329773
99,43,674,360.9525146,382.7477722
99,44,0,0.0,0.0
99,45,0,0.0,0.0
99,46,2067,391.2133484,419.4088135
99,47,2225,449.0498962,402.7492065
99,48,759,354.4769287,415.6021118
99,49,792,363.3409119,444.5479736
99,50,1660,66.13916016,396.9915771
99,51,8602,211.7514496,408.7255249
99,52,6906,116.3559189,377.5979004
99,53,0,0.0,0.0
99,54,740,462.9337769,430.9243164
99,55,3525,419.3063965,462.171051
99,56,472,379.9173584,461.9597473
99,57,3260,302.4684143,450.5521545
99,58,1355,340.9712219,467.7453918
99,59,1400,118.6778564,452.6642761
99,60,8201,182.5228577,473.3876343
99,61,2247,21.05963516,423.7409973
99,62,383,460.1853638,462.3211365
99,63,0,0.0,0.0
99,64,0,0.0,0.0
99,65,0,0.0,0.0
99,66,6430,78.53374481,467.5709229
99,67,0,0.0,0.0
99,68,0,0.0,0.0
99,69,0,0.0,0.0
99,70,0,0.0,0.0
99,71,0,0.0,0.0
99,72,0,0.0,0.0
99,73,4598,426.2999268,20.47281456
99,74,1121,430.8028564,378.9089966
99,75,0,0.0,0.0
99,76,0,0.0,0.0
99,77,2754,24.06463242,485.6092834
99,78,0,0.0,0.0
99,79,4834,460.2209473,332.7689209
99,80,2716,439.4915466,287.6259155
99,81,0,0.0,0.0
99,82,1176,442.8426819,249.1947327
99,83,0,0.0,0.0
99,84,0,0.0,0.0
99,85,0,0.0,0.0
99,86,1405,503.1003418,326.6882629
99,87,1556,493.4659424,69.34061432
99,88,3043,125.5297394,33.3240242
99,89,2626,322.3016052,114.5502701
99,90,6394,232.9494781,109.2067566
99,91,955,478.1371765,164.3790588
99,92,2681,483.7627869,211.5956726
99,93,0,0.0,0.0
99,94,3241,319.0586243,59.20363998
99,95,0,0.0,0.0
99,96,743,501.0726929,155.4643402
99,97,508,483.4586487,285.3464661
99,98,179,507.9832458,24.59217834
99,99,0,0.0,0.0
99,100,1896,494.3444214,410.5617065
99,101,0,0.0,0.0
99,102,682,485.8665771,373.434021
99,103,1526,129.022934,6.513106346
99,104,1738,376.348114,107.8009186
99,105,0,0.0,0.0
99,106,0,0.0,0.0
99,107,6762,222.8510742,43.31632614
99,108,0,0.0,0.0
99,109,0,0.0,0.0
99,110,1799,495.1322937,252.9605408
99,111,0,0.0,0.0
99,112,0,0.0,0.0
99,113,532,86.23308563,97.07518768
99,114,924,229.3939362,5.503246784
99,115,0,0.0,0.0
99,116,0,0.0,0.0
99,117,1438,373.2294922,491.9137573
99,118,1455,485.0872803,495.3945007
99,119,594,473.3855286,450.5488281
99,120,3019,312.423645,14.97747612
99,121,2213,34.81382751,15.33619499
99,122,0,0.0,0.0
99,123,1388,448.105896,492.3292542
99,124,1633,495.0881958,113.562767
99,125,4392,27.16712189,358.5255127
99,126,3552,294.9467773,496.178772
99,127,54,510.5370483,358.6666565
99,128,1316,499.2507629,462.5037842
99,129,1247,9.573375702,95.07137299
99,130,420,402.3023682,507.2095337
99,131,2988,32.01438904,233.2640533
99,132,0,0.0,0.0
99,133,2336,26.33304787,295.7157593
100,0,0,0.0,0.0
100,1,6095,54.17276382,56.81263351
100,2,2164,26.29528618,135.2236633
100,3,6228,143.8937073,92.7559433
100,4,1185,298.5982971,80.99915314
100,5,6060,208.1673279,172.7846527
100,6,2198,305.7661438,150.2775269
100,7,944,352.0730896,145.6091156
100,8,795,378.1396179,155.5886841
100,9,2034,421.1853638,146.2654877
100,10,9360,417.0278931,69.13172913
100,11,498,498.8895569,28.70481873
100,12,2001,144.7636108,147.8365784
100,13,4577,267.6098022,205.6808014
100,14,5709,362.9369507,215.8568878
100,15,2077,457.7289429,141.5392456
100,16,5049,77.42147064,142.7322235
100,17,2915,324.8147583,199.7639771
100,18,2052,196.8796234,218.5916138
100,19,7546,111.8686752,212.1301422
100,20,991,464.9414673,92.26942444
100,21,1480,295.4385071,269.0256653
100,22,1732,182.0023041,247.2367249
100,23,0,0.0,0.0
100,24,2652,25.96191597,188.1655426
100,25,4545,430.8217773,209.7441101
100,26,0,0.0,0.0
100,27,4109,71.27111053,269.5081482
100,28,1989,259.4147949,251.1669159
100,29,2997,390.0777588,271.6426392
100,30,3055,163.5443573,283.2314148
100,31,0,0.0,0.0
100,32,0,0.0,0.0
100,33,2658,103.7516937,305.8702087
100,34,4641,343.8308411,305.5834961
100,35,0,0.0,0.0
100,36,0,0.0,0.0
100,37,7153,229.5322266,303.8874512
100,38,691,398.9479065,313.6512451
100,39,3397,385.7150574,357.7465515
100,40,2036,175.7264252,343.383606
100,41,10155,293.5829773,370.6256104
100,42,1900,71.65210724,335.1231689
100,43,965,364.4611511,386.1036377
100,44,0,0.0,0.0
100,45,0,0.0,0.0
100,46,1725,389.6063843,420.0191345
100,47,2241,449.7460938,402.0544434
100,48,829,353.6767273,416.4825134
100,49,922,361.039032,445.3796082
100,50,1524,69.20669556,397.4803162
100,51,8870,210.923111,407.2164612
100,52,6444,118.4062729,374.7115173
100,53,0,0.0,0.0
100,54,775,463.6038818,432.4438782
100,55,3395,420.0895386,457.4901428
100,56,487,379.1663208,461.3593445
100,57,3316,299.5036316,448.6613464
100,58,1341,338.3094788,469.6867981
100,59,1113,121.5336914,441.6433105
100,60,8423,184.7415466,475.151123
100,61,2190,22.14520454,422.5634766
100,62,320,464.078125,458.1781311
100,63,0,0.0,0.0
100,64,0,0.0,0.0
100,65,0,0.0,0.0
100,66,7083,81.02710724,465.2860413
100,67,0,0.0,0.0
100,68,0,0.0,0.0
100,69,0,0.0,0.0
100,70,0,0.0,0.0
100,71,0,0.0,0.0
100,72,0,0.0,0.0
100,73,4520,428.443573,22.20597267
100,74,1319,422.8203125,384.7945557
100,75,0,0.0,0.0
100,76,0,0.0,0.0
100,77,2880,24.58055496,484.9562378
100,78,0,0.0,0.0
100,79,5413,461.2239075,331.6951904
100,80,2858,444.0797729,284.4212646
100,81,0,0.0,0.0
100,82,1152,447.996521,250.1328125
100,83,0,0.0,0.0
100,84,0,0.0,0.0
100,85,0,0.0,0.0
100,86,1397,503.281311,326.8825989
100,87,1552,495.0135193,67.80219269
100,88,2739,126.8218307,32.88937378
100,89,2469,326.6990662,115.2012939
100,90,6726,234.4191132,110.3074646
100,91,970,478.7536011,163.925766
100,92,2556,485.1212769,211.5950775
100,93,0,0.0,0.0
100,94,3422,323.3582764,59.35154724
100,95,0,0.0,0.0
100,96,1311,499.8146362,148.2479095
100,97,379,491.799469,275.3298035
100,98,20,510.6499939,21.64999962
100,99,0,0.0,0.0
100,100,1794,494.1884155,407.7469482
100,101,0,0.0,0.0
100,102,607,486.2602844,375.5864868
100,103,1740,130.4218445,7.589080334
100,104,1443,375.7408142,106.2529449
100,105,0,0.0,0.0
100,106,0,0.0,0.0
100,107,6852,224.406311,45.11660767
100,108,0,0.0,0.0
100,109,0,0.0,0.0
100,110,1216,498.8141479,250.3355255
100,111,0,0.0,0.0
100,112,0,0.0,0.0
100,113,676,88.43491364,90.78993988
100,114,1216,232.3330536,6.542763233
100,115,0,0.0,0.0
100,116,0,0.0,0.0
100,117,1227,372.3529053,489.8329163
100,118,1431,484.7959595,497.0230713
100,119,232,475.3319092,448.1982727
100,120,3021,317.8666077,14.84376049
100,121,2025,28.0948143,17.21382713
100,122,0,0.0,0.0
100,123,1715,449.8483887,488.078125
100,124,925,495.7427063,106.9632416
100,125,4421,26.87491608,359.1015625
100,126,3384,299.7189636,495.4580383
100,127,4,511.0,340.5
100,128,1573,497.6853027,458.9650269
100,129,1482,12.85897446,95.52968597
100,130,835,399.507782,501.9952087
100,131,2820,32.18156052,233.2159576
100,132,0,0.0,0.0
100,133,2191,25.27841187,297.7453308
101,0,0,0.0,0.0
101,1,5886,56.12334442,57.83163452
101,2,2177,26.38493347,135.8451996
101,3,6261,144.9722137,92.64063263
101,4,1034,298.2224426,82.57060242
101,5,5957,208.575119,173.3531952
101,6,2447,308.7159729,151.5880737
101,7,713,360.7573547,143.2454376
101,8,653,393.2434998,149.6309357
101,9,1786,426.7894592,143.0246429
101,10,8949,423.6379395,67.13208008
101,11,420,500.3976135,25.21666718
101,12,1731,145.3362274,146.9786224
101,13,3959,274.4971008,205.5509033
101,14,5722,364.4016113,216.398819
101,15,1633,455.3943787,152.8034363
101,16,5361,78.60678864,144.1898956
101,17,3231,332.8669128,194.5917664
101,18,2693,206.401413,216.8848877
101,19,7418,113.7205429,212.7302551
101,20,843,476.9596558,83.40094757
101,21,1440,295.9881897,270.5104065
101,22,1836,180.5593719,249.1269073
101,23,0,0.0,0.0
101,24,2577,26.3306179,188.9728394
101,25,4710,430.5161438,209.1959686
101,26,0,0.0,0.0
101,27,4837,69.41492462,264.5090027
101,28,2270,260.4352417,251.5652008
101,29,2886,391.9902954,271.1091614
101,30,1571,146.5054169,288.8815918
101,31,0,0.0,0.0
101,32,0,0.0,0.0
101,33,2499,107.6038437,307.4245605
101,34,4479,342.0151672,305.5885315
101,35,0,0.0,0.0
101,36,0,0.0,0.0
101,37,8571,222.2727814,301.1439819
101,38,756,395.6084595,311.1507874
101,39,3319,385.074707,355.3169556
101,40,2519,175.910675,345.157196
101,41,9989,294.8351135,372.7612305
101,42,1451,73.1709137,329.1288757
101,43,894,365.8243713,383.5302124
101,44,0,0.0,0.0
101,45,0,0.0,0.0
101,46,2117,395.7973633,422.4903259
101,47,2361,446.880127,401.2689514
101,48,829,358.9915466,413.8371582
101,49,939,366.2800903,442.6890259
101,50,2026,78.48568726,398.2887573
101,51,8752,211.9317932,409.3225403
101,52,6020,117.9365463,373.0302429
101,53,0,0.0,0.0
101,54,810,464.0283813,430.2135925
101,55,2786,422.5344543,461.746582
101,56,292,381.9315186,464.0137024
101,57,3506,301.6120911,449.6326294
101,58,1782,342.3013611,470.0448914
101,59,1268,116.655365,439.9763489
101,60,8189,183.5402374,474.6833496
101,61,2454,24.17644691,416.308075
101,62,383,466.3733826,456.9268799
101,63,0,0.0,0.0
101,64,0,0.0,0.0
101,65,0,0.0,0.0
101,66,6943,79.48696899,467.4173889
101,67,0,0.0,0.0
101,68,0,0.0,0.0
101,69,0,0.0,0.0
101,70,0,0.0,0.0
101,71,0,0.0,0.0
101,72,0,0.0,0.0
101,73,4219,428.0431519,22.02962875
101,74,1593,422.8863831,376.8750916
101,75,0,0.0,0.0
101,76,0,0.0,0.0
101,77,2881,23.86497688,484.5137024
101,78,0,0.0,0.0
101,79,4948,466.5769958,325.2690125
101,80,2846,440.3313293,287.8545227
101,81,0,0.0,0.0
101,82,1265,453.5233154,246.7944641
101,83,0,0.0,0.0
101,84,0,0.0,0.0
101,85,0,0.0,0.0
101,86,1258,503.5858459,328.6398926
101,87,1248,495.2339783,60.75801468
101,88,2785,127.4534988,33.08186722
101,89,2280,330.9451904,116.9530716
101,90,7176,236.3716583,111.5883484
101,91,782,487.6867065,163.8823547
101,92,2495,486.8480835,208.1290588
101,93,0,0.0,0.0
101,94,4108,327.4240417,59.91285324
101,95,0,0.0,0.0
101,96,544,503.8051453,150.5496368
101,97,540,496.735199,268.5648193
101,98,0,0.0,0.0
101,99,0,0.0,0.0
101,100,1825,493.4767151,404.5769958
101,101,0,0.0,0.0
101,102,821,477.8660278,368.4372864
101,103,1912,127.2285538,8.03085804
101,104,1714,378.3045654,108.9066544
101,105,0,0.0,0.0
101,106,0,0.0,0.0
101,107,6772,226.7663879,46.11163712
101,108,0,0.0,0.0
101,109,0,0.0,0.0
101,110,1011,496.5271912,246.1374817
101,111,0,0.0,0.0
101,112,0,0.0,0.0
101,113,589,91.85059357,93.74023438
101,114,1370,230.9927063,7.077372074
101,115,0,0.0,0.0
101,116,0,0.0,0.0
101,117,1556,373.62854,492.1529541
101,118,1313,485.0891113,497.8476868
101,119,424,481.3231201,447.6132202
101,120,2979,319.7814636,14.57838154
101,121,1963,27.458992,17.00865936
101,122,0,0.0,0.0
101,123,1753,448.2675476,488.9406738
101,124,2286,488.3123474,114.794838
101,125,4470,28.79619598,355.6950684
101,126,3108,294.2258606,496.4343567
101,127,0,0.0,0.0
101,128,1599,498.0550232,460.1663513
101,129,1814,13.50551224,92.19845581
101,130,572,401.879364,502.9318237
101,131,2131,25.64382935,230.1726837
101,132,0,0.0,0.0
101,133,2259,26.03762817,296.1859131
102,0,0,0.0,0.0
102,1,5988,59.05494308,56.30043411
102,2,2089,26.82383919,135.6256561
102,3,5691,146.7866821,92.81092834
102,4,1256,295.8948975,87.05413818
102,5,6198,208.5206451,175.6968384
102,6,2364,306.482666,151.7597351
102,7,1222,359.2119446,144.6260223
102,8,703,393.1237488,151.3556213
102,9,1875,425.9749451,144.2021332
102,10,9527,425.9644165,66.17665863
102,11,370,503.118927,26.52972984
102,12,1465,148.9467621,147.0723572
102,13,3844,284.1748047,204.4550018
102,14,5428,366.1914063,218.109436
102,15,2336,465.2234497,141.8086548
102,16,5691,80.84133148,143.4076538
102,17,2722,338.1755981,195.5040436
102,18,2938,209.7760315,217.413208
102,19,7098,114.7775421,211.1893463
102,20,734,477.1730347,82.81198883
102,21,1104,302.3206482,267.1367798
102,22,1898,174.6849365,251.2623749
102,23,0,0.0,0.0
102,24,2694,27.86414337,188.1919098
102,25,4556,429.8805847,208.388504
102,26,0,0.0,0.0
102,27,5194,71.63804626,265.4491577
102,28,2596,263.4599304,251.4738007
102,29,2682,394.1569824,271.6200562
102,30,2900,167.013443,287.0037842
102,31,0,0.0,0.0
102,32,0,0.0,0.0
102,33,2298,111.302002,308.4107971
102,34,4686,343.8237305,305.6888733
102,35,0,0.0,0.0
102,36,0,0.0,0.0
102,37,7069,234.0998688,302.9152527
102,38,980,399.7918396,311.4622498
102,39,3019,383.3762817,357.1470642
102,40,2213,173.9593353,342.2476196
102,41,10016,295.8616333,371.584259
102,42,1166,77.93567657,328.2006836
102,43,741,366.0188904,387.5830078
102,44,0,0.0,0.0
102,45,0,0.0,0.0
102,46,2295,393.3768921,421.5403137
102,47,2362,448.3086243,399.9665527
102,48,893,352.5128784,417.1287842
102,49,780,362.0346069,442.8512878
102,50,2257,81.87860107,394.105896
102,51,9663,213.0940704,408.1397095
102,52,5571,119.0822144,370.5000916
102,53,0,0.0,0.0
102,54,985,462.7929077,432.1796875
102,55,2576,419.79776,459.164978
102,56,303,377.8250732,459.5379639
102,57,2899,301.0845032,450.6464233
102,58,1662,343.3983154,468.7749634
102,59,954,119.0471725,436.7798767
102,60,8210,182.4057312,475.0020752
102,61,2069,23.84050179,416.4113159
102,62,238,464.8529358,458.7857056
102,63,0,0.0,0.0
102,64,0,0.0,0.0
102,65,0,0.0,0.0
102,66,7652,78.62780762,463.8776855
102,67,0,0.0,0.0
102,68,0,0.0,0.0
102,69,0,0.0,0.0
102,70,0,0.0,0.0
102,71,0,0.0,0.0
102,72,0,0.0,0.0
102,73,4079,427.3010559,22.50404549
102,74,1354,419.8936462,383.4239197
102,75,0,0.0,0.0
102,76,0,0.0,0.0
102,77,2819,23.69386292,485.2380371
102,78,0,0.0,0.0
102,79,5144,459.2564087,325.2684631
102,80,2664,442.4448242,284.8434753
102,81,0,0.0,0.0
102,82,1072,450.2835693,246.5848846
102,83,0,0.0,0.0
102,84,0,0.0,0.0
102,85,0,0.0,0.0
102,86,1658,500.2255859,327.9077148
102,87,1057,499.1523132,60.29044342
102,88,2388,132.1444702,36.23199463
102,89,1859,328.5061951,115.7154388
102,90,7302,235.3956451,112.7072067
102,91,725,484.3696594,163.5351715
102,92,2879,486.747467,207.9989624
102,93,0,0.0,0.0
102,94,4032,328.472229,60.61111069
102,95,0,0.0,0.0
102,96,574,503.1567993,148.9442444
102,97,417,494.2997742,264.2949524
102,98,0,0.0,0.0
102,99,0,0.0,0.0
102,100,2022,493.8323364,404.4258118
102,101,0,0.0,0.0
102,102,773,485.5174561,365.9249573
102,103,2889,114.6888199,9.638282776
102,104,1757,373.2652283,110.0756989
102,105,0,0.0,0.0
102,106,0,0.0,0.0
102,107,6455,226.8667755,47.23439026
102,108,0,0.0,0.0
102,109,0,0.0,0.0
102,110,948,495.9768066,246.3428345
102,111,0,0.0,0.0
102,112,0,0.0,0.0
102,113,720,95.8888855,93.25416565
102,114,1582,233.0372925,8.106194496
102,115,0,0.0,0.0
102,116,0,0.0,0.0
102,117,1658,370.5434265,492.6218262
102,118,1235,482.434021,497.8566895
102,119,974,481.7782288,458.7977295
102,120,3051,318.8334961,15.45820999
102,121,1417,14.4163723,22.12208939
102,122,0,0.0,0.0
102,123,1855,445.6754761,487.92453
102,124,1363,494.7615662,105.8312531
102,125,4853,29.63342285,356.4898071
102,126,3223,292.820343,495.1839905
102,127,0,0.0,0.0
102,128,1212,503.4570923,463.2805176
102,129,2032,14.37746048,91.59645844
102,130,722,402.5886536,501.9681396
102,131,2260,24.82831764,230.589386
102,132,0,0.0,0.0
102,133,2400,29.21291733,297.1858215
103,0,0,0.0,0.0
103,1,5849,57.76115417,54.6712265
103,2,2504,28.8294735,138.4448853
103,3,5829,145.4221954,91.68159485
103,4,1490,306.9255066,88.15235138
103,5,6325,213.4668732,175.0602417
103,6,1978,308.0940247,150.5288239
103,7,1029,358.1185608,142.9620972
103,8,519,394.9075012,147.4450836
103,9,2482,427.1079712,144.4343262
103,10,8798,429.7316284,61.80677414
103,11,329,504.7325134,24.46504593
103,12,1459,157.255661,145.3989105
103,13,3856,278.2105713,208.4048309
103,14,5509,367.9842224,220.1437683
103,15,1794,468.4581909,135.1321106
103,16,5962,84.88292694,144.249588
103,17,3760,338.8374939,192.0132904
103,18,2297,205.9751892,215.8458862
103,19,7199,118.2182236,212.5606384
103,20,863,483.2711487,77.37427521
103,21,1620,298.1191406,265.4055481
103,22,1998,186.2182159,249.258255
103,23,0,0.0,0.0
103,24,2658,29.1922493,191.4420624
103,25,4652,427.8712463,209.8340454
103,26,0,0.0,0.0
103,27,5028,75.366745,265.5726013
103,28,2121,257.8330994,252.503067
103,29,1932,397.4756775,272.7634583
103,30,2503,160.7574921,288.1690063
103,31,0,0.0,0.0
103,32,0,0.0,0.0
103,33,1982,108.3622589,306.2033386
103,34,4723,346.3406677,305.7357483
103,35,0,0.0,0.0
103,36,0,0.0,0.0
103,37,6815,231.84021,301.6999207
103,38,981,398.1447449,308.2303772
103,39,2397,383.8009949,350.5531921
103,40,2865,185.0530548,343.2586365
103,41,10483,297.8398438,372.3085938
103,42,2590,80.41583252,340.4077148
103,43,1317,379.9043274,380.8731995
103,44,0,0.0,0.0
103,45,0,0.0,0.0
103,46,1827,396.3185425,418.9551086
103,47,2416,450.4399719,390.0351868
103,48,860,358.6185913,414.9500122
103,49,809,370.3349915,443.8170471
103,50,1474,74.4158783,396.3826294
103,51,9184,213.0402832,408.6884766
103,52,5210,124.9076767,371.971405
103,53,0,0.0,0.0
103,54,930,462.1430054,430.1967773
103,55,2972,420.2876892,455.8199768
103,56,272,376.1213379,463.0147095
103,57,3145,302.9504089,451.842926
103,58,1680,341.7672729,468.1708374
103,59,1145,113.8899536,428.0611267
103,60,8198,182.3251953,473.5317078
103,61,1775,24.01464844,416.5233765
103,62,182,464.417572,457.2362671
103,63,0,0.0,0.0
103,64,0,0.0,0.0
103,65,0,0.0,0.0
103,66,8211,77.37937164,464.7304688
103,67,0,0.0,0.0
103,68,0,0.0,0.0
103,69,0,0.0,0.0
103,70,0,0.0,0.0
103,71,0,0.0,0.0
103,72,0,0.0,0.0
103,73,4151,427.6297302,23.05854034
103,74,1895,421.4063416,377.9049988
103,75,0,0.0,0.0
103,76,0,0.0,0.0
103,77,2539,22.5214653,486.7735291
103,78,0,0.0,0.0
103,79,4486,468.6836853,317.0499268
103,80,3023,443.0985718,285.7363586
103,81,0,0.0,0.0
103,82,1309,456.0588379,245.6180267
103,83,0,0.0,0.0
103,84,0,0.0,0.0
103,85,0,0.0,0.0
103,86,792,505.8598633,307.6767578
103,87,636,502.1808167,58.13050461
103,88,2537,137.0622711,37.46196365
103,89,1649,333.6209717,116.145546
103,90,7279,238.459259,114.0089264
103,91,950,479.4599915,168.128418
103,92,2739,488.2000732,207.6385498
103,93,0,0.0,0.0
103,94,3672,332.630188,59.46731949
103,95,0,0.0,0.0
103,96,864,501.215271,146.3113403
103,97,174,491.9137878,271.1494141
103,98,0,0.0,0.0
103,99,0,0.0,0.0
103,100,2053,492.9771118,402.6546631
103,101,0,0.0,0.0
103,102,1303,488.6016846,359.9861755
103,103,3156,110.9588089,10.2461977
103,104,2014,379.5700073,110.2065506
103,105,0,0.0,0.0
103,106,0,0.0,0.0
103,107,6910,232.6185303,48.83921814
103,108,0,0.0,0.0
103,109,0,0.0,0.0
103,110,722,497.2340698,247.9709167
103,111,0,0.0,0.0
103,112,0,0.0,0.0
103,113,556,91.69784546,93.07194519
103,114,1548,234.5342407,7.843669415
103,115,0,0.0,0.0
103,116,0,0.0,0.0
103,117,1798,374.9688416,492.7742004
103,118,1208,483.5413818,499.5389099
103,119,944,481.5571899,454.5879211
103,120,2979,320.6589355,15.19536781
103,121,1212,10.94389439,24.99092484
103,122,0,0.0,0.0
103,123,1847,446.9529114,488.1878662
103,124,1380,493.5724487,103.2644958
103,125,5048,28.9849453,356.4786072
103,126,3259,292.8959656,496.1076965
103,127,0,0.0,0.0
103,128,1359,501.3311157,462.1868896
103,129,2108,15.33444023,92.3320694
103,130,613,406.985321,501.460022
103,131,2361,25.81363869,232.3930511
103,132,0,0.0,0.0
103,133,2285,28.09321594,295.2739563
104,0,0,0.0,0.0
104,1,6457,58.45439148,52.58448029
104,2,2017,26.83738136,135.8210144
104,3,5535,147.1327972,91.86106873
104,4,1591,312.4619751,85.35260773
104,5,6899,212.5196381,177.2069855
104,6,2107,308.27005,151.644043
104,7,1089,359.2718201,142.7906342
104,8,1953,360.3497314,165.3589325
104,9,2680,427.9455261,144.7891846
104,10,8525,431.3278503,63.21220016
104,11,428,504.3481445,27.43691635
104,12,1915,149.4015656,146.3514404
104,13,3740,279.161499,211.3975983
104,14,5572,372.5473938,221.0048523
104,15,1016,468.6486206,146.9379883
104,16,6264,80.43326569,145.5766296
104,17,2348,328.7798157,215.3547668
104,18,2183,213.3815918,216.636734
104,19,6410,121.4901733,215.211853
104,20,703,484.1863403,78.24182129
104,21,1079,305.5412292,268.1519775
104,22,1612,187.953476,248.9813843
104,23,0,0.0,0.0
104,24,3209,34.53256607,193.3462067
104,25,4297,430.2515564,208.1456757
104,26,0,0.0,0.0
104,27,7129,59.20578003,254.5760956
104,28,2432,264.6167908,254.297699
104,29,1856,402.4633484,273.8464355
104,30,4963,161.9721985,290.2728271
104,31,0,0.0,0.0
104,32,0,0.0,0.0
104,33,1238,85.76171112,302.1890259
104,34,4694,347.5315247,304.0436707
104,35,0,0.0,0.0
104,36,0,0.0,0.0
104,37,6224,241.1177673,304.973175
104,38,1169,406.1317444,310.0530396
104,39,2729,381.078064,350.1824951
104,40,2536,183.7338257,342.944397
104,41,10357,297.6387939,374.9133911
104,42,2472,80.58252716,344.1403809
104,43,1226,381.4983826,380.9698181
104,44,0,0.0,0.0
104,45,0,0.0,0.0
104,46,1723,394.0075378,417.4741821
104,47,1795,452.7855225,393.9710388
104,48,1004,357.6314697,418.2360535
104,49,853,369.1781921,445.6623535
104,50,1584,81.6054306,394.055542
104,51,9795,211.3232269,409.2558594
104,52,4592,126.3255692,366.3479919
104,53,0,0.0,0.0
104,54,986,463.6440125,428.0852051
104,55,3388,419.4533691,453.6021118
104,56,295,370.4779663,467.6779785
104,57,2725,302.4025574,452.1684265
104,58,1358,340.8807068,466.7194519
104,59,943,120.4199371,425.0254517
104,60,7783,183.5296173,474.8474731
104,61,2306,24.86990547,416.0641785
104,62,298,466.6577148,456.8557129
104,63,0,0.0,0.0
104,64,0,0.0,0.0
104,65,0,0.0,0.0
104,66,8591,81.37399292,463.8916321
104,67,0,0.0,0.0
104,68,0,0.0,0.0
104,69,0,0.0,0.0
104,70,0,0.0,0.0
104,71,0,0.0,0.0
104,72,0,0.0,0.0
104,73,4183,425.3789063,21.60506821
104,74,1681,420.7834473,383.0612793
104,75,0,0.0,0.0
104,76,0,0.0,0.0
104,77,2575,21.80543709,485.3506775
104,78,0,0.0,0.0
104,79,5100,464.9221497,322.1594238
104,80,2347,443.6331482,283.86026
104,81,0,0.0,0.0
104,82,1291,454.8187561,244.9302826
104,83,0,0.0,0.0
104,84,0,0.0,0.0
104,85,0,0.0,0.0
104,86,461,507.6333923,323.4707031
104,87,717,501.0167236,58.42538452
104,88,1978,131.5748291,36.28462982
104,89,1887,335.1976624,113.4467392
104,90,7478,239.9802094,113.7336197
104,91,1233,483.9878235,165.8986206
104,92,2649,489.2797241,206.4801788
104,93,0,0.0,0.0
104,94,3608,336.9293213,55.15715027
104,95,0,0.0,0.0
104,96,556,502.7284241,137.5683441
104,97,445,500.1662903,270.4291992
104,98,0,0.0,0.0
104,99,0,0.0,0.0
104,100,1873,494.1505737,402.9620972
104,101,0,0.0,0.0
104,102,1550,490.0870972,357.7303162
104,103,2940,113.8765335,10.01904774
104,104,1875,383.0901184,111.4517365
104,105,0,0.0,0.0
104,106,0,0.0,0.0
104,107,7473,229.5945435,48.71617889
104,108,0,0.0,0.0
104,109,0,0.0,0.0
104,110,989,493.5298157,249.6349792
104,111,0,0.0,0.0
104,112,0,0.0,0.0
104,113,546,94.87179565,94.80036926
104,114,1651,233.0,8.615990639
104,115,0,0.0,0.0
104,116,0,0.0,0.0
104,117,1105,375.234375,491.1637878
104,118,1113,483.7008057,500.2156372
104,119,1269,484.1197815,461.5957336
104,120,2751,317.6597595,14.74409294
104,121,29,2.655172348,3.310344934
104,122,0,0.0,0.0
104,123,1797,446.7445679,488.1051636
104,124,2143,484.3719177,108.4796982
104,125,4930,29.6764698,354.4178467
104,126,3782,299.3204651,495.1443787
104,127,0,0.0,0.0
104,128,1073,503.4128723,459.4762268
104,129,2182,15.59303379,92.52383423
104,130,967,402.8883057,500.4415588
104,131,3,0.0,209.0
104,132,1042,10.50191975,32.44913483
104,133,2199,27.27239609,295.1914368
