frame,label,centroid_x,centroid_y,area
0,0,372.574951171875,194.64540100097656,3322.0
0,1,312.60845947265625,209.57249450683597,2697.0
0,2,434.3313903808594,306.4621276855469,3618.0
0,3,152.95126342773438,55.22074890136719,5889.0
0,4,368.0110168457031,247.60975646972656,4451.0
0,5,0.0,0.0,0.0
0,6,485.78619384765625,264.0426940917969,3653.0
0,7,221.6010589599609,32.30828094482422,4324.0
0,8,360.8388366699219,54.547889709472656,3884.0
0,9,285.6313781738281,59.14771270751953,4441.0
0,10,302.7018737792969,113.33271026611328,3760.0
0,11,187.2196044921875,173.33944702148438,4039.0
0,12,225.60792541503903,239.96832275390625,5050.0
0,13,445.04241943359375,220.75924682617188,3323.0
0,14,0.0,0.0,0.0
0,15,324.5448608398437,16.487804412841797,2296.0
0,16,483.097412109375,29.634490966796875,3398.0
0,17,86.28270721435547,88.2677993774414,6841.0
0,18,442.7232360839844,69.94727325439453,4419.0
0,19,386.2314758300781,100.26646423339844,3888.0
0,20,212.5749969482422,103.66199493408205,5633.0
0,21,0.0,0.0,0.0
0,22,494.0332946777344,160.9836883544922,1472.0
0,23,248.611572265625,154.79833984375,3630.0
0,24,492.7702331542969,203.7548675537109,1693.0
0,25,146.19090270996094,221.64134216308597,4882.0
0,26,378.15142822265625,352.6998291015625,4431.0
0,27,188.635009765625,357.8691711425781,3348.0
0,28,252.36045837402344,373.3284301757813,3121.0
0,29,15.879273414611816,69.92557525634766,2311.0
0,30,118.7540283203125,313.58624267578125,2110.0
0,31,309.8254089355469,360.6116027832031,4691.0
0,32,450.9539489746094,374.6755676269531,4605.0
0,33,68.614990234375,312.18487548828125,2948.0
0,34,375.7943420410156,418.5091247558594,5042.0
0,35,28.620092391967773,143.7489471435547,4509.0
0,36,129.48020935058594,149.76077270507812,4598.0
0,37,59.82470703125,404.1502990722656,2801.0
0,38,216.6001739501953,408.8445434570313,3364.0
0,39,489.5848388671875,418.920654296875,3100.0
0,40,435.2369384765625,435.35540771484375,2777.0
0,41,168.03952026367188,437.4129333496094,2303.0
0,42,75.00984191894531,444.40234375,2744.0
0,43,156.22718811035156,489.296630859375,2751.0
0,44,71.176513671875,172.40744018554688,2793.0
0,45,446.9361267089844,149.89407348632812,3257.0
0,46,17.75236701965332,404.439453125,2007.0
0,47,129.8138427734375,434.7024536132813,1993.0
0,48,257.1596069335937,465.8227233886719,3001.0
0,49,213.57809448242188,472.5733947753906,3406.0
0,50,376.4582214355469,481.8282470703125,4367.0
0,51,34.43238830566406,486.165771484375,3143.0
0,52,0.0,0.0,0.0
0,53,421.4398193359375,252.448486328125,1155.0
0,54,444.673095703125,474.1523742675781,1398.0
0,55,316.2282409667969,491.4718017578125,1437.0
0,56,448.0273742675781,500.9054870605469,1206.0
0,57,285.2149658203125,498.20892333984375,828.0
0,58,96.14266204833984,265.1483764648437,3673.0
0,59,198.5559234619141,500.9342041015625,304.0
0,60,270.0789489746094,202.3770294189453,2647.0
0,61,268.919189453125,294.8857116699219,3885.0
0,62,491.488525390625,480.9820861816406,2399.0
0,63,0.0,0.0,0.0
0,64,172.36380004882812,7.698354721069336,547.0
0,65,18.094804763793945,447.4883117675781,770.0
0,66,0.0,0.0,0.0
0,67,31.582489013671875,346.3373413085937,3655.0
0,68,100.18190002441406,374.315185546875,3414.0
0,69,304.7846984863281,433.3177490234375,5388.0
0,70,0.0,0.0,0.0
0,71,170.33209228515625,288.43829345703125,4303.0
0,72,145.87969970703125,370.201171875,3375.0
0,73,98.52615356445312,485.3406982421875,2944.0
0,74,44.80158233642578,27.241498947143555,4294.0
0,75,488.5874938964844,331.2476501464844,2960.0
0,76,0.0,0.0,0.0
0,77,0.0,0.0,0.0
0,78,383.8551025390625,298.3370361328125,2795.0
0,79,0.0,0.0,0.0
0,80,18.400218963623047,210.42965698242188,1834.0
0,81,0.0,0.0,0.0
0,82,0.0,0.0,0.0
0,83,69.3841323852539,221.9570159912109,3327.0
0,84,407.5479431152344,17.94093132019043,2878.0
0,85,0.0,0.0,0.0
0,86,0.0,0.0,0.0
0,87,393.2429504394531,155.3251190185547,4223.0
0,88,105.95086669921876,15.551128387451172,1506.0
0,89,489.4242858886719,105.66027069091795,3335.0
0,90,22.83943748474121,276.75994873046875,3195.0
0,91,0.0,0.0,0.0
0,92,0.0,0.0,0.0
0,93,323.4901428222656,157.31326293945312,2691.0
0,94,315.825439453125,283.1759338378906,4348.0
0,95,267.596435546875,9.471571922302246,897.0
0,96,0.0,0.0,0.0
0,97,0.0,0.0,0.0
0,98,0.0,0.0,0.0
0,99,0.0,0.0,0.0
0,100,222.77069091796875,315.143798828125,2573.0
0,101,0.0,0.0,0.0
0,102,0.0,0.0,0.0
0,103,0.0,0.0,0.0
0,104,0.0,0.0,0.0
0,105,0.0,0.0,0.0
0,106,0.0,0.0,0.0
0,107,0.0,0.0,0.0
0,108,0.0,0.0,0.0
0,109,0.0,0.0,0.0
0,110,0.0,0.0,0.0
0,111,0.0,0.0,0.0
0,112,0.0,0.0,0.0
0,113,0.0,0.0,0.0
0,114,0.0,0.0,0.0
0,115,0.0,0.0,0.0
0,116,0.0,0.0,0.0
0,117,0.0,0.0,0.0
0,118,0.0,0.0,0.0
0,119,0.0,0.0,0.0
0,120,0.0,0.0,0.0
0,121,0.0,0.0,0.0
0,122,0.0,0.0,0.0
0,123,0.0,0.0,0.0
0,124,0.0,0.0,0.0
0,125,0.0,0.0,0.0
0,126,0.0,0.0,0.0
0,127,0.0,0.0,0.0
0,128,0.0,0.0,0.0
0,129,0.0,0.0,0.0
0,130,0.0,0.0,0.0
0,131,0.0,0.0,0.0
0,132,0.0,0.0,0.0
1,0,376.69049072265625,195.37828063964844,3664.0
1,1,311.54351806640625,210.82131958007807,2804.0
1,2,434.6488342285156,307.9237976074219,3346.0
1,3,152.31849670410156,54.70692443847656,5821.0
1,4,368.7710571289063,249.7471923828125,4984.0
1,5,0.0,0.0,0.0
1,6,486.1373901367188,262.7039794921875,3574.0
1,7,220.8390045166016,31.71326446533203,4199.0
1,8,361.8457336425781,55.36640167236328,4304.0
1,9,285.65185546875,59.790077209472656,4797.0
1,10,303.75732421875,114.98043823242188,3680.0
1,11,188.5124053955078,173.15557861328125,4313.0
1,12,227.09762573242188,241.06985473632807,5111.0
1,13,449.4670104980469,219.7046661376953,2895.0
1,14,0.0,0.0,0.0
1,15,325.0154724121094,15.560760498046877,2263.0
1,16,482.8429260253906,30.218019485473636,3463.0
1,17,85.83676147460938,88.00983428955078,6812.0
1,18,442.5442504882813,70.42530059814453,4632.0
1,19,385.4554748535156,104.03501892089844,3998.0
1,20,212.7400054931641,102.92648315429688,5604.0
1,21,0.0,0.0,0.0
1,22,494.6897277832031,160.02865600585938,1431.0
1,23,250.6642608642578,154.321044921875,3473.0
1,24,493.6470336914063,202.7719573974609,1697.0
1,25,147.6693878173828,223.77381896972656,4912.0
1,26,377.0176696777344,353.1712341308594,4304.0
1,27,187.83091735839844,354.6933898925781,3454.0
1,28,252.185546875,371.4044189453125,3212.0
1,29,19.1003475189209,66.59581756591797,2870.0
1,30,124.12623596191406,313.5026550292969,2622.0
1,31,309.8416442871094,359.58514404296875,4452.0
1,32,451.2562255859375,373.1434326171875,4664.0
1,33,68.03723907470703,311.7680969238281,2954.0
1,34,374.9271240234375,417.7731323242188,4994.0
1,35,27.54587745666504,143.3829803466797,4512.0
1,36,130.3808135986328,149.3306884765625,4908.0
1,37,59.75840759277344,402.9048767089844,2765.0
1,38,215.7550048828125,406.5536193847656,3347.0
1,39,489.4638366699219,417.8981323242188,3318.0
1,40,434.2584533691406,432.3908996582031,2658.0
1,41,165.54873657226562,437.83740234375,2380.0
1,42,73.50797271728516,443.2076416015625,2697.0
1,43,156.47352600097656,489.7434692382813,2682.0
1,44,68.65840911865234,173.16329956054688,3068.0
1,45,448.1777038574219,150.1780242919922,3168.0
1,46,16.52829360961914,403.1502380371094,2050.0
1,47,128.40875244140625,432.7067565917969,1896.0
1,48,254.4447479248047,463.92425537109375,2905.0
1,49,212.6818389892578,467.4690551757813,3055.0
1,50,372.7602233886719,483.6165466308594,4650.0
1,51,34.92827224731445,488.0571899414063,3095.0
1,52,0.0,0.0,0.0
1,53,424.9220275878906,251.8223876953125,1385.0
1,54,438.3727416992188,469.9607849121094,1607.0
1,55,312.1557006835937,487.2926940917969,1657.0
1,56,448.3588562011719,495.6278381347656,1502.0
1,57,281.3129272460937,497.3879699707031,1013.0
1,58,97.8575668334961,264.4347229003906,4037.0
1,59,196.33233642578125,491.8956909179688,671.0
1,60,271.447998046875,207.8225250244141,3116.0
1,61,268.97705078125,299.8535461425781,3441.0
1,62,493.12408447265625,480.746337890625,2176.0
1,63,0.0,0.0,0.0
1,64,170.2690887451172,7.814545631408691,550.0
1,65,15.435874938964844,449.4991455078125,1154.0
1,66,0.0,0.0,0.0
1,67,31.60110855102539,346.2573547363281,3610.0
1,68,99.52350616455078,373.6527099609375,3297.0
1,69,303.1938171386719,429.5610046386719,5180.0
1,70,0.0,0.0,0.0
1,71,175.82568359375,287.8949584960937,3551.0
1,72,145.42967224121094,371.7519226074219,3249.0
1,73,98.71224975585938,483.9176940917969,3159.0
1,74,48.78280258178711,24.26524353027344,3559.0
1,75,487.9222717285156,328.2137451171875,2882.0
1,76,0.0,0.0,0.0
1,77,0.0,0.0,0.0
1,78,387.2906799316406,301.625,2680.0
1,79,0.0,0.0,0.0
1,80,15.804268836975098,215.76730346679688,1921.0
1,81,0.0,0.0,0.0
1,82,0.0,0.0,0.0
1,83,67.96707153320312,221.85614013671875,3128.0
1,84,407.5749206542969,17.038711547851562,2609.0
1,85,0.0,0.0,0.0
1,86,0.0,0.0,0.0
1,87,399.2831115722656,158.9533233642578,3578.0
1,88,107.67083740234376,13.639175415039062,1358.0
1,89,490.1457824707031,105.3498077392578,3176.0
1,90,22.68136405944824,277.1783142089844,3107.0
1,91,0.0,0.0,0.0
1,92,0.0,0.0,0.0
1,93,326.7217712402344,156.73861694335938,2789.0
1,94,317.3877258300781,286.54315185546875,4008.0
1,95,265.5997619628906,9.212018013000488,882.0
1,96,0.0,0.0,0.0
1,97,0.0,0.0,0.0
1,98,0.0,0.0,0.0
1,99,0.0,0.0,0.0
1,100,223.50387573242188,313.3116455078125,2320.0
1,101,0.0,0.0,0.0
1,102,0.0,0.0,0.0
1,103,0.0,0.0,0.0
1,104,0.0,0.0,0.0
1,105,0.0,0.0,0.0
1,106,0.0,0.0,0.0
1,107,0.0,0.0,0.0
1,108,0.0,0.0,0.0
1,109,0.0,0.0,0.0
1,110,0.0,0.0,0.0
1,111,0.0,0.0,0.0
1,112,0.0,0.0,0.0
1,113,0.0,0.0,0.0
1,114,0.0,0.0,0.0
1,115,0.0,0.0,0.0
1,116,0.0,0.0,0.0
1,117,0.0,0.0,0.0
1,118,0.0,0.0,0.0
1,119,0.0,0.0,0.0
1,120,0.0,0.0,0.0
1,121,0.0,0.0,0.0
1,122,0.0,0.0,0.0
1,123,0.0,0.0,0.0
1,124,0.0,0.0,0.0
1,125,0.0,0.0,0.0
1,126,0.0,0.0,0.0
1,127,0.0,0.0,0.0
1,128,0.0,0.0,0.0
1,129,0.0,0.0,0.0
1,130,0.0,0.0,0.0
1,131,0.0,0.0,0.0
1,132,0.0,0.0,0.0
2,0,376.11724853515625,195.4314422607422,3778.0
2,1,310.6029357910156,211.00982666015625,3055.0
2,2,435.5830078125,308.3833312988281,3120.0
2,3,152.09640502929688,53.07257461547852,5539.0
2,4,368.04046630859375,252.1088409423828,5191.0
2,5,249.0,292.5,2.0
2,6,486.7250061035156,263.6778564453125,3542.0
2,7,221.7953338623047,30.31133270263672,4500.0
2,8,363.52252197265625,54.17016220092773,4484.0
2,9,286.4015808105469,59.05027389526367,4933.0
2,10,306.57818603515625,114.91683959960938,3812.0
2,11,189.0919647216797,171.99667358398438,4502.0
2,12,227.5879821777344,240.81643676757807,5012.0
2,13,450.1957092285156,218.302734375,2897.0
2,14,0.0,0.0,0.0
2,15,325.9922180175781,14.96842098236084,2185.0
2,16,482.2267761230469,30.020952224731445,3532.0
2,17,86.79987335205078,88.15924835205078,6336.0
2,18,442.9984130859375,70.54566192626953,4446.0
2,19,388.2276611328125,105.00909423828124,4177.0
2,20,212.9685211181641,101.93201446533205,5751.0
2,21,0.0,0.0,0.0
2,22,494.65521240234375,160.76431274414062,1485.0
2,23,255.04270935058597,154.80711364746094,3629.0
2,24,493.5461120605469,203.79119873046875,1681.0
2,25,148.78024291992188,223.5764617919922,4819.0
2,26,376.3781127929688,354.64031982421875,4012.0
2,27,187.8230438232422,352.6082458496094,3515.0
2,28,253.0692596435547,371.5169982910156,3234.0
2,29,23.987062454223636,61.72264099121094,3710.0
2,30,126.30799865722656,313.31158447265625,2789.0
2,31,309.8797607421875,358.4642028808594,4175.0
2,32,451.4166564941406,373.3592834472656,5088.0
2,33,68.63700103759766,313.3915405273437,2697.0
2,34,373.848388671875,416.6641845703125,4973.0
2,35,27.99256896972656,143.15264892578125,4710.0
2,36,131.1133270263672,147.2119140625,5153.0
2,37,62.11101913452149,401.3559265136719,2450.0
2,38,215.05274963378903,405.8393859863281,3412.0
2,39,489.192626953125,418.9390563964844,3281.0
2,40,433.0371398925781,431.8972473144531,2423.0
2,41,162.54620361328125,439.2341003417969,2435.0
2,42,71.56372833251953,441.9619140625,2652.0
2,43,155.9114532470703,490.4396057128906,2575.0
2,44,68.90571594238281,172.6842041015625,3097.0
2,45,450.2608947753906,150.9752655029297,2871.0
2,46,18.92444610595703,400.7212219238281,2303.0
2,47,126.55191040039062,430.2351684570313,1888.0
2,48,253.50689697265625,464.0911254882813,3117.0
2,49,210.2202911376953,466.5985107421875,3096.0
2,50,373.1177368164063,482.8650207519531,4519.0
2,51,34.26784133911133,487.4173583984375,3237.0
2,52,0.0,0.0,0.0
2,53,424.9443054199219,252.7330474853516,1652.0
2,54,437.6973876953125,469.94537353515625,1867.0
2,55,310.0084228515625,482.61566162109375,2373.0
2,56,450.0707702636719,497.4639892578125,1597.0
2,57,280.7855529785156,501.0564880371094,956.0
2,58,98.6571807861328,265.9971008300781,4145.0
2,59,195.5827789306641,492.2301330566406,743.0
2,60,270.75067138671875,210.6260223388672,2944.0
2,61,269.8028259277344,299.8384094238281,3119.0
2,62,494.0760803222656,479.36529541015625,2064.0
2,63,0.0,0.0,0.0
2,64,169.58453369140625,6.34782600402832,414.0
2,65,14.795052528381348,447.1174926757813,1132.0
2,66,0.0,0.0,0.0
2,67,31.204809188842773,345.3295593261719,3535.0
2,68,98.9150619506836,371.9374694824219,3214.0
2,69,302.74176025390625,425.7947692871094,4790.0
2,70,0.0,0.0,0.0
2,71,178.97105407714844,287.42138671875,3593.0
2,72,145.2028350830078,373.24127197265625,3175.0
2,73,98.4105453491211,482.8177490234375,3281.0
2,74,55.49687194824219,20.393442153930664,3355.0
2,75,488.0982666015625,327.9309997558594,2768.0
2,76,0.0,0.0,0.0
2,77,0.0,0.0,0.0
2,78,388.6533203125,304.7330627441406,2746.0
2,79,0.0,0.0,0.0
2,80,15.260235786437988,216.44419860839844,1783.0
2,81,0.0,0.0,0.0
2,82,0.0,0.0,0.0
2,83,68.78083038330078,222.46014404296875,3349.0
2,84,409.06451416015625,16.51367950439453,2449.0
2,85,0.0,0.0,0.0
2,86,0.0,0.0,0.0
2,87,403.4801940917969,159.7098846435547,3309.0
2,88,113.75045013427734,12.562613487243652,1102.0
2,89,490.2903137207031,105.03148651123048,3176.0
2,90,23.25835418701172,277.27691650390625,3232.0
2,91,0.0,0.0,0.0
2,92,0.0,0.0,0.0
2,93,331.3817443847656,155.58001708984375,2693.0
2,94,317.1771240234375,288.5184326171875,3935.0
2,95,269.6650085449219,7.765676498413086,606.0
2,96,0.0,0.0,0.0
2,97,0.0,0.0,0.0
2,98,0.0,0.0,0.0
2,99,0.0,0.0,0.0
2,100,227.86279296875,312.65936279296875,2325.0
2,101,0.0,0.0,0.0
2,102,0.0,0.0,0.0
2,103,0.0,0.0,0.0
2,104,0.0,0.0,0.0
2,105,0.0,0.0,0.0
2,106,0.0,0.0,0.0
2,107,0.0,0.0,0.0
2,108,0.0,0.0,0.0
2,109,0.0,0.0,0.0
2,110,0.0,0.0,0.0
2,111,0.0,0.0,0.0
2,112,0.0,0.0,0.0
2,113,0.0,0.0,0.0
2,114,0.0,0.0,0.0
2,115,0.0,0.0,0.0
2,116,0.0,0.0,0.0
2,117,0.0,0.0,0.0
2,118,0.0,0.0,0.0
2,119,0.0,0.0,0.0
2,120,0.0,0.0,0.0
2,121,0.0,0.0,0.0
2,122,0.0,0.0,0.0
2,123,0.0,0.0,0.0
2,124,0.0,0.0,0.0
2,125,0.0,0.0,0.0
2,126,0.0,0.0,0.0
2,127,0.0,0.0,0.0
2,128,0.0,0.0,0.0
2,129,0.0,0.0,0.0
2,130,0.0,0.0,0.0
2,131,0.0,0.0,0.0
2,132,0.0,0.0,0.0
3,0,377.52978515625,196.3445281982422,3811.0
3,1,309.2922058105469,215.15565490722656,3193.0
3,2,436.65081787109375,307.51568603515625,3153.0
3,3,152.88902282714844,50.6187744140625,5199.0
3,4,370.0876770019531,254.8219757080078,5679.0
3,5,0.0,0.0,0.0
3,6,486.4854736328125,265.0666809082031,3615.0
3,7,221.3722076416016,30.548215866088867,4511.0
3,8,363.9756774902344,54.68503189086914,4483.0
3,9,286.4791564941406,58.452857971191406,5059.0
3,10,306.7822265625,115.42271423339844,4050.0
3,11,191.0579833984375,171.68896484375,4501.0
3,12,229.3951416015625,241.03024291992188,5059.0
3,13,450.7020568847656,217.09007263183597,2920.0
3,14,0.0,0.0,0.0
3,15,327.0027770996094,15.034991264343262,2172.0
3,16,481.6321105957031,29.6758975982666,3539.0
3,17,89.52183532714844,88.13818359375,6115.0
3,18,443.4747619628906,71.4310302734375,4299.0
3,19,390.70989990234375,105.2503662109375,4102.0
3,20,211.8307037353516,101.51013946533205,5771.0
3,21,0.0,0.0,0.0
3,22,494.29595947265625,160.6219024658203,1534.0
3,23,255.8446350097656,158.81776428222656,3984.0
3,24,493.6777038574219,204.46954345703125,1691.0
3,25,150.1720428466797,224.018310546875,4807.0
3,26,375.59515380859375,354.7392883300781,3962.0
3,27,188.1992034912109,351.0486755371094,3514.0
3,28,253.7447967529297,368.5497131347656,2927.0
3,29,25.84992408752441,63.740684509277344,3918.0
3,30,127.71359252929688,313.9884338378906,2678.0
3,31,311.1839294433594,359.5360717773437,3882.0
3,32,450.2969055175781,372.0645751953125,5096.0
3,33,69.71145629882812,315.784912109375,2627.0
3,34,373.2680969238281,416.1689147949219,4890.0
3,35,27.61260986328125,143.4284210205078,4631.0
3,36,131.30166625976562,147.1736602783203,5453.0
3,37,63.53057861328125,397.8916015625,2371.0
3,38,215.3105316162109,405.1171569824219,3568.0
3,39,487.9786682128906,417.2252807617188,3236.0
3,40,432.3343505859375,430.2411804199219,2264.0
3,41,160.4610595703125,441.7360229492188,2542.0
3,42,68.20306396484375,441.1690979003906,2679.0
3,43,154.40225219726562,491.7310791015625,2220.0
3,44,69.0514144897461,173.23902893066406,3326.0
3,45,451.2493591308594,150.53985595703125,2747.0
3,46,20.087915420532227,403.7579650878906,2673.0
3,47,125.1459503173828,428.6240539550781,1987.0
3,48,248.13150024414065,467.0758666992188,3810.0
3,49,203.67774963378903,457.7156982421875,2346.0
3,50,372.7111511230469,482.3182678222656,4182.0
3,51,33.29441833496094,486.7214965820313,3332.0
3,52,0.0,0.0,0.0
3,53,425.8238220214844,251.8975067138672,1561.0
3,54,434.9668273925781,469.3569641113281,2171.0
3,55,310.9613952636719,480.6768493652344,2720.0
3,56,449.81787109375,498.6109619140625,1735.0
3,57,280.6739807128906,501.010498046875,1049.0
3,58,100.37322235107422,269.8445739746094,3944.0
3,59,196.52761840820312,493.4622497558594,1086.0
3,60,272.7708435058594,214.3822479248047,2208.0
3,61,272.1959533691406,301.950927734375,2914.0
3,62,493.2184753417969,477.3656311035156,2229.0
3,63,0.0,0.0,0.0
3,64,169.28607177734375,5.675949573516846,395.0
3,65,11.562695503234863,450.0501708984375,638.0
3,66,0.0,0.0,0.0
3,67,30.105077743530277,344.69268798828125,3407.0
3,68,98.96047973632812,371.0132751464844,3087.0
3,69,301.1868896484375,423.8323974609375,4773.0
3,70,0.0,0.0,0.0
3,71,181.5933380126953,287.2578430175781,3696.0
3,72,145.57431030273438,373.7532348632813,3169.0
3,73,97.87438201904295,482.3135986328125,3447.0
3,74,55.95302963256836,20.210302352905277,3747.0
3,75,489.3878479003906,330.00909423828125,2532.0
3,76,0.0,0.0,0.0
3,77,0.0,0.0,0.0
3,78,388.9494323730469,308.3965759277344,2393.0
3,79,0.0,0.0,0.0
3,80,15.469844818115234,216.63641357421875,1741.0
3,81,0.0,0.0,0.0
3,82,0.0,0.0,0.0
3,83,71.66712188720703,226.1004638671875,3653.0
3,84,408.92669677734375,16.984861373901367,2510.0
3,85,0.0,0.0,0.0
3,86,0.0,0.0,0.0
3,87,404.1045837402344,159.43675231933594,3194.0
3,88,115.0484390258789,12.55196762084961,991.0
3,89,490.6668701171875,104.0487289428711,3140.0
3,90,23.975975036621094,276.52703857421875,3330.0
3,91,0.0,0.0,0.0
3,92,0.0,0.0,0.0
3,93,332.5704040527344,156.42352294921875,2968.0
3,94,316.973388671875,289.9397888183594,3870.0
3,95,269.1963195800781,6.897651195526123,596.0
3,96,0.0,0.0,0.0
3,97,0.0,0.0,0.0
3,98,0.0,0.0,0.0
3,99,0.0,0.0,0.0
3,100,231.1212310791016,313.7504272460937,2392.0
3,101,0.0,0.0,0.0
3,102,0.0,0.0,0.0
3,103,0.0,0.0,0.0
3,104,0.0,0.0,0.0
3,105,0.0,0.0,0.0
3,106,0.0,0.0,0.0
3,107,0.0,0.0,0.0
3,108,0.0,0.0,0.0
3,109,0.0,0.0,0.0
3,110,0.0,0.0,0.0
3,111,0.0,0.0,0.0
3,112,0.0,0.0,0.0
3,113,0.0,0.0,0.0
3,114,0.0,0.0,0.0
3,115,0.0,0.0,0.0
3,116,0.0,0.0,0.0
3,117,0.0,0.0,0.0
3,118,0.0,0.0,0.0
3,119,0.0,0.0,0.0
3,120,0.0,0.0,0.0
3,121,0.0,0.0,0.0
3,122,0.0,0.0,0.0
3,123,0.0,0.0,0.0
3,124,0.0,0.0,0.0
3,125,0.0,0.0,0.0
3,126,0.0,0.0,0.0
3,127,0.0,0.0,0.0
3,128,0.0,0.0,0.0
3,129,0.0,0.0,0.0
3,130,0.0,0.0,0.0
3,131,0.0,0.0,0.0
3,132,0.0,0.0,0.0
4,0,380.16888427734375,197.930419921875,3665.0
4,1,308.40875244140625,218.3515167236328,3337.0
4,2,437.3289489746094,305.23846435546875,3183.0
4,3,155.35125732421875,49.73628234863281,4592.0
4,4,373.25537109375,261.00732421875,6414.0
4,5,0.0,0.0,0.0
4,6,486.0123291015625,266.5121765136719,3653.0
4,7,221.70738220214844,30.65578842163086,4535.0
4,8,363.9997863769531,53.82464218139648,4602.0
4,9,285.36669921875,58.40053939819336,5173.0
4,10,308.7703857421875,114.70521545410156,4142.0
4,11,192.5926971435547,172.02154541015625,4547.0
4,12,229.056884765625,242.67657470703125,4746.0
4,13,451.8222351074219,215.95724487304688,2807.0
4,14,0.0,0.0,0.0
4,15,327.683349609375,14.812381744384766,2116.0
4,16,481.2215881347656,29.56791114807129,3615.0
4,17,93.21337890625,86.63131713867188,6355.0
4,18,444.6572570800781,72.21782684326172,3971.0
4,19,393.466796875,104.83694458007812,4158.0
4,20,210.2315826416016,101.1401138305664,5631.0
4,21,0.0,0.0,0.0
4,22,494.2975463867188,160.468505859375,1556.0
4,23,256.39776611328125,159.13711547851562,4274.0
4,24,493.4973754882813,204.799072265625,1717.0
4,25,152.39991760253906,224.81182861328125,4921.0
4,26,375.20501708984375,355.6316833496094,3736.0
4,27,190.14895629882807,352.548583984375,3303.0
4,28,254.98800659179688,366.9407653808594,2920.0
4,29,26.448564529418945,65.33390808105469,4073.0
4,30,129.60365295410156,313.1317138671875,2407.0
4,31,311.7677917480469,360.6496887207031,3708.0
4,32,448.6675109863281,371.3232727050781,5200.0
4,33,73.37122344970703,318.6744689941406,2516.0
4,34,372.6025390625,415.4364318847656,4750.0
4,35,26.95565223693848,143.7704315185547,4600.0
4,36,131.3883819580078,147.43653869628906,5523.0
4,37,64.82758331298828,396.9015502929688,2001.0
4,38,216.07861328125,405.2049560546875,3625.0
4,39,487.66510009765625,415.3022155761719,3183.0
4,40,431.2731628417969,429.8186340332031,2222.0
4,41,159.31944274902344,442.5857849121094,2617.0
4,42,67.53926086425781,440.4603576660156,2700.0
4,43,152.21612548828125,492.3196716308594,2096.0
4,44,68.6926040649414,172.51893615722656,3380.0
4,45,451.6434020996094,150.8775177001953,2678.0
4,46,21.165287017822266,403.60064697265625,2777.0
4,47,123.87294006347656,427.9136657714844,2062.0
4,48,249.40869140625,462.7796020507813,3362.0
4,49,202.6295928955078,456.0363159179688,2203.0
4,50,372.4625854492188,481.7733459472656,4209.0
4,51,32.39923095703125,486.1428527832031,3374.0
4,52,0.0,0.0,0.0
4,53,426.0616760253906,248.2193298339844,1573.0
4,54,432.6128234863281,476.2790222167969,2903.0
4,55,310.4026794433594,479.36669921875,2836.0
4,56,462.32366943359375,498.7212829589844,1001.0
4,57,282.0,500.9679260253906,1060.0
4,58,101.76087188720705,270.4081115722656,3977.0
4,59,194.07395935058597,491.67041015625,1244.0
4,60,272.19049072265625,217.5825653076172,2168.0
4,61,275.50079345703125,299.875,2488.0
4,62,491.5718383789063,474.8896179199219,2464.0
4,63,229.68484497070312,502.0698547363281,587.0
4,64,169.32054138183594,6.248307228088379,443.0
4,65,13.38071060180664,447.463623046875,591.0
4,66,0.0,0.0,0.0
4,67,30.5828857421875,344.3706970214844,3728.0
4,68,100.10791778564452,370.3434448242188,3095.0
4,69,300.6657409667969,423.1028137207031,4688.0
4,70,0.0,0.0,0.0
4,71,182.7598571777344,290.343994140625,3881.0
4,72,146.33724975585938,373.4489440917969,3232.0
4,73,96.77340698242188,482.5480041503906,3407.0
4,74,56.10222625732422,20.63224601745605,3864.0
4,75,490.4588012695313,332.33416748046875,2439.0
4,76,0.0,0.0,0.0
4,77,0.0,0.0,0.0
4,78,382.9860534667969,316.5055847167969,1794.0
4,79,0.0,0.0,0.0
4,80,15.931034088134766,217.99661254882807,1769.0
4,81,0.0,0.0,0.0
4,82,0.0,0.0,0.0
4,83,72.22040557861328,226.1046600341797,3793.0
4,84,410.4529724121094,17.752174377441406,2530.0
4,85,0.0,0.0,0.0
4,86,0.0,0.0,0.0
4,87,404.5706176757813,159.43032836914062,3165.0
4,88,116.484619140625,12.15384578704834,1040.0
4,89,490.443603515625,104.00665283203124,3156.0
4,90,26.110883712768555,277.0502014160156,3427.0
4,91,0.0,0.0,0.0
4,92,0.0,0.0,0.0
4,93,333.6904602050781,159.2523651123047,3376.0
4,94,317.0057373046875,292.07745361328125,3654.0
4,95,268.8599548339844,6.69658899307251,557.0
4,96,0.0,0.0,0.0
4,97,0.0,0.0,0.0
4,98,0.0,0.0,0.0
4,99,0.0,0.0,0.0
4,100,235.9722595214844,314.9295349121094,2668.0
4,101,0.0,0.0,0.0
4,102,0.0,0.0,0.0
4,103,0.0,0.0,0.0
4,104,0.0,0.0,0.0
4,105,0.0,0.0,0.0
4,106,0.0,0.0,0.0
4,107,0.0,0.0,0.0
4,108,0.0,0.0,0.0
4,109,0.0,0.0,0.0
4,110,0.0,0.0,0.0
4,111,0.0,0.0,0.0
4,112,0.0,0.0,0.0
4,113,0.0,0.0,0.0
4,114,0.0,0.0,0.0
4,115,0.0,0.0,0.0
4,116,0.0,0.0,0.0
4,117,0.0,0.0,0.0
4,118,0.0,0.0,0.0
4,119,0.0,0.0,0.0
4,120,0.0,0.0,0.0
4,121,0.0,0.0,0.0
4,122,0.0,0.0,0.0
4,123,0.0,0.0,0.0
4,124,0.0,0.0,0.0
4,125,0.0,0.0,0.0
4,126,0.0,0.0,0.0
4,127,0.0,0.0,0.0
4,128,0.0,0.0,0.0
4,129,0.0,0.0,0.0
4,130,0.0,0.0,0.0
4,131,0.0,0.0,0.0
4,132,0.0,0.0,0.0
5,0,380.4102783203125,198.23001098632807,3678.0
5,1,307.0027770996094,221.29150390625,3602.0
5,2,436.6538696289063,305.7267761230469,3100.0
5,3,156.7344207763672,48.55176162719727,4511.0
5,4,372.96966552734375,262.393798828125,6592.0
5,5,0.0,0.0,0.0
5,6,485.2141418457031,266.9194030761719,3759.0
5,7,223.4007568359375,30.90386390686035,4504.0
5,8,364.24322509765625,54.60111618041992,4831.0
5,9,285.9571533203125,57.4499397277832,5134.0
5,10,312.6053466796875,113.60840606689452,4234.0
5,11,195.32598876953125,171.44581604003906,4448.0
5,12,233.51551818847656,245.66653442382807,5026.0
5,13,452.9859619140625,213.4558258056641,2705.0
5,14,0.0,0.0,0.0
5,15,328.79901123046875,14.475980758666992,2040.0
5,16,481.166748046875,29.2490234375,3586.0
5,17,93.5393295288086,85.54985809326172,6458.0
5,18,445.36663818359375,72.24520874023438,3862.0
5,19,397.1746520996094,104.94007873535156,3922.0
5,20,210.2896270751953,100.1977996826172,5728.0
5,21,0.0,0.0,0.0
5,22,494.4555969238281,161.84983825683594,1565.0
5,23,258.6356201171875,160.05828857421875,4564.0
5,24,493.9748840332031,205.91053771972656,1632.0
5,25,155.29800415039062,223.5004119873047,4926.0
5,26,374.7510681152344,355.8788757324219,3756.0
5,27,192.7208404541016,352.7781982421875,3138.0
5,28,256.2382507324219,367.0106506347656,3001.0
5,29,26.498205184936523,65.73521423339844,4177.0
5,30,131.5521697998047,314.50738525390625,2300.0
5,31,312.7784118652344,361.20458984375,3583.0
5,32,447.5380554199219,371.7212219238281,5323.0
5,33,78.03190612792969,324.25067138671875,3040.0
5,34,372.1011352539063,415.5431518554688,4529.0
5,35,26.153636932373047,144.6703643798828,4426.0
5,36,132.3556671142578,146.73883056640625,5640.0
5,37,66.40486907958984,397.0879211425781,2013.0
5,38,216.7939453125,406.4480895996094,3698.0
5,39,488.0129089355469,413.9499816894531,3178.0
5,40,430.6501159667969,430.0064392089844,2175.0
5,41,159.2635498046875,442.63775634765625,2584.0
5,42,73.16085052490234,440.9098205566406,2406.0
5,43,150.08860778808594,493.0663146972656,1930.0
5,44,68.35111236572266,172.2767333984375,3563.0
5,45,452.0120849609375,150.57044982910156,2647.0
5,46,21.827051162719727,402.8045043945313,2839.0
5,47,123.9111557006836,428.4299011230469,2026.0
5,48,249.43577575683597,462.7421569824219,3254.0
5,49,202.44827270507807,456.0680236816406,2117.0
5,50,371.1929321289063,481.2574768066406,4105.0
5,51,33.243194580078125,487.4368896484375,3232.0
5,52,0.0,0.0,0.0
5,53,426.9367980957031,246.82403564453125,1756.0
5,54,431.4327697753906,474.3998718261719,2826.0
5,55,310.0017395019531,478.3450622558594,2872.0
5,56,459.7377014160156,499.3929748535156,995.0
5,57,283.10870361328125,501.2407836914063,1113.0
5,58,106.22908020019533,270.225830078125,4326.0
5,59,191.122802734375,490.5031433105469,1425.0
5,60,271.9825744628906,219.61526489257807,1835.0
5,61,278.4821472167969,307.0316772460937,1989.0
5,62,490.0068664550781,474.881103515625,2616.0
5,63,229.89837646484372,501.63916015625,679.0
5,64,176.14329528808594,5.5,328.0
5,65,19.17398452758789,447.8097534179688,1230.0
5,66,412.7530822753906,506.5493774414063,162.0
5,67,29.54920768737793,343.06207275390625,3851.0
5,68,102.7188720703125,375.5522155761719,2586.0
5,69,301.1004638671875,422.6748046875,4579.0
5,70,0.0,0.0,0.0
5,71,184.4761199951172,291.59246826171875,3936.0
5,72,148.0576934814453,374.4578857421875,3276.0
5,73,96.9476547241211,483.1129150390625,3286.0
5,74,58.6204833984375,20.19495391845703,4042.0
5,75,490.2664794921875,331.8860778808594,2458.0
5,76,0.0,0.0,0.0
5,77,0.0,0.0,0.0
5,78,383.2843017578125,317.296142578125,1604.0
5,79,0.0,0.0,0.0
5,80,15.575072288513184,218.9339141845703,1725.0
5,81,0.0,0.0,0.0
5,82,0.0,0.0,0.0
5,83,72.57787322998047,225.87306213378903,3923.0
5,84,411.0579833984375,17.507299423217773,2466.0
5,85,0.0,0.0,0.0
5,86,0.0,0.0,0.0
5,87,404.7887573242188,159.09597778320312,3063.0
5,88,123.13088989257812,10.589529037475586,955.0
5,89,490.43408203125,104.18626403808594,3232.0
5,90,28.44986915588379,276.6258239746094,3461.0
5,91,0.0,0.0,0.0
5,92,0.0,0.0,0.0
5,93,334.4142150878906,160.1156463623047,3433.0
5,94,317.4627685546875,294.57769775390625,3410.0
5,95,269.6612854003906,5.887096881866455,496.0
5,96,0.0,0.0,0.0
5,97,0.0,0.0,0.0
5,98,0.0,0.0,0.0
5,99,0.0,0.0,0.0
5,100,236.80157470703125,315.1666564941406,2676.0
5,101,0.0,0.0,0.0
5,102,0.0,0.0,0.0
5,103,0.0,0.0,0.0
5,104,0.0,0.0,0.0
5,105,0.0,0.0,0.0
5,106,0.0,0.0,0.0
5,107,0.0,0.0,0.0
5,108,0.0,0.0,0.0
5,109,0.0,0.0,0.0
5,110,0.0,0.0,0.0
5,111,0.0,0.0,0.0
5,112,0.0,0.0,0.0
5,113,0.0,0.0,0.0
5,114,0.0,0.0,0.0
5,115,0.0,0.0,0.0
5,116,0.0,0.0,0.0
5,117,0.0,0.0,0.0
5,118,0.0,0.0,0.0
5,119,0.0,0.0,0.0
5,120,0.0,0.0,0.0
5,121,0.0,0.0,0.0
5,122,0.0,0.0,0.0
5,123,0.0,0.0,0.0
5,124,0.0,0.0,0.0
5,125,0.0,0.0,0.0
5,126,0.0,0.0,0.0
5,127,0.0,0.0,0.0
5,128,0.0,0.0,0.0
5,129,0.0,0.0,0.0
5,130,0.0,0.0,0.0
5,131,0.0,0.0,0.0
5,132,0.0,0.0,0.0
6,0,382.283935546875,197.9829559326172,3462.0
6,1,306.28179931640625,223.8101959228516,4120.0
6,2,437.3498229980469,305.8016052246094,3090.0
6,3,156.98341369628906,48.35272216796875,4281.0
6,4,370.8465576171875,260.4770202636719,6335.0
6,5,0.0,0.0,0.0
6,6,485.7247619628906,267.6253662109375,3673.0
6,7,225.4056854248047,30.37879180908203,4649.0
6,8,363.6946716308594,54.7415771484375,4926.0
6,9,285.8468933105469,56.34767532348633,5206.0
6,10,314.7145690917969,114.43170928955078,4642.0
6,11,195.79037475585935,171.17059326171875,4279.0
6,12,237.4540252685547,249.37060546875,5286.0
6,13,453.2652587890625,213.4105529785156,2767.0
6,14,0.0,0.0,0.0
6,15,329.049072265625,14.152400970458984,1916.0
6,16,481.2449035644531,29.51735496520996,3630.0
6,17,94.31713104248048,85.00471496582031,6152.0
6,18,445.3824768066406,73.9051513671875,3880.0
6,19,399.6741333007813,105.179443359375,3756.0
6,20,209.96258544921875,99.54903411865234,5639.0
6,21,0.0,0.0,0.0
6,22,494.9180603027344,162.8800048828125,1550.0
6,23,258.4050598144531,159.83840942382812,4629.0
6,24,493.8093566894531,206.3401031494141,1626.0
6,25,158.2626190185547,225.63546752929688,5407.0
6,26,374.8114318847656,357.08563232421875,3760.0
6,27,193.494384765625,352.9301452636719,3206.0
6,28,257.9542541503906,367.9752807617188,3278.0
6,29,27.992721557617188,66.49565887451172,4259.0
6,30,132.69285583496094,317.2975158691406,2494.0
6,31,313.40087890625,361.5211791992188,3425.0
6,32,446.3726501464844,372.4938659667969,5461.0
6,33,78.2364273071289,322.7629699707031,3333.0
6,34,371.8544006347656,415.8082275390625,4354.0
6,35,26.052978515625,144.1036834716797,4398.0
6,36,132.58384704589844,146.838623046875,6017.0
6,37,66.60445404052734,406.8287048339844,1436.0
6,38,217.3284454345703,407.2000427246094,3614.0
6,39,487.4956970214844,413.27197265625,3129.0
6,40,430.6032409667969,431.9529113769531,2039.0
6,41,160.57754516601562,442.2517395019531,2566.0
6,42,73.4992904663086,439.91064453125,2115.0
6,43,150.31680297851562,493.0501098632813,1856.0
6,44,68.24026489257812,172.557373046875,3800.0
6,45,452.9574890136719,151.1031036376953,2541.0
6,46,21.97819709777832,401.5722961425781,2752.0
6,47,124.7681121826172,429.4401550292969,1988.0
6,48,249.37185668945312,461.46978759765625,3227.0
6,49,202.5538787841797,457.0035095214844,1995.0
6,50,370.6373291015625,479.9895324707031,4012.0
6,51,32.59849548339844,488.5576477050781,3061.0
6,52,42.37550735473633,17.811140060424805,2711.0
6,53,427.4718017578125,247.44281005859372,1897.0
6,54,430.6847839355469,473.6091613769531,2684.0
6,55,310.2218017578125,479.53363037109375,2944.0
6,56,458.6785278320313,499.0885314941406,1039.0
6,57,281.90106201171875,501.6731262207031,1031.0
6,58,107.87158966064452,270.4140014648437,4174.0
6,59,190.06884765625,490.2661437988281,1409.0
6,60,270.2569580078125,222.32986450195312,1728.0
6,61,281.0890808105469,312.8379211425781,1493.0
6,62,489.93206787109375,474.32818603515625,2782.0
6,63,230.7452392578125,501.384521484375,840.0
6,64,174.0494842529297,6.305154800415039,485.0
6,65,19.577524185180664,447.3712768554688,1406.0
6,66,412.7733459472656,505.7733459472656,300.0
6,67,42.47942352294922,353.5356140136719,3256.0
6,68,102.04154205322266,379.41693115234375,2600.0
6,69,302.06494140625,423.7887573242188,4450.0
6,70,8.525606155395508,331.0287475585937,1113.0
6,71,186.65386962890625,292.9486083984375,3542.0
6,72,149.10337829589844,375.6424560546875,3250.0
6,73,94.90087127685548,481.513916015625,3662.0
6,74,89.2103042602539,25.15041732788086,1436.0
6,75,491.10833740234375,333.1920471191406,2437.0
6,76,0.0,0.0,0.0
6,77,0.0,0.0,0.0
6,78,387.5276489257813,314.9871520996094,2026.0
6,79,0.0,0.0,0.0
6,80,16.8309326171875,218.7760009765625,1875.0
6,81,0.0,0.0,0.0
6,82,0.0,0.0,0.0
6,83,73.91712188720703,227.64442443847656,3656.0
6,84,411.7962341308594,17.957597732543945,2547.0
6,85,0.0,0.0,0.0
6,86,0.0,0.0,0.0
6,87,405.3195190429688,158.21969604492188,2945.0
6,88,121.2336654663086,11.424141883850098,903.0
6,89,490.7913208007813,104.45986938476562,3177.0
6,90,28.90028953552246,276.4919128417969,3460.0
6,91,0.0,0.0,0.0
6,92,0.0,0.0,0.0
6,93,336.6584777832031,163.2894744873047,3458.0
6,94,318.2887268066406,298.7659912109375,3034.0
6,95,276.5248107910156,3.897163152694702,282.0
6,96,0.0,0.0,0.0
6,97,0.0,0.0,0.0
6,98,0.0,0.0,0.0
6,99,0.0,0.0,0.0
6,100,237.77545166015625,315.35546875,2681.0
6,101,0.0,0.0,0.0
6,102,0.0,0.0,0.0
6,103,0.0,0.0,0.0
6,104,0.0,0.0,0.0
6,105,0.0,0.0,0.0
6,106,0.0,0.0,0.0
6,107,0.0,0.0,0.0
6,108,0.0,0.0,0.0
6,109,0.0,0.0,0.0
6,110,0.0,0.0,0.0
6,111,0.0,0.0,0.0
6,112,0.0,0.0,0.0
6,113,0.0,0.0,0.0
6,114,0.0,0.0,0.0
6,115,0.0,0.0,0.0
6,116,0.0,0.0,0.0
6,117,0.0,0.0,0.0
6,118,0.0,0.0,0.0
6,119,0.0,0.0,0.0
6,120,0.0,0.0,0.0
6,121,0.0,0.0,0.0
6,122,0.0,0.0,0.0
6,123,0.0,0.0,0.0
6,124,0.0,0.0,0.0
6,125,0.0,0.0,0.0
6,126,0.0,0.0,0.0
6,127,0.0,0.0,0.0
6,128,0.0,0.0,0.0
6,129,0.0,0.0,0.0
6,130,0.0,0.0,0.0
6,131,0.0,0.0,0.0
6,132,0.0,0.0,0.0
7,0,392.2698974609375,198.67819213867188,2775.0
7,1,305.4798889160156,224.2158050537109,4101.0
7,2,438.3740539550781,306.26422119140625,3005.0
7,3,156.7388916015625,48.296974182128906,4098.0
7,4,371.9873046875,264.2172241210937,6611.0
7,5,0.0,0.0,0.0
7,6,485.5747680664063,268.4791564941406,3765.0
7,7,226.7959899902344,30.526145935058597,4647.0
7,8,363.17584228515625,54.67354965209961,4794.0
7,9,286.5346069335937,55.7743034362793,5215.0
7,10,317.3978271484375,114.9311752319336,4693.0
7,11,195.6197509765625,170.78321838378906,4313.0
7,12,239.5914306640625,250.4219665527344,4927.0
7,13,453.7295227050781,212.28024291992188,2562.0
7,14,0.0,0.0,0.0
7,15,329.72515869140625,13.983436584472656,1932.0
7,16,480.9249877929688,29.377605438232425,3599.0
7,17,94.99143981933594,84.47759246826172,5957.0
7,18,445.6768493652344,75.09022521972656,3735.0
7,19,400.7135009765625,103.85010528564452,3836.0
7,20,209.86944580078125,98.6835479736328,5745.0
7,21,0.0,0.0,0.0
7,22,495.6220397949219,163.44789123535156,1516.0
7,23,259.02423095703125,159.46417236328125,4871.0
7,24,493.4978637695313,206.4655303955078,1639.0
7,25,159.98507690429688,225.70921325683597,5626.0
7,26,375.5628051757813,358.1282958984375,3726.0
7,27,194.68316650390625,356.311767578125,3554.0
7,28,258.5695495605469,368.9664306640625,3278.0
7,29,28.60226249694824,67.34516143798828,4508.0
7,30,132.256103515625,317.937744140625,2827.0
7,31,314.3296203613281,363.0137939453125,3407.0
7,32,445.4273986816406,372.1544189453125,5433.0
7,33,76.9028549194336,321.0843505859375,3047.0
7,34,371.0650634765625,415.5025939941406,4043.0
7,35,26.13812255859375,143.9610595703125,4134.0
7,36,132.48130798339844,145.9164276123047,6019.0
7,37,66.8119125366211,408.0740661621094,1377.0
7,38,219.12088012695312,410.6407165527344,3276.0
7,39,487.0210571289063,412.55511474609375,3230.0
7,40,429.2998962402344,431.3443603515625,2024.0
7,41,162.2376251220703,440.7910461425781,2546.0
7,42,75.5818862915039,448.7761840820313,3114.0
7,43,149.5074005126953,492.7457580566406,1825.0
7,44,66.26324462890625,174.7674102783203,4209.0
7,45,452.979736328125,152.26828002929688,2516.0
7,46,22.085594177246094,400.7256164550781,2839.0
7,47,123.8035125732422,431.5177917480469,2163.0
7,48,251.53042602539065,460.0184631347656,3303.0
7,49,204.09510803222656,456.8076477050781,1882.0
7,50,369.4544677734375,479.12786865234375,3996.0
7,51,33.71506118774414,489.7269592285156,2941.0
7,52,39.1786003112793,17.044130325317383,2402.0
7,53,428.3944091796875,248.75767517089844,2150.0
7,54,429.94818115234375,471.6432189941406,2702.0
7,55,309.27996826171875,479.3194885253906,3061.0
7,56,457.4571838378906,499.41986083984375,1098.0
7,57,282.1646728515625,502.0563354492188,923.0
7,58,108.35191345214844,270.1221923828125,4305.0
7,59,189.3604736328125,489.4451599121094,1523.0
7,60,268.6146240234375,220.77682495117188,1640.0
7,61,280.5841979980469,313.0565795898437,1520.0
7,62,489.6028137207031,474.1053466796875,2772.0
7,63,231.1911773681641,500.7762756347656,952.0
7,64,176.56076049804688,6.994791507720947,576.0
7,65,19.190231323242188,448.951171875,1556.0
7,66,413.0835266113281,504.72076416015625,419.0
7,67,42.81313705444336,354.0359802246094,3334.0
7,68,100.96688079833984,378.1808776855469,2687.0
7,69,304.33984375,423.1843566894531,4090.0
7,70,8.782649993896484,327.6510925292969,1049.0
7,71,187.60916137695312,290.67205810546875,3211.0
7,72,149.2298126220703,376.9968872070313,3220.0
7,73,100.58409881591795,488.8683776855469,2515.0
7,74,89.47826385498047,23.24910545349121,1955.0
7,75,491.56341552734375,334.9491882324219,2263.0
7,76,0.0,0.0,0.0
7,77,0.0,0.0,0.0
7,78,387.2759399414063,320.0280456542969,1533.0
7,79,0.0,0.0,0.0
7,80,17.295408248901367,219.45709228515625,2004.0
7,81,0.0,0.0,0.0
7,82,0.0,0.0,0.0
7,83,77.0751953125,227.9481658935547,3338.0
7,84,412.7503662109375,18.476137161254883,2640.0
7,85,0.0,0.0,0.0
7,86,0.0,0.0,0.0
7,87,404.77294921875,157.73568725585938,2951.0
7,88,127.38514709472656,10.639615058898926,727.0
7,89,490.2897033691406,104.29456329345705,3293.0
7,90,29.24856376647949,276.7408447265625,3307.0
7,91,0.0,0.0,0.0
7,92,0.0,0.0,0.0
7,93,339.9267272949219,172.3184814453125,4176.0
7,94,318.7470397949219,298.9221496582031,3289.0
7,95,275.5423583984375,2.4632768630981445,177.0
7,96,0.0,0.0,0.0
7,97,0.0,0.0,0.0
7,98,0.0,0.0,0.0
7,99,0.0,0.0,0.0
7,100,234.7547149658203,315.7037353515625,3021.0
7,101,0.0,0.0,0.0
7,102,0.0,0.0,0.0
7,103,0.0,0.0,0.0
7,104,0.0,0.0,0.0
7,105,0.0,0.0,0.0
7,106,0.0,0.0,0.0
7,107,0.0,0.0,0.0
7,108,0.0,0.0,0.0
7,109,0.0,0.0,0.0
7,110,0.0,0.0,0.0
7,111,0.0,0.0,0.0
7,112,0.0,0.0,0.0
7,113,0.0,0.0,0.0
7,114,0.0,0.0,0.0
7,115,0.0,0.0,0.0
7,116,0.0,0.0,0.0
7,117,0.0,0.0,0.0
7,118,0.0,0.0,0.0
7,119,0.0,0.0,0.0
7,120,0.0,0.0,0.0
7,121,0.0,0.0,0.0
7,122,0.0,0.0,0.0
7,123,0.0,0.0,0.0
7,124,0.0,0.0,0.0
7,125,0.0,0.0,0.0
7,126,0.0,0.0,0.0
7,127,0.0,0.0,0.0
7,128,0.0,0.0,0.0
7,129,0.0,0.0,0.0
7,130,0.0,0.0,0.0
7,131,0.0,0.0,0.0
7,132,0.0,0.0,0.0
8,0,390.3963012695313,197.37786865234372,2927.0
8,1,304.79473876953125,225.0041656494141,4565.0
8,2,439.931884765625,307.2311706542969,2907.0
8,3,156.1803436279297,48.1295166015625,3876.0
8,4,373.0358276367188,261.4256896972656,6420.0
8,5,0.0,0.0,0.0
8,6,486.0545349121094,269.3465270996094,3740.0
8,7,227.44122314453125,30.412416458129883,4687.0
8,8,363.5773620605469,55.24637985229492,4834.0
8,9,286.1730651855469,55.78633117675781,5195.0
8,10,318.4800720214844,114.56287384033205,4891.0
8,11,196.54119873046875,170.79293823242188,4139.0
8,12,240.756103515625,250.61058044433597,4707.0
8,13,453.09515380859375,213.6918792724609,2512.0
8,14,0.0,0.0,0.0
8,15,330.42999267578125,14.395747184753418,1928.0
8,16,481.5003967285156,29.82818031311035,3655.0
8,17,96.26300048828124,85.07544708251953,5673.0
8,18,445.4845581054688,77.6915054321289,3919.0
8,19,402.2088317871094,105.07618713378906,3649.0
8,20,209.3463287353516,99.21348571777344,5977.0
8,21,0.0,0.0,0.0
8,22,495.6461486816406,164.07672119140625,1577.0
8,23,260.0628356933594,161.1822052001953,4934.0
8,24,492.482666015625,206.9246368408203,1672.0
8,25,161.67184448242188,225.80105590820312,5866.0
8,26,376.3968200683594,360.7990417480469,3528.0
8,27,195.6749420166016,359.70269775390625,3784.0
8,28,259.8875732421875,369.4118347167969,3380.0
8,29,30.949811935424805,68.39604949951172,4762.0
8,30,132.26092529296875,316.4476318359375,3112.0
8,31,315.3703918457031,364.4837646484375,3264.0
8,32,445.8903198242188,373.1455078125,5635.0
8,33,76.82665252685547,319.3970947265625,2619.0
8,34,370.4146423339844,416.1452941894531,3854.0
8,35,26.31110572814941,144.10386657714844,4034.0
8,36,132.7044219970703,146.4425506591797,6110.0
8,37,69.15798950195312,408.8310546875,1095.0
8,38,220.69798278808597,411.931396484375,3076.0
8,39,487.9312744140625,413.194091796875,2983.0
8,40,429.73736572265625,431.8375549316406,2056.0
8,41,162.97372436523438,440.2700805664063,2588.0
8,42,77.41735076904297,449.96234130859375,3400.0
8,43,149.95263671875,493.0198974609375,1710.0
8,44,67.08842468261719,175.59317016601562,4422.0
8,45,453.5223083496094,154.3562774658203,2397.0
8,46,24.14234733581543,401.1650390625,3084.0
8,47,124.00515747070312,433.5154724121094,2134.0
8,48,253.23684692382807,459.8176879882813,3154.0
8,49,205.76296997070312,455.79150390625,1928.0
8,50,369.02740478515625,478.912841796875,4050.0
8,51,34.452659606933594,489.7156066894531,2894.0
8,52,33.05276107788086,16.159257888793945,2047.0
8,53,427.744873046875,249.27947998046875,2340.0
8,54,429.3761291503906,469.79205322265625,2515.0
8,55,307.5461730957031,478.96527099609375,3226.0
8,56,443.1354370117188,500.4252014160156,1691.0
8,57,283.0246276855469,503.2893981933594,812.0
8,58,109.02400970458984,269.6190490722656,4040.0
8,59,189.62600708007807,489.2103271484375,1607.0
8,60,267.177734375,225.10888671875,1249.0
8,61,281.878173828125,310.8347473144531,1773.0
8,62,489.2234497070313,473.8778381347656,2824.0
8,63,231.1240081787109,500.0545654296875,1008.0
8,64,176.15634155273438,7.569321632385254,678.0
8,65,18.931623458862305,450.27349853515625,1638.0
8,66,0.0,0.0,0.0
8,67,45.8463134765625,356.18896484375,3403.0
8,68,101.58084106445312,377.2256774902344,2672.0
8,69,305.298828125,422.8328552246094,3865.0
8,70,8.954741477966309,331.2456970214844,928.0
8,71,193.8228912353516,294.0908203125,3975.0
8,72,148.25682067871094,376.3194274902344,3259.0
8,73,102.44943237304688,491.0675659179688,2294.0
8,74,86.50749969482422,22.9112491607666,2400.0
8,75,492.4216918945313,336.6453552246094,2222.0
8,76,0.0,0.0,0.0
8,77,0.0,0.0,0.0
8,78,385.1794128417969,320.1498718261719,1895.0
8,79,0.0,0.0,0.0
8,80,17.673316955566406,219.90951538085935,2155.0
8,81,0.0,0.0,0.0
8,82,0.0,0.0,0.0
8,83,76.68704986572266,230.47840881347656,3173.0
8,84,413.9459228515625,18.64937400817871,2718.0
8,85,0.0,0.0,0.0
8,86,0.0,0.0,0.0
8,87,406.3920593261719,157.84498596191406,2645.0
8,88,128.08169555664062,10.280282020568848,710.0
8,89,490.4506530761719,105.01754760742188,3191.0
8,90,29.39141082763672,280.7749938964844,3702.0
8,91,0.0,0.0,0.0
8,92,0.0,0.0,0.0
8,93,340.1475830078125,168.47415161132812,3889.0
8,94,322.44049072265625,301.3717041015625,3344.0
8,95,278.66864013671875,2.8698225021362305,169.0
8,96,0.0,0.0,0.0
8,97,0.0,0.0,0.0
8,98,0.0,0.0,0.0
8,99,0.0,0.0,0.0
8,100,241.2681579589844,317.85382080078125,2230.0
8,101,0.0,0.0,0.0
8,102,0.0,0.0,0.0
8,103,0.0,0.0,0.0
8,104,0.0,0.0,0.0
8,105,0.0,0.0,0.0
8,106,0.0,0.0,0.0
8,107,0.0,0.0,0.0
8,108,0.0,0.0,0.0
8,109,0.0,0.0,0.0
8,110,0.0,0.0,0.0
8,111,0.0,0.0,0.0
8,112,0.0,0.0,0.0
8,113,0.0,0.0,0.0
8,114,0.0,0.0,0.0
8,115,0.0,0.0,0.0
8,116,0.0,0.0,0.0
8,117,0.0,0.0,0.0
8,118,0.0,0.0,0.0
8,119,0.0,0.0,0.0
8,120,0.0,0.0,0.0
8,121,0.0,0.0,0.0
8,122,0.0,0.0,0.0
8,123,0.0,0.0,0.0
8,124,0.0,0.0,0.0
8,125,0.0,0.0,0.0
8,126,0.0,0.0,0.0
8,127,0.0,0.0,0.0
8,128,0.0,0.0,0.0
8,129,0.0,0.0,0.0
8,130,0.0,0.0,0.0
8,131,0.0,0.0,0.0
8,132,0.0,0.0,0.0
9,0,389.32916259765625,198.0131683349609,3038.0
9,1,307.5341796875,224.7030334472656,4738.0
9,2,439.0588073730469,304.9759216308594,3197.0
9,3,155.6940460205078,47.60133743286133,3883.0
9,4,374.7096252441406,263.6724853515625,6006.0
9,5,0.0,0.0,0.0
9,6,486.2540893554688,269.639892578125,3660.0
9,7,228.1661376953125,30.97150611877441,4773.0
9,8,364.3956604003906,55.51484680175781,4984.0
9,9,287.1641845703125,55.58024597167969,5153.0
9,10,319.3108215332031,114.56703186035156,4871.0
9,11,198.5091094970703,171.3037872314453,4174.0
9,12,244.5438232421875,255.47935485839844,4141.0
9,13,453.3656921386719,215.4635162353516,2535.0
9,14,361.0,296.3333435058594,3.0
9,15,330.57470703125,13.988835334777832,1881.0
9,16,481.8707885742188,30.36527633666992,3715.0
9,17,98.69352722167967,84.49961853027344,5286.0
9,18,444.5755004882813,76.73241424560547,4066.0
9,19,403.2433776855469,107.49444580078124,3509.0
9,20,209.06057739257807,99.4736328125,6125.0
9,21,0.0,0.0,0.0
9,22,495.776611328125,165.1930694580078,1616.0
9,23,261.5346069335937,161.80581665039062,4985.0
9,24,491.7872009277344,207.46861267089844,1673.0
9,25,166.4736785888672,226.38165283203125,6498.0
9,26,376.231689453125,362.4215393066406,3703.0
9,27,195.60888671875,362.0264892578125,3963.0
9,28,261.597900390625,371.7145385742188,3524.0
9,29,32.93682861328125,69.76680755615234,4923.0
9,30,133.8300323486328,317.8297119140625,3177.0
9,31,316.7741394042969,365.7507019042969,3157.0
9,32,446.3463134765625,374.2403564453125,5850.0
9,33,76.01319122314453,319.95440673828125,2654.0
9,34,369.9464721679688,417.3195190429688,3643.0
9,35,26.352014541625977,143.4578399658203,3997.0
9,36,133.11959838867188,146.86492919921875,6012.0
9,37,70.27220916748047,409.1784973144531,1227.0
9,38,221.09559631347656,413.0013427734375,2971.0
9,39,488.18560791015625,415.1011962890625,2737.0
9,40,429.9536437988281,432.9004821777344,2050.0
9,41,162.43399047851562,442.4098815917969,2613.0
9,42,78.9303970336914,451.43011474609375,3448.0
9,43,150.57777404785156,494.6457214355469,1575.0
9,44,68.0621337890625,175.5933074951172,4748.0
9,45,454.52349853515625,154.7196044921875,2254.0
9,46,25.44789123535156,404.642822265625,2965.0
9,47,123.84828186035156,435.6492614746094,2241.0
9,48,256.74127197265625,461.0872802734375,3494.0
9,49,207.0146484375,455.3840942382813,1911.0
9,50,368.9188232421875,479.4190673828125,4078.0
9,51,35.173927307128906,489.8857116699219,2984.0
9,52,37.29983139038086,17.05536651611328,2348.0
9,53,425.8472290039063,246.5220184326172,2134.0
9,54,429.6252136230469,469.8845825195313,2452.0
9,55,308.8714294433594,481.2076110839844,3049.0
9,56,441.7654724121094,500.6946411132813,1680.0
9,57,281.66033935546875,504.78369140625,527.0
9,58,107.12078857421876,269.6952819824219,4007.0
9,59,190.35357666015625,488.9029846191406,1680.0
9,60,266.15789794921875,224.16427612304688,1254.0
9,61,283.0238647460937,312.76922607421875,1885.0
9,62,489.0978698730469,474.4459838867188,2861.0
9,63,232.2562255859375,500.1126708984375,1003.0
9,64,175.80410766601562,8.172602653503418,730.0
9,65,18.54161071777344,451.1578674316406,1514.0
9,66,0.0,0.0,0.0
9,67,42.60593795776367,357.42840576171875,3436.0
9,68,101.99226379394533,375.6152038574219,2843.0
9,69,307.5489807128906,424.3437805175781,3665.0
9,70,9.438632011413574,328.50201416015625,994.0
9,71,193.4440460205078,294.7783508300781,4128.0
9,72,148.35975646972656,378.63958740234375,3027.0
9,73,102.05500793457033,493.4880981445313,2018.0
9,74,89.31385803222656,24.18590545654297,2157.0
9,75,492.2568359375,337.4257202148437,2309.0
9,76,0.0,0.0,0.0
9,77,0.0,0.0,0.0
9,78,382.808837890625,320.2913818359375,1836.0
9,79,0.0,0.0,0.0
9,80,16.951007843017578,218.89376831054688,2184.0
9,81,0.0,0.0,0.0
9,82,0.0,0.0,0.0
9,83,76.77777862548828,230.7268524169922,3024.0
9,84,413.99169921875,17.967182159423828,2651.0
9,85,0.0,0.0,0.0
9,86,0.0,0.0,0.0
9,87,408.5220642089844,158.73858642578125,2628.0
9,88,125.37383270263672,10.344236373901367,642.0
9,89,490.2245178222656,106.1442642211914,3140.0
9,90,30.33405876159668,280.3876037597656,3679.0
9,91,0.0,0.0,0.0
9,92,0.0,0.0,0.0
9,93,341.1096496582031,167.65835571289062,3849.0
9,94,321.4350280761719,300.068359375,3379.0
9,95,279.4331359863281,2.484076499938965,157.0
9,96,0.0,0.0,0.0
9,97,0.0,0.0,0.0
9,98,0.0,0.0,0.0
9,99,0.0,0.0,0.0
9,100,242.34918212890625,319.6339111328125,2188.0
9,101,0.0,0.0,0.0
9,102,0.0,0.0,0.0
9,103,0.0,0.0,0.0
9,104,0.0,0.0,0.0
9,105,0.0,0.0,0.0
9,106,0.0,0.0,0.0
9,107,0.0,0.0,0.0
9,108,0.0,0.0,0.0
9,109,0.0,0.0,0.0
9,110,0.0,0.0,0.0
9,111,0.0,0.0,0.0
9,112,0.0,0.0,0.0
9,113,0.0,0.0,0.0
9,114,0.0,0.0,0.0
9,115,0.0,0.0,0.0
9,116,0.0,0.0,0.0
9,117,0.0,0.0,0.0
9,118,0.0,0.0,0.0
9,119,0.0,0.0,0.0
9,120,0.0,0.0,0.0
9,121,0.0,0.0,0.0
9,122,0.0,0.0,0.0
9,123,0.0,0.0,0.0
9,124,0.0,0.0,0.0
9,125,0.0,0.0,0.0
9,126,0.0,0.0,0.0
9,127,0.0,0.0,0.0
9,128,0.0,0.0,0.0
9,129,0.0,0.0,0.0
9,130,0.0,0.0,0.0
9,131,0.0,0.0,0.0
9,132,0.0,0.0,0.0
10,0,390.37640380859375,199.76495361328125,3778.0
10,1,308.9483947753906,224.77989196777344,4766.0
10,2,437.9640808105469,306.3761901855469,3453.0
10,3,155.7527313232422,47.98850631713867,3567.0
10,4,374.9324340820313,267.92877197265625,6024.0
10,5,0.0,0.0,0.0
10,6,485.94049072265625,270.47174072265625,3697.0
10,7,229.38673400878903,31.210472106933597,4794.0
10,8,365.18597412109375,55.38432693481445,5092.0
10,9,287.3275451660156,55.93074035644531,5068.0
10,10,323.9862976074219,118.92808532714844,5840.0
10,11,201.1373443603516,173.1539306640625,4281.0
10,12,245.00436401367188,256.55078125,3900.0
10,13,453.17333984375,215.0623779296875,2469.0
10,14,0.0,0.0,0.0
10,15,330.7077331542969,13.875202178955078,1851.0
10,16,481.8027038574219,31.349557876586918,3842.0
10,17,100.22208404541016,83.19752502441406,4845.0
10,18,444.7401123046875,78.13966369628906,4117.0
10,19,403.6759338378906,109.334228515625,3348.0
10,20,208.03829956054688,99.45879364013672,6188.0
10,21,0.0,0.0,0.0
10,22,496.3200073242188,164.79171752929688,1450.0
10,23,263.2453918457031,160.46131896972656,5029.0
10,24,491.8520812988281,207.3220672607422,1717.0
10,25,166.1076202392578,226.0648193359375,6356.0
10,26,376.7989196777344,362.78759765625,3884.0
10,27,196.2379608154297,362.56256103515625,3925.0
10,28,262.1679077148437,372.6507568359375,3502.0
10,29,35.22315216064453,72.89491271972656,4777.0
10,30,134.8157196044922,319.49072265625,3283.0
10,31,316.5984191894531,366.3039855957031,3145.0
10,32,448.0028991699219,375.8610229492188,5857.0
10,33,79.72697448730469,319.7790222167969,2421.0
10,34,369.8685607910156,417.83892822265625,3545.0
10,35,25.87799835205078,143.58059692382812,3877.0
10,36,134.0198516845703,145.3676300048828,6093.0
10,37,69.84102630615234,409.1596374511719,1516.0
10,38,220.60931396484372,414.2381896972656,3220.0
10,39,488.7136535644531,416.9442138671875,2277.0
10,40,430.4303588867188,433.31005859375,2219.0
10,41,162.45162963867188,444.0130920410156,2522.0
10,42,79.88355255126953,453.5135498046875,3581.0
10,43,152.50611877441406,494.8531188964844,1389.0
10,44,68.87151336669922,174.3569793701172,5160.0
10,45,454.6514587402344,155.35751342773438,2344.0
10,46,23.57891273498535,402.0478515625,3092.0
10,47,124.25211334228516,435.2716674804688,2249.0
10,48,259.57574462890625,461.9615478515625,3538.0
10,49,209.4315948486328,457.6101379394531,1893.0
10,50,369.7784729003906,479.0273132324219,3918.0
10,51,35.73700714111328,490.8974609375,2867.0
10,52,36.02098846435547,18.85677528381348,2716.0
10,53,427.362060546875,250.3702545166016,1950.0
10,54,429.7362365722656,470.69036865234375,2377.0
10,55,311.50750732421875,482.5589294433594,2800.0
10,56,441.3430786132813,500.74755859375,1644.0
10,57,282.1463317871094,504.3377075195313,533.0
10,58,106.4289093017578,271.30828857421875,3805.0
10,59,190.6534118652344,489.2326049804688,1711.0
10,60,267.4041442871094,225.15550231933597,1492.0
10,61,283.4320983886719,313.47735595703125,1988.0
10,62,488.5394287109375,474.9461669921875,2879.0
10,63,233.049072265625,500.2873229980469,978.0
10,64,174.98777770996094,9.366666793823242,900.0
10,65,18.55438804626465,452.2904968261719,1618.0
10,66,0.0,0.0,0.0
10,67,45.7402229309082,355.5444030761719,3299.0
10,68,101.95091247558594,375.4298095703125,2750.0
10,69,308.9997253417969,425.7636413574219,3664.0
10,70,11.01053524017334,326.172607421875,1234.0
10,71,194.6289825439453,294.1347351074219,4520.0
10,72,149.11953735351562,381.0683898925781,2953.0
10,73,105.29320526123048,494.5419616699219,2002.0
10,74,91.51652526855467,25.022035598754883,2269.0
10,75,492.7812805175781,339.3878479003906,2318.0
10,76,0.0,0.0,0.0
10,77,0.0,0.0,0.0
10,78,384.2074279785156,322.4868469238281,1292.0
10,79,0.0,0.0,0.0
10,80,16.756717681884766,218.38003540039065,2084.0
10,81,0.0,0.0,0.0
10,82,0.0,0.0,0.0
10,83,78.95506286621094,231.2873687744141,3271.0
10,84,414.9844665527344,18.6838321685791,2641.0
10,85,0.0,0.0,0.0
10,86,0.0,0.0,0.0
10,87,408.3320617675781,157.57240295410156,2334.0
10,88,128.29917907714844,9.507437705993652,605.0
10,89,490.49212646484375,108.35578155517578,3044.0
10,90,31.45216941833496,279.837890625,3596.0
10,91,0.0,0.0,0.0
10,92,0.0,0.0,0.0
10,93,341.8072204589844,172.47238159179688,2661.0
10,94,322.3432312011719,299.9458923339844,3400.0
10,95,279.2411804199219,3.2058823108673096,170.0
10,96,0.0,0.0,0.0
10,97,0.0,0.0,0.0
10,98,0.0,0.0,0.0
10,99,0.0,0.0,0.0
10,100,242.96847534179688,320.75811767578125,2030.0
10,101,0.0,0.0,0.0
10,102,0.0,0.0,0.0
10,103,0.0,0.0,0.0
10,104,0.0,0.0,0.0
10,105,0.0,0.0,0.0
10,106,0.0,0.0,0.0
10,107,0.0,0.0,0.0
10,108,0.0,0.0,0.0
10,109,0.0,0.0,0.0
10,110,0.0,0.0,0.0
10,111,0.0,0.0,0.0
10,112,0.0,0.0,0.0
10,113,0.0,0.0,0.0
10,114,0.0,0.0,0.0
10,115,0.0,0.0,0.0
10,116,0.0,0.0,0.0
10,117,0.0,0.0,0.0
10,118,0.0,0.0,0.0
10,119,0.0,0.0,0.0
10,120,0.0,0.0,0.0
10,121,0.0,0.0,0.0
10,122,0.0,0.0,0.0
10,123,0.0,0.0,0.0
10,124,0.0,0.0,0.0
10,125,0.0,0.0,0.0
10,126,0.0,0.0,0.0
10,127,0.0,0.0,0.0
10,128,0.0,0.0,0.0
10,129,0.0,0.0,0.0
10,130,0.0,0.0,0.0
10,131,0.0,0.0,0.0
10,132,0.0,0.0,0.0
11,0,388.9636840820313,200.72218322753903,3909.0
11,1,309.35760498046875,226.20651245117188,4944.0
11,2,437.6883850097656,313.0063171386719,2853.0
11,3,155.86083984375,47.74898147583008,3442.0
11,4,371.8542785644531,269.2263488769531,6101.0
11,5,0.0,0.0,0.0
11,6,485.8875122070313,273.313232421875,3965.0
11,7,230.0626983642578,32.115840911865234,4817.0
11,8,366.4885559082031,56.03702163696289,5375.0
11,9,287.42919921875,56.49679565429688,5149.0
11,10,323.6436462402344,117.34719848632812,5242.0
11,11,202.87001037597656,173.39149475097656,4585.0
11,12,246.21463012695312,258.12994384765625,3732.0
11,13,453.083740234375,215.34469604492188,2376.0
11,14,0.0,0.0,0.0
11,15,330.8283996582031,14.5938720703125,1795.0
11,16,486.6001892089844,46.67054748535156,1976.0
11,17,101.4267578125,82.31705474853516,4731.0
11,18,445.7793884277344,79.93794250488281,4383.0
11,19,403.3569946289063,111.67282104492188,3087.0
11,20,207.10501098632807,99.70587921142578,6171.0
11,21,0.0,0.0,0.0
11,22,495.3713073730469,172.4757843017578,1053.0
11,23,264.8634948730469,159.0548095703125,4945.0
11,24,491.5646667480469,208.39244079589844,1771.0
11,25,165.91456604003906,224.8719940185547,6484.0
11,26,376.8719177246094,362.7425842285156,4005.0
11,27,197.29312133789065,363.5325622558594,3763.0
11,28,263.0376892089844,373.0531921386719,3609.0
11,29,35.452022552490234,73.63372802734375,4898.0
11,30,136.84323120117188,320.0246276855469,3451.0
11,31,317.7821044921875,366.1261596679688,3052.0
11,32,447.830322265625,376.99359130859375,5941.0
11,33,85.44514465332031,328.3314514160156,3008.0
11,34,370.5033874511719,418.2770080566406,3397.0
11,35,26.50094985961914,143.28695678710938,3687.0
11,36,134.11753845214844,143.82081604003906,5726.0
11,37,70.63008880615234,409.0650329589844,1522.0
11,38,219.9712371826172,415.8044738769531,3442.0
11,39,489.0305786132813,418.21722412109375,2518.0
11,40,430.0403747558594,435.5208740234375,2204.0
11,41,163.5536346435547,443.9009094238281,2321.0
11,42,78.30084991455078,454.0140075683594,3643.0
11,43,152.65386962890625,494.935302734375,1329.0
11,44,70.26575469970703,173.53225708007812,5347.0
11,45,454.47802734375,156.37303161621094,2343.0
11,46,24.935518264770508,406.2237243652344,2807.0
11,47,125.69481658935548,437.3963317871094,2392.0
11,48,260.5146484375,461.9141845703125,3519.0
11,49,211.7681579589844,460.2895202636719,1803.0
11,50,370.4245300292969,479.912109375,4108.0
11,51,37.33728790283203,493.9268493652344,2529.0
11,52,35.143402099609375,19.210325241088867,2615.0
11,53,427.948486328125,258.3246765136719,2698.0
11,54,432.4723815917969,470.9663696289063,2081.0
11,55,311.79315185546875,482.0198364257813,2722.0
11,56,438.18170166015625,500.5111999511719,1563.0
11,57,280.5635681152344,504.0240478515625,582.0
11,58,107.7498016357422,271.9952087402344,3765.0
11,59,190.6561279296875,488.9062805175781,1803.0
11,60,266.3480529785156,225.7075042724609,1494.0
11,61,283.85546875,313.6389465332031,1972.0
11,62,487.7279968261719,477.0210266113281,2805.0
11,63,233.43153381347656,501.1495971679688,869.0
11,64,176.64044189453125,10.149402618408203,1004.0
11,65,18.762903213500977,456.2672119140625,1860.0
11,66,0.0,0.0,0.0
11,67,45.48793029785156,357.2964782714844,3646.0
11,68,105.62468719482422,384.8425903320313,2001.0
11,69,310.7537536621094,425.8772888183594,3675.0
11,70,10.939814567565918,331.5574035644531,1080.0
11,71,196.278564453125,294.1281433105469,4674.0
11,72,150.54978942871094,381.2994689941406,2932.0
11,73,106.88616180419922,494.0416259765625,1994.0
11,74,91.17955017089844,24.62331199645996,2445.0
11,75,492.9412536621094,340.6947326660156,2162.0
11,76,478.6786193847656,15.123740196228027,1786.0
11,77,0.0,0.0,0.0
11,78,380.82330322265625,321.369384765625,1313.0
11,79,0.0,0.0,0.0
11,80,17.335195541381836,216.1410675048828,2148.0
11,81,0.0,0.0,0.0
11,82,0.0,0.0,0.0
11,83,79.30715942382812,232.0342559814453,3298.0
11,84,416.9335632324219,19.358890533447266,2739.0
11,85,0.0,0.0,0.0
11,86,0.0,0.0,0.0
11,87,408.8208312988281,158.29351806640625,2361.0
11,88,129.64259338378906,8.312962532043457,540.0
11,89,491.9485778808594,114.6527099609375,3248.0
11,90,30.84000968933105,281.5617980957031,4094.0
11,91,0.0,0.0,0.0
11,92,0.0,0.0,0.0
11,93,341.19873046875,168.38043212890625,2994.0
11,94,320.2743225097656,303.7734069824219,2745.0
11,95,281.47802734375,2.9285714626312256,182.0
11,96,0.0,0.0,0.0
11,97,0.0,0.0,0.0
11,98,0.0,0.0,0.0
11,99,0.0,0.0,0.0
11,100,244.1664886474609,321.4737854003906,1946.0
11,101,0.0,0.0,0.0
11,102,0.0,0.0,0.0
11,103,0.0,0.0,0.0
11,104,0.0,0.0,0.0
11,105,0.0,0.0,0.0
11,106,0.0,0.0,0.0
11,107,0.0,0.0,0.0
11,108,0.0,0.0,0.0
11,109,0.0,0.0,0.0
11,110,0.0,0.0,0.0
11,111,0.0,0.0,0.0
11,112,0.0,0.0,0.0
11,113,0.0,0.0,0.0
11,114,0.0,0.0,0.0
11,115,0.0,0.0,0.0
11,116,0.0,0.0,0.0
11,117,0.0,0.0,0.0
11,118,0.0,0.0,0.0
11,119,0.0,0.0,0.0
11,120,0.0,0.0,0.0
11,121,0.0,0.0,0.0
11,122,0.0,0.0,0.0
11,123,0.0,0.0,0.0
11,124,0.0,0.0,0.0
11,125,0.0,0.0,0.0
11,126,0.0,0.0,0.0
11,127,0.0,0.0,0.0
11,128,0.0,0.0,0.0
11,129,0.0,0.0,0.0
11,130,0.0,0.0,0.0
11,131,0.0,0.0,0.0
11,132,0.0,0.0,0.0
12,0,389.2005920410156,203.1030731201172,3968.0
12,1,308.2997436523437,226.34881591796875,4931.0
12,2,436.1806335449219,315.98046875,2508.0
12,3,156.53509521484375,48.38261032104492,3220.0
12,4,370.6559448242188,272.873779296875,6441.0
12,5,0.0,0.0,0.0
12,6,486.32952880859375,275.0903625488281,4039.0
12,7,231.9403533935547,32.104888916015625,4929.0
12,8,367.6243896484375,55.74861907958984,5426.0
12,9,288.0053100585937,55.65286636352539,4903.0
12,10,325.04443359375,121.78846740722656,6278.0
12,11,203.7962951660156,174.24937438964844,4752.0
12,12,247.60162353515625,257.0638122558594,3823.0
12,13,453.5160827636719,216.40782165527344,2300.0
12,14,0.0,0.0,0.0
12,15,331.1380310058594,15.315330505371094,1833.0
12,16,483.8584289550781,32.937618255615234,3751.0
12,17,102.43017578125,81.89471435546875,4540.0
12,18,446.1564331054688,80.54248046875,4743.0
12,19,404.3544006347656,114.9463882446289,3115.0
12,20,207.601806640625,99.304931640625,6208.0
12,21,0.0,0.0,0.0
12,22,495.9273376464844,171.81141662597656,1156.0
12,23,265.82489013671875,159.08230590820312,5054.0
12,24,491.5571899414063,208.76608276367188,1757.0
12,25,164.48524475097656,224.89344787597656,6673.0
12,26,377.1217651367188,362.3353271484375,4032.0
12,27,198.0924835205078,363.080322265625,3536.0
12,28,263.7270812988281,372.82275390625,3763.0
12,29,36.49640655517578,75.723876953125,4871.0
12,30,137.5949249267578,321.9106140136719,3703.0
12,31,319.0422668457031,366.8272705078125,3051.0
12,32,448.3861999511719,376.026123046875,6046.0
12,33,84.83271026611328,323.4134521484375,2409.0
12,34,370.5047302246094,418.0338439941406,3279.0
12,35,25.97745513916016,143.17208862304688,3504.0
12,36,134.74400329589844,141.42214965820312,5633.0
12,37,71.54732513427734,408.29388427734375,1606.0
12,38,219.73208618164065,416.5973205566406,3643.0
12,39,488.488037109375,419.4738159179688,2674.0
12,40,428.759765625,435.9268493652344,2256.0
12,41,164.22499084472656,446.56585693359375,2209.0
12,42,79.78129577636719,454.50823974609375,4010.0
12,43,152.97140502929688,496.0204162597656,1224.0
12,44,70.73414611816406,173.79298400878906,5676.0
12,45,455.2964782714844,158.94268798828125,2216.0
12,46,24.16261482238769,407.0144348144531,2632.0
12,47,127.20205688476562,438.3641662597656,2529.0
12,48,263.6390686035156,465.58392333984375,4278.0
12,49,213.72467041015625,463.5286254882813,1816.0
12,50,371.7381286621094,479.39794921875,4277.0
12,51,37.71410751342773,495.0638427734375,2396.0
12,52,45.33884048461914,19.41891860961914,1998.0
12,53,430.3858947753906,261.1098022460937,2905.0
12,54,435.93798828125,484.0537414550781,3386.0
12,55,312.1887512207031,483.7827758789063,2808.0
12,56,0.0,0.0,0.0
12,57,0.0,0.0,0.0
12,58,107.56925201416016,274.5140686035156,3480.0
12,59,191.9989013671875,490.1953125,1833.0
12,60,268.2305603027344,229.0527191162109,1119.0
12,61,285.0950012207031,314.3375549316406,1979.0
12,62,487.7493896484375,477.9758911132813,2861.0
12,63,234.86122131347656,502.2015075683594,526.0
12,64,177.2667236328125,10.63242244720459,1061.0
12,65,19.35225486755371,457.0273742675781,1973.0
12,66,0.0,0.0,0.0
12,67,49.21286392211914,358.59539794921875,4167.0
12,68,106.5223617553711,380.49420166015625,1811.0
12,69,313.0214538574219,426.3647155761719,3356.0
12,70,11.018502235412598,331.3841552734375,1135.0
12,71,198.4707946777344,294.8089294433594,4930.0
12,72,152.18634033203125,384.5750122070313,3059.0
12,73,107.4220199584961,495.6243591308594,1789.0
12,74,92.50481414794922,25.251605987548828,2492.0
12,75,493.5025024414063,341.7479858398437,1988.0
12,76,0.0,0.0,0.0
12,77,10.03451919555664,23.73744773864746,956.0
12,78,379.8724670410156,322.97247314453125,1090.0
12,79,0.0,0.0,0.0
12,80,17.758817672729492,217.57760620117188,2268.0
12,81,0.0,0.0,0.0
12,82,0.0,0.0,0.0
12,83,81.01129150390625,233.66815185546875,3366.0
12,84,418.6051635742188,19.26846694946289,2667.0
12,85,0.0,0.0,0.0
12,86,0.0,0.0,0.0
12,87,410.7200622558594,160.9065399169922,2322.0
12,88,131.73666381835938,9.666666984558104,600.0
12,89,491.680908203125,116.26636505126952,2902.0
12,90,31.57253646850586,282.1409606933594,4129.0
12,91,0.0,0.0,0.0
12,92,0.0,0.0,0.0
12,93,346.526123046875,175.76327514648438,2298.0
12,94,318.98895263671875,304.37799072265625,2352.0
12,95,286.6538391113281,1.326923131942749,104.0
12,96,0.0,0.0,0.0
12,97,0.0,0.0,0.0
12,98,0.0,0.0,0.0
12,99,0.0,0.0,0.0
12,100,246.9019317626953,321.1573486328125,1805.0
12,101,0.0,0.0,0.0
12,102,0.0,0.0,0.0
12,103,0.0,0.0,0.0
12,104,0.0,0.0,0.0
12,105,0.0,0.0,0.0
12,106,0.0,0.0,0.0
12,107,0.0,0.0,0.0
12,108,0.0,0.0,0.0
12,109,0.0,0.0,0.0
12,110,0.0,0.0,0.0
12,111,0.0,0.0,0.0
12,112,0.0,0.0,0.0
12,113,0.0,0.0,0.0
12,114,0.0,0.0,0.0
12,115,0.0,0.0,0.0
12,116,0.0,0.0,0.0
12,117,0.0,0.0,0.0
12,118,0.0,0.0,0.0
12,119,0.0,0.0,0.0
12,120,0.0,0.0,0.0
12,121,0.0,0.0,0.0
12,122,0.0,0.0,0.0
12,123,0.0,0.0,0.0
12,124,0.0,0.0,0.0
12,125,0.0,0.0,0.0
12,126,0.0,0.0,0.0
12,127,0.0,0.0,0.0
12,128,0.0,0.0,0.0
12,129,0.0,0.0,0.0
12,130,0.0,0.0,0.0
12,131,0.0,0.0,0.0
12,132,0.0,0.0,0.0
13,0,390.2576904296875,203.2794342041016,4323.0
13,1,307.1659240722656,227.0150451660156,4653.0
13,2,436.2799987792969,315.5111999511719,2543.0
13,3,156.04566955566406,48.21669387817383,3175.0
13,4,368.7906188964844,273.8601989746094,6524.0
13,5,0.0,0.0,0.0
13,6,486.0691223144531,277.830322265625,3949.0
13,7,234.03404235839844,32.66033172607422,5052.0
13,8,365.8707580566406,56.36133193969727,5679.0
13,9,288.52978515625,57.258056640625,4902.0
13,10,328.2012939453125,126.65868377685548,6349.0
13,11,203.7280120849609,173.70286560058594,4651.0
13,12,246.13162231445312,256.0337219238281,3677.0
13,13,455.1927185058594,217.19406127929688,2221.0
13,14,0.0,0.0,0.0
13,15,330.5023498535156,14.313239097595217,1692.0
13,16,483.825439453125,33.67428970336914,3804.0
13,17,104.988525390625,80.4915771484375,4095.0
13,18,453.965087890625,83.37506103515625,5815.0
13,19,405.1374206542969,115.510498046875,3238.0
13,20,207.29681396484372,98.72257232666016,6189.0
13,21,0.0,0.0,0.0
13,22,495.907470703125,169.78433227539062,1340.0
13,23,266.1304016113281,157.91383361816406,5153.0
13,24,491.6760864257813,210.9462890625,1806.0
13,25,162.7777099609375,224.39108276367188,6748.0
13,26,377.9742431640625,363.37548828125,4040.0
13,27,199.25119018554688,361.5147705078125,3149.0
13,28,263.6307983398437,372.65032958984375,3941.0
13,29,38.3777961730957,78.07918548583984,4963.0
13,30,138.3721466064453,323.490966796875,3813.0
13,31,319.9989929199219,367.87213134765625,2956.0
13,32,448.6585998535156,376.91552734375,6251.0
13,33,87.775390625,327.08154296875,2796.0
13,34,370.3116760253906,418.2135620117188,3109.0
13,35,25.906368255615234,142.94155883789062,3439.0
13,36,137.03170776367188,137.8399658203125,5299.0
13,37,69.80583953857422,409.6598510742188,1370.0
13,38,219.11900329589844,416.7887573242188,3773.0
13,39,488.259033203125,420.9967346191406,2768.0
13,40,427.4226684570313,436.7555236816406,2127.0
13,41,163.48130798339844,449.1219177246094,2059.0
13,42,80.00718688964844,454.0279846191406,4037.0
13,43,153.0870361328125,496.577880859375,1149.0
13,44,72.6030502319336,173.8247528076172,6288.0
13,45,456.59375,159.86395263671875,2139.0
13,46,23.60877799987793,407.84771728515625,2620.0
13,47,128.45860290527344,440.09130859375,2355.0
13,48,263.77569580078125,465.7579345703125,4164.0
13,49,213.87213134765625,463.6471862792969,1916.0
13,50,371.1792907714844,479.38970947265625,4406.0
13,51,39.03525924682617,495.5301513671875,2354.0
13,52,47.41876602172852,20.66419792175293,2025.0
13,53,429.6097106933594,261.9206848144531,3026.0
13,54,435.044677734375,472.3248596191406,1970.0
13,55,312.0760192871094,483.7798156738281,2684.0
13,56,0.0,0.0,0.0
13,57,0.0,0.0,0.0
13,58,110.22921752929688,275.2527770996094,3224.0
13,59,191.89544677734372,490.8865356445313,1798.0
13,60,268.0741577148437,228.7880096435547,1335.0
13,61,284.4180908203125,315.3076477050781,1947.0
13,62,487.48089599609375,479.3861389160156,2828.0
13,63,235.53488159179688,502.8425903320313,559.0
13,64,177.82864379882812,11.50082778930664,1208.0
13,65,18.691505432128903,458.4878234863281,2013.0
13,66,0.0,0.0,0.0
13,67,49.55044937133789,359.1325378417969,4331.0
13,68,108.4130630493164,387.7716064453125,2036.0
13,69,312.9872436523437,426.79583740234375,3370.0
13,70,10.754595756530762,333.0946655273437,1088.0
13,71,200.12586975097656,294.0585632324219,5037.0
13,72,157.4934539794922,386.3653259277344,3052.0
13,73,107.94539642333984,495.3645935058594,1813.0
13,74,94.17909240722656,25.06469345092773,2535.0
13,75,494.3446960449219,342.897705078125,1877.0
13,76,0.0,0.0,0.0
13,77,11.345895767211914,25.97487449645996,1194.0
13,78,381.0398559570313,324.8416442871094,903.0
13,79,436.3514099121094,500.9806823730469,1346.0
13,80,18.028404235839844,217.21731567382807,2218.0
13,81,0.0,0.0,0.0
13,82,0.0,0.0,0.0
13,83,82.64129638671875,234.21417236328125,3245.0
13,84,417.6648254394531,18.62699317932129,2697.0
13,85,0.0,0.0,0.0
13,86,0.0,0.0,0.0
13,87,413.2064208984375,160.86378479003906,2151.0
13,88,133.103515625,8.609375,512.0
13,89,490.5364379882813,129.31564331054688,1413.0
13,90,32.459129333496094,281.6363525390625,4441.0
13,91,0.0,0.0,0.0
13,92,0.0,0.0,0.0
13,93,346.9563903808594,180.13185119628906,1972.0
13,94,319.04638671875,306.1446838378906,2523.0
13,95,287.0,0.9746835231781006,79.0
13,96,0.0,0.0,0.0
13,97,0.0,0.0,0.0
13,98,0.0,0.0,0.0
13,99,0.0,0.0,0.0
13,100,246.84066772460935,321.4078674316406,1726.0
13,101,0.0,0.0,0.0
13,102,0.0,0.0,0.0
13,103,0.0,0.0,0.0
13,104,0.0,0.0,0.0
13,105,0.0,0.0,0.0
13,106,0.0,0.0,0.0
13,107,0.0,0.0,0.0
13,108,0.0,0.0,0.0
13,109,0.0,0.0,0.0
13,110,0.0,0.0,0.0
13,111,0.0,0.0,0.0
13,112,0.0,0.0,0.0
13,113,0.0,0.0,0.0
13,114,0.0,0.0,0.0
13,115,0.0,0.0,0.0
13,116,0.0,0.0,0.0
13,117,0.0,0.0,0.0
13,118,0.0,0.0,0.0
13,119,0.0,0.0,0.0
13,120,0.0,0.0,0.0
13,121,0.0,0.0,0.0
13,122,0.0,0.0,0.0
13,123,0.0,0.0,0.0
13,124,0.0,0.0,0.0
13,125,0.0,0.0,0.0
13,126,0.0,0.0,0.0
13,127,0.0,0.0,0.0
13,128,0.0,0.0,0.0
13,129,0.0,0.0,0.0
13,130,0.0,0.0,0.0
13,131,0.0,0.0,0.0
13,132,0.0,0.0,0.0
14,0,390.3900146484375,203.5666961669922,4528.0
14,1,306.3042297363281,228.2948760986328,4697.0
14,2,436.9075622558594,315.542724609375,2434.0
14,3,155.783447265625,47.98681640625,3034.0
14,4,367.6530151367188,275.6268310546875,6525.0
14,5,0.0,0.0,0.0
14,6,485.4427185058594,277.2669982910156,3989.0
14,7,233.5500640869141,32.38520431518555,5083.0
14,8,368.3165893554688,53.18300628662109,6131.0
14,9,288.8083801269531,57.65193557739258,5114.0
14,10,333.23345947265625,132.67918395996094,6926.0
14,11,203.1352081298828,172.80690002441406,4837.0
14,12,243.8927001953125,255.59410095214844,3560.0
14,13,454.5689392089844,215.99807739257807,2074.0
14,14,0.0,0.0,0.0
14,15,330.4456787109375,14.094971656799316,1611.0
14,16,484.12884521484375,34.11415481567383,3539.0
14,17,105.76402282714844,80.84815216064453,3958.0
14,18,452.2338562011719,82.03395080566406,5773.0
14,19,404.3576965332031,115.66636657714844,3366.0
14,20,206.3183135986328,97.44112396240234,5928.0
14,21,0.0,0.0,0.0
14,22,495.39739990234375,171.024658203125,1379.0
14,23,266.9794006347656,153.28941345214844,5245.0
14,24,491.2518005371094,211.89224243164065,1791.0
14,25,162.53587341308594,222.9084014892578,6496.0
14,26,376.6639404296875,364.1380310058594,3898.0
14,27,201.8855438232422,361.1594543457031,2822.0
14,28,263.8819885253906,372.1770324707031,4033.0
14,29,39.34039688110352,79.6932144165039,4909.0
14,30,139.0390625,323.9671936035156,3840.0
14,31,320.7255249023437,368.6399841308594,2922.0
14,32,446.7104187011719,376.7524719238281,6302.0
14,33,87.2857666015625,324.2136535644531,2607.0
14,34,370.1021728515625,418.3167724609375,2917.0
14,35,25.386873245239254,143.73048400878906,3306.0
14,36,137.8282470703125,137.7223358154297,5269.0
14,37,68.09183502197266,411.2886352539063,1372.0
14,38,220.2069091796875,419.128173828125,4026.0
14,39,487.3208312988281,420.7943115234375,3092.0
14,40,426.3916320800781,437.6073913574219,2058.0
14,41,162.6165008544922,451.6396484375,1987.0
14,42,80.9390869140625,455.0552368164063,4055.0
14,43,157.8358154296875,496.8114013671875,737.0
14,44,71.83050537109375,172.61001586914062,6431.0
14,45,455.8497924804688,160.42945861816406,2077.0
14,46,22.54092788696289,406.5240478515625,2370.0
14,47,128.67169189453125,440.7706298828125,2254.0
14,48,265.1671142578125,466.5865783691406,4117.0
14,49,215.59454345703125,466.0425415039063,1904.0
14,50,375.2660217285156,478.4275512695313,4928.0
14,51,40.46958923339844,495.7500915527344,2417.0
14,52,48.46010208129883,21.339710235595703,2143.0
14,53,429.2284240722656,261.3551330566406,3196.0
14,54,444.4992370605469,472.5270080566406,1296.0
14,55,312.8540344238281,483.95159912109375,2562.0
14,56,0.0,0.0,0.0
14,57,0.0,0.0,0.0
14,58,113.01490020751952,275.10272216796875,3222.0
14,59,191.73919677734372,491.6472778320313,1806.0
14,60,265.484130859375,225.5301818847656,1607.0
14,61,284.6131896972656,315.7414245605469,1895.0
14,62,486.6490173339844,480.3658752441406,2889.0
14,63,234.09567260742188,503.17767333984375,439.0
14,64,176.1782684326172,11.878607749938965,1178.0
14,65,18.995874404907227,457.2525329589844,2182.0
14,66,0.0,0.0,0.0
14,67,49.69218826293945,359.4425354003906,4506.0
14,68,107.58765411376952,387.139892578125,2316.0
14,69,313.7904968261719,426.9612731933594,3279.0
14,70,11.140639305114746,331.6410827636719,1095.0
14,71,201.04006958007807,294.5518798828125,5291.0
14,72,160.31825256347656,386.8247985839844,3579.0
14,73,114.9633560180664,496.2860107421875,1965.0
14,74,95.49226379394533,25.617942810058597,2586.0
14,75,494.5781555175781,342.5521850585937,1887.0
14,76,0.0,0.0,0.0
14,77,11.53787326812744,27.440704345703125,1307.0
14,78,381.2804260253906,326.8912048339844,1002.0
14,79,433.1340942382813,499.72467041015625,1402.0
14,80,16.747941970825195,216.6825256347656,2186.0
14,81,0.0,0.0,0.0
14,82,0.0,0.0,0.0
14,83,83.08536529541016,234.36038208007807,3327.0
14,84,422.4664611816406,17.10981559753418,2058.0
14,85,0.0,0.0,0.0
14,86,0.0,0.0,0.0
14,87,413.2271423339844,160.6869354248047,1990.0
14,88,134.23094177246094,8.383441925048828,459.0
14,89,492.8525085449219,125.3791275024414,1878.0
14,90,33.11419677734375,280.9054260253906,4536.0
14,91,0.0,0.0,0.0
14,92,0.0,0.0,0.0
14,93,339.4898376464844,191.64987182617188,1131.0
14,94,318.0860290527344,306.6058654785156,2418.0
14,95,286.0,0.9746835231781006,79.0
14,96,0.0,0.0,0.0
14,97,0.0,0.0,0.0
14,98,0.0,0.0,0.0
14,99,0.0,0.0,0.0
14,100,249.8927001953125,319.9366455078125,1547.0
14,101,0.0,0.0,0.0
14,102,0.0,0.0,0.0
14,103,0.0,0.0,0.0
14,104,0.0,0.0,0.0
14,105,0.0,0.0,0.0
14,106,0.0,0.0,0.0
14,107,0.0,0.0,0.0
14,108,0.0,0.0,0.0
14,109,0.0,0.0,0.0
14,110,0.0,0.0,0.0
14,111,0.0,0.0,0.0
14,112,0.0,0.0,0.0
14,113,0.0,0.0,0.0
14,114,0.0,0.0,0.0
14,115,0.0,0.0,0.0
14,116,0.0,0.0,0.0
14,117,0.0,0.0,0.0
14,118,0.0,0.0,0.0
14,119,0.0,0.0,0.0
14,120,0.0,0.0,0.0
14,121,0.0,0.0,0.0
14,122,0.0,0.0,0.0
14,123,0.0,0.0,0.0
14,124,0.0,0.0,0.0
14,125,0.0,0.0,0.0
14,126,0.0,0.0,0.0
14,127,0.0,0.0,0.0
14,128,0.0,0.0,0.0
14,129,0.0,0.0,0.0
14,130,0.0,0.0,0.0
14,131,0.0,0.0,0.0
14,132,0.0,0.0,0.0
15,0,389.7239074707031,202.85186767578125,4658.0
15,1,308.5836181640625,226.62860107421875,4580.0
15,2,436.8188171386719,315.7133178710937,2379.0
15,3,157.29835510253906,48.18489456176758,2926.0
15,4,366.28070068359375,277.9792785644531,6662.0
15,5,0.0,0.0,0.0
15,6,485.7116088867188,278.2886657714844,3984.0
15,7,235.34796142578125,32.70866012573242,5104.0
15,8,369.63470458984375,51.91804504394531,6406.0
15,9,290.3782958984375,57.58500289916992,5041.0
15,10,334.6966552734375,131.36659240722656,6656.0
15,11,204.6550445556641,171.69647216796875,4563.0
15,12,241.9216766357422,254.11734008789065,3409.0
15,13,454.7229614257813,215.2460021972656,2126.0
15,14,0.0,0.0,0.0
15,15,330.552001953125,14.46033763885498,1538.0
15,16,484.13134765625,33.025394439697266,3426.0
15,17,105.64251708984376,83.4188232421875,3782.0
15,18,451.51116943359375,81.19140625,5820.0
15,19,405.813720703125,116.0171356201172,3151.0
15,20,207.375244140625,96.3232192993164,5767.0
15,21,0.0,0.0,0.0
15,22,495.0200500488281,172.23049926757812,1397.0
15,23,266.8865966796875,154.02622985839844,5643.0
15,24,491.9779357910156,213.8241424560547,1723.0
15,25,161.1629180908203,222.8176422119141,6531.0
15,26,376.6567993164063,363.5040588378906,4184.0
15,27,202.9115753173828,362.8914489746094,2782.0
15,28,264.779541015625,372.7775573730469,4019.0
15,29,38.48019790649414,79.94818878173828,4671.0
15,30,139.40419006347656,322.5105895996094,3966.0
15,31,321.5777282714844,368.9728698730469,2875.0
15,32,446.1760864257813,376.1273193359375,6071.0
15,33,88.92119598388672,324.4805908203125,2576.0
15,34,370.3881530761719,418.4419860839844,2767.0
15,35,25.660898208618164,140.6615447998047,3120.0
15,36,138.79019165039062,137.48483276367188,5505.0
15,37,68.89473724365234,412.3698120117188,1444.0
15,38,221.7088165283203,421.2750854492188,4104.0
15,39,486.4537658691406,420.5950317382813,3341.0
15,40,425.1851196289063,437.1045227050781,1923.0
15,41,162.365478515625,453.9837646484375,1970.0
15,42,82.57565307617188,456.3266296386719,4124.0
15,43,0.0,0.0,0.0
15,44,72.66666412353516,171.8941650390625,6435.0
15,45,455.9554138183594,160.53700256347656,2108.0
15,46,22.225570678710938,408.76751708984375,2456.0
15,47,129.901123046875,442.30413818359375,2124.0
15,48,265.5253295898437,468.7586059570313,4184.0
15,49,215.86785888671875,468.2198791503906,1892.0
15,50,373.1602783203125,477.400634765625,5047.0
15,51,41.46677780151367,496.1084899902344,2378.0
15,52,50.963645935058594,22.335329055786133,2338.0
15,53,428.9436950683594,261.2771301269531,3374.0
15,54,444.1196594238281,469.6138305664063,1287.0
15,55,312.2099914550781,484.5206298828125,2205.0
15,56,0.0,0.0,0.0
15,57,0.0,0.0,0.0
15,58,111.58141326904295,274.6573181152344,2991.0
15,59,191.1617584228516,492.4700317382813,1768.0
15,60,269.39239501953125,234.43670654296875,2054.0
15,61,285.2806701660156,316.4696960449219,2095.0
15,62,485.8976745605469,480.7766723632813,2785.0
15,63,232.149658203125,504.2346801757813,294.0
15,64,177.00802612304688,11.972734451293944,1247.0
15,65,19.43543815612793,459.5193176269531,2122.0
15,66,0.0,0.0,0.0
15,67,50.39317321777344,359.4020080566406,4863.0
15,68,108.28239440917967,389.3583679199219,2238.0
15,69,313.8709411621094,427.5505676269531,3293.0
15,70,10.524651527404783,330.8148803710937,1075.0
15,71,202.10487365722656,294.3409423828125,5473.0
15,72,161.1053009033203,387.7418212890625,3827.0
15,73,126.36844635009766,497.1277465820313,2364.0
15,74,97.9739227294922,28.43591690063477,2723.0
15,75,494.4891357421875,343.2875366210937,1885.0
15,76,0.0,0.0,0.0
15,77,12.409058570861816,28.1042423248291,1391.0
15,78,384.8849792480469,326.6418151855469,765.0
15,79,432.02630615234375,498.5710754394531,1597.0
15,80,19.287155151367188,215.3995513916016,2678.0
15,81,0.0,0.0,0.0
15,82,0.0,0.0,0.0
15,83,84.91043090820312,234.08189392089844,3126.0
15,84,426.0862121582031,17.15882110595703,1763.0
15,85,0.0,0.0,0.0
15,86,0.0,0.0,0.0
15,87,413.8916931152344,160.32382202148438,1893.0
15,88,134.2486572265625,9.640429496765137,559.0
15,89,493.5462951660156,123.00193786621094,2063.0
15,90,33.81266784667969,281.244873046875,4484.0
15,91,0.0,0.0,0.0
15,92,0.0,0.0,0.0
15,93,341.58319091796875,189.4302520751953,1190.0
15,94,317.63836669921875,307.3016357421875,1966.0
15,95,289.5,0.4814814925193786,54.0
15,96,0.0,0.0,0.0
15,97,0.0,0.0,0.0
15,98,0.0,0.0,0.0
15,99,0.0,0.0,0.0
15,100,248.7901306152344,321.25469970703125,1539.0
15,101,0.0,0.0,0.0
15,102,0.0,0.0,0.0
15,103,0.0,0.0,0.0
15,104,0.0,0.0,0.0
15,105,0.0,0.0,0.0
15,106,0.0,0.0,0.0
15,107,0.0,0.0,0.0
15,108,0.0,0.0,0.0
15,109,0.0,0.0,0.0
15,110,0.0,0.0,0.0
15,111,0.0,0.0,0.0
15,112,0.0,0.0,0.0
15,113,0.0,0.0,0.0
15,114,0.0,0.0,0.0
15,115,0.0,0.0,0.0
15,116,0.0,0.0,0.0
15,117,0.0,0.0,0.0
15,118,0.0,0.0,0.0
15,119,0.0,0.0,0.0
15,120,0.0,0.0,0.0
15,121,0.0,0.0,0.0
15,122,0.0,0.0,0.0
15,123,0.0,0.0,0.0
15,124,0.0,0.0,0.0
15,125,0.0,0.0,0.0
15,126,0.0,0.0,0.0
15,127,0.0,0.0,0.0
15,128,0.0,0.0,0.0
15,129,0.0,0.0,0.0
15,130,0.0,0.0,0.0
15,131,0.0,0.0,0.0
15,132,0.0,0.0,0.0
16,0,389.8563537597656,202.03794860839844,4769.0
16,1,311.642578125,227.38400268554688,4815.0
16,2,436.918701171875,315.845947265625,2337.0
16,3,158.2168731689453,47.600704193115234,2845.0
16,4,366.2632751464844,280.53961181640625,6742.0
16,5,0.0,0.0,0.0
16,6,485.3503112792969,279.58758544921875,3928.0
16,7,237.11517333984372,32.74081039428711,5305.0
16,8,370.7010498046875,52.2254638671875,6205.0
16,9,293.107666015625,58.16279220581055,4988.0
16,10,333.9588928222656,130.2444610595703,6447.0
16,11,206.13763427734372,172.05279541015625,4679.0
16,12,239.4794921875,253.91380310058597,3341.0
16,13,453.6045227050781,215.11656188964844,2162.0
16,14,0.0,0.0,0.0
16,15,330.9758605957031,14.431924819946287,1491.0
16,16,484.6881408691406,32.45311737060547,3306.0
16,17,105.24966430664062,84.36282348632812,3685.0
16,18,454.2983093261719,80.87078094482422,6168.0
16,19,405.8404541015625,116.2068099975586,3259.0
16,20,208.80270385742188,95.76046752929688,5636.0
16,21,0.0,0.0,0.0
16,22,494.5147399902344,171.61000061035156,1459.0
16,23,268.1561584472656,155.5620880126953,5718.0
16,24,491.9550476074219,215.1610412597656,1869.0
16,25,156.61947631835938,221.07032775878903,6441.0
16,26,376.4675903320313,362.7445983886719,4256.0
16,27,204.66616821289065,362.9096374511719,2645.0
16,28,265.59228515625,373.8616943359375,3912.0
16,29,38.16968536376953,80.56446838378906,4638.0
16,30,138.8115234375,322.39410400390625,3905.0
16,31,322.27349853515625,368.9745178222656,2903.0
16,32,444.4349060058594,377.549560546875,5983.0
16,33,88.51254272460938,321.3775329589844,2511.0
16,34,370.2497253417969,418.1628112792969,2635.0
16,35,26.552473068237305,139.18182373046875,2992.0
16,36,140.6385040283203,134.36404418945312,5480.0
16,37,69.4260025024414,412.8045959472656,1392.0
16,38,223.21435546875,422.11029052734375,4180.0
16,39,485.7826843261719,420.5846252441406,3580.0
16,40,423.4946594238281,438.1710815429688,1777.0
16,41,164.2274932861328,455.6048889160156,1921.0
16,42,84.2913818359375,456.39788818359375,4084.0
16,43,0.0,0.0,0.0
16,44,73.99281311035156,171.659423828125,6401.0
16,45,455.1959838867188,160.461181640625,2138.0
16,46,22.62419319152832,409.8754577636719,2786.0
16,47,131.6737518310547,441.9751892089844,1974.0
16,48,264.2421875,471.5330810546875,4472.0
16,49,216.40435791015625,470.6873474121094,1788.0
16,50,372.093994140625,476.8623046875,5011.0
16,51,41.438720703125,496.4156188964844,2252.0
16,52,52.11732482910156,22.40117835998535,2378.0
16,53,428.33831787109375,261.8753662109375,3402.0
16,54,443.834228515625,468.2689208984375,1309.0
16,55,313.00390625,485.0420837402344,2043.0
16,56,0.0,0.0,0.0
16,57,0.0,0.0,0.0
16,58,111.82786560058594,275.3204040527344,2684.0
16,59,192.37484741210935,492.8084716796875,1582.0
16,60,269.8077392578125,237.55364990234372,2507.0
16,61,286.00048828125,320.5976867675781,1986.0
16,62,485.3045043945313,480.6615295410156,2532.0
16,63,0.0,0.0,0.0
16,64,177.32118225097656,12.038789749145508,1289.0
16,65,20.30219268798828,461.9842834472656,2098.0
16,66,0.0,0.0,0.0
16,67,52.955528259277344,358.99176025390625,4857.0
16,68,108.71785736083984,390.107421875,2318.0
16,69,314.234375,428.1487426757813,3294.0
16,70,10.285940170288086,331.976318359375,1266.0
16,71,201.91229248046875,293.49713134765625,5735.0
16,72,162.26419067382812,387.9532775878906,4194.0
16,73,127.3750457763672,497.0704956054688,2653.0
16,74,100.06967163085938,29.0908145904541,2885.0
16,75,493.0910949707031,342.8390808105469,1976.0
16,76,0.0,0.0,0.0
16,77,13.04092788696289,29.04911231994629,1466.0
16,78,386.9060363769531,327.9326171875,564.0
16,79,431.816650390625,497.97802734375,1729.0
16,80,20.91666603088379,214.9009246826172,3048.0
16,81,0.0,0.0,0.0
16,82,0.0,0.0,0.0
16,83,87.81375885009766,234.26779174804688,2980.0
16,84,426.2164611816406,16.159276962280273,1714.0
16,85,0.0,0.0,0.0
16,86,0.0,0.0,0.0
16,87,412.9339904785156,159.29287719726562,1697.0
16,88,135.6546630859375,8.934322357177734,472.0
16,89,492.8812255859375,127.54676055908205,1743.0
16,90,35.037574768066406,280.3847045898437,4471.0
16,91,0.0,0.0,0.0
16,92,0.0,0.0,0.0
16,93,344.64959716796875,185.04116821289065,1093.0
16,94,315.7623291015625,307.9910888671875,1683.0
16,95,291.56451416015625,0.725806474685669,62.0
16,96,0.0,0.0,0.0
16,97,0.0,0.0,0.0
16,98,0.0,0.0,0.0
16,99,0.0,0.0,0.0
16,100,249.1973876953125,320.9576721191406,1606.0
16,101,0.0,0.0,0.0
16,102,0.0,0.0,0.0
16,103,0.0,0.0,0.0
16,104,0.0,0.0,0.0
16,105,0.0,0.0,0.0
16,106,0.0,0.0,0.0
16,107,0.0,0.0,0.0
16,108,0.0,0.0,0.0
16,109,0.0,0.0,0.0
16,110,0.0,0.0,0.0
16,111,0.0,0.0,0.0
16,112,0.0,0.0,0.0
16,113,0.0,0.0,0.0
16,114,0.0,0.0,0.0
16,115,0.0,0.0,0.0
16,116,0.0,0.0,0.0
16,117,0.0,0.0,0.0
16,118,0.0,0.0,0.0
16,119,0.0,0.0,0.0
16,120,0.0,0.0,0.0
16,121,0.0,0.0,0.0
16,122,0.0,0.0,0.0
16,123,0.0,0.0,0.0
16,124,0.0,0.0,0.0
16,125,0.0,0.0,0.0
16,126,0.0,0.0,0.0
16,127,0.0,0.0,0.0
16,128,0.0,0.0,0.0
16,129,0.0,0.0,0.0
16,130,0.0,0.0,0.0
16,131,0.0,0.0,0.0
16,132,0.0,0.0,0.0
17,0,388.89251708984375,202.17446899414065,4866.0
17,1,313.2076416015625,227.18719482421875,4888.0
17,2,435.2970886230469,316.87274169921875,2208.0
17,3,159.0863800048828,48.4033432006836,2871.0
17,4,363.2238464355469,281.3702392578125,6388.0
17,5,0.0,0.0,0.0
17,6,483.8829040527344,279.81451416015625,4108.0
17,7,238.12924194335935,33.23347091674805,5354.0
17,8,372.2654418945313,51.9452018737793,6314.0
17,9,294.8316345214844,58.79360961914063,5102.0
17,10,334.25604248046875,130.34228515625,6179.0
17,11,207.58355712890625,178.0413818359375,5098.0
17,12,238.3689727783203,254.97976684570312,3114.0
17,13,452.3623046875,213.86090087890625,2164.0
17,14,0.0,0.0,0.0
17,15,332.0172119140625,14.658402442932127,1452.0
17,16,484.4939880371094,32.21613311767578,3322.0
17,17,105.63899993896484,84.01307678222656,3518.0
17,18,455.3936767578125,81.7629623413086,6518.0
17,19,404.9769592285156,116.6750030517578,3080.0
17,20,209.62258911132807,96.82559204101562,5665.0
17,21,0.0,0.0,0.0
17,22,493.9208984375,173.22879028320312,1403.0
17,23,269.2403259277344,155.5771942138672,5655.0
17,24,491.46783447265625,216.28680419921875,1834.0
17,25,154.42584228515625,222.8395538330078,6183.0
17,26,375.4251708984375,364.5677795410156,4250.0
17,27,206.70643615722656,364.2109069824219,2456.0
17,28,265.9453430175781,373.9064331054688,3879.0
17,29,42.40217590332031,80.44256591796875,4135.0
17,30,139.57945251464844,322.65106201171875,3952.0
17,31,323.4291381835937,370.5906066894531,3090.0
17,32,443.6858520507813,378.4493103027344,6067.0
17,33,89.085205078125,321.5825500488281,2453.0
17,34,371.8560485839844,420.0843811035156,2216.0
17,35,26.758913040161133,140.26202392578125,3057.0
17,36,141.1768341064453,135.1712646484375,5757.0
17,37,68.2098388671875,413.2551879882813,1301.0
17,38,225.4049530029297,421.7851257324219,4035.0
17,39,485.4317932128906,421.5730285644531,3731.0
17,40,423.05615234375,440.2901916503906,1816.0
17,41,165.51829528808594,456.6526489257813,1831.0
17,42,84.43307495117188,457.56878662109375,4281.0
17,43,0.0,0.0,0.0
17,44,74.62181091308594,171.0,6235.0
17,45,453.7998962402344,161.09800720214844,2214.0
17,46,23.169076919555664,411.9002685546875,2697.0
17,47,133.1778106689453,444.3422546386719,2019.0
17,48,264.9603576660156,471.9217529296875,4665.0
17,49,213.3877410888672,469.6481323242188,1924.0
17,50,370.2930603027344,476.39300537109375,5023.0
17,51,40.27384185791016,496.81585693359375,2118.0
17,52,52.56383895874024,22.96114158630371,2522.0
17,53,426.1137390136719,261.7369079589844,3649.0
17,54,443.0,468.1661987304688,1095.0
17,55,312.86871337890625,485.0221557617188,1851.0
17,56,0.0,0.0,0.0
17,57,0.0,0.0,0.0
17,58,111.2247314453125,276.7185974121094,2523.0
17,59,192.4781188964844,494.8464965820313,1531.0
17,60,269.06060791015625,237.5424652099609,2590.0
17,61,285.6342468261719,318.0789489746094,2179.0
17,62,483.8452758789063,481.3936462402344,2482.0
17,63,0.0,0.0,0.0
17,64,177.8314971923828,12.612454414367676,1365.0
17,65,20.11587142944336,462.34954833984375,2054.0
17,66,0.0,0.0,0.0
17,67,52.90597152709961,359.2909851074219,5275.0
17,68,108.7787628173828,393.3243408203125,2260.0
17,69,314.6824951171875,428.6515808105469,3203.0
17,70,10.289843559265137,328.4327087402344,1211.0
17,71,202.6171875,295.3607482910156,5713.0
17,72,162.86846923828125,388.2170104980469,4493.0
17,73,125.87653350830078,497.6079406738281,2446.0
17,74,101.82508850097656,29.20610237121582,2950.0
17,75,492.3711242675781,342.1560974121094,2037.0
17,76,0.0,0.0,0.0
17,77,12.486166000366213,29.384716033935547,1518.0
17,78,384.8780212402344,328.19793701171875,869.0
17,79,430.4818420410156,496.6991882324219,1845.0
17,80,22.10105323791504,216.9130859375,3325.0
17,81,4.969407081604004,89.80496978759766,523.0
17,82,0.0,0.0,0.0
17,83,89.41561126708984,234.57408142089844,3010.0
17,84,427.5242919921875,16.311752319335938,1421.0
17,85,0.0,0.0,0.0
17,86,0.0,0.0,0.0
17,87,409.8843994140625,157.28216552734375,1531.0
17,88,137.2342529296875,8.73299789428711,397.0
17,89,491.9905700683594,132.2401123046875,1695.0
17,90,35.78141784667969,280.93310546875,4305.0
17,91,0.0,0.0,0.0
17,92,0.0,0.0,0.0
17,93,346.3804016113281,180.61666870117188,1020.0
17,94,315.3960876464844,309.59161376953125,1381.0
17,95,293.2900085449219,1.2899999618530271,100.0
17,96,0.0,0.0,0.0
17,97,0.0,0.0,0.0
17,98,0.0,0.0,0.0
17,99,0.0,0.0,0.0
17,100,249.82215881347656,320.9621887207031,1507.0
17,101,0.0,0.0,0.0
17,102,0.0,0.0,0.0
17,103,0.0,0.0,0.0
17,104,0.0,0.0,0.0
17,105,0.0,0.0,0.0
17,106,0.0,0.0,0.0
17,107,0.0,0.0,0.0
17,108,0.0,0.0,0.0
17,109,0.0,0.0,0.0
17,110,0.0,0.0,0.0
17,111,0.0,0.0,0.0
17,112,0.0,0.0,0.0
17,113,0.0,0.0,0.0
17,114,0.0,0.0,0.0
17,115,0.0,0.0,0.0
17,116,0.0,0.0,0.0
17,117,0.0,0.0,0.0
17,118,0.0,0.0,0.0
17,119,0.0,0.0,0.0
17,120,0.0,0.0,0.0
17,121,0.0,0.0,0.0
17,122,0.0,0.0,0.0
17,123,0.0,0.0,0.0
17,124,0.0,0.0,0.0
17,125,0.0,0.0,0.0
17,126,0.0,0.0,0.0
17,127,0.0,0.0,0.0
17,128,0.0,0.0,0.0
17,129,0.0,0.0,0.0
17,130,0.0,0.0,0.0
17,131,0.0,0.0,0.0
17,132,0.0,0.0,0.0
18,0,388.0292663574219,203.3873291015625,4784.0
18,1,313.5263061523437,229.3267822265625,4676.0
18,2,434.4398193359375,316.1217346191406,2185.0
18,3,159.64776611328125,47.939414978027344,2839.0
18,4,361.4369201660156,283.1780090332031,6168.0
18,5,0.0,0.0,0.0
18,6,483.3458862304688,280.0323791503906,4140.0
18,7,239.61062622070312,33.64680099487305,5252.0
18,8,372.4071044921875,54.14089584350586,6480.0
18,9,295.1802673339844,59.35153198242188,5220.0
18,10,335.66094970703125,135.67332458496094,6456.0
18,11,208.69998168945312,178.3603057861328,5093.0
18,12,240.21578979492188,256.871337890625,2938.0
18,13,452.0335083007813,215.6095123291016,2269.0
18,14,0.0,0.0,0.0
18,15,333.1316223144531,14.846923828125,1398.0
18,16,485.0972595214844,33.59711456298828,3187.0
18,17,105.53597259521484,85.62409973144531,3461.0
18,18,455.6539611816406,82.10633087158203,6583.0
18,19,404.3208618164063,120.66207122802734,3338.0
18,20,209.44906616210935,96.55850982666016,5683.0
18,21,0.0,0.0,0.0
18,22,493.0668029785156,173.86709594726562,1392.0
18,23,269.6576232910156,155.93698120117188,5713.0
18,24,492.659423828125,216.46041870117188,1844.0
18,25,154.19564819335938,223.1229705810547,6481.0
18,26,375.5049743652344,365.3105773925781,4218.0
18,27,206.99917602539065,364.7183837890625,2411.0
18,28,265.7142333984375,374.13128662109375,3839.0
18,29,43.86872100830078,80.53471374511719,3961.0
18,30,139.0452423095703,323.3852233886719,4156.0
18,31,325.0538635253906,373.1515808105469,3305.0
18,32,441.7552185058594,378.9763488769531,6005.0
18,33,87.7497787475586,319.9056091308594,2246.0
18,34,374.96783447265625,422.0997314453125,1835.0
18,35,27.825475692749023,140.33624267578125,3203.0
18,36,142.04055786132812,135.02951049804688,5795.0
18,37,67.20988464355469,414.2293395996094,1234.0
18,38,226.01199340820312,422.5365905761719,4167.0
18,39,484.7056579589844,420.874267578125,3873.0
18,40,423.6632690429688,443.4710083007813,1966.0
18,41,166.0332489013672,459.1940612792969,1654.0
18,42,84.02032470703125,458.4040222167969,4527.0
18,43,0.0,0.0,0.0
18,44,74.97032165527344,172.11477661132812,6099.0
18,45,453.08880615234375,162.67694091796875,2207.0
18,46,21.709836959838867,413.7239990234375,2826.0
18,47,133.77633666992188,443.8279418945313,1918.0
18,48,265.9041748046875,473.2425842285156,4654.0
18,49,212.845947265625,469.3511047363281,1837.0
18,50,368.5584716796875,476.0994262695313,5019.0
18,51,39.35406494140625,497.3193054199219,2042.0
18,52,52.92331314086914,23.04984664916992,2608.0
18,53,424.3287963867188,262.03546142578125,3610.0
18,54,444.58831787109375,468.5391845703125,651.0
18,55,313.2676696777344,486.79779052734375,1543.0
18,56,0.0,0.0,0.0
18,57,0.0,0.0,0.0
18,58,111.6566162109375,277.1845092773437,2455.0
18,59,194.32997131347656,495.9490051269531,1588.0
18,60,269.8656311035156,238.8388214111328,2761.0
18,61,285.9866943359375,322.7069702148437,1877.0
18,62,483.3949890136719,481.9649353027344,2795.0
18,63,0.0,0.0,0.0
18,64,179.2451629638672,12.568954467773438,1501.0
18,65,20.946399688720703,464.3064575195313,1847.0
18,66,0.0,0.0,0.0
18,67,52.04753112792969,359.8372497558594,5407.0
18,68,108.30237579345705,392.435546875,2358.0
18,69,314.71826171875,429.8521118164063,3354.0
18,70,10.97963809967041,324.118408203125,1326.0
18,71,203.4048767089844,295.5502014160156,5787.0
18,72,163.06304931640625,390.21087646484375,4647.0
18,73,127.59530639648438,497.08538818359375,2471.0
18,74,103.62432861328124,29.483810424804688,3181.0
18,75,491.4172668457031,342.5514831542969,2176.0
18,76,0.0,0.0,0.0
18,77,12.510581970214844,29.660053253173828,1512.0
18,78,383.8957824707031,327.5084228515625,950.0
18,79,428.70794677734375,494.6714782714844,2003.0
18,80,22.973817825317383,219.5625,3552.0
18,81,6.277372360229492,90.01751708984375,685.0
18,82,0.0,0.0,0.0
18,83,88.19209289550781,235.7436370849609,2910.0
18,84,426.31549072265625,13.641666412353516,1680.0
18,85,0.0,0.0,0.0
18,86,0.0,0.0,0.0
18,87,411.1989135742188,161.11778259277344,1282.0
18,88,139.69166564941406,7.516666889190674,240.0
18,89,490.9290161132813,133.63291931152344,1719.0
18,90,38.57863998413086,282.243896484375,3764.0
18,91,0.0,0.0,0.0
18,92,0.0,0.0,0.0
18,93,340.7110900878906,191.61077880859372,668.0
18,94,313.196044921875,310.2929382324219,1362.0
18,95,293.60870361328125,1.14130437374115,92.0
18,96,0.0,0.0,0.0
18,97,0.0,0.0,0.0
18,98,0.0,0.0,0.0
18,99,0.0,0.0,0.0
18,100,250.9635772705078,320.0185241699219,1565.0
18,101,0.0,0.0,0.0
18,102,0.0,0.0,0.0
18,103,0.0,0.0,0.0
18,104,0.0,0.0,0.0
18,105,0.0,0.0,0.0
18,106,0.0,0.0,0.0
18,107,0.0,0.0,0.0
18,108,0.0,0.0,0.0
18,109,0.0,0.0,0.0
18,110,0.0,0.0,0.0
18,111,0.0,0.0,0.0
18,112,0.0,0.0,0.0
18,113,0.0,0.0,0.0
18,114,0.0,0.0,0.0
18,115,0.0,0.0,0.0
18,116,0.0,0.0,0.0
18,117,0.0,0.0,0.0
18,118,0.0,0.0,0.0
18,119,0.0,0.0,0.0
18,120,0.0,0.0,0.0
18,121,0.0,0.0,0.0
18,122,0.0,0.0,0.0
18,123,0.0,0.0,0.0
18,124,0.0,0.0,0.0
18,125,0.0,0.0,0.0
18,126,0.0,0.0,0.0
18,127,0.0,0.0,0.0
18,128,0.0,0.0,0.0
18,129,0.0,0.0,0.0
18,130,0.0,0.0,0.0
18,131,0.0,0.0,0.0
18,132,0.0,0.0,0.0
19,0,386.2788696289063,203.7745056152344,4927.0
19,1,314.648681640625,229.1028289794922,4668.0
19,2,434.3944091796875,315.70751953125,2325.0
19,3,158.41180419921875,46.61000442504883,2659.0
19,4,358.70458984375,285.3177490234375,6181.0
19,5,0.0,0.0,0.0
19,6,482.5651245117188,280.49725341796875,4024.0
19,7,239.8351287841797,34.4474983215332,5495.0
19,8,373.1154479980469,53.93172073364258,6825.0
19,9,295.4588317871094,60.628021240234375,5089.0
19,10,337.0476379394531,136.72755432128906,6214.0
19,11,209.0146026611328,177.81820678710938,5066.0
19,12,239.64913940429688,256.2503967285156,2568.0
19,13,450.4912414550781,215.50662231445312,2343.0
19,14,0.0,0.0,0.0
19,15,331.7667541503906,14.932960510253906,1432.0
19,16,487.6355590820313,36.16349029541016,2991.0
19,17,105.9997100830078,84.81108856201172,3409.0
19,18,456.5338134765625,84.6611099243164,6356.0
19,19,403.7184448242188,123.6056900024414,3548.0
19,20,207.7219390869141,95.6207275390625,5790.0
19,21,0.0,0.0,0.0
19,22,492.4683227539063,173.45372009277344,1437.0
19,23,270.0601501464844,155.0052947998047,5853.0
19,24,492.41156005859375,218.3715362548828,2024.0
19,25,154.88368225097656,224.4638214111328,6938.0
19,26,374.1982421875,364.3098754882813,4308.0
19,27,207.62078857421875,367.5867004394531,2347.0
19,28,264.7199401855469,374.26068115234375,3767.0
19,29,44.02397918701172,81.08622741699219,3920.0
19,30,137.89584350585938,322.6208190917969,4407.0
19,31,324.10693359375,373.6915283203125,3245.0
19,32,440.9181518554688,379.71588134765625,5962.0
19,33,87.85265350341797,318.080078125,2260.0
19,34,374.6068420410156,421.4669494628906,1816.0
19,35,28.57242774963379,139.9693603515625,3003.0
19,36,142.09500122070312,134.5501251220703,5695.0
19,37,67.72706604003906,414.2251281738281,1297.0
19,38,227.0132598876953,423.7940979003906,4225.0
19,39,485.0316467285156,420.5330810546875,3855.0
19,40,423.7896728515625,444.2917785644531,2149.0
19,41,167.14793395996094,460.0787963867188,1548.0
19,42,83.58708190917969,459.5442199707031,4691.0
19,43,0.0,0.0,0.0
19,44,75.51156616210938,171.90728759765625,6267.0
19,45,452.4544677734375,162.2221221923828,2251.0
19,46,21.0565185546875,414.2770385742188,2884.0
19,47,134.36416625976562,444.5323791503906,1914.0
19,48,266.06500244140625,473.9192504882813,4508.0
19,49,212.7393035888672,469.7768859863281,1730.0
19,50,367.6668701171875,476.1909790039063,5016.0
19,51,38.80874633789063,497.87249755859375,1898.0
19,52,52.7743034362793,23.19710350036621,2623.0
19,53,422.6533508300781,262.285888671875,3554.0
19,54,444.5468444824219,468.8976135253906,459.0
19,55,312.68994140625,485.98974609375,1561.0
19,56,0.0,0.0,0.0
19,57,0.0,0.0,0.0
19,58,109.6635284423828,276.2215270996094,1914.0
19,59,196.3800048828125,496.5361022949219,1621.0
19,60,269.2478332519531,238.23922729492188,2901.0
19,61,285.13629150390625,320.503173828125,2047.0
19,62,481.8359680175781,480.9549255371094,2707.0
19,63,0.0,0.0,0.0
19,64,180.00790405273438,12.050287246704102,1392.0
19,65,20.29355812072754,465.9731140136719,1785.0
19,66,0.0,0.0,0.0
19,67,53.10542678833008,359.12664794921875,5511.0
19,68,108.43561553955078,393.2470397949219,2291.0
19,69,314.5149230957031,429.5043640136719,3315.0
19,70,10.33741855621338,326.9978332519531,1387.0
19,71,204.24766540527344,297.5849304199219,6093.0
19,72,162.88131713867188,391.15478515625,4710.0
19,73,129.0340576171875,497.171142578125,2466.0
19,74,102.47865295410156,29.91558837890625,3092.0
19,75,490.7821350097656,342.5429077148437,2249.0
19,76,0.0,0.0,0.0
19,77,12.545157432556152,29.78206825256348,1528.0
19,78,383.8790588378906,327.63140869140625,860.0
19,79,428.7038269042969,493.9369812011719,2063.0
19,80,21.63187599182129,216.5212554931641,3363.0
19,81,6.409769535064697,91.10311889648438,737.0
19,82,0.0,0.0,0.0
19,83,87.47430419921875,236.72645568847656,2899.0
19,84,434.7025146484375,17.14820671081543,1869.0
19,85,0.0,0.0,0.0
19,86,0.0,0.0,0.0
19,87,417.37103271484375,164.0482940673828,911.0
19,88,139.55584716796875,9.197402954101562,385.0
19,89,491.1833801269531,134.96791076660156,1527.0
19,90,38.44945907592773,279.6195068359375,3987.0
19,91,0.0,0.0,0.0
19,92,0.0,0.0,0.0
19,93,340.1543884277344,191.9964904785156,570.0
19,94,311.289306640625,312.8670349121094,1113.0
19,95,292.8651733398437,1.2696629762649536,89.0
19,96,0.0,0.0,0.0
19,97,0.0,0.0,0.0
19,98,0.0,0.0,0.0
19,99,0.0,0.0,0.0
19,100,252.50489807128903,319.255615234375,1428.0
19,101,0.0,0.0,0.0
19,102,0.0,0.0,0.0
19,103,0.0,0.0,0.0
19,104,0.0,0.0,0.0
19,105,0.0,0.0,0.0
19,106,0.0,0.0,0.0
19,107,0.0,0.0,0.0
19,108,0.0,0.0,0.0
19,109,0.0,0.0,0.0
19,110,0.0,0.0,0.0
19,111,0.0,0.0,0.0
19,112,0.0,0.0,0.0
19,113,0.0,0.0,0.0
19,114,0.0,0.0,0.0
19,115,0.0,0.0,0.0
19,116,0.0,0.0,0.0
19,117,0.0,0.0,0.0
19,118,0.0,0.0,0.0
19,119,0.0,0.0,0.0
19,120,0.0,0.0,0.0
19,121,0.0,0.0,0.0
19,122,0.0,0.0,0.0
19,123,0.0,0.0,0.0
19,124,0.0,0.0,0.0
19,125,0.0,0.0,0.0
19,126,0.0,0.0,0.0
19,127,0.0,0.0,0.0
19,128,0.0,0.0,0.0
19,129,0.0,0.0,0.0
19,130,0.0,0.0,0.0
19,131,0.0,0.0,0.0
19,132,0.0,0.0,0.0
20,0,386.2983093261719,204.8238067626953,4864.0
20,1,315.6075134277344,229.8881378173828,4148.0
20,2,434.7122802734375,315.3130798339844,2287.0
20,3,158.3844451904297,47.06009292602539,2596.0
20,4,359.7449645996094,286.439697265625,5854.0
20,5,0.0,0.0,0.0
20,6,482.4216003417969,280.2510986328125,4094.0
20,7,240.50271606445312,35.36705780029297,5713.0
20,8,373.5717468261719,53.86043930053711,7108.0
20,9,294.8694152832031,63.08551788330078,4993.0
20,10,336.6019897460937,139.22853088378906,6266.0
20,11,209.03143310546875,178.63450622558594,5026.0
20,12,237.3831329345703,256.73443603515625,2135.0
20,13,449.2866516113281,215.17539978027344,2292.0
20,14,0.0,0.0,0.0
20,15,332.1454772949219,14.814042091369627,1581.0
20,16,484.4454345703125,34.74698638916016,3648.0
20,17,105.57518768310548,85.39908599853516,3498.0
20,18,456.5531311035156,86.728759765625,6297.0
20,19,402.3260498046875,125.70951080322266,3711.0
20,20,206.5497283935547,96.17237091064452,5610.0
20,21,0.0,0.0,0.0
20,22,493.01116943359375,173.9381561279297,1342.0
20,23,269.5991516113281,155.84719848632812,5890.0
20,24,492.5802307128906,218.3099822998047,2113.0
20,25,154.12353515625,225.44644165039065,7188.0
20,26,374.6123352050781,364.9837341308594,4424.0
20,27,208.09483337402344,367.51025390625,2246.0
20,28,264.3394775390625,374.1894836425781,3694.0
20,29,43.20792007446289,80.906982421875,3838.0
20,30,138.34335327148438,323.8395080566406,4561.0
20,31,322.97784423828125,373.5589294433594,3249.0
20,32,440.6173095703125,379.7462768554688,5908.0
20,33,88.1593246459961,316.9322204589844,2316.0
20,34,373.0273742675781,421.6173095703125,1790.0
20,35,29.053634643554688,139.79974365234375,3151.0
20,36,142.3950653076172,134.72276306152344,5627.0
20,37,67.06118774414062,416.1136474609375,1144.0
20,38,226.02012634277344,424.4192810058594,4374.0
20,39,484.95416259765625,420.2415771484375,3949.0
20,40,425.8954162597656,447.2275390625,2505.0
20,41,168.3221435546875,461.2862548828125,1310.0
20,42,83.81419372558594,459.9277648925781,4763.0
20,43,0.0,0.0,0.0
20,44,76.1950454711914,172.94773864746094,6219.0
20,45,452.3083190917969,163.70327758789062,2413.0
20,46,21.016725540161133,414.5313720703125,2870.0
20,47,135.35916137695312,445.3006591796875,1949.0
20,48,265.3746643066406,473.5696411132813,4508.0
20,49,212.8600311279297,470.9331665039063,1586.0
20,50,366.7028198242188,476.2628479003906,4980.0
20,51,39.099212646484375,497.9270324707031,1905.0
20,52,52.635215759277344,23.969167709350582,2692.0
20,53,421.4733276367188,262.0361022949219,3657.0
20,54,0.0,0.0,0.0
20,55,311.5209350585937,487.4890747070313,1601.0
20,56,0.0,0.0,0.0
20,57,0.0,0.0,0.0
20,58,112.50968170166016,276.0,1446.0
20,59,197.2221527099609,496.5755920410156,1607.0
20,60,269.5312805175781,239.4132537841797,3516.0
20,61,285.2098999023437,319.6278686523437,2182.0
20,62,481.9411926269531,482.17279052734375,3044.0
20,63,0.0,0.0,0.0
20,64,180.2061004638672,12.612881660461426,1475.0
20,65,20.319412231445312,466.11907958984375,1772.0
20,66,0.0,0.0,0.0
20,67,54.45159530639648,360.6020812988281,5609.0
20,68,107.77699279785156,394.5296325683594,2260.0
20,69,314.1723937988281,430.2339172363281,3283.0
20,70,11.062955856323242,326.7104187011719,1509.0
20,71,204.99485778808597,298.0096435546875,6215.0
20,72,163.32818603515625,393.1057434082031,4729.0
20,73,131.00404357910156,497.1242370605469,2471.0
20,74,101.5348663330078,30.8730525970459,2954.0
20,75,490.5004577636719,342.28955078125,2238.0
20,76,0.0,0.0,0.0
20,77,12.36459732055664,29.6737117767334,1514.0
20,78,384.2041931152344,328.4145202636719,813.0
20,79,427.7074890136719,493.1290588378906,2123.0
20,80,22.41905212402344,216.1170959472656,3527.0
20,81,6.1233673095703125,92.53411102294922,689.0
20,82,0.0,0.0,0.0
20,83,88.54243469238281,237.10626220703125,2616.0
20,84,432.0954284667969,16.36823272705078,1404.0
20,85,0.0,0.0,0.0
20,86,0.0,0.0,0.0
20,87,417.3850708007813,161.9299774169922,657.0
20,88,135.95306396484375,9.548736572265623,554.0
20,89,491.7684020996094,136.2070770263672,1468.0
20,90,41.52677154541016,279.5101623535156,4277.0
20,91,0.0,0.0,0.0
20,92,0.0,0.0,0.0
20,93,341.84149169921875,198.5408477783203,612.0
20,94,312.6574401855469,310.5015869140625,1264.0
20,95,295.01885986328125,1.3584905862808228,106.0
20,96,0.0,0.0,0.0
20,97,0.0,0.0,0.0
20,98,0.0,0.0,0.0
20,99,0.0,0.0,0.0
20,100,253.1503753662109,319.3789367675781,1330.0
20,101,0.0,0.0,0.0
20,102,0.0,0.0,0.0
20,103,0.0,0.0,0.0
20,104,0.0,0.0,0.0
20,105,0.0,0.0,0.0
20,106,0.0,0.0,0.0
20,107,0.0,0.0,0.0
20,108,0.0,0.0,0.0
20,109,0.0,0.0,0.0
20,110,0.0,0.0,0.0
20,111,0.0,0.0,0.0
20,112,0.0,0.0,0.0
20,113,0.0,0.0,0.0
20,114,0.0,0.0,0.0
20,115,0.0,0.0,0.0
20,116,0.0,0.0,0.0
20,117,0.0,0.0,0.0
20,118,0.0,0.0,0.0
20,119,0.0,0.0,0.0
20,120,0.0,0.0,0.0
20,121,0.0,0.0,0.0
20,122,0.0,0.0,0.0
20,123,0.0,0.0,0.0
20,124,0.0,0.0,0.0
20,125,0.0,0.0,0.0
20,126,0.0,0.0,0.0
20,127,0.0,0.0,0.0
20,128,0.0,0.0,0.0
20,129,0.0,0.0,0.0
20,130,0.0,0.0,0.0
20,131,0.0,0.0,0.0
20,132,0.0,0.0,0.0
21,0,386.70159912109375,205.7145233154297,4715.0
21,1,317.00250244140625,231.6450653076172,3981.0
21,2,434.7001647949219,315.5731811523437,2268.0
21,3,157.759521484375,47.07847595214844,2574.0
21,4,358.1315002441406,287.20318603515625,5635.0
21,5,0.0,0.0,0.0
21,6,482.44769287109375,280.6694641113281,4148.0
21,7,240.53733825683597,35.81537628173828,5866.0
21,8,373.6243591308594,54.21705627441406,7164.0
21,9,294.3233642578125,66.4212417602539,5047.0
21,10,336.003173828125,140.67237854003906,6306.0
21,11,209.2608337402344,179.6626434326172,5057.0
21,12,239.3002471923828,258.726318359375,1995.0
21,13,448.56201171875,215.7302398681641,2354.0
21,14,0.0,0.0,0.0
21,15,330.25439453125,15.207650184631348,1647.0
21,16,483.7992248535156,35.834110260009766,3641.0
21,17,104.70750427246094,86.4364013671875,3412.0
21,18,456.8271484375,87.72486114501953,6375.0
21,19,402.5388488769531,126.45284271240234,3849.0
21,20,205.0953369140625,95.91136169433594,5370.0
21,21,0.0,0.0,0.0
21,22,493.2785034179688,174.0183563232422,1307.0
21,23,268.5067443847656,156.98545837402344,5845.0
21,24,492.5050964355469,218.47543334960935,2158.0
21,25,153.7382354736328,226.423583984375,7335.0
21,26,373.4618225097656,365.7059326171875,4441.0
21,27,208.43673706054688,366.3102111816406,2134.0
21,28,264.28814697265625,375.216064453125,3564.0
21,29,42.428993225097656,81.94989013671875,3732.0
21,30,139.24032592773438,324.6513671875,4469.0
21,31,322.3434143066406,374.2854309082031,3104.0
21,32,439.2521667480469,380.0317993164063,6004.0
21,33,90.40408325195312,317.5555114746094,2351.0
21,34,373.0253601074219,422.0557556152344,1578.0
21,35,29.514915466308597,138.43287658691406,3218.0
21,36,143.11843872070312,134.45367431640625,5775.0
21,37,68.54045867919922,415.168701171875,1310.0
21,38,225.3027191162109,425.28369140625,4519.0
21,39,484.4560852050781,419.4293212890625,3962.0
21,40,424.9260559082031,447.6481018066406,2461.0
21,41,168.48983764648438,460.4913024902344,1378.0
21,42,83.15502166748047,460.0311279296875,4593.0
21,43,0.0,0.0,0.0
21,44,75.82682037353516,173.97740173339844,6196.0
21,45,452.60552978515625,164.7404327392578,2350.0
21,46,21.30873107910156,414.3437194824219,2886.0
21,47,134.3120880126953,444.6062622070313,2009.0
21,48,264.9346008300781,474.5099792480469,4357.0
21,49,215.1225433349609,471.9033508300781,1428.0
21,50,366.7101135253906,476.37408447265625,4988.0
21,51,38.64690780639648,497.78131103515625,1957.0
21,52,52.55815505981445,25.08426284790039,2777.0
21,53,420.5936584472656,262.7906188964844,3630.0
21,54,0.0,0.0,0.0
21,55,314.0275573730469,483.8517150878906,1234.0
21,56,0.0,0.0,0.0
21,57,0.0,0.0,0.0
21,58,116.78223419189452,277.3018798828125,1272.0
21,59,196.69981384277344,496.2464599609375,1619.0
21,60,270.99542236328125,240.7188720703125,3703.0
21,61,286.4814453125,321.9271545410156,2183.0
21,62,481.8735656738281,481.4256591796875,3282.0
21,63,0.0,0.0,0.0
21,64,180.2779998779297,12.593579292297363,1464.0
21,65,20.53169631958008,465.7207336425781,1751.0
21,66,0.0,0.0,0.0
21,67,54.29520797729492,359.0697326660156,5779.0
21,68,108.67225646972656,394.9932861328125,2087.0
21,69,314.2044982910156,430.50396728515625,3516.0
21,70,10.592387199401855,325.6269836425781,1445.0
21,71,205.87278747558597,297.41412353515625,6194.0
21,72,164.123779296875,393.1368713378906,4734.0
21,73,130.1884307861328,496.84381103515625,2542.0
21,74,102.69630432128906,30.53224754333496,3194.0
21,75,489.8759765625,342.5445861816406,2209.0
21,76,0.0,0.0,0.0
21,77,12.432623863220217,30.27853012084961,1551.0
21,78,385.0249328613281,327.1860656738281,962.0
21,79,427.6784057617188,493.3069458007813,2046.0
21,80,22.52437400817871,216.7958526611328,3713.0
21,81,5.636363506317139,92.16363525390624,605.0
21,82,302.41827392578125,504.4711608886719,416.0
21,83,89.87391662597656,238.617431640625,2546.0
21,84,429.3550720214844,15.545589447021484,1349.0
21,85,0.0,0.0,0.0
21,86,0.0,0.0,0.0
21,87,417.8858947753906,163.361328125,631.0
21,88,139.1990203857422,8.277641296386719,407.0
21,89,491.2045593261719,137.7104034423828,1364.0
21,90,43.43351364135742,279.5597229003906,4279.0
21,91,0.0,0.0,0.0
21,92,0.0,0.0,0.0
21,93,340.3291015625,200.1168975830078,787.0
21,94,312.9246520996094,312.3004455566406,1115.0
21,95,292.68853759765625,2.704918146133423,122.0
21,96,0.0,0.0,0.0
21,97,0.0,0.0,0.0
21,98,0.0,0.0,0.0
21,99,0.0,0.0,0.0
21,100,252.7275238037109,321.899658203125,1435.0
21,101,0.0,0.0,0.0
21,102,0.0,0.0,0.0
21,103,0.0,0.0,0.0
21,104,0.0,0.0,0.0
21,105,0.0,0.0,0.0
21,106,0.0,0.0,0.0
21,107,0.0,0.0,0.0
21,108,0.0,0.0,0.0
21,109,0.0,0.0,0.0
21,110,0.0,0.0,0.0
21,111,0.0,0.0,0.0
21,112,0.0,0.0,0.0
21,113,0.0,0.0,0.0
21,114,0.0,0.0,0.0
21,115,0.0,0.0,0.0
21,116,0.0,0.0,0.0
21,117,0.0,0.0,0.0
21,118,0.0,0.0,0.0
21,119,0.0,0.0,0.0
21,120,0.0,0.0,0.0
21,121,0.0,0.0,0.0
21,122,0.0,0.0,0.0
21,123,0.0,0.0,0.0
21,124,0.0,0.0,0.0
21,125,0.0,0.0,0.0
21,126,0.0,0.0,0.0
21,127,0.0,0.0,0.0
21,128,0.0,0.0,0.0
21,129,0.0,0.0,0.0
21,130,0.0,0.0,0.0
21,131,0.0,0.0,0.0
21,132,0.0,0.0,0.0
22,0,388.1996154785156,204.28240966796875,4674.0
22,1,320.3190002441406,232.71527099609372,4232.0
22,2,432.8701477050781,317.6253356933594,2210.0
22,3,157.59385681152344,48.563507080078125,2669.0
22,4,358.29156494140625,288.9355163574219,5522.0
22,5,0.0,0.0,0.0
22,6,481.7131652832031,282.3716735839844,4079.0
22,7,240.8395233154297,35.65279769897461,5864.0
22,8,375.25201416015625,54.03997802734375,7654.0
22,9,293.6839904785156,67.73280334472656,5161.0
22,10,335.4667358398437,142.37513732910156,6331.0
22,11,210.03782653808597,183.1490478515625,5314.0
22,12,239.9815826416016,260.7715759277344,1738.0
22,13,447.4825744628906,218.07339477539065,2466.0
22,14,0.0,0.0,0.0
22,15,330.9027709960937,13.984545707702637,1553.0
22,16,482.2863159179688,36.45573425292969,4055.0
22,17,103.9044189453125,87.05106353759766,3055.0
22,18,456.561279296875,89.22477722167969,6095.0
22,19,402.9127502441406,127.39261627197266,3874.0
22,20,206.67239379882807,96.9602508544922,5409.0
22,21,0.0,0.0,0.0
22,22,493.5078430175781,173.66458129882812,1276.0
22,23,269.39263916015625,158.1172637939453,5509.0
22,24,491.95751953125,219.0193023681641,2331.0
22,25,151.54103088378906,226.14620971679688,7079.0
22,26,373.4188232421875,366.9308776855469,4441.0
22,27,209.1291046142578,366.2346496582031,2037.0
22,28,263.6849365234375,376.2513732910156,3469.0
22,29,43.23662567138672,82.767333984375,3533.0
22,30,140.01275634765625,325.9744873046875,4155.0
22,31,322.0104675292969,374.12994384765625,3155.0
22,32,438.63470458984375,381.3070068359375,5935.0
22,33,92.98625183105467,318.29266357421875,2327.0
22,34,372.9081726074219,422.3687133789063,1394.0
22,35,30.20747184753418,138.11724853515625,3292.0
22,36,143.11009216308594,134.1064910888672,6104.0
22,37,68.13876342773438,415.6659240722656,1326.0
22,38,225.91360473632807,425.6746826171875,4537.0
22,39,484.3422546386719,419.6789855957031,4000.0
22,40,424.9261474609375,448.3182373046875,2451.0
22,41,168.22120666503906,460.4585571289063,1424.0
22,42,81.859619140625,460.6347961425781,4559.0
22,43,0.0,0.0,0.0
22,44,75.68318176269531,175.1237030029297,6136.0
22,45,451.5340881347656,166.1870880126953,2464.0
22,46,21.044586181640625,413.11566162109375,2983.0
22,47,133.19200134277344,444.78948974609375,2000.0
22,48,265.1162414550781,476.3387451171875,4301.0
22,49,213.44613647460935,471.4551696777344,1439.0
22,50,366.58929443359375,476.1170349121094,5152.0
22,51,39.49359893798828,497.6467590332031,2109.0
22,52,52.88652801513672,25.7355899810791,2776.0
22,53,419.6853942871094,264.8549499511719,3633.0
22,54,0.0,0.0,0.0
22,55,311.6865234375,487.9471435546875,1343.0
22,56,0.0,0.0,0.0
22,57,0.0,0.0,0.0
22,58,120.46791076660156,278.74029541015625,1340.0
22,59,197.19363403320312,496.8590698242188,1632.0
22,60,271.1697692871094,241.35531616210935,3988.0
22,61,284.8410949707031,323.0216979980469,2165.0
22,62,481.55670166015625,481.950439453125,3228.0
22,63,0.0,0.0,0.0
22,64,179.29974365234375,12.615084648132324,1538.0
22,65,20.082918167114254,465.1988830566406,1604.0
22,66,0.0,0.0,0.0
22,67,56.28770446777344,359.1899719238281,5596.0
22,68,109.78758239746094,395.1476135253906,2222.0
22,69,313.4198303222656,430.96142578125,3680.0
22,70,12.209928512573242,325.1626892089844,1672.0
22,71,206.07223510742188,297.5231018066406,6603.0
22,72,165.2054443359375,393.7553405761719,4668.0
22,73,131.7483673095703,496.2867126464844,2452.0
22,74,102.92926788330078,31.762651443481445,3379.0
22,75,489.1188354492188,342.5689392089844,2306.0
22,76,0.0,0.0,0.0
22,77,13.029994010925291,31.11037826538086,1667.0
22,78,382.7577819824219,329.3679504394531,867.0
22,79,427.7417602539063,493.6509399414063,1971.0
22,80,22.876619338989254,217.13348388671875,3858.0
22,81,6.078220844268799,91.12577056884766,652.0
22,82,0.0,0.0,0.0
22,83,90.40643310546876,241.42312622070312,2517.0
22,84,429.64251708984375,11.757488250732422,1035.0
22,85,0.0,0.0,0.0
22,86,0.0,0.0,0.0
22,87,419.444091796875,161.555908203125,322.0
22,88,137.95867919921875,8.545454978942871,363.0
22,89,490.4964904785156,137.3839111328125,1430.0
22,90,45.28285598754883,280.6754455566406,4101.0
22,91,0.0,0.0,0.0
22,92,0.0,0.0,0.0
22,93,342.4938049316406,198.08514404296875,646.0
22,94,312.1246643066406,313.61639404296875,1147.0
22,95,293.47772216796875,3.668789863586426,157.0
22,96,0.0,0.0,0.0
22,97,0.0,0.0,0.0
22,98,0.0,0.0,0.0
22,99,0.0,0.0,0.0
22,100,253.39707946777344,322.2439270019531,1234.0
22,101,0.0,0.0,0.0
22,102,0.0,0.0,0.0
22,103,0.0,0.0,0.0
22,104,0.0,0.0,0.0
22,105,0.0,0.0,0.0
22,106,0.0,0.0,0.0
22,107,0.0,0.0,0.0
22,108,0.0,0.0,0.0
22,109,0.0,0.0,0.0
22,110,0.0,0.0,0.0
22,111,0.0,0.0,0.0
22,112,0.0,0.0,0.0
22,113,0.0,0.0,0.0
22,114,0.0,0.0,0.0
22,115,0.0,0.0,0.0
22,116,0.0,0.0,0.0
22,117,0.0,0.0,0.0
22,118,0.0,0.0,0.0
22,119,0.0,0.0,0.0
22,120,0.0,0.0,0.0
22,121,0.0,0.0,0.0
22,122,0.0,0.0,0.0
22,123,0.0,0.0,0.0
22,124,0.0,0.0,0.0
22,125,0.0,0.0,0.0
22,126,0.0,0.0,0.0
22,127,0.0,0.0,0.0
22,128,0.0,0.0,0.0
22,129,0.0,0.0,0.0
22,130,0.0,0.0,0.0
22,131,0.0,0.0,0.0
22,132,0.0,0.0,0.0
23,0,388.0838012695313,205.7959899902344,4534.0
23,1,321.3069763183594,232.268798828125,4323.0
23,2,433.1601257324219,318.7961120605469,2217.0
23,3,158.0521240234375,49.574737548828125,2763.0
23,4,358.012451171875,289.71295166015625,5222.0
23,5,0.0,0.0,0.0
23,6,481.6213684082031,283.00146484375,4128.0
23,7,241.0123291015625,36.39712905883789,5920.0
23,8,375.19580078125,55.479248046875,7589.0
23,9,294.136962890625,70.00978088378906,5213.0
23,10,335.7999267578125,142.96231079101562,6128.0
23,11,209.35536193847656,185.74685668945312,5341.0
23,12,240.3421630859375,263.0271301269531,1511.0
23,13,446.653564453125,217.81793212890625,2543.0
23,14,0.0,0.0,0.0
23,15,333.3908996582031,13.853205680847168,1778.0
23,16,481.27294921875,36.91277313232422,4345.0
23,17,102.96688079833984,90.1564712524414,2959.0
23,18,456.7704162597656,91.24271392822266,5867.0
23,19,402.1844787597656,127.98595428466795,3773.0
23,20,208.05784606933597,98.4960479736328,5445.0
23,21,0.0,0.0,0.0
23,22,493.3606872558594,174.20599365234375,1267.0
23,23,269.4159545898437,160.23902893066406,5426.0
23,24,491.9057312011719,219.7313690185547,2334.0
23,25,150.0037841796875,227.68296813964844,7135.0
23,26,374.6097717285156,367.5071105957031,4423.0
23,27,210.3767852783203,367.2244262695313,1956.0
23,28,262.5072631835937,376.30316162109375,3371.0
23,29,43.12441253662109,82.6270523071289,3408.0
23,30,140.45716857910156,326.2257385253906,4226.0
23,31,321.5858459472656,374.01019287109375,3238.0
23,32,438.3560791015625,382.5298767089844,5743.0
23,33,93.89119720458984,319.3560485839844,2362.0
23,34,371.93890380859375,421.3544616699219,1326.0
23,35,31.027929306030277,137.73452758789062,3473.0
23,36,144.91647338867188,134.8401336669922,6130.0
23,37,67.63108825683594,416.60943603515625,1293.0
23,38,226.18560791015625,426.9890441894531,4477.0
23,39,484.0245056152344,419.5044555664063,4042.0
23,40,424.7120971679688,449.0324401855469,2466.0
23,41,168.52987670898438,461.0940246582031,1372.0
23,42,80.97489166259766,462.0740051269531,4541.0
23,43,0.0,0.0,0.0
23,44,76.9061050415039,177.05868530273438,6305.0
23,45,451.310302734375,166.5369110107422,2520.0
23,46,20.51934242248535,414.6982727050781,3102.0
23,47,131.79510498046875,444.7098388671875,2123.0
23,48,266.7665710449219,477.4679870605469,4357.0
23,49,214.2248992919922,472.0877075195313,1414.0
23,50,365.9901428222656,475.9643249511719,5268.0
23,51,41.66587448120117,498.24560546875,2101.0
23,52,52.5003547668457,25.76751518249512,2826.0
23,53,418.5208435058594,265.77264404296875,3765.0
23,54,0.0,0.0,0.0
23,55,313.0189208984375,480.9747619628906,634.0
23,56,0.0,0.0,0.0
23,57,0.0,0.0,0.0
23,58,123.61055755615234,280.3645324707031,1004.0
23,59,196.60520935058597,496.7586364746094,1649.0
23,60,270.830322265625,243.2631378173828,4226.0
23,61,284.2081604003906,321.797119140625,2282.0
23,62,482.0220031738281,482.1350708007813,3228.0
23,63,0.0,0.0,0.0
23,64,179.80625915527344,12.998043060302734,1533.0
23,65,19.89636611938477,467.5968933105469,1486.0
23,66,0.0,0.0,0.0
23,67,56.5761833190918,360.0563659667969,5677.0
23,68,109.5399398803711,396.3778076171875,2128.0
23,69,312.8888244628906,431.29827880859375,3832.0
23,70,12.848450660705566,323.794921875,1775.0
23,71,207.10032653808597,299.29473876953125,6728.0
23,72,165.8982696533203,394.6056518554688,4836.0
23,73,134.13662719726562,495.6474304199219,2269.0
23,74,102.55162811279295,33.905517578125,3535.0
23,75,488.8484802246094,343.1011657714844,2323.0
23,76,0.0,0.0,0.0
23,77,12.741076469421388,31.33756828308105,1653.0
23,78,382.3965759277344,329.4297180175781,875.0
23,79,427.8179931640625,493.5321960449219,1956.0
23,80,22.706863403320312,215.2794647216797,3657.0
23,81,6.020733833312988,90.7511978149414,627.0
23,82,0.0,0.0,0.0
23,83,92.6604461669922,247.5387115478516,2144.0
23,84,430.1784362792969,12.148548126220703,1205.0
23,85,0.0,0.0,0.0
23,86,0.0,0.0,0.0
23,87,417.8284912109375,160.55015563964844,309.0
23,88,137.6051483154297,9.484978675842283,466.0
23,89,490.6740417480469,137.83114624023438,1445.0
23,90,45.07843017578125,277.71710205078125,4641.0
23,91,0.0,0.0,0.0
23,92,0.0,0.0,0.0
23,93,345.90167236328125,194.6537322998047,722.0
23,94,315.0618591308594,318.8271179199219,1180.0
23,95,291.7239685058594,4.140625,192.0
23,96,0.0,0.0,0.0
23,97,0.0,0.0,0.0
23,98,0.0,0.0,0.0
23,99,0.0,0.0,0.0
23,100,255.27975463867188,320.8687744140625,983.0
23,101,0.0,0.0,0.0
23,102,0.0,0.0,0.0
23,103,0.0,0.0,0.0
23,104,0.0,0.0,0.0
23,105,0.0,0.0,0.0
23,106,0.0,0.0,0.0
23,107,0.0,0.0,0.0
23,108,0.0,0.0,0.0
23,109,0.0,0.0,0.0
23,110,0.0,0.0,0.0
23,111,0.0,0.0,0.0
23,112,0.0,0.0,0.0
23,113,0.0,0.0,0.0
23,114,0.0,0.0,0.0
23,115,0.0,0.0,0.0
23,116,0.0,0.0,0.0
23,117,0.0,0.0,0.0
23,118,0.0,0.0,0.0
23,119,0.0,0.0,0.0
23,120,0.0,0.0,0.0
23,121,0.0,0.0,0.0
23,122,0.0,0.0,0.0
23,123,0.0,0.0,0.0
23,124,0.0,0.0,0.0
23,125,0.0,0.0,0.0
23,126,0.0,0.0,0.0
23,127,0.0,0.0,0.0
23,128,0.0,0.0,0.0
23,129,0.0,0.0,0.0
23,130,0.0,0.0,0.0
23,131,0.0,0.0,0.0
23,132,0.0,0.0,0.0
24,0,387.1853637695313,208.43605041503903,4316.0
24,1,322.33251953125,231.727294921875,4547.0
24,2,434.48284912109375,318.8882141113281,2129.0
24,3,158.89602661132812,49.555931091308594,2664.0
24,4,355.4665832519531,291.524658203125,5026.0
24,5,0.0,0.0,0.0
24,6,481.5787658691406,282.3760681152344,4095.0
24,7,241.06809997558597,36.7871322631836,5844.0
24,8,373.1596984863281,57.41149139404297,7502.0
24,9,293.79412841796875,70.99726867675781,5120.0
24,10,335.0975341796875,145.02674865722656,6132.0
24,11,209.2403106689453,187.5552520751953,5547.0
24,12,241.4552001953125,266.0388488769531,1261.0
24,13,446.8814697265625,219.11965942382807,2624.0
24,14,0.0,0.0,0.0
24,15,333.1101989746094,15.03732204437256,1688.0
24,16,481.3863525390625,38.46438217163086,4408.0
24,17,103.70575714111328,90.98454284667967,3300.0
24,18,457.2248229980469,92.966796875,5662.0
24,19,401.70062255859375,128.54165649414062,3925.0
24,20,208.3921356201172,99.53850555419922,5623.0
24,21,0.0,0.0,0.0
24,22,493.3567504882813,174.6919403076172,1253.0
24,23,269.9197998046875,161.2535858154297,5300.0
24,24,492.0753784179688,219.3689727783203,2282.0
24,25,150.8809814453125,228.9954071044922,6965.0
24,26,374.6130065917969,369.0252075195313,4362.0
24,27,212.1616668701172,370.2496032714844,1831.0
24,28,261.79913330078125,375.9288940429688,3445.0
24,29,41.97477722167969,82.58597564697266,3251.0
24,30,140.3484649658203,327.3575134277344,4207.0
24,31,321.4189453125,373.7640075683594,3411.0
24,32,436.57427978515625,383.40228271484375,5593.0
24,33,93.7327117919922,321.4184265136719,2256.0
24,34,371.3019409179688,421.4832763671875,1136.0
24,35,31.46149444580078,137.07904052734375,3454.0
24,36,145.22637939453125,136.6625213623047,5959.0
24,37,66.7879409790039,416.7028503417969,1410.0
24,38,225.4504547119141,429.34613037109375,4562.0
24,39,483.5847473144531,419.1704711914063,4065.0
24,40,424.0711669921875,449.5753173828125,2543.0
24,41,169.0258026123047,462.7420349121094,1318.0
24,42,80.28052520751953,462.6600646972656,4545.0
24,43,0.0,0.0,0.0
24,44,76.85635375976562,176.4082794189453,6133.0
24,45,451.26806640625,166.3488311767578,2451.0
24,46,19.359479904174805,415.1986083984375,2996.0
24,47,131.5989990234375,445.6442260742188,2212.0
24,48,265.4938659667969,477.3452758789063,4321.0
24,49,213.903564453125,473.4578552246094,1151.0
24,50,366.1349487304688,475.0620727539063,5091.0
24,51,39.48936080932617,498.00628662109375,2068.0
24,52,51.84197235107422,25.8376522064209,2778.0
24,53,416.911865234375,268.264404296875,3869.0
24,54,0.0,0.0,0.0
24,55,312.9381408691406,492.1266479492188,1374.0
24,56,0.0,0.0,0.0
24,57,0.0,0.0,0.0
24,58,120.8886260986328,281.2948913574219,1275.0
24,59,196.90701293945312,497.0991516113281,1624.0
24,60,270.3984375,245.25401306152344,4480.0
24,61,283.34625244140625,324.7262268066406,2166.0
24,62,481.7308654785156,481.5116271972656,3229.0
24,63,0.0,0.0,0.0
24,64,180.76419067382807,13.040549278259276,1603.0
24,65,20.05685806274414,466.8855590820313,1407.0
24,66,0.0,0.0,0.0
24,67,55.41977691650391,360.1719665527344,5734.0
24,68,109.49686431884766,396.1913146972656,2075.0
24,69,312.8837585449219,432.0794372558594,3802.0
24,70,13.095999717712402,322.18798828125,1750.0
24,71,208.3304748535156,301.6726989746094,6893.0
24,72,165.9935760498047,394.8784484863281,4977.0
24,73,133.7660369873047,495.8421020507813,2261.0
24,74,102.49718475341795,33.84724807739258,3725.0
24,75,488.0109252929688,343.7250366210937,2564.0
24,76,0.0,0.0,0.0
24,77,12.681844711303713,32.08988952636719,1691.0
24,78,384.5709838867188,329.17926025390625,993.0
24,79,426.4864807128906,493.9541015625,1961.0
24,80,22.7589168548584,213.7901611328125,3617.0
24,81,5.891525268554688,92.54915618896484,590.0
24,82,0.0,0.0,0.0
24,83,90.96818542480467,245.20176696777344,2483.0
24,84,428.9308166503906,16.862272262573242,1532.0
24,85,0.0,0.0,0.0
24,86,0.0,0.0,0.0
24,87,419.2877197265625,170.96981811523438,497.0
24,88,138.99061584472656,9.478873252868652,426.0
24,89,489.7295837402344,139.04684448242188,1409.0
24,90,46.748573303222656,279.0237731933594,4204.0
24,91,0.0,0.0,0.0
24,92,0.0,0.0,0.0
24,93,355.515869140625,193.6865081787109,504.0
24,94,313.3339538574219,317.20953369140625,1069.0
24,95,291.96197509765625,5.996197700500488,263.0
24,96,0.0,0.0,0.0
24,97,0.0,0.0,0.0
24,98,0.0,0.0,0.0
24,99,0.0,0.0,0.0
24,100,257.3185119628906,317.965576171875,697.0
24,101,0.0,0.0,0.0
24,102,0.0,0.0,0.0
24,103,0.0,0.0,0.0
24,104,0.0,0.0,0.0
24,105,0.0,0.0,0.0
24,106,0.0,0.0,0.0
24,107,0.0,0.0,0.0
24,108,0.0,0.0,0.0
24,109,0.0,0.0,0.0
24,110,0.0,0.0,0.0
24,111,0.0,0.0,0.0
24,112,0.0,0.0,0.0
24,113,0.0,0.0,0.0
24,114,0.0,0.0,0.0
24,115,0.0,0.0,0.0
24,116,0.0,0.0,0.0
24,117,0.0,0.0,0.0
24,118,0.0,0.0,0.0
24,119,0.0,0.0,0.0
24,120,0.0,0.0,0.0
24,121,0.0,0.0,0.0
24,122,0.0,0.0,0.0
24,123,0.0,0.0,0.0
24,124,0.0,0.0,0.0
24,125,0.0,0.0,0.0
24,126,0.0,0.0,0.0
24,127,0.0,0.0,0.0
24,128,0.0,0.0,0.0
24,129,0.0,0.0,0.0
24,130,0.0,0.0,0.0
24,131,0.0,0.0,0.0
24,132,0.0,0.0,0.0
25,0,387.2599792480469,207.6416473388672,4158.0
25,1,323.1231689453125,233.69064331054688,4603.0
25,2,434.6351623535156,319.7671203613281,2190.0
25,3,159.1781463623047,49.3814811706543,2700.0
25,4,353.7821960449219,293.24542236328125,4853.0
25,5,0.0,0.0,0.0
25,6,481.43695068359375,285.01824951171875,4053.0
25,7,241.23583984375,37.33694076538086,5915.0
25,8,374.87109375,58.40150451660156,7579.0
25,9,294.528076171875,72.89373016357422,5166.0
25,10,335.4114990234375,147.9169158935547,6187.0
25,11,208.2215118408203,187.66842651367188,5670.0
25,12,237.51123046875,261.7203674316406,1291.0
25,13,446.2584533691406,220.9769592285156,2778.0
25,14,0.0,0.0,0.0
25,15,335.16229248046875,15.689075469970703,1904.0
25,16,481.8783264160156,39.54029083251953,4455.0
25,17,103.47371673583984,92.3591766357422,3405.0
25,18,457.0902404785156,94.20930480957033,5652.0
25,19,401.73870849609375,129.35366821289062,3919.0
25,20,207.69186401367188,99.88705444335938,5702.0
25,21,0.0,0.0,0.0
25,22,493.1204833984375,174.9630584716797,1245.0
25,23,269.8995056152344,161.98756408691406,5304.0
25,24,492.46771240234375,221.47805786132807,2416.0
25,25,150.13751220703125,229.920654296875,6894.0
25,26,375.6913757324219,369.4198303222656,4316.0
25,27,214.57696533203125,373.2951354980469,1728.0
25,28,262.9217224121094,376.20843505859375,3373.0
25,29,41.87169647216797,83.69632720947266,3102.0
25,30,140.0775909423828,328.6759033203125,4150.0
25,31,321.95281982421875,373.6849060058594,3475.0
25,32,436.8891906738281,383.5104370117188,5360.0
25,33,94.11075592041016,321.7707214355469,2185.0
25,34,371.9761657714844,422.4866333007813,1385.0
25,35,31.848331451416016,137.4199676513672,3567.0
25,36,144.55223083496094,137.6113739013672,5782.0
25,37,64.17118072509766,418.7204895019531,1846.0
25,38,226.1830291748047,431.426513671875,4830.0
25,39,482.7775268554688,419.8101806640625,4104.0
25,40,423.6793518066406,450.4937133789063,2548.0
25,41,168.6932830810547,463.2679748535156,1265.0
25,42,80.64957427978516,464.875244140625,4369.0
25,43,0.0,0.0,0.0
25,44,76.94275665283203,178.22616577148438,6062.0
25,45,451.3084411621094,167.4779052734375,2490.0
25,46,17.743480682373047,414.751220703125,2838.0
25,47,130.80062866210938,445.54241943359375,2227.0
25,48,265.089111328125,479.2806701660156,4208.0
25,49,213.66148376464844,475.5238037109375,966.0
25,50,365.2632751464844,476.5340576171875,4934.0
25,51,39.00593948364258,498.0207824707031,2021.0
25,52,50.87642288208008,26.51282119750977,2808.0
25,53,414.9533386230469,268.9686279296875,3986.0
25,54,0.0,0.0,0.0
25,55,312.4841613769531,492.4881286621094,1262.0
25,56,0.0,0.0,0.0
25,57,0.0,0.0,0.0
25,58,121.55583190917967,282.5624084472656,1218.0
25,59,196.20541381835935,497.3081359863281,1587.0
25,60,270.9522705078125,245.86648559570312,4464.0
25,61,280.7379150390625,323.1513366699219,2339.0
25,62,481.8452758789063,482.24908447265625,3264.0
25,63,0.0,0.0,0.0
25,64,181.38748168945312,12.91324234008789,1533.0
25,65,20.307523727416992,466.8860473632813,1369.0
25,66,0.0,0.0,0.0
25,67,55.43882369995117,360.192138671875,5574.0
25,68,109.7295379638672,395.7760925292969,2126.0
25,69,312.4457397460937,433.2224731445313,3879.0
25,70,13.905543327331545,322.9677734375,1768.0
25,71,207.46359252929688,303.4152526855469,7032.0
25,72,166.7083282470703,395.718994140625,5057.0
25,73,134.2165985107422,495.7367858886719,2230.0
25,74,102.38477325439452,33.867652893066406,3914.0
25,75,488.7201843261719,346.2071533203125,2491.0
25,76,0.0,0.0,0.0
25,77,12.46198844909668,33.00994110107422,1710.0
25,78,383.7482604980469,329.54327392578125,1005.0
25,79,426.3872375488281,493.98236083984375,1929.0
25,80,23.18125915527344,213.68475341796875,3575.0
25,81,5.977586269378662,91.1362075805664,580.0
25,82,0.0,0.0,0.0
25,83,91.36634826660156,247.5495147705078,2484.0
25,84,428.4381713867188,16.01786994934082,1399.0
25,85,0.0,0.0,0.0
25,86,0.0,0.0,0.0
25,87,420.3433227539063,174.56451416015625,434.0
25,88,141.77723693847656,10.564165115356444,413.0
25,89,490.3410034179688,139.37954711914062,1349.0
25,90,46.72550964355469,279.6479187011719,4175.0
25,91,0.0,0.0,0.0
25,92,0.0,0.0,0.0
25,93,356.91912841796875,197.73284912109372,408.0
25,94,313.1300964355469,318.6991882324219,984.0
25,95,291.3374328613281,7.273005962371826,326.0
25,96,0.0,0.0,0.0
25,97,0.0,0.0,0.0
25,98,0.0,0.0,0.0
25,99,0.0,0.0,0.0
25,100,254.8474578857422,317.2389831542969,590.0
25,101,0.0,0.0,0.0
25,102,0.0,0.0,0.0
25,103,0.0,0.0,0.0
25,104,0.0,0.0,0.0
25,105,0.0,0.0,0.0
25,106,0.0,0.0,0.0
25,107,0.0,0.0,0.0
25,108,0.0,0.0,0.0
25,109,0.0,0.0,0.0
25,110,0.0,0.0,0.0
25,111,0.0,0.0,0.0
25,112,0.0,0.0,0.0
25,113,0.0,0.0,0.0
25,114,0.0,0.0,0.0
25,115,0.0,0.0,0.0
25,116,0.0,0.0,0.0
25,117,0.0,0.0,0.0
25,118,0.0,0.0,0.0
25,119,0.0,0.0,0.0
25,120,0.0,0.0,0.0
25,121,0.0,0.0,0.0
25,122,0.0,0.0,0.0
25,123,0.0,0.0,0.0
25,124,0.0,0.0,0.0
25,125,0.0,0.0,0.0
25,126,0.0,0.0,0.0
25,127,0.0,0.0,0.0
25,128,0.0,0.0,0.0
25,129,0.0,0.0,0.0
25,130,0.0,0.0,0.0
25,131,0.0,0.0,0.0
25,132,0.0,0.0,0.0
26,0,387.3951110839844,206.9958953857422,4138.0
26,1,323.95361328125,233.35003662109372,4571.0
26,2,433.6935119628906,320.2337646484375,2173.0
26,3,159.92156982421875,49.51249694824219,2601.0
26,4,351.378662109375,295.3788757324219,4949.0
26,5,0.0,0.0,0.0
26,6,480.8815002441406,285.9327392578125,4177.0
26,7,240.6337432861328,37.37994003295898,5843.0
26,8,374.9591674804688,61.59455490112305,7271.0
26,9,294.2104797363281,74.91637420654297,5345.0
26,10,335.6669006347656,149.14064025878906,6001.0
26,11,207.7064514160156,189.51890563964844,5764.0
26,12,238.20591735839844,264.658935546875,1554.0
26,13,445.5663757324219,222.1455841064453,2885.0
26,14,0.0,0.0,0.0
26,15,335.38677978515625,16.892684936523438,2283.0
26,16,481.7119445800781,41.32211685180664,4666.0
26,17,103.52652740478516,93.24925231933594,3675.0
26,18,457.5806884765625,96.23658752441406,5423.0
26,19,402.2106323242188,129.7982635498047,3926.0
26,20,207.2744903564453,100.53165435791016,5829.0
26,21,0.0,0.0,0.0
26,22,492.7810974121094,174.38790893554688,1142.0
26,23,269.75494384765625,163.5903778076172,5317.0
26,24,492.4305419921875,220.91558837890625,2476.0
26,25,149.5950164794922,231.9410095214844,6662.0
26,26,376.4362487792969,370.8163146972656,4415.0
26,27,217.48468017578125,375.8760986328125,1469.0
26,28,263.00799560546875,377.08203125,3377.0
26,29,41.3909912109375,83.89476776123047,3041.0
26,30,141.63919067382812,330.4770202636719,4113.0
26,31,321.386962890625,373.3559265136719,3543.0
26,32,437.2789306640625,383.3889465332031,5209.0
26,33,95.17046356201172,325.0933532714844,2153.0
26,34,371.9069213867188,422.9020385742188,1429.0
26,35,32.071563720703125,138.10313415527344,3675.0
26,36,144.25767517089844,140.48989868164062,5891.0
26,37,64.15894317626953,419.9881896972656,2202.0
26,38,226.50827026367188,433.3457946777344,4838.0
26,39,482.6949157714844,419.3714904785156,4140.0
26,40,424.5635070800781,451.4601135253906,2582.0
26,41,168.34796142578125,463.3419189453125,1322.0
26,42,80.6776123046875,466.9976196289063,4203.0
26,43,0.0,0.0,0.0
26,44,76.89967346191406,179.61610412597656,5801.0
26,45,451.9309997558594,167.88433837890625,2464.0
26,46,16.93852424621582,415.1467895507813,2684.0
26,47,129.52810668945312,445.326904296875,2331.0
26,48,265.2340087890625,480.2989807128906,4077.0
26,49,214.15789794921875,477.135498046875,893.0
26,50,364.9005432128906,476.3888244628906,4866.0
26,51,38.23036575317383,498.2277526855469,1910.0
26,52,50.19279098510742,26.451171875,2775.0
26,53,412.7066955566406,269.2819519042969,4054.0
26,54,0.0,0.0,0.0
26,55,312.8462829589844,493.0679626464844,1236.0
26,56,0.0,0.0,0.0
26,57,0.0,0.0,0.0
26,58,118.57334899902344,283.9730834960937,1486.0
26,59,196.05116271972656,497.4209899902344,1544.0
26,60,271.5126037597656,246.4603576660156,4364.0
26,61,280.0093994140625,322.54107666015625,2447.0
26,62,482.3212890625,482.7988586425781,3346.0
26,63,0.0,0.0,0.0
26,64,181.23452758789065,13.007817268371582,1535.0
26,65,20.52953720092773,466.97650146484375,1405.0
26,66,0.0,0.0,0.0
26,67,54.63330078125,360.9907531738281,5405.0
26,68,110.27859497070312,394.7956848144531,2046.0
26,69,311.9171447753906,434.0481262207031,3886.0
26,70,13.425373077392578,323.5378723144531,1742.0
26,71,206.34329223632807,305.8096923828125,6857.0
26,72,168.4532928466797,396.1790771484375,5149.0
26,73,134.68490600585938,496.0177917480469,2193.0
26,74,101.85051727294922,34.39152145385742,3987.0
26,75,488.748779296875,346.8953857421875,2428.0
26,76,0.0,0.0,0.0
26,77,12.334501266479492,33.633392333984375,1713.0
26,78,385.5982666015625,330.1617736816406,921.0
26,79,425.0832824707031,494.3682556152344,1909.0
26,80,22.295330047607425,213.3262634277344,3491.0
26,81,6.046511650085449,91.34883880615234,559.0
26,82,0.0,0.0,0.0
26,83,88.7655029296875,246.01040649414065,2499.0
26,84,426.4777526855469,15.483731269836426,1844.0
26,85,0.0,0.0,0.0
26,86,0.0,0.0,0.0
26,87,422.4201354980469,174.65110778808594,407.0
26,88,140.69313049316406,10.484978675842283,466.0
26,89,488.0623779296875,141.80935668945312,1154.0
26,90,47.40394592285156,281.5958251953125,4258.0
26,91,0.0,0.0,0.0
26,92,0.0,0.0,0.0
26,93,355.2415466308594,197.2337646484375,385.0
26,94,312.8810119628906,320.246826171875,790.0
26,95,288.61932373046875,8.0906343460083,331.0
26,96,0.0,0.0,0.0
26,97,0.0,0.0,0.0
26,98,0.0,0.0,0.0
26,99,0.0,0.0,0.0
26,100,252.17303466796875,320.1784973144531,549.0
26,101,0.0,0.0,0.0
26,102,0.0,0.0,0.0
26,103,0.0,0.0,0.0
26,104,0.0,0.0,0.0
26,105,0.0,0.0,0.0
26,106,0.0,0.0,0.0
26,107,0.0,0.0,0.0
26,108,0.0,0.0,0.0
26,109,0.0,0.0,0.0
26,110,0.0,0.0,0.0
26,111,0.0,0.0,0.0
26,112,0.0,0.0,0.0
26,113,0.0,0.0,0.0
26,114,0.0,0.0,0.0
26,115,0.0,0.0,0.0
26,116,0.0,0.0,0.0
26,117,0.0,0.0,0.0
26,118,0.0,0.0,0.0
26,119,0.0,0.0,0.0
26,120,0.0,0.0,0.0
26,121,0.0,0.0,0.0
26,122,0.0,0.0,0.0
26,123,0.0,0.0,0.0
26,124,0.0,0.0,0.0
26,125,0.0,0.0,0.0
26,126,0.0,0.0,0.0
26,127,0.0,0.0,0.0
26,128,0.0,0.0,0.0
26,129,0.0,0.0,0.0
26,130,0.0,0.0,0.0
26,131,0.0,0.0,0.0
26,132,0.0,0.0,0.0
27,0,386.3020629882813,207.4704742431641,3658.0
27,1,325.15234375,232.34922790527344,4444.0
27,2,433.23431396484375,321.6965637207031,2185.0
27,3,160.13905334472656,49.90957260131836,2632.0
27,4,352.03515625,294.4614562988281,4464.0
27,5,0.0,0.0,0.0
27,6,480.4424133300781,285.4561462402344,4220.0
27,7,241.00924682617188,37.7113037109375,5944.0
27,8,374.2088012695313,63.62668991088867,6954.0
27,9,293.7586364746094,77.52762603759766,5411.0
27,10,335.6381225585937,149.3588104248047,5836.0
27,11,207.6697998046875,190.3781890869141,5751.0
27,12,236.7779083251953,264.12408447265625,1612.0
27,13,445.1277465820313,223.9830322265625,3123.0
27,14,0.0,0.0,0.0
27,15,336.86505126953125,17.71297836303711,2512.0
27,16,481.3933715820313,42.20970916748047,4759.0
27,17,103.34459686279295,94.29548645019533,3787.0
27,18,458.7374877929688,97.86349487304688,5238.0
27,19,402.77191162109375,129.2513427734375,3911.0
27,20,206.3746337890625,101.81370544433594,5867.0
27,21,0.0,0.0,0.0
27,22,492.2424621582031,173.85589599609375,1027.0
27,23,269.9775390625,165.49102783203125,5346.0
27,24,492.9176025390625,219.9224853515625,2464.0
27,25,149.84657287597656,234.38525390625,6837.0
27,26,377.4255676269531,372.72308349609375,4655.0
27,27,219.0432281494141,375.4981689453125,1365.0
27,28,262.7147521972656,378.206787109375,3264.0
27,29,41.74420166015625,84.42462158203125,2932.0
27,30,142.42498779296875,331.17535400390625,4226.0
27,31,320.2015075683594,374.2070617675781,3434.0
27,32,437.3235473632813,385.5009460449219,4735.0
27,33,95.65441131591795,327.2852478027344,2121.0
27,34,371.5236511230469,423.28369140625,1417.0
27,35,35.3148307800293,140.96849060058594,3459.0
27,36,143.99452209472656,142.08860778808594,5835.0
27,37,63.57818603515625,421.1071166992188,2558.0
27,38,226.61212158203125,434.2941284179688,4865.0
27,39,482.9618835449219,419.5578002929688,4039.0
27,40,424.1646118164063,451.6935424804688,2679.0
27,41,168.43434143066406,463.8655700683594,1287.0
27,42,80.60456085205078,469.1046752929688,3993.0
27,43,0.0,0.0,0.0
27,44,77.5752182006836,182.2426300048828,5770.0
27,45,451.9482116699219,168.391357421875,2453.0
27,46,16.196876525878906,415.75286865234375,2626.0
27,47,128.81265258789062,445.9767456054688,2450.0
27,48,264.7218017578125,481.1601257324219,3972.0
27,49,211.9768829345703,477.3004760742188,822.0
27,50,364.50439453125,476.7431945800781,4879.0
27,51,36.94848251342773,498.1602783203125,1747.0
27,52,49.74359130859375,27.040876388549805,2691.0
27,53,409.9538269042969,270.1812438964844,4116.0
27,54,0.0,0.0,0.0
27,55,312.22918701171875,493.9439697265625,1178.0
27,56,0.0,0.0,0.0
27,57,0.0,0.0,0.0
27,58,115.72820281982422,285.3978271484375,1468.0
27,59,196.4295959472656,497.7491760253906,1527.0
27,60,272.8686218261719,248.4150238037109,4460.0
27,61,279.5661926269531,323.4292907714844,2432.0
27,62,481.8069152832031,482.4972534179688,3294.0
27,63,0.0,0.0,0.0
27,64,181.30552673339844,13.32371425628662,1594.0
27,65,21.395864486694336,467.5760803222656,1354.0
27,66,0.0,0.0,0.0
27,67,53.5284538269043,360.7015380859375,5535.0
27,68,111.48072052001952,395.2586059570313,1945.0
27,69,311.2391052246094,435.0904235839844,3948.0
27,70,20.080245971679688,318.8832702636719,1782.0
27,71,208.6453094482422,307.7507019042969,6775.0
27,72,169.7366180419922,396.70611572265625,5247.0
27,73,134.3961944580078,496.3572692871094,2158.0
27,74,100.59371948242188,34.771934509277344,4012.0
27,75,487.0719604492188,347.4162902832031,2724.0
27,76,0.0,0.0,0.0
27,77,12.528748512268066,34.05580520629883,1774.0
27,78,384.1449890136719,330.062255859375,1076.0
27,79,425.6767272949219,494.410400390625,1825.0
27,80,22.49381446838379,214.89193725585935,3637.0
27,81,6.442735195159912,91.52820587158205,585.0
27,82,0.0,0.0,0.0
27,83,87.9466781616211,249.12852478027344,2513.0
27,84,424.993408203125,18.84165954589844,2122.0
27,85,6.22042989730835,124.0483856201172,372.0
27,86,0.0,0.0,0.0
27,87,419.3130493164063,177.13333129882812,690.0
27,88,139.87823486328125,11.87269401550293,542.0
27,89,484.655517578125,144.31533813476562,926.0
27,90,62.3242301940918,286.3651733398437,1758.0
27,91,0.0,0.0,0.0
27,92,0.0,0.0,0.0
27,93,360.7844543457031,194.0077667236328,515.0
27,94,314.48004150390625,319.5199584960937,1202.0
27,95,291.3915100097656,9.549528121948242,424.0
27,96,0.0,0.0,0.0
27,97,0.0,0.0,0.0
27,98,0.0,0.0,0.0
27,99,0.0,0.0,0.0
27,100,255.17367553710935,320.526611328125,357.0
27,101,0.0,0.0,0.0
27,102,0.0,0.0,0.0
27,103,0.0,0.0,0.0
27,104,0.0,0.0,0.0
27,105,0.0,0.0,0.0
27,106,0.0,0.0,0.0
27,107,0.0,0.0,0.0
27,108,0.0,0.0,0.0
27,109,0.0,0.0,0.0
27,110,0.0,0.0,0.0
27,111,0.0,0.0,0.0
27,112,0.0,0.0,0.0
27,113,0.0,0.0,0.0
27,114,0.0,0.0,0.0
27,115,0.0,0.0,0.0
27,116,0.0,0.0,0.0
27,117,0.0,0.0,0.0
27,118,0.0,0.0,0.0
27,119,0.0,0.0,0.0
27,120,0.0,0.0,0.0
27,121,0.0,0.0,0.0
27,122,0.0,0.0,0.0
27,123,0.0,0.0,0.0
27,124,0.0,0.0,0.0
27,125,0.0,0.0,0.0
27,126,0.0,0.0,0.0
27,127,0.0,0.0,0.0
27,128,0.0,0.0,0.0
27,129,0.0,0.0,0.0
27,130,0.0,0.0,0.0
27,131,0.0,0.0,0.0
27,132,0.0,0.0,0.0
28,0,385.8160400390625,208.73138427734372,3626.0
28,1,326.4167175292969,232.3150329589844,4317.0
28,2,433.17669677734375,322.7595520019531,2196.0
28,3,160.51220703125,51.10236358642578,2540.0
28,4,352.0816345214844,295.0949401855469,4055.0
28,5,0.0,0.0,0.0
28,6,480.5041198730469,287.2413635253906,4251.0
28,7,241.24264526367188,38.6218376159668,5852.0
28,8,375.14398193359375,66.25325012207031,6689.0
28,9,294.9249267578125,78.7703628540039,5622.0
28,10,335.30548095703125,151.5138397216797,5601.0
28,11,207.1247100830078,192.20445251464844,5894.0
28,12,236.6973876953125,263.37274169921875,1725.0
28,13,445.363525390625,226.5957794189453,3268.0
28,14,0.0,0.0,0.0
28,15,336.97332763671875,18.58786964416504,2737.0
28,16,481.8271789550781,43.75303649902344,4855.0
28,17,103.33944702148438,95.09593963623048,3815.0
28,18,458.7420349121094,99.72600555419922,5241.0
28,19,401.8768615722656,130.86380004882812,3906.0
28,20,205.7823486328125,102.79109191894533,6060.0
28,21,502.0,135.5,4.0
28,22,492.4964599609375,174.08489990234375,848.0
28,23,270.13873291015625,165.60813903808594,5262.0
28,24,493.0731201171875,219.82493591308597,2462.0
28,25,149.85792541503906,235.68150329589844,6694.0
28,26,377.7989501953125,372.7590026855469,4909.0
28,27,221.0985107421875,374.8895568847656,1005.0
28,28,262.1347045898437,377.9441528320313,3348.0
28,29,42.77553939819336,84.35035705566406,2780.0
28,30,142.88565063476562,330.57489013671875,4180.0
28,31,319.8648376464844,374.8052062988281,3455.0
28,32,437.38720703125,386.2954711914063,4437.0
28,33,96.22628021240234,332.1159362792969,2329.0
28,34,371.6111755371094,424.7322387695313,1520.0
28,35,36.45543670654297,141.26304626464844,3467.0
28,36,143.91246032714844,142.85765075683594,5620.0
28,37,62.96921920776367,421.0661926269531,2599.0
28,38,226.07000732421875,433.9560241699219,4842.0
28,39,482.8056640625,420.0740661621094,4091.0
28,40,424.39886474609375,451.45159912109375,2635.0
28,41,168.32810974121094,465.3014831542969,1277.0
28,42,78.91081237792969,469.0846252441406,3958.0
28,43,0.0,0.0,0.0
28,44,78.72845458984375,182.5730438232422,5675.0
28,45,453.3802490234375,169.26548767089844,2501.0
28,46,16.066946029663086,418.5370788574219,2629.0
28,47,127.94845581054688,446.2509765625,2522.0
28,48,263.80035400390625,481.58935546875,3872.0
28,49,210.98252868652344,475.7265930175781,801.0
28,50,364.091064453125,477.4417419433594,4788.0
28,51,35.6875,497.8660583496094,1680.0
28,52,50.71911239624024,26.748640060424805,2574.0
28,53,408.0409851074219,272.3931884765625,4171.0
28,54,0.0,0.0,0.0
28,55,311.4101257324219,494.6998291015625,1146.0
28,56,0.0,0.0,0.0
28,57,0.0,0.0,0.0
28,58,114.8336944580078,286.53448486328125,1377.0
28,59,198.7122039794922,497.9940490722656,1515.0
28,60,274.3778686523437,248.95132446289065,4602.0
28,61,279.458251953125,324.6993713378906,2252.0
28,62,480.8518676757813,482.9539489746094,3301.0
28,63,0.0,0.0,0.0
28,64,181.4186248779297,14.023985862731934,1751.0
28,65,22.025362014770508,467.9347839355469,1104.0
28,66,0.0,0.0,0.0
28,67,52.868202209472656,361.2210998535156,5387.0
28,68,111.9182357788086,396.1517028808594,1859.0
28,69,310.3983154296875,436.0616149902344,4042.0
28,70,20.355499267578125,319.9549865722656,2000.0
28,71,208.8186187744141,309.4639892578125,6748.0
28,72,171.04090881347656,396.64453125,5452.0
28,73,133.740234375,496.4747009277344,2252.0
28,74,100.78597259521484,35.049598693847656,4093.0
28,75,486.4819641113281,349.06512451171875,2718.0
28,76,0.0,0.0,0.0
28,77,13.608970642089844,34.11503982543945,1895.0
28,78,385.1800537109375,329.2126159667969,983.0
28,79,424.43255615234375,494.58197021484375,1787.0
28,80,22.86821174621582,215.4965362548828,3756.0
28,81,7.4008941650390625,89.67660522460938,671.0
28,82,0.0,0.0,0.0
28,83,88.35552978515625,248.75582885742188,2658.0
28,84,423.828125,19.842039108276367,2374.0
28,85,7.027310848236084,124.46849060058594,476.0
28,86,502.1196594238281,151.6752166748047,117.0
28,87,419.0538330078125,178.55555725097656,873.0
28,88,140.5884552001953,13.55415153503418,554.0
28,89,483.0499267578125,145.50624084472656,721.0
28,90,67.16246032714844,292.74920654296875,1268.0
28,91,0.0,0.0,0.0
28,92,0.0,0.0,0.0
28,93,361.6284484863281,191.9747772216797,436.0
28,94,313.2002868652344,316.98956298828125,1438.0
28,95,289.0945129394531,9.863736152648926,455.0
28,96,0.0,0.0,0.0
28,97,0.0,0.0,0.0
28,98,0.0,0.0,0.0
28,99,0.0,0.0,0.0
28,100,255.3966064453125,317.9348449707031,353.0
28,101,0.0,0.0,0.0
28,102,0.0,0.0,0.0
28,103,0.0,0.0,0.0
28,104,0.0,0.0,0.0
28,105,0.0,0.0,0.0
28,106,0.0,0.0,0.0
28,107,0.0,0.0,0.0
28,108,0.0,0.0,0.0
28,109,0.0,0.0,0.0
28,110,0.0,0.0,0.0
28,111,0.0,0.0,0.0
28,112,0.0,0.0,0.0
28,113,0.0,0.0,0.0
28,114,0.0,0.0,0.0
28,115,0.0,0.0,0.0
28,116,0.0,0.0,0.0
28,117,0.0,0.0,0.0
28,118,0.0,0.0,0.0
28,119,0.0,0.0,0.0
28,120,0.0,0.0,0.0
28,121,0.0,0.0,0.0
28,122,0.0,0.0,0.0
28,123,0.0,0.0,0.0
28,124,0.0,0.0,0.0
28,125,0.0,0.0,0.0
28,126,0.0,0.0,0.0
28,127,0.0,0.0,0.0
28,128,0.0,0.0,0.0
28,129,0.0,0.0,0.0
28,130,0.0,0.0,0.0
28,131,0.0,0.0,0.0
28,132,0.0,0.0,0.0
29,0,385.53515625,208.97494506835935,3513.0
29,1,326.920166015625,232.1359100341797,4297.0
29,2,432.4084777832031,323.12274169921875,2338.0
29,3,159.89736938476562,50.08102035522461,2592.0
29,4,350.6339111328125,293.8837890625,3674.0
29,5,0.0,0.0,0.0
29,6,480.8362731933594,287.3361511230469,4263.0
29,7,241.0054168701172,38.94785690307617,5907.0
29,8,375.266845703125,66.8509292602539,6232.0
29,9,295.4241027832031,80.48632049560547,5737.0
29,10,335.5249938964844,151.75076293945312,5541.0
29,11,207.44790649414065,192.06491088867188,5854.0
29,12,236.6311798095703,263.60693359375,2104.0
29,13,445.1025085449219,227.6065216064453,3375.0
29,14,0.0,0.0,0.0
29,15,336.8227233886719,19.381629943847656,2809.0
29,16,481.91888427734375,44.45711898803711,4944.0
29,17,102.7243881225586,94.83110809326172,3973.0
29,18,459.3663635253906,101.2869644165039,5377.0
29,19,400.6063232421875,130.70948791503906,3955.0
29,20,205.5402069091797,103.21673583984376,6155.0
29,21,0.0,0.0,0.0
29,22,0.0,0.0,0.0
29,23,270.8304443359375,166.4066162109375,5113.0
29,24,492.76416015625,219.33583068847656,2400.0
29,25,150.0861358642578,236.8515625,6548.0
29,26,379.3335266113281,374.6920471191406,5046.0
29,27,222.21095275878903,376.6100463867188,877.0
29,28,261.4776611328125,378.0825500488281,3356.0
29,29,42.23698043823242,84.46837615966797,2688.0
29,30,143.49623107910156,331.2645263671875,4117.0
29,31,319.96563720703125,374.776123046875,3609.0
29,32,436.8855590820313,388.0920715332031,3932.0
29,33,96.68495178222656,336.1373291015625,2425.0
29,34,371.042724609375,426.7837219238281,1498.0
29,35,36.61759567260742,141.66259765625,3444.0
29,36,143.9967041015625,144.03736877441406,5754.0
29,37,63.1978874206543,421.8785095214844,2840.0
29,38,226.6457061767578,435.0757141113281,4914.0
29,39,482.89404296875,420.6929016113281,4181.0
29,40,424.35687255859375,450.8195190429688,2676.0
29,41,169.32508850097656,465.4290466308594,1212.0
29,42,79.4487533569336,470.7146911621094,3922.0
29,43,0.0,0.0,0.0
29,44,79.0469970703125,182.6690216064453,5532.0
29,45,454.1821594238281,168.07559204101562,2646.0
29,46,15.73404598236084,422.2541809082031,2805.0
29,47,128.70083618164062,447.4380798339844,2527.0
29,48,264.2536315917969,482.3782043457031,3797.0
29,49,212.26626586914065,476.7806396484375,661.0
29,50,363.7485046386719,478.3121948242188,4696.0
29,51,35.238182067871094,497.1239929199219,1629.0
29,52,50.47785186767578,26.309268951416016,2438.0
29,53,406.3271789550781,273.311767578125,4218.0
29,54,0.0,0.0,0.0
29,55,311.6900939941406,495.5235900878906,1039.0
29,56,0.0,0.0,0.0
29,57,0.0,0.0,0.0
29,58,113.7070770263672,288.8822631835937,1427.0
29,59,198.723388671875,497.4837341308594,1569.0
29,60,275.4796142578125,249.77284240722656,4662.0
29,61,279.0819702148437,328.0064697265625,2013.0
29,62,480.1223449707031,482.2765197753906,3016.0
29,63,0.0,0.0,0.0
29,64,181.3163604736328,13.559861183166504,1729.0
29,65,24.095361709594727,468.3324890136719,776.0
29,66,0.0,0.0,0.0
29,67,50.87078475952149,361.3448791503906,5309.0
29,68,112.0250244140625,397.74810791015625,1838.0
29,69,310.1845092773437,436.9990234375,4054.0
29,70,19.84093475341797,318.429931640625,1798.0
29,71,210.97401428222656,310.8321838378906,7002.0
29,72,171.70651245117188,397.1061706542969,5547.0
29,73,135.01113891601562,496.5143737792969,2156.0
29,74,99.83007049560548,34.751346588134766,4090.0
29,75,484.4939575195313,350.07421875,2978.0
29,76,0.0,0.0,0.0
29,77,14.013649940490724,34.70222473144531,1978.0
29,78,381.22552490234375,328.912841796875,1113.0
29,79,424.24945068359375,494.1361083984375,1844.0
29,80,23.44169807434082,215.62908935546875,3885.0
29,81,7.490166187286377,90.0832061767578,661.0
29,82,0.0,0.0,0.0
29,83,90.00579833984375,249.15724182128903,2760.0
29,84,421.7348937988281,20.44356918334961,2667.0
29,85,7.339250564575195,124.57791137695312,507.0
29,86,0.0,0.0,0.0
29,87,419.0797424316406,179.6451873779297,978.0
29,88,139.109375,12.35546875,512.0
29,89,0.0,0.0,0.0
29,90,66.56891632080078,296.2925109863281,1306.0
29,91,0.0,0.0,0.0
29,92,0.0,0.0,0.0
29,93,361.1039733886719,194.56187438964844,404.0
29,94,313.5282592773437,317.5031433105469,1592.0
29,95,290.4818725585937,11.867803573608398,469.0
29,96,0.0,0.0,0.0
29,97,0.0,0.0,0.0
29,98,0.0,0.0,0.0
29,99,0.0,0.0,0.0
29,100,0.0,0.0,0.0
29,101,0.0,0.0,0.0
29,102,0.0,0.0,0.0
29,103,0.0,0.0,0.0
29,104,0.0,0.0,0.0
29,105,0.0,0.0,0.0
29,106,0.0,0.0,0.0
29,107,0.0,0.0,0.0
29,108,0.0,0.0,0.0
29,109,0.0,0.0,0.0
29,110,0.0,0.0,0.0
29,111,0.0,0.0,0.0
29,112,0.0,0.0,0.0
29,113,0.0,0.0,0.0
29,114,0.0,0.0,0.0
29,115,0.0,0.0,0.0
29,116,0.0,0.0,0.0
29,117,0.0,0.0,0.0
29,118,0.0,0.0,0.0
29,119,0.0,0.0,0.0
29,120,0.0,0.0,0.0
29,121,0.0,0.0,0.0
29,122,0.0,0.0,0.0
29,123,0.0,0.0,0.0
29,124,0.0,0.0,0.0
29,125,0.0,0.0,0.0
29,126,0.0,0.0,0.0
29,127,0.0,0.0,0.0
29,128,0.0,0.0,0.0
29,129,0.0,0.0,0.0
29,130,0.0,0.0,0.0
29,131,0.0,0.0,0.0
29,132,0.0,0.0,0.0
30,0,383.5117492675781,210.8290100097656,3275.0
30,1,326.6397399902344,230.95762634277344,4272.0
30,2,431.5604553222656,325.29071044921875,2580.0
30,3,159.1710968017578,49.83383941650391,2630.0
30,4,349.5753173828125,293.1543884277344,3200.0
30,5,0.0,0.0,0.0
30,6,479.5285034179688,287.5910949707031,4297.0
30,7,239.3292999267578,41.02051544189453,5703.0
30,8,375.9865112304688,69.06316375732422,5937.0
30,9,296.2936096191406,82.49080657958984,5654.0
30,10,335.04931640625,151.9610137939453,5515.0
30,11,207.8565368652344,194.1137542724609,6057.0
30,12,238.07948303222656,265.26422119140625,1862.0
30,13,444.7357177734375,229.0577545166016,3307.0
30,14,0.0,0.0,0.0
30,15,337.36865234375,21.68850326538086,2992.0
30,16,482.5209045410156,45.159027099609375,4974.0
30,17,101.78785705566406,95.60049438476562,4035.0
30,18,459.9739990234375,102.45209503173828,5229.0
30,19,401.4303283691406,131.67706298828125,4041.0
30,20,206.0830841064453,103.34329223632812,6126.0
30,21,0.0,0.0,0.0
30,22,0.0,0.0,0.0
30,23,270.1004943847656,166.5727081298828,4896.0
30,24,492.7759399414063,219.3484344482422,2428.0
30,25,149.91331481933594,237.5821075439453,6449.0
30,26,379.3782653808594,375.9152221679688,5060.0
30,27,223.28712463378903,380.06634521484375,1010.0
30,28,262.2466125488281,379.2604370117188,3187.0
30,29,40.869659423828125,85.51557159423828,2762.0
30,30,144.4912567138672,331.0235595703125,4116.0
30,31,319.80401611328125,373.4006958007813,3786.0
30,32,436.653564453125,389.2690734863281,3787.0
30,33,97.8485336303711,337.1744689941406,2522.0
30,34,370.3018493652344,427.82415771484375,1524.0
30,35,36.92400360107422,142.6053924560547,3487.0
30,36,144.62057495117188,143.96441650390625,5901.0
30,37,63.71904754638672,421.5748901367188,2851.0
30,38,225.8504180908203,436.7820739746094,4887.0
30,39,482.1576232910156,420.0338439941406,4225.0
30,40,424.5574951171875,451.338134765625,2644.0
30,41,168.68377685546875,465.7987060546875,1227.0
30,42,77.37548828125,470.7893981933594,3851.0
30,43,0.0,0.0,0.0
30,44,79.39080810546875,184.58218383789065,5591.0
30,45,456.1942443847656,170.61351013183594,2960.0
30,46,15.56302547454834,421.7223510742188,2856.0
30,47,127.3436508178711,446.9005432128906,2584.0
30,48,264.7772216796875,483.0738830566406,3627.0
30,49,215.55096435546875,478.4756164550781,677.0
30,50,363.4759521484375,478.7679138183594,4593.0
30,51,34.65153884887695,496.6153564453125,1851.0
30,52,49.3381462097168,25.877655029296875,2354.0
30,53,404.0263366699219,274.103271484375,4329.0
30,54,0.0,0.0,0.0
30,55,311.15057373046875,496.7725830078125,963.0
30,56,0.0,0.0,0.0
30,57,0.0,0.0,0.0
30,58,115.42799377441406,289.9847106933594,1243.0
30,59,197.90185546875,497.64849853515625,1559.0
30,60,275.8919982910156,250.0195770263672,4750.0
30,61,278.4315185546875,328.0836486816406,2044.0
30,62,480.5661926269531,482.87841796875,3158.0
30,63,0.0,0.0,0.0
30,64,186.34320068359372,13.520188331604004,1486.0
30,65,22.3841552734375,465.671142578125,669.0
30,66,0.0,0.0,0.0
30,67,50.57365417480469,361.0939331054688,5132.0
30,68,111.72786712646484,397.8224182128906,1830.0
30,69,309.33843994140625,438.0157775878906,4184.0
30,70,23.85844039916992,317.0263061523437,2091.0
30,71,211.6564178466797,311.7044982910156,7090.0
30,72,171.33035278320312,397.6738586425781,5479.0
30,73,133.7212371826172,496.3033142089844,2199.0
30,74,99.31536865234376,34.179805755615234,4249.0
30,75,485.8680419921875,350.0068664550781,2910.0
30,76,0.0,0.0,0.0
30,77,13.955787658691406,35.91803359985352,2013.0
30,78,377.6324157714844,328.3379821777344,1216.0
30,79,423.3522033691406,494.1186828613281,1837.0
30,80,23.64566802978516,216.56930541992188,3889.0
30,81,6.379245281219482,90.62075805664062,530.0
30,82,0.0,0.0,0.0
30,83,91.70149993896484,251.1629180908203,2670.0
30,84,420.8898620605469,22.05270195007324,2960.0
30,85,7.220703125,124.45703125,512.0
30,86,0.0,0.0,0.0
30,87,417.2466430664063,184.51300048828125,1115.0
30,88,145.23916625976562,12.45889377593994,669.0
30,89,0.0,0.0,0.0
30,90,70.98260498046875,293.8790283203125,1207.0
30,91,0.0,0.0,0.0
30,92,0.0,0.0,0.0
30,93,362.6215515136719,192.7362365722656,436.0
30,94,311.9209289550781,314.0302734375,1619.0
30,95,285.8276672363281,12.664399147033691,882.0
30,96,0.0,0.0,0.0
30,97,0.0,0.0,0.0
30,98,0.0,0.0,0.0
30,99,0.0,0.0,0.0
30,100,0.0,0.0,0.0
30,101,0.0,0.0,0.0
30,102,0.0,0.0,0.0
30,103,0.0,0.0,0.0
30,104,0.0,0.0,0.0
30,105,0.0,0.0,0.0
30,106,0.0,0.0,0.0
30,107,0.0,0.0,0.0
30,108,0.0,0.0,0.0
30,109,0.0,0.0,0.0
30,110,0.0,0.0,0.0
30,111,0.0,0.0,0.0
30,112,0.0,0.0,0.0
30,113,0.0,0.0,0.0
30,114,0.0,0.0,0.0
30,115,0.0,0.0,0.0
30,116,0.0,0.0,0.0
30,117,0.0,0.0,0.0
30,118,0.0,0.0,0.0
30,119,0.0,0.0,0.0
30,120,0.0,0.0,0.0
30,121,0.0,0.0,0.0
30,122,0.0,0.0,0.0
30,123,0.0,0.0,0.0
30,124,0.0,0.0,0.0
30,125,0.0,0.0,0.0
30,126,0.0,0.0,0.0
30,127,0.0,0.0,0.0
30,128,0.0,0.0,0.0
30,129,0.0,0.0,0.0
30,130,0.0,0.0,0.0
30,131,0.0,0.0,0.0
30,132,0.0,0.0,0.0
31,0,382.43603515625,214.3255157470703,2986.0
31,1,326.0421447753906,230.16407775878903,4248.0
31,2,430.5746765136719,325.3350524902344,2504.0
31,3,159.6298828125,49.08544158935547,2610.0
31,4,349.4775085449219,292.76336669921875,3068.0
31,5,0.0,0.0,0.0
31,6,479.0378112792969,289.5313415527344,4417.0
31,7,241.37823486328125,40.519779205322266,5991.0
31,8,376.0486450195313,70.80952453613281,5796.0
31,9,296.8427429199219,84.45654296875,5730.0
31,10,334.0218200683594,153.44361877441406,5268.0
31,11,207.3562774658203,194.53292846679688,6074.0
31,12,238.4694061279297,266.28338623046875,2403.0
31,13,444.1764831542969,229.57872009277344,3309.0
31,14,0.0,0.0,0.0
31,15,337.0482482910156,22.380952835083008,3234.0
31,16,482.0245666503906,45.50067138671875,5209.0
31,17,101.75840759277344,95.02647399902344,4193.0
31,18,458.8039245605469,102.73552703857422,5131.0
31,19,400.1711120605469,133.90493774414062,4208.0
31,20,205.896240234375,103.51146697998048,6149.0
31,21,0.0,0.0,0.0
31,22,0.0,0.0,0.0
31,23,268.8844909667969,166.978271484375,4788.0
31,24,494.0327758789063,221.7327423095703,2563.0
31,25,150.12612915039062,237.63568115234372,6335.0
31,26,380.1180114746094,375.3368835449219,5177.0
31,27,223.61485290527344,381.3316955566406,1010.0
31,28,261.6076354980469,379.279296875,3122.0
31,29,40.270973205566406,85.80461120605469,2646.0
31,30,145.3421630859375,332.0287475585937,3966.0
31,31,319.86041259765625,373.091552734375,4019.0
31,32,432.8467712402344,392.9603576660156,3002.0
31,33,98.34656524658205,340.91632080078125,2796.0
31,34,370.12994384765625,428.3797912597656,1693.0
31,35,36.63511657714844,143.679443359375,3497.0
31,36,144.3837127685547,144.26487731933594,5882.0
31,37,63.68392181396485,420.6918029785156,2917.0
31,38,224.1717071533203,438.0803527832031,4991.0
31,39,482.2799377441406,421.8077087402344,4051.0
31,40,424.6798706054688,451.0202026367188,2574.0
31,41,167.35206604003906,465.95703125,1210.0
31,42,76.91449737548828,470.3125305175781,3731.0
31,43,0.0,0.0,0.0
31,44,79.76666259765625,184.4390106201172,5567.0
31,45,459.6886291503906,172.65870666503906,3475.0
31,46,15.28627109527588,425.6546630859375,3081.0
31,47,126.01171112060548,446.8782348632813,2562.0
31,48,263.8055725097656,483.3976745605469,3523.0
31,49,215.0574493408203,480.5186462402344,644.0
31,50,363.7212219238281,479.1864013671875,4437.0
31,51,35.13405227661133,496.8767700195313,1850.0
31,52,48.09781646728516,26.06681251525879,2290.0
31,53,403.331787109375,275.2611999511719,4334.0
31,54,0.0,0.0,0.0
31,55,311.5220947265625,496.3526611328125,1086.0
31,56,0.0,0.0,0.0
31,57,0.0,0.0,0.0
31,58,116.0041961669922,290.7195739746094,1430.0
31,59,197.4477386474609,498.2966918945313,1483.0
31,60,277.6488037109375,250.07540893554688,4482.0
31,61,276.2486572265625,329.6004333496094,1862.0
31,62,480.7857055664063,483.1622924804688,3192.0
31,63,0.0,0.0,0.0
31,64,188.5795135498047,13.107784271240234,1503.0
31,65,24.208589553833008,469.1145324707031,489.0
31,66,0.0,0.0,0.0
31,67,49.758670806884766,361.71588134765625,4931.0
31,68,113.66529083251952,399.0441284179688,1700.0
31,69,308.1181030273437,438.2765502929688,4267.0
31,70,25.12161064147949,316.2921142578125,2434.0
31,71,210.22373962402344,313.3602294921875,6807.0
31,72,171.38003540039062,398.2132568359375,5360.0
31,73,133.2237548828125,496.19183349609375,2257.0
31,74,98.4926300048828,33.809852600097656,4344.0
31,75,479.9549865722656,356.2955627441406,3688.0
31,76,0.0,0.0,0.0
31,77,13.758465766906738,36.68227005004883,2008.0
31,78,378.8147277832031,327.8396301269531,1004.0
31,79,423.3454895019531,493.9515380859375,1919.0
31,80,23.82564163208008,217.43051147460935,3900.0
31,81,6.3575639724731445,90.7288818359375,509.0
31,82,0.0,0.0,0.0
31,83,91.7860870361328,251.3277587890625,2688.0
31,84,419.81927490234375,22.70026969909668,2966.0
31,85,7.519366264343262,124.92605590820312,568.0
31,86,0.0,0.0,0.0
31,87,414.79925537109375,187.9935607910156,1086.0
31,88,145.85446166992188,12.118155479431152,694.0
31,89,490.8442687988281,148.62945556640625,1066.0
31,90,71.02323913574219,288.0024108886719,1248.0
31,91,0.0,0.0,0.0
31,92,0.0,0.0,0.0
31,93,362.6828918457031,195.57550048828125,596.0
31,94,309.8117370605469,313.8992004394531,1875.0
31,95,289.5212707519531,13.70212745666504,564.0
31,96,0.0,0.0,0.0
31,97,0.0,0.0,0.0
31,98,0.0,0.0,0.0
31,99,0.0,0.0,0.0
31,100,0.0,0.0,0.0
31,101,0.0,0.0,0.0
31,102,0.0,0.0,0.0
31,103,0.0,0.0,0.0
31,104,0.0,0.0,0.0
31,105,0.0,0.0,0.0
31,106,0.0,0.0,0.0
31,107,0.0,0.0,0.0
31,108,0.0,0.0,0.0
31,109,0.0,0.0,0.0
31,110,0.0,0.0,0.0
31,111,0.0,0.0,0.0
31,112,0.0,0.0,0.0
31,113,0.0,0.0,0.0
31,114,0.0,0.0,0.0
31,115,0.0,0.0,0.0
31,116,0.0,0.0,0.0
31,117,0.0,0.0,0.0
31,118,0.0,0.0,0.0
31,119,0.0,0.0,0.0
31,120,0.0,0.0,0.0
31,121,0.0,0.0,0.0
31,122,0.0,0.0,0.0
31,123,0.0,0.0,0.0
31,124,0.0,0.0,0.0
31,125,0.0,0.0,0.0
31,126,0.0,0.0,0.0
31,127,0.0,0.0,0.0
31,128,0.0,0.0,0.0
31,129,0.0,0.0,0.0
31,130,0.0,0.0,0.0
31,131,0.0,0.0,0.0
31,132,0.0,0.0,0.0
32,0,379.8182678222656,227.6419677734375,2025.0
32,1,326.6007995605469,230.01470947265625,4281.0
32,2,430.5130004882813,326.2530517578125,2462.0
32,3,159.4202880859375,48.7553939819336,2641.0
32,4,348.2605285644531,294.2260437011719,3132.0
32,5,0.0,0.0,0.0
32,6,478.9739990234375,291.3209533691406,4384.0
32,7,238.18386840820312,42.131439208984375,5417.0
32,8,375.39361572265625,72.28553771972656,5663.0
32,9,296.8860778808594,86.09209442138672,5907.0
32,10,335.5158996582031,155.0168914794922,5090.0
32,11,207.1420745849609,196.62689208984372,6159.0
32,12,238.7095642089844,266.8429260253906,2572.0
32,13,443.504150390625,231.79904174804688,3364.0
32,14,0.0,0.0,0.0
32,15,336.47137451171875,22.58258819580078,3354.0
32,16,483.0328979492188,48.1189079284668,5046.0
32,17,100.87818908691406,95.50232696533205,4507.0
32,18,458.4295959472656,103.68140411376952,5226.0
32,19,399.6165466308594,135.08074951171875,4149.0
32,20,206.4617156982422,104.56720733642578,6465.0
32,21,0.0,0.0,0.0
32,22,0.0,0.0,0.0
32,23,269.7962341308594,168.8670196533203,4873.0
32,24,493.75592041015625,223.73341369628903,2577.0
32,25,150.2909393310547,239.7012634277344,6156.0
32,26,381.70556640625,376.5305480957031,5108.0
32,27,224.85096740722656,382.5544738769531,1248.0
32,28,263.1460876464844,379.640869140625,2868.0
32,29,39.07234573364258,86.46221923828125,2488.0
32,30,144.94815063476562,332.4327392578125,3954.0
32,31,320.6737365722656,374.1191101074219,4156.0
32,32,432.2794189453125,393.0319519042969,2659.0
32,33,98.5882568359375,344.0639343261719,3065.0
32,34,370.41204833984375,428.740966796875,1745.0
32,35,36.82011795043945,144.75767517089844,3619.0
32,36,144.4902801513672,145.86062622070312,5862.0
32,37,64.10127258300781,420.7738952636719,3140.0
32,38,223.95274353027344,439.5837097167969,4994.0
32,39,482.3838806152344,423.4724426269531,3918.0
32,40,425.5812377929688,450.9635925292969,2610.0
32,41,167.71231079101562,467.8040771484375,1373.0
32,42,75.65756225585938,472.1333618164063,3697.0
32,43,0.0,0.0,0.0
32,44,80.52928161621094,185.09927368164065,5379.0
32,45,459.5598754882813,173.38803100585938,3724.0
32,46,15.084874153137209,426.630126953125,3028.0
32,47,124.26805877685548,447.18206787109375,2686.0
32,48,263.43377685546875,483.70904541015625,3382.0
32,49,216.58824157714844,482.8702392578125,578.0
32,50,363.0189208984375,479.0486145019531,4442.0
32,51,34.32752990722656,496.8373107910156,1838.0
32,52,47.150203704833984,26.15339088439941,2197.0
32,53,402.5863952636719,277.2528991699219,4306.0
32,54,0.0,0.0,0.0
32,55,310.9070739746094,496.1018676757813,1119.0
32,56,0.0,0.0,0.0
32,57,0.0,0.0,0.0
32,58,116.61309814453124,290.3480529785156,1313.0
32,59,199.03152465820312,499.2507629394531,1332.0
32,60,278.804931640625,251.47512817382807,4342.0
32,61,276.7876281738281,330.3099060058594,1907.0
32,62,481.30670166015625,483.6555786132813,3153.0
32,63,0.0,0.0,0.0
32,64,188.1919708251953,12.894486427307127,1469.0
32,65,22.654638290405277,469.5592651367188,388.0
32,66,0.0,0.0,0.0
32,67,49.81332778930664,361.25042724609375,4832.0
32,68,115.5435562133789,400.4571838378906,1343.0
32,69,306.94891357421875,438.64068603515625,4247.0
32,70,23.130733489990234,317.87225341796875,2333.0
32,71,210.1669464111328,315.30328369140625,6733.0
32,72,170.83370971679688,399.0135192871094,5394.0
32,73,134.03384399414062,496.4988403320313,2157.0
32,74,97.0706024169922,33.57731628417969,4391.0
32,75,478.6893310546875,359.2580871582031,3956.0
32,76,0.0,0.0,0.0
32,77,13.833819389343262,36.98493576049805,2058.0
32,78,379.8415832519531,328.78326416015625,909.0
32,79,423.11529541015625,493.50384521484375,1943.0
32,80,23.82151222229004,217.5040283203125,3849.0
32,81,6.3744940757751465,91.19230651855467,494.0
32,82,0.0,0.0,0.0
32,83,91.25577545166016,250.434814453125,2815.0
32,84,417.9566650390625,23.35483932495117,3069.0
32,85,7.107606887817383,125.0074234008789,539.0
32,86,0.0,0.0,0.0
32,87,404.2951049804688,188.8115234375,1857.0
32,88,145.85430908203125,12.0650634765625,707.0
32,89,494.515869140625,151.32049560546875,1039.0
32,90,70.6314697265625,288.4664306640625,1430.0
32,91,0.0,0.0,0.0
32,92,460.9670104980469,7.505075931549072,394.0
32,93,366.248046875,199.7332305908203,641.0
32,94,310.0320739746094,315.3832397460937,1777.0
32,95,280.11358642578125,13.659223556518556,1030.0
32,96,0.0,0.0,0.0
32,97,0.0,0.0,0.0
32,98,0.0,0.0,0.0
32,99,0.0,0.0,0.0
32,100,0.0,0.0,0.0
32,101,0.0,0.0,0.0
32,102,0.0,0.0,0.0
32,103,0.0,0.0,0.0
32,104,0.0,0.0,0.0
32,105,0.0,0.0,0.0
32,106,0.0,0.0,0.0
32,107,0.0,0.0,0.0
32,108,0.0,0.0,0.0
32,109,0.0,0.0,0.0
32,110,0.0,0.0,0.0
32,111,0.0,0.0,0.0
32,112,0.0,0.0,0.0
32,113,0.0,0.0,0.0
32,114,0.0,0.0,0.0
32,115,0.0,0.0,0.0
32,116,0.0,0.0,0.0
32,117,0.0,0.0,0.0
32,118,0.0,0.0,0.0
32,119,0.0,0.0,0.0
32,120,0.0,0.0,0.0
32,121,0.0,0.0,0.0
32,122,0.0,0.0,0.0
32,123,0.0,0.0,0.0
32,124,0.0,0.0,0.0
32,125,0.0,0.0,0.0
32,126,0.0,0.0,0.0
32,127,0.0,0.0,0.0
32,128,0.0,0.0,0.0
32,129,0.0,0.0,0.0
32,130,0.0,0.0,0.0
32,131,0.0,0.0,0.0
32,132,0.0,0.0,0.0
33,0,380.5305786132813,228.69744873046875,1798.0
33,1,327.30377197265625,232.1310577392578,4296.0
33,2,428.9327392578125,325.4548034667969,2423.0
33,3,158.86231994628906,49.407493591308594,2535.0
33,4,345.8673400878906,295.2202453613281,3015.0
33,5,0.0,0.0,0.0
33,6,478.7737731933594,291.6794128417969,4239.0
33,7,236.63177490234372,42.4905891418457,5312.0
33,8,376.144775390625,73.04962158203125,5381.0
33,9,296.8218688964844,88.37982940673828,6316.0
33,10,336.320556640625,156.35333251953125,4851.0
33,11,207.49557495117188,196.75706481933597,5985.0
33,12,237.79698181152344,265.4875793457031,2980.0
33,13,443.6884765625,233.2316131591797,3467.0
33,14,0.0,0.0,0.0
33,15,336.1794738769531,23.98318099975586,3627.0
33,16,482.68109130859375,48.49851989746094,5061.0
33,17,100.57239532470705,96.58354949951172,4572.0
33,18,459.1834716796875,104.24495697021484,5156.0
33,19,399.5049133300781,134.69203186035156,4179.0
33,20,206.3254852294922,105.5293197631836,6667.0
33,21,0.0,0.0,0.0
33,22,0.0,0.0,0.0
33,23,270.4669189453125,171.34625244140625,4823.0
33,24,493.7460021972656,224.9972686767578,2563.0
33,25,150.66807556152344,241.381591796875,6119.0
33,26,387.0325622558594,381.6283264160156,5618.0
33,27,224.5565490722656,382.9495239257813,1565.0
33,28,264.0335388183594,380.8937377929688,2654.0
33,29,39.11554718017578,87.6954116821289,2354.0
33,30,146.2774200439453,333.6745910644531,3875.0
33,31,320.269287109375,375.2564392089844,4200.0
33,32,432.8766784667969,388.9507751464844,1727.0
33,33,98.80294036865234,347.11529541015625,3131.0
33,34,369.7576293945313,429.6006774902344,1803.0
33,35,38.20000076293945,145.56858825683594,3725.0
33,36,144.8740997314453,147.98486328125,5878.0
33,37,63.78010177612305,421.2091369628906,3156.0
33,38,222.588623046875,441.2087097167969,5117.0
33,39,481.9655151367188,424.0172424316406,3887.0
33,40,426.2341003417969,452.35736083984375,2734.0
33,41,167.0509033203125,468.7180786132813,1277.0
33,42,75.35554504394531,473.4346008300781,3617.0
33,43,0.0,0.0,0.0
33,44,81.92753601074219,186.0669708251953,5092.0
33,45,459.0256042480469,173.33126831054688,3867.0
33,46,15.585113525390623,425.6673278808594,3090.0
33,47,123.02275848388672,447.61126708984375,2768.0
33,48,263.67437744140625,484.11077880859375,3286.0
33,49,222.6921539306641,483.7781982421875,523.0
33,50,363.6844177246094,479.1370239257813,4335.0
33,51,34.22873306274414,497.1126708984375,1775.0
33,52,47.676029205322266,27.25645637512207,2207.0
33,53,400.6582946777344,277.1357421875,4258.0
33,54,0.0,0.0,0.0
33,55,312.21978759765625,496.4299621582031,1142.0
33,56,0.0,0.0,0.0
33,57,0.0,0.0,0.0
33,58,118.39496612548828,293.068359375,1390.0
33,59,199.0845947265625,499.46978759765625,1324.0
33,60,280.0096740722656,252.2265167236328,4035.0
33,61,276.094970703125,329.98516845703125,2022.0
33,62,481.4704284667969,484.5498352050781,3161.0
33,63,0.0,0.0,0.0
33,64,188.5128326416016,13.123106956481934,1519.0
33,65,21.9362735748291,471.9705810546875,408.0
33,66,0.0,0.0,0.0
33,67,48.40843200683594,362.2750244140625,4483.0
33,68,114.70079040527344,401.4937133789063,1270.0
33,69,306.13238525390625,439.8912353515625,4238.0
33,70,24.301002502441406,317.1410827636719,2495.0
33,71,210.65370178222656,316.7663879394531,6425.0
33,72,169.23931884765625,400.0628356933594,5315.0
33,73,135.1334228515625,496.4884338378906,2121.0
33,74,97.41443634033205,33.89371490478516,4488.0
33,75,476.3512268066406,360.3727722167969,4453.0
33,76,0.0,0.0,0.0
33,77,14.287588119506836,37.511474609375,2135.0
33,78,378.5280151367188,329.6097412109375,1089.0
33,79,423.0511779785156,494.66986083984375,1778.0
33,80,24.165037155151367,217.2322540283203,3987.0
33,81,6.946564674377441,91.15267181396484,524.0
33,82,0.0,0.0,0.0
33,83,90.79302215576172,251.98452758789065,3039.0
33,84,416.7658081054688,23.841161727905277,3066.0
33,85,7.311808109283447,124.57564544677734,542.0
33,86,0.0,0.0,0.0
33,87,402.8572082519531,189.6342010498047,1982.0
33,88,146.24896240234375,12.145804405212402,727.0
33,89,495.530517578125,152.79318237304688,967.0
33,90,72.05647277832031,294.6274108886719,1452.0
33,91,0.0,0.0,0.0
33,92,461.2876281738281,8.272380828857422,525.0
33,93,364.7906799316406,200.94667053222656,750.0
33,94,311.77947998046875,317.612548828125,1755.0
33,95,277.7899780273437,13.362235069274902,1038.0
33,96,0.0,0.0,0.0
33,97,0.0,0.0,0.0
33,98,0.0,0.0,0.0
33,99,0.0,0.0,0.0
33,100,0.0,0.0,0.0
33,101,0.0,0.0,0.0
33,102,0.0,0.0,0.0
33,103,0.0,0.0,0.0
33,104,0.0,0.0,0.0
33,105,0.0,0.0,0.0
33,106,0.0,0.0,0.0
33,107,0.0,0.0,0.0
33,108,0.0,0.0,0.0
33,109,0.0,0.0,0.0
33,110,0.0,0.0,0.0
33,111,0.0,0.0,0.0
33,112,0.0,0.0,0.0
33,113,0.0,0.0,0.0
33,114,0.0,0.0,0.0
33,115,0.0,0.0,0.0
33,116,0.0,0.0,0.0
33,117,0.0,0.0,0.0
33,118,0.0,0.0,0.0
33,119,0.0,0.0,0.0
33,120,0.0,0.0,0.0
33,121,0.0,0.0,0.0
33,122,0.0,0.0,0.0
33,123,0.0,0.0,0.0
33,124,0.0,0.0,0.0
33,125,0.0,0.0,0.0
33,126,0.0,0.0,0.0
33,127,0.0,0.0,0.0
33,128,0.0,0.0,0.0
33,129,0.0,0.0,0.0
33,130,0.0,0.0,0.0
33,131,0.0,0.0,0.0
33,132,0.0,0.0,0.0
34,0,381.6610412597656,229.4876708984375,1419.0
34,1,328.2098999023437,233.00022888183597,4288.0
34,2,427.4715881347656,324.9370422363281,2621.0
34,3,159.29867553710938,49.90696716308594,2655.0
34,4,345.28515625,295.4810791015625,2802.0
34,5,0.0,0.0,0.0
34,6,478.5527038574219,292.4830627441406,4136.0
34,7,233.6141815185547,45.9454345703125,4655.0
34,8,376.4330749511719,73.02154541015625,5059.0
34,9,297.0819091796875,90.1936492919922,6641.0
34,10,336.2252197265625,156.48252868652344,4578.0
34,11,206.6654815673828,197.4912872314453,5913.0
34,12,239.38626098632807,262.5858459472656,3262.0
34,13,443.1894836425781,235.2168884277344,3541.0
34,14,0.0,0.0,0.0
34,15,336.9710998535156,24.44723129272461,3667.0
34,16,481.3325500488281,51.92997741699219,4727.0
34,17,100.4604263305664,97.75160217285156,4839.0
34,18,458.8570251464844,104.28982543945312,5141.0
34,19,398.3990478515625,134.9174346923828,4348.0
34,20,206.37796020507807,106.91558074951172,6752.0
34,21,0.0,0.0,0.0
34,22,0.0,0.0,0.0
34,23,270.7901306152344,173.7784881591797,4817.0
34,24,493.7768249511719,225.8829498291016,2657.0
34,25,151.34303283691406,242.9894561767578,5979.0
34,26,389.1717529296875,385.2574768066406,5426.0
34,27,222.29429626464844,385.1605529785156,2049.0
34,28,264.337646484375,381.7520446777344,2553.0
34,29,39.24237060546875,87.37489318847656,2294.0
34,30,146.6242218017578,335.13702392578125,3824.0
34,31,320.6741027832031,375.8699951171875,4308.0
34,32,433.7557678222656,393.1735534667969,1429.0
34,33,99.42316436767578,351.65728759765625,3195.0
34,34,369.8952026367188,429.9329833984375,1880.0
34,35,38.68724822998047,146.5853271484375,3709.0
34,36,144.83651733398438,150.07843017578125,5750.0
34,37,63.71794891357422,422.0571594238281,3237.0
34,38,221.8147735595703,443.4737854003906,5091.0
34,39,482.6690673828125,425.797607421875,3617.0
34,40,426.8019104003906,452.7111511230469,2600.0
34,41,166.81260681152344,470.66107177734375,1254.0
34,42,74.79612731933594,475.1862487792969,3458.0
34,43,0.0,0.0,0.0
34,44,82.0831298828125,186.9302520751953,4932.0
34,45,456.86712646484375,174.2893829345703,3891.0
34,46,15.581501960754396,426.142333984375,3049.0
34,47,121.76095581054688,449.2565612792969,2853.0
34,48,262.11724853515625,485.2829284667969,3326.0
34,49,221.31529235839844,484.3343811035156,314.0
34,50,363.88470458984375,478.9468688964844,4311.0
34,51,33.066551208496094,497.0819091796875,1758.0
34,52,47.0379524230957,27.69547271728516,2187.0
34,53,397.5432434082031,276.4745788574219,4092.0
34,54,439.8468627929688,481.0626525878906,431.0
34,55,313.0426025390625,496.0178833007813,1174.0
34,56,0.0,0.0,0.0
34,57,0.0,0.0,0.0
34,58,117.65020751953124,295.3106994628906,1458.0
34,59,199.42286682128903,499.58831787109375,1251.0
34,60,281.9505920410156,253.87863159179688,3683.0
34,61,274.7880554199219,333.18182373046875,1793.0
34,62,482.8092651367188,485.3214416503906,2999.0
34,63,0.0,0.0,0.0
34,64,188.4908905029297,13.076171875,1536.0
34,65,22.50599479675293,471.29736328125,417.0
34,66,0.0,0.0,0.0
34,67,47.23149871826172,362.8265380859375,4324.0
34,68,114.2548828125,403.8206176757813,1126.0
34,69,304.9823303222656,440.800048828125,4186.0
34,70,24.24109649658203,317.9398193359375,2443.0
34,71,210.6392364501953,317.280029296875,6403.0
34,72,166.72308349609375,402.2027893066406,5099.0
34,73,135.69964599609375,496.904052734375,2001.0
34,74,96.98323822021484,33.78794860839844,4414.0
34,75,474.3957214355469,362.0884094238281,4943.0
34,76,0.0,0.0,0.0
34,77,14.195945739746094,37.55260467529297,2072.0
34,78,376.0291442871094,331.3852844238281,1373.0
34,79,421.2964782714844,496.7434997558594,1501.0
34,80,24.40171813964844,218.51336669921875,4075.0
34,81,7.191756248474121,89.93548583984375,558.0
34,82,0.0,0.0,0.0
34,83,92.24557495117188,252.6942596435547,3274.0
34,84,415.5500793457031,24.474308013916016,3036.0
34,85,7.858054161071777,125.10047912597656,627.0
34,86,0.0,0.0,0.0
34,87,402.477294921875,192.5403594970703,1982.0
34,88,145.138671875,12.842239379882812,786.0
34,89,495.8844299316406,153.9723663330078,1194.0
34,90,70.64207458496094,296.50836181640625,1735.0
34,91,0.0,0.0,0.0
34,92,471.5321960449219,8.382259368896484,947.0
34,93,364.74700927734375,201.1439971923828,1000.0
34,94,307.4906616210937,316.6759338378906,2197.0
34,95,275.0048522949219,16.593219757080078,1652.0
34,96,0.0,0.0,0.0
34,97,0.0,0.0,0.0
34,98,0.0,0.0,0.0
34,99,0.0,0.0,0.0
34,100,0.0,0.0,0.0
34,101,0.0,0.0,0.0
34,102,0.0,0.0,0.0
34,103,0.0,0.0,0.0
34,104,0.0,0.0,0.0
34,105,0.0,0.0,0.0
34,106,0.0,0.0,0.0
34,107,0.0,0.0,0.0
34,108,0.0,0.0,0.0
34,109,0.0,0.0,0.0
34,110,0.0,0.0,0.0
34,111,0.0,0.0,0.0
34,112,0.0,0.0,0.0
34,113,0.0,0.0,0.0
34,114,0.0,0.0,0.0
34,115,0.0,0.0,0.0
34,116,0.0,0.0,0.0
34,117,0.0,0.0,0.0
34,118,0.0,0.0,0.0
34,119,0.0,0.0,0.0
34,120,0.0,0.0,0.0
34,121,0.0,0.0,0.0
34,122,0.0,0.0,0.0
34,123,0.0,0.0,0.0
34,124,0.0,0.0,0.0
34,125,0.0,0.0,0.0
34,126,0.0,0.0,0.0
34,127,0.0,0.0,0.0
34,128,0.0,0.0,0.0
34,129,0.0,0.0,0.0
34,130,0.0,0.0,0.0
34,131,0.0,0.0,0.0
34,132,0.0,0.0,0.0
35,0,379.0647277832031,232.95518493652344,1004.0
35,1,327.7925109863281,234.26564025878903,4299.0
35,2,426.4113464355469,325.32489013671875,2764.0
35,3,160.72857666015625,52.01685333251953,2848.0
35,4,345.4984436035156,294.4906921386719,2582.0
35,5,0.0,0.0,0.0
35,6,478.3576354980469,293.8602905273437,4130.0
35,7,233.0789031982422,49.86396408081055,4043.0
35,8,375.2052307128906,74.91431427001953,4960.0
35,9,296.8966369628906,92.72101593017578,6685.0
35,10,336.8687438964844,157.91537475585938,4396.0
35,11,206.31138610839844,199.71934509277344,5922.0
35,12,240.3136444091797,263.2451477050781,3402.0
35,13,442.6519775390625,236.514404296875,3678.0
35,14,0.0,0.0,0.0
35,15,337.3394470214844,24.954164505004883,3818.0
35,16,481.0310363769531,52.6208610534668,4803.0
35,17,99.73485565185548,98.67232513427734,5069.0
35,18,459.0078430175781,105.87165069580078,5228.0
35,19,397.7615051269531,135.4017333984375,4264.0
35,20,207.53684997558597,108.5398406982422,6689.0
35,21,0.0,0.0,0.0
35,22,0.0,0.0,0.0
35,23,270.6593322753906,176.3525848388672,4867.0
35,24,492.8191833496094,226.3703765869141,2511.0
35,25,150.77871704101562,244.0832977294922,5798.0
35,26,390.0409240722656,387.1028747558594,5327.0
35,27,221.62489318847656,387.2241516113281,2378.0
35,28,265.1434936523437,382.7056579589844,2453.0
35,29,38.81974792480469,86.23101806640625,2147.0
35,30,145.88763427734375,335.9543151855469,3524.0
35,31,320.7248229980469,376.2486267089844,4328.0
35,32,434.6178588867188,395.9183349609375,1298.0
35,33,99.47566223144533,356.5198059082031,3534.0
35,34,370.1672058105469,430.7770690917969,1866.0
35,35,38.57748031616211,147.44290161132812,3730.0
35,36,145.7135467529297,151.5729217529297,5746.0
35,37,64.55238342285156,422.4099426269531,3398.0
35,38,221.47344970703125,444.4434814453125,4972.0
35,39,483.0668640136719,428.2439880371094,3619.0
35,40,426.6364440917969,452.8004760742188,2536.0
35,41,165.9984588623047,471.5153503417969,1304.0
35,42,73.88005828857422,476.0846557617188,3260.0
35,43,0.0,0.0,0.0
35,44,82.61333465576172,186.2279357910156,4769.0
35,45,456.92236328125,174.75045776367188,4328.0
35,46,15.220250129699709,428.6597595214844,3042.0
35,47,120.03556060791016,449.68701171875,2981.0
35,48,263.2706298828125,485.9312133789063,3126.0
35,49,224.96435546875,485.2452697753906,477.0
35,50,364.00384521484375,479.08489990234375,4158.0
35,51,34.14021301269531,497.5092468261719,1783.0
35,52,46.32126998901367,27.484994888305664,2266.0
35,53,396.9359436035156,275.8777770996094,3903.0
35,54,436.242919921875,482.56939697265625,778.0
35,55,314.3336181640625,497.0535278320313,1121.0
35,56,0.0,0.0,0.0
35,57,0.0,0.0,0.0
35,58,117.60730743408205,297.57794189453125,1533.0
35,59,199.48928833007807,499.7581176757813,1261.0
35,60,282.8656005859375,256.2555236816406,3393.0
35,61,272.2757568359375,333.4479064941406,1766.0
35,62,483.37884521484375,486.9345397949219,2872.0
35,63,0.0,0.0,0.0
35,64,191.64393615722656,13.500328063964844,1525.0
35,65,21.59217834472656,473.6424560546875,358.0
35,66,0.0,0.0,0.0
35,67,45.22255706787109,363.8280029296875,4291.0
35,68,125.01731872558594,403.154052734375,1097.0
35,69,304.98345947265625,442.0188598632813,4349.0
35,70,23.7332763671875,317.951416015625,2347.0
35,71,208.7873077392578,318.03326416015625,6432.0
35,72,167.98098754882812,402.9729919433594,4628.0
35,73,135.42880249023438,497.3176879882813,1917.0
35,74,97.03060150146484,33.77688980102539,4379.0
35,75,473.96392822265625,363.9327392578125,5100.0
35,76,0.0,0.0,0.0
35,77,13.841069221496582,38.02068710327149,1982.0
35,78,374.2199096679688,331.4131774902344,1578.0
35,79,419.0,498.87213134765625,1267.0
35,80,24.79980087280273,219.19175720214844,4026.0
35,81,7.420289993286133,88.8840560913086,552.0
35,82,0.0,0.0,0.0
35,83,91.46194458007812,252.68914794921875,3574.0
35,84,415.2774353027344,25.405107498168945,3172.0
35,85,8.442645072937012,124.94332122802734,741.0
35,86,0.0,0.0,0.0
35,87,399.5302734375,196.54673767089844,2065.0
35,88,146.38323974609375,13.641716957092283,1002.0
35,89,496.8971557617188,153.82603454589844,914.0
35,90,67.5876235961914,295.7420654296875,2020.0
35,91,0.0,0.0,0.0
35,92,473.5171813964844,8.241412162780762,1048.0
35,93,363.5719299316406,203.8230133056641,1147.0
35,94,308.11920166015625,317.6529235839844,2475.0
35,95,269.8421630859375,18.685211181640625,2211.0
35,96,0.0,0.0,0.0
35,97,0.0,0.0,0.0
35,98,0.0,0.0,0.0
35,99,0.0,0.0,0.0
35,100,0.0,0.0,0.0
35,101,0.0,0.0,0.0
35,102,0.0,0.0,0.0
35,103,0.0,0.0,0.0
35,104,0.0,0.0,0.0
35,105,0.0,0.0,0.0
35,106,0.0,0.0,0.0
35,107,0.0,0.0,0.0
35,108,0.0,0.0,0.0
35,109,0.0,0.0,0.0
35,110,0.0,0.0,0.0
35,111,0.0,0.0,0.0
35,112,0.0,0.0,0.0
35,113,0.0,0.0,0.0
35,114,0.0,0.0,0.0
35,115,0.0,0.0,0.0
35,116,0.0,0.0,0.0
35,117,0.0,0.0,0.0
35,118,0.0,0.0,0.0
35,119,0.0,0.0,0.0
35,120,0.0,0.0,0.0
35,121,0.0,0.0,0.0
35,122,0.0,0.0,0.0
35,123,0.0,0.0,0.0
35,124,0.0,0.0,0.0
35,125,0.0,0.0,0.0
35,126,0.0,0.0,0.0
35,127,0.0,0.0,0.0
35,128,0.0,0.0,0.0
35,129,0.0,0.0,0.0
35,130,0.0,0.0,0.0
35,131,0.0,0.0,0.0
35,132,0.0,0.0,0.0
36,0,381.6976013183594,232.297607421875,1045.0
36,1,326.784912109375,236.5215606689453,4059.0
36,2,425.8723449707031,328.4594116210937,3204.0
36,3,160.71697998046875,54.9350814819336,3127.0
36,4,346.859130859375,293.9864807128906,2442.0
36,5,0.0,0.0,0.0
36,6,478.5074768066406,295.0097045898437,4016.0
36,7,232.3390350341797,52.28711700439453,3563.0
36,8,375.1285095214844,76.32933807373047,4755.0
36,9,296.34326171875,94.46269989013672,6890.0
36,10,336.867431640625,157.29959106445312,4209.0
36,11,206.4399871826172,200.76678466796875,5866.0
36,12,240.23753356933597,264.8254089355469,3448.0
36,13,441.9627380371094,237.3697052001953,3730.0
36,14,0.0,0.0,0.0
36,15,337.8887023925781,25.96624565124512,3881.0
36,16,480.2536315917969,53.36375045776367,4767.0
36,17,98.24343872070312,99.99805450439452,5143.0
36,18,458.4710083007813,105.2238998413086,5172.0
36,19,397.9580078125,135.5045623779297,4168.0
36,20,208.8129119873047,110.12039184570312,6537.0
36,21,0.0,0.0,0.0
36,22,0.0,0.0,0.0
36,23,270.7618713378906,178.1203155517578,4804.0
36,24,493.5865783691406,226.35581970214844,2847.0
36,25,150.33050537109375,244.56369018554688,5652.0
36,26,391.9557800292969,388.0247192382813,5539.0
36,27,218.9348602294922,387.9303588867188,2656.0
36,28,264.4076538085937,383.5549011230469,2377.0
36,29,38.88441848754883,85.93839263916016,1964.0
36,30,146.66513061523438,335.6968688964844,3467.0
36,31,319.9683532714844,377.3828125,4331.0
36,32,441.19866943359375,419.4255065917969,604.0
36,33,99.64655303955078,358.1884765625,3746.0
36,34,368.68896484375,430.91845703125,1987.0
36,35,37.87984085083008,149.26400756835938,4053.0
36,36,146.1068572998047,152.55667114257812,5858.0
36,37,63.35150146484375,422.3898010253906,3394.0
36,38,220.9556884765625,445.5447082519531,4964.0
36,39,483.047119140625,429.3582153320313,3565.0
36,40,426.3392028808594,452.6018676757813,2444.0
36,41,165.76573181152344,474.2089538574219,1383.0
36,42,72.96839904785156,475.8448181152344,3196.0
36,43,0.0,0.0,0.0
36,44,82.80097961425781,188.20970153808597,4678.0
36,45,454.4779052734375,174.66807556152344,4275.0
36,46,15.139286994934082,428.6707763671875,3001.0
36,47,119.0743408203125,451.7990417480469,2946.0
36,48,260.5675354003906,486.6467895507813,3168.0
36,49,220.70083618164065,484.5346374511719,361.0
36,50,364.13287353515625,479.7291870117188,4169.0
36,51,34.43595504760742,497.0841064453125,1819.0
36,52,44.3685302734375,26.946571350097656,2377.0
36,53,396.6590270996094,275.72076416015625,3710.0
36,54,436.75537109375,485.78759765625,1210.0
36,55,312.9002685546875,496.97357177734375,1173.0
36,56,0.0,0.0,0.0
36,57,0.0,0.0,0.0
36,58,117.76555633544922,298.567138671875,1527.0
36,59,199.0107879638672,501.0611572265625,1112.0
36,60,282.4092102050781,257.0792236328125,3370.0
36,61,272.1673583984375,336.04364013671875,1673.0
36,62,484.7315979003906,486.6001586914063,2731.0
36,63,0.0,0.0,0.0
36,64,189.5951385498047,15.469242095947266,1398.0
36,65,19.039426803588867,477.2257995605469,279.0
36,66,0.0,0.0,0.0
36,67,43.40714263916016,364.206298828125,4033.0
36,68,125.78079223632812,406.18548583984375,1364.0
36,69,303.8103332519531,442.8921203613281,4292.0
36,70,14.812457084655762,323.9010314941406,1445.0
36,71,208.47796630859372,317.9237976074219,6352.0
36,72,167.3290252685547,404.2747192382813,4328.0
36,73,134.0723876953125,498.0133666992188,1796.0
36,74,96.62427520751952,33.777381896972656,4474.0
36,75,473.1661987304688,365.30023193359375,5289.0
36,76,0.0,0.0,0.0
36,77,13.500276565551758,39.53620910644531,1809.0
36,78,373.1990661621094,331.6007080078125,1698.0
36,79,417.2191162109375,500.8087768554688,1004.0
36,80,24.41732215881348,220.4917449951172,3937.0
36,81,8.113300323486328,87.24137878417969,609.0
36,82,0.0,0.0,0.0
36,83,91.8892059326172,253.3275146484375,3493.0
36,84,413.8381652832031,25.420320510864254,3238.0
36,85,8.87066650390625,123.3000030517578,750.0
36,86,0.0,0.0,0.0
36,87,399.6394348144531,194.94992065429688,1897.0
36,88,147.4446563720703,13.918386459350586,1066.0
36,89,497.4625854492188,153.857666015625,1096.0
36,90,60.23786163330078,298.2630615234375,3254.0
36,91,0.0,0.0,0.0
36,92,475.43792724609375,8.711092948913574,1208.0
36,93,360.6007385253906,204.5438537597656,1653.0
36,94,307.5745849609375,317.31658935546875,2748.0
36,95,267.9878234863281,19.604358673095703,2707.0
36,96,218.4862060546875,5.920689582824707,290.0
36,97,0.0,0.0,0.0
36,98,0.0,0.0,0.0
36,99,0.0,0.0,0.0
36,100,0.0,0.0,0.0
36,101,0.0,0.0,0.0
36,102,0.0,0.0,0.0
36,103,0.0,0.0,0.0
36,104,0.0,0.0,0.0
36,105,0.0,0.0,0.0
36,106,0.0,0.0,0.0
36,107,0.0,0.0,0.0
36,108,0.0,0.0,0.0
36,109,0.0,0.0,0.0
36,110,0.0,0.0,0.0
36,111,0.0,0.0,0.0
36,112,0.0,0.0,0.0
36,113,0.0,0.0,0.0
36,114,0.0,0.0,0.0
36,115,0.0,0.0,0.0
36,116,0.0,0.0,0.0
36,117,0.0,0.0,0.0
36,118,0.0,0.0,0.0
36,119,0.0,0.0,0.0
36,120,0.0,0.0,0.0
36,121,0.0,0.0,0.0
36,122,0.0,0.0,0.0
36,123,0.0,0.0,0.0
36,124,0.0,0.0,0.0
36,125,0.0,0.0,0.0
36,126,0.0,0.0,0.0
36,127,0.0,0.0,0.0
36,128,0.0,0.0,0.0
36,129,0.0,0.0,0.0
36,130,0.0,0.0,0.0
36,131,0.0,0.0,0.0
36,132,0.0,0.0,0.0
37,0,380.3058776855469,236.13731384277344,1056.0
37,1,326.42803955078125,238.0445098876953,3752.0
37,2,425.55126953125,326.82452392578125,3180.0
37,3,161.5509796142578,56.60958480834961,3276.0
37,4,347.6126708984375,294.4939270019531,2476.0
37,5,0.0,0.0,0.0
37,6,478.9803161621094,296.7418518066406,3862.0
37,7,232.2523651123047,53.98862838745117,3166.0
37,8,374.4642028808594,78.83636474609375,4455.0
37,9,296.0354919433594,96.07489776611328,6903.0
37,10,337.5772705078125,155.9674835205078,3844.0
37,11,206.9622344970703,201.7449951171875,5694.0
37,12,240.11720275878903,265.99444580078125,4138.0
37,13,441.84674072265625,238.45440673828125,3739.0
37,14,0.0,0.0,0.0
37,15,338.7745056152344,27.197221755981445,4031.0
37,16,479.9775085449219,54.37287902832031,4712.0
37,17,98.56511688232422,101.6702880859375,5429.0
37,18,458.3946228027344,105.0526351928711,4959.0
37,19,397.9740905761719,136.29762268066406,4284.0
37,20,209.5348663330078,111.41785430908205,6598.0
37,21,0.0,0.0,0.0
37,22,0.0,0.0,0.0
37,23,272.2050170898437,178.98049926757812,4770.0
37,24,493.5698852539063,226.69679260253903,3176.0
37,25,150.1209716796875,244.8586883544922,5456.0
37,26,393.0467224121094,388.59075927734375,5371.0
37,27,217.5524139404297,388.6357421875,2976.0
37,28,264.31298828125,383.7141723632813,2246.0
37,29,39.00474548339844,87.02531433105469,1896.0
37,30,147.36029052734375,336.26617431640625,3400.0
37,31,320.7017822265625,377.36376953125,4470.0
37,32,439.469482421875,421.40374755859375,639.0
37,33,99.85594177246094,361.1788940429688,4047.0
37,34,367.5637817382813,432.1603393554688,2320.0
37,35,37.79791259765625,151.98887634277344,4315.0
37,36,147.67041015625,155.33270263671875,5792.0
37,37,62.00542831420898,423.5743713378906,3315.0
37,38,221.17112731933597,445.9653015136719,4786.0
37,39,482.682861328125,431.4131774902344,3582.0
37,40,425.4291076660156,453.5726013183594,2335.0
37,41,165.902099609375,475.1918640136719,1522.0
37,42,72.19013977050781,476.2545166015625,2982.0
37,43,0.0,0.0,0.0
37,44,84.2695541381836,189.5201110839844,4474.0
37,45,453.5672912597656,174.62460327148438,4169.0
37,46,15.188448905944824,428.9415893554688,3030.0
37,47,117.57528686523438,451.6531066894531,3148.0
37,48,263.6832275390625,486.1754150390625,2759.0
37,49,226.71832275390625,488.21295166015625,742.0
37,50,363.6482543945313,481.3753662109375,3980.0
37,51,34.516075134277344,497.2032775878906,1835.0
37,52,41.86205673217773,26.39828109741211,2443.0
37,53,396.8874206542969,275.9429931640625,3509.0
37,54,436.41064453125,486.9305114746094,1410.0
37,55,312.28759765625,496.7355346679688,1210.0
37,56,0.0,0.0,0.0
37,57,0.0,0.0,0.0
37,58,118.9753646850586,298.81524658203125,1705.0
37,59,198.976806640625,501.393310546875,1078.0
37,60,284.338134765625,257.1690673828125,3194.0
37,61,271.7723999023437,338.5257568359375,1630.0
37,62,485.2311096191406,487.1860656738281,2596.0
37,63,0.0,0.0,0.0
37,64,190.76043701171875,16.333093643188477,1390.0
37,65,19.50196075439453,477.2470703125,255.0
37,66,0.0,0.0,0.0
37,67,42.209957122802734,365.8616943359375,3796.0
37,68,128.3402557373047,405.5535278320313,1205.0
37,69,302.3631896972656,443.0054321289063,4232.0
37,70,14.020055770874023,324.0788269042969,1446.0
37,71,207.532958984375,319.4784545898437,5963.0
37,72,166.6708526611328,405.67327880859375,4135.0
37,73,132.27713012695312,498.3197326660156,1714.0
37,74,95.98960876464844,34.15303039550781,4522.0
37,75,472.6202087402344,366.7098083496094,5469.0
37,76,0.0,0.0,0.0
37,77,14.104866981506348,43.29605865478516,1726.0
37,78,373.791748046875,332.3463134765625,1695.0
37,79,416.2984924316406,502.158447265625,871.0
37,80,24.39456367492676,221.8057556152344,3789.0
37,81,8.331103324890137,87.03678894042969,598.0
37,82,0.0,0.0,0.0
37,83,90.349609375,253.9413604736328,3564.0
37,84,412.9302978515625,26.8270263671875,3515.0
37,85,9.078042030334473,122.47486877441406,756.0
37,86,0.0,0.0,0.0
37,87,399.10394287109375,197.2850646972656,1982.0
37,88,147.7111053466797,14.410699844360352,1215.0
37,89,496.3149719238281,152.2186279296875,1235.0
37,90,58.76583480834961,300.5167541503906,3489.0
37,91,0.0,0.0,0.0
37,92,475.960693359375,9.64386749267578,1272.0
37,93,356.5872802734375,204.419189453125,2011.0
37,94,307.1191711425781,317.6806945800781,2828.0
37,95,267.0666809082031,21.08197784423828,3074.0
37,96,217.3267974853516,7.36274528503418,306.0
37,97,0.0,0.0,0.0
37,98,0.0,0.0,0.0
37,99,0.0,0.0,0.0
37,100,0.0,0.0,0.0
37,101,0.0,0.0,0.0
37,102,0.0,0.0,0.0
37,103,0.0,0.0,0.0
37,104,0.0,0.0,0.0
37,105,0.0,0.0,0.0
37,106,0.0,0.0,0.0
37,107,0.0,0.0,0.0
37,108,0.0,0.0,0.0
37,109,0.0,0.0,0.0
37,110,0.0,0.0,0.0
37,111,0.0,0.0,0.0
37,112,0.0,0.0,0.0
37,113,0.0,0.0,0.0
37,114,0.0,0.0,0.0
37,115,0.0,0.0,0.0
37,116,0.0,0.0,0.0
37,117,0.0,0.0,0.0
37,118,0.0,0.0,0.0
37,119,0.0,0.0,0.0
37,120,0.0,0.0,0.0
37,121,0.0,0.0,0.0
37,122,0.0,0.0,0.0
37,123,0.0,0.0,0.0
37,124,0.0,0.0,0.0
37,125,0.0,0.0,0.0
37,126,0.0,0.0,0.0
37,127,0.0,0.0,0.0
37,128,0.0,0.0,0.0
37,129,0.0,0.0,0.0
37,130,0.0,0.0,0.0
37,131,0.0,0.0,0.0
37,132,0.0,0.0,0.0
38,0,379.2567443847656,237.1787872314453,962.0
38,1,325.5663146972656,237.9127655029297,3657.0
38,2,424.4503479003906,326.4959411621094,3333.0
38,3,162.796875,58.07567596435547,3515.0
38,4,346.2693176269531,292.38970947265625,2276.0
38,5,0.0,0.0,0.0
38,6,479.5218200683594,298.4710693359375,3664.0
38,7,232.1214599609375,54.76458358764648,2931.0
38,8,373.87542724609375,80.48761749267578,4239.0
38,9,295.5970458984375,98.23500061035156,7068.0
38,10,337.1437683105469,156.89747619628906,3638.0
38,11,205.51058959960935,201.7627716064453,5480.0
38,12,238.57180786132807,264.6911315917969,4442.0
38,13,442.07122802734375,241.15924072265625,4044.0
38,14,0.0,0.0,0.0
38,15,338.5963134765625,27.97097587585449,4169.0
38,16,479.8194580078125,55.5229721069336,4658.0
38,17,98.02874755859376,102.8503875732422,5601.0
38,18,452.7102661132813,104.5247039794922,4311.0
38,19,397.0437927246094,136.71214294433594,4339.0
38,20,210.0717010498047,113.06645965576172,6485.0
38,21,0.0,0.0,0.0
38,22,0.0,0.0,0.0
38,23,271.5429077148437,179.7954864501953,4660.0
38,24,494.3641357421875,226.72674560546875,3257.0
38,25,150.07989501953125,246.67117309570312,5395.0
38,26,391.9382934570313,388.4347534179688,5364.0
38,27,215.7370147705078,388.9678649902344,3175.0
38,28,263.5925598144531,383.7987365722656,2231.0
38,29,38.66902160644531,88.38532257080078,1840.0
38,30,147.7874755859375,337.3025817871094,3209.0
38,31,319.71783447265625,377.6857604980469,4522.0
38,32,439.0251159667969,421.5164794921875,637.0
38,33,98.82408142089844,362.7798767089844,4343.0
38,34,366.6676025390625,433.1052551269531,2527.0
38,35,39.03304290771485,153.91661071777344,4449.0
38,36,147.72955322265625,156.6957244873047,5794.0
38,37,61.4909553527832,423.9993896484375,3261.0
38,38,220.77896118164065,446.3985900878906,4714.0
38,39,482.4881591796875,432.2376708984375,3673.0
38,40,425.0657348632813,453.9178161621094,2312.0
38,41,166.07444763183594,477.4127502441406,1679.0
38,42,71.42852020263672,476.5435180664063,2791.0
38,43,0.0,0.0,0.0
38,44,85.06896209716797,190.8152008056641,4118.0
38,45,452.4606628417969,175.3583526611328,4144.0
38,46,15.220876693725586,428.9627075195313,3056.0
38,47,115.76099395751952,452.8307189941406,3184.0
38,48,263.9010314941406,486.7890625,2688.0
38,49,227.71202087402344,487.7490234375,757.0
38,50,363.474365234375,482.2220764160156,3805.0
38,51,35.71357727050781,497.64404296875,1812.0
38,52,46.5904541015625,34.19200897216797,1802.0
38,53,394.6802368164063,275.8099365234375,3362.0
38,54,434.6604309082031,488.9667663574219,1655.0
38,55,312.8204650878906,495.8688659667969,1281.0
38,56,0.0,0.0,0.0
38,57,0.0,0.0,0.0
38,58,119.29779052734376,300.9721984863281,1763.0
38,59,202.014404296875,500.88580322265625,972.0
38,60,284.0003356933594,256.77545166015625,3113.0
38,61,270.94403076171875,338.7943420410156,1590.0
38,62,484.9905700683594,487.8977661132813,2543.0
38,63,0.0,0.0,0.0
38,64,192.2970733642578,16.920480728149414,1333.0
38,65,20.071895599365234,478.6895446777344,306.0
38,66,0.0,0.0,0.0
38,67,40.67205810546875,366.7997131347656,3525.0
38,68,127.12749481201172,403.0299377441406,902.0
38,69,301.1283264160156,443.2261047363281,4122.0
38,70,12.131381034851074,325.9933166503906,1195.0
38,71,207.26446533203125,320.79962158203125,5789.0
38,72,163.7724151611328,407.2355041503906,4293.0
38,73,132.53846740722656,498.5842590332031,1703.0
38,74,95.77717590332033,33.65357971191406,4636.0
38,75,472.2576904296875,367.3021240234375,5534.0
38,76,0.0,0.0,0.0
38,77,14.719871520996094,46.972434997558594,1560.0
38,78,371.9898986816406,330.7106018066406,1783.0
38,79,411.135009765625,502.9683227539063,600.0
38,80,24.52541923522949,222.66116333007807,3816.0
38,81,8.696284294128418,87.24232482910156,619.0
38,82,0.0,0.0,0.0
38,83,90.4753189086914,254.54812622070312,3667.0
38,84,412.0395812988281,28.708593368530277,3689.0
38,85,9.41490650177002,123.42608642578124,805.0
38,86,0.0,0.0,0.0
38,87,398.7105102539063,198.3594207763672,2045.0
38,88,148.76551818847656,14.540996551513672,1305.0
38,89,497.23333740234375,140.9195556640625,1877.0
38,90,55.712440490722656,301.5619506835937,3874.0
38,91,0.0,0.0,0.0
38,92,475.4077758789063,10.550432205200195,1388.0
38,93,355.8203125,204.8097686767578,2087.0
38,94,306.3605651855469,317.1278076171875,2973.0
38,95,267.7225036621094,22.37562561035156,3200.0
38,96,218.28643798828125,7.326632976531982,398.0
38,97,19.839141845703125,9.94235897064209,746.0
38,98,0.0,0.0,0.0
38,99,0.0,0.0,0.0
38,100,0.0,0.0,0.0
38,101,0.0,0.0,0.0
38,102,0.0,0.0,0.0
38,103,0.0,0.0,0.0
38,104,0.0,0.0,0.0
38,105,0.0,0.0,0.0
38,106,0.0,0.0,0.0
38,107,0.0,0.0,0.0
38,108,0.0,0.0,0.0
38,109,0.0,0.0,0.0
38,110,0.0,0.0,0.0
38,111,0.0,0.0,0.0
38,112,0.0,0.0,0.0
38,113,0.0,0.0,0.0
38,114,0.0,0.0,0.0
38,115,0.0,0.0,0.0
38,116,0.0,0.0,0.0
38,117,0.0,0.0,0.0
38,118,0.0,0.0,0.0
38,119,0.0,0.0,0.0
38,120,0.0,0.0,0.0
38,121,0.0,0.0,0.0
38,122,0.0,0.0,0.0
38,123,0.0,0.0,0.0
38,124,0.0,0.0,0.0
38,125,0.0,0.0,0.0
38,126,0.0,0.0,0.0
38,127,0.0,0.0,0.0
38,128,0.0,0.0,0.0
38,129,0.0,0.0,0.0
38,130,0.0,0.0,0.0
38,131,0.0,0.0,0.0
38,132,0.0,0.0,0.0
39,0,382.1485595703125,236.1729431152344,902.0
39,1,324.0635986328125,242.28890991210935,3444.0
39,2,423.766357421875,327.03619384765625,3454.0
39,3,163.68722534179688,58.53940200805664,3680.0
39,4,344.4788513183594,293.66375732421875,2174.0
39,5,0.0,0.0,0.0
39,6,479.3319396972656,298.6925048828125,3600.0
39,7,232.89620971679688,54.40182495117188,2852.0
39,8,374.2486267089844,79.88835144042969,4147.0
39,9,296.7546081542969,100.0430145263672,7021.0
39,10,335.92791748046875,156.47984313964844,3274.0
39,11,205.754638671875,201.9271697998047,5327.0
39,12,238.40316772460935,264.510986328125,4601.0
39,13,442.5754699707031,242.40798950195312,4054.0
39,14,0.0,0.0,0.0
39,15,337.8730163574219,28.4011287689209,4253.0
39,16,480.0301513671875,57.44509506225586,4608.0
39,17,98.76000213623048,103.32778930664062,5650.0
39,18,450.8267517089844,103.7689208984375,3925.0
39,19,396.3689575195313,136.92762756347656,4518.0
39,20,210.86705017089844,113.33805084228516,6499.0
39,21,0.0,0.0,0.0
39,22,0.0,0.0,0.0
39,23,271.457763671875,180.64532470703125,4734.0
39,24,493.0115661621094,235.2091064453125,2678.0
39,25,151.26585388183594,247.94967651367188,5266.0
39,26,393.4562072753906,389.0252990722656,5059.0
39,27,215.50796508789065,389.5407104492188,3329.0
39,28,263.5375366210937,383.08154296875,2158.0
39,29,38.23443603515625,90.3654556274414,1847.0
39,30,148.6064910888672,337.6239624023437,3263.0
39,31,320.340087890625,378.60302734375,4746.0
39,32,439.5714416503906,421.4607543945313,497.0
39,33,99.07136535644533,364.8097839355469,4274.0
39,34,365.95654296875,432.8309631347656,2739.0
39,35,40.06972122192383,155.0383758544922,4561.0
39,36,148.15963745117188,157.9545440673828,5807.0
39,37,60.93777084350586,423.5718383789063,3230.0
39,38,220.9873809814453,446.1842651367188,4678.0
39,39,481.826171875,433.0251770019531,3693.0
39,40,424.9838562011719,453.6731567382813,2417.0
39,41,165.25843811035156,478.786376953125,1807.0
39,42,69.08258056640625,475.044677734375,2664.0
39,43,0.0,0.0,0.0
39,44,86.12216186523438,191.7067108154297,3962.0
39,45,452.460205078125,175.38790893554688,4135.0
39,46,15.073251724243164,427.7351684570313,3017.0
39,47,114.77996826171876,453.6917114257813,3195.0
39,48,261.7489318847656,487.1839904785156,2788.0
39,49,224.3623809814453,487.1659851074219,723.0
39,50,363.7200622558594,482.5457153320313,3740.0
39,51,36.16085052490234,496.71429443359375,1834.0
39,52,47.31174850463867,40.457275390625,1498.0
39,53,392.6764526367188,276.11480712890625,3406.0
39,54,428.9724731445313,493.1526794433594,2253.0
39,55,312.7351379394531,495.1453247070313,1397.0
39,56,0.0,0.0,0.0
39,57,0.0,0.0,0.0
39,58,118.73046112060548,302.26416015625,1855.0
39,59,201.0952911376953,501.0975341796875,892.0
39,60,283.86102294921875,257.4804077148437,2806.0
39,61,270.7803039550781,337.8519897460937,1716.0
39,62,485.5501403808594,488.2571105957031,2423.0
39,63,0.0,0.0,0.0
39,64,193.30714416503903,17.016496658325195,1273.0
39,65,18.268482208251957,478.3696594238281,257.0
39,66,0.0,0.0,0.0
39,67,40.900028228759766,366.9895324707031,3341.0
39,68,127.6978759765625,406.1853332519531,1036.0
39,69,300.1098937988281,443.7858581542969,3904.0
39,70,10.981464385986328,327.7247314453125,1079.0
39,71,207.6147308349609,321.4637756347656,5591.0
39,72,163.91639709472656,407.7659606933594,4055.0
39,73,129.3970489501953,498.4597473144531,1627.0
39,74,95.79865264892578,34.155517578125,4604.0
39,75,470.7252197265625,369.2618713378906,5346.0
39,76,0.0,0.0,0.0
39,77,15.342998504638672,49.20049285888672,1621.0
39,78,371.2267761230469,331.1366271972656,1786.0
39,79,0.0,0.0,0.0
39,80,24.76328468322754,222.3923797607422,3726.0
39,81,8.052536010742188,88.59963989257812,552.0
39,82,0.0,0.0,0.0
39,83,92.11125946044922,253.63427734375,3694.0
39,84,412.4256591796875,29.336631774902344,3740.0
39,85,9.27819538116455,124.32957458496094,798.0
39,86,0.0,0.0,0.0
39,87,399.91595458984375,198.74212646484372,2094.0
39,88,149.24229431152344,14.596181869506836,1362.0
39,89,496.2441101074219,139.89962768554688,2122.0
39,90,54.80654144287109,301.455078125,4373.0
39,91,0.0,0.0,0.0
39,92,475.2768859863281,11.306503295898438,1553.0
39,93,351.9481201171875,205.5393524169922,2757.0
39,94,306.5245666503906,317.77691650390625,2869.0
39,95,268.5427551269531,23.30861091613769,3263.0
39,96,218.10723876953125,7.623441219329834,401.0
39,97,28.321672439575195,10.903583526611328,1172.0
39,98,501.3356628417969,188.86782836914065,575.0
39,99,0.0,0.0,0.0
39,100,0.0,0.0,0.0
39,101,0.0,0.0,0.0
39,102,0.0,0.0,0.0
39,103,0.0,0.0,0.0
39,104,0.0,0.0,0.0
39,105,0.0,0.0,0.0
39,106,0.0,0.0,0.0
39,107,0.0,0.0,0.0
39,108,0.0,0.0,0.0
39,109,0.0,0.0,0.0
39,110,0.0,0.0,0.0
39,111,0.0,0.0,0.0
39,112,0.0,0.0,0.0
39,113,0.0,0.0,0.0
39,114,0.0,0.0,0.0
39,115,0.0,0.0,0.0
39,116,0.0,0.0,0.0
39,117,0.0,0.0,0.0
39,118,0.0,0.0,0.0
39,119,0.0,0.0,0.0
39,120,0.0,0.0,0.0
39,121,0.0,0.0,0.0
39,122,0.0,0.0,0.0
39,123,0.0,0.0,0.0
39,124,0.0,0.0,0.0
39,125,0.0,0.0,0.0
39,126,0.0,0.0,0.0
39,127,506.0255432128906,339.5292053222656,274.0
39,128,0.0,0.0,0.0
39,129,0.0,0.0,0.0
39,130,0.0,0.0,0.0
39,131,0.0,0.0,0.0
39,132,0.0,0.0,0.0
40,0,385.76959228515625,235.2826385498047,651.0
40,1,322.4971923828125,247.5147247314453,3023.0
40,2,421.9377746582031,327.1687316894531,3568.0
40,3,163.63995361328125,60.74858856201172,3894.0
40,4,343.7250366210937,292.2950134277344,2044.0
40,5,0.0,0.0,0.0
40,6,478.5757446289063,300.2523193359375,3571.0
40,7,231.0185089111328,55.17919158935547,2701.0
40,8,373.69830322265625,80.71188354492188,3981.0
40,9,296.16314697265625,101.02843475341795,7245.0
40,10,336.0571594238281,157.27134704589844,3044.0
40,11,204.85989379882807,201.5884246826172,5146.0
40,12,237.67344665527344,262.90301513671875,4918.0
40,13,443.2974243164063,244.6551513671875,4112.0
40,14,0.0,0.0,0.0
40,15,337.3829345703125,29.100906372070312,4301.0
40,16,479.7681579589844,58.94540786743164,4671.0
40,17,97.67963409423828,104.06055450439452,5631.0
40,18,447.3567504882813,103.21895599365234,3672.0
40,19,395.3683166503906,136.93594360351562,4496.0
40,20,211.84796142578125,115.48621368408205,6275.0
40,21,0.0,0.0,0.0
40,22,0.0,0.0,0.0
40,23,271.52935791015625,180.6175079345703,4617.0
40,24,493.4941101074219,237.37542724609372,2629.0
40,25,151.36581420898438,248.232421875,5090.0
40,26,393.4984130859375,389.2674255371094,4689.0
40,27,215.79736328125,390.7917785644531,3573.0
40,28,264.07452392578125,382.8792114257813,2053.0
40,29,36.801788330078125,91.1797866821289,1791.0
40,30,147.82655334472656,338.6180114746094,3021.0
40,31,320.3214111328125,379.5255126953125,4841.0
40,32,439.0249633789063,421.3386840820313,561.0
40,33,98.26986694335938,366.0335388183594,4354.0
40,34,366.0926818847656,433.1925964355469,3053.0
40,35,39.9244499206543,155.74830627441406,4712.0
40,36,147.52609252929688,158.37750244140625,5902.0
40,37,59.04186630249024,425.60540771484375,3368.0
40,38,221.2729949951172,446.4236450195313,4447.0
40,39,482.1326904296875,433.83148193359375,3798.0
40,40,425.0899658203125,454.3806762695313,2401.0
40,41,165.36892700195312,479.4022216796875,1892.0
40,42,70.00162506103516,476.109619140625,2463.0
40,43,0.0,0.0,0.0
40,44,86.24430084228516,191.8155059814453,3729.0
40,45,451.8152160644531,176.34410095214844,4118.0
40,46,14.504249572753906,426.8041687011719,2824.0
40,47,114.23727416992188,453.9022521972656,3182.0
40,48,261.1625366210937,487.2698974609375,2664.0
40,49,223.0131378173828,487.3910217285156,913.0
40,50,364.9729309082031,483.1138916015625,3547.0
40,51,36.77814102172852,497.51605224609375,1839.0
40,52,46.34364700317383,41.67610168457031,1519.0
40,53,390.2207946777344,274.90142822265625,3297.0
40,54,429.6449279785156,493.36517333984375,2177.0
40,55,313.65777587890625,495.40380859375,1575.0
40,56,0.0,0.0,0.0
40,57,0.0,0.0,0.0
40,58,119.28512573242188,303.7333984375,1943.0
40,59,200.23605346679688,501.6199645996094,771.0
40,60,283.0369567871094,256.8264465332031,2570.0
40,61,271.4222106933594,338.72430419921875,1440.0
40,62,485.5085754394531,489.1675109863281,2334.0
40,63,0.0,0.0,0.0
40,64,194.26963806152344,19.11431121826172,1146.0
40,65,20.5234375,477.1927185058594,384.0
40,66,0.0,0.0,0.0
40,67,40.22357177734375,367.65045166015625,3207.0
40,68,127.13640594482422,407.2586975097656,1063.0
40,69,299.2966003417969,444.6244201660156,3810.0
40,70,10.809792518615724,328.2146911621094,1062.0
40,71,203.95021057128903,321.2333374023437,5383.0
40,72,163.4251251220703,408.1350708007813,4020.0
40,73,128.833740234375,498.4708557128906,1612.0
40,74,95.1112060546875,35.537803649902344,4550.0
40,75,469.0278930664063,370.1000061035156,5200.0
40,76,0.0,0.0,0.0
40,77,15.234659194946287,50.16250991821289,1483.0
40,78,370.31201171875,330.9820251464844,1891.0
40,79,0.0,0.0,0.0
40,80,24.65743827819824,222.32681274414065,3684.0
40,81,7.436758995056152,86.99604797363281,506.0
40,82,0.0,0.0,0.0
40,83,93.17862701416016,253.1408843994141,3762.0
40,84,411.653076171875,29.64476776123047,3851.0
40,85,8.9077730178833,122.8484878540039,759.0
40,86,0.0,0.0,0.0
40,87,400.2937316894531,199.9321746826172,2315.0
40,88,149.80813598632812,14.466408729553224,1548.0
40,89,494.3664245605469,139.44566345214844,2448.0
40,90,54.67388534545898,301.0028076171875,4618.0
40,91,0.0,0.0,0.0
40,92,475.6302490234375,11.982392311096191,1647.0
40,93,348.0455322265625,208.4141540527344,3448.0
40,94,305.4098205566406,318.1159973144531,3155.0
40,95,269.2462158203125,24.34634017944336,3306.0
40,96,217.69308471679688,8.767285346984863,593.0
40,97,30.33665657043457,11.595858573913574,1304.0
40,98,500.6638793945313,190.51596069335935,595.0
40,99,0.0,0.0,0.0
40,100,247.01202392578125,338.9659423828125,499.0
40,101,0.0,0.0,0.0
40,102,0.0,0.0,0.0
40,103,0.0,0.0,0.0
40,104,0.0,0.0,0.0
40,105,0.0,0.0,0.0
40,106,0.0,0.0,0.0
40,107,0.0,0.0,0.0
40,108,0.0,0.0,0.0
40,109,0.0,0.0,0.0
40,110,0.0,0.0,0.0
40,111,0.0,0.0,0.0
40,112,0.0,0.0,0.0
40,113,0.0,0.0,0.0
40,114,0.0,0.0,0.0
40,115,0.0,0.0,0.0
40,116,0.0,0.0,0.0
40,117,0.0,0.0,0.0
40,118,0.0,0.0,0.0
40,119,0.0,0.0,0.0
40,120,0.0,0.0,0.0
40,121,0.0,0.0,0.0
40,122,0.0,0.0,0.0
40,123,0.0,0.0,0.0
40,124,0.0,0.0,0.0
40,125,0.0,0.0,0.0
40,126,0.0,0.0,0.0
40,127,505.292236328125,343.9657592773437,438.0
40,128,0.0,0.0,0.0
40,129,0.0,0.0,0.0
40,130,0.0,0.0,0.0
40,131,0.0,0.0,0.0
40,132,0.0,0.0,0.0
41,0,381.75286865234375,236.9324493408203,607.0
41,1,321.1470031738281,253.36343383789065,2680.0
41,2,421.1064453125,325.808837890625,3824.0
41,3,163.59976196289062,61.369571685791016,4075.0
41,4,344.8598937988281,292.18487548828125,1877.0
41,5,0.0,0.0,0.0
41,6,479.1722412109375,301.4986572265625,3327.0
41,7,231.0382843017578,55.666412353515625,2638.0
41,8,372.13763427734375,83.01201629638672,3829.0
41,9,294.9801330566406,104.025634765625,7294.0
41,10,335.49432373046875,158.28489685058594,2822.0
41,11,204.2701110839844,202.14915466308597,5035.0
41,12,240.5289001464844,262.4705505371094,5381.0
41,13,442.6856689453125,246.6303253173828,4174.0
41,14,0.0,0.0,0.0
41,15,336.3759155273437,30.72789192199707,4557.0
41,16,478.8339538574219,58.45341110229492,4722.0
41,17,96.4015884399414,103.49319458007812,5655.0
41,18,445.9686584472656,102.93701171875,3477.0
41,19,395.0577392578125,136.50711059570312,4504.0
41,20,211.30381774902344,116.09796905517578,6165.0
41,21,0.0,0.0,0.0
41,22,0.0,0.0,0.0
41,23,268.9627685546875,181.89215087890625,4432.0
41,24,492.7330627441406,237.70355224609372,2847.0
41,25,152.31246948242188,248.5637969970703,4938.0
41,26,393.8237915039063,388.8198852539063,4336.0
41,27,216.3611297607422,391.7397155761719,3669.0
41,28,263.8673095703125,382.1337585449219,1884.0
41,29,36.44376373291016,92.66381072998048,1636.0
41,30,148.030517578125,338.7999267578125,2884.0
41,31,319.8800048828125,379.2009887695313,5125.0
41,32,438.6441040039063,420.5656433105469,739.0
41,33,98.21730041503906,365.1755065917969,4427.0
41,34,366.4363098144531,433.1325378417969,3282.0
41,35,40.47160339355469,156.96893310546875,4860.0
41,36,146.5006561279297,159.0709991455078,6084.0
41,37,57.78388595581055,426.8267822265625,3637.0
41,38,221.72637939453125,446.75,4404.0
41,39,482.3167114257813,434.2056884765625,3612.0
41,40,425.6122131347656,454.413330078125,2308.0
41,41,165.18458557128906,480.83441162109375,1999.0
41,42,69.75466918945312,476.8543090820313,2409.0
41,43,0.0,0.0,0.0
41,44,86.36264038085938,192.10353088378903,3458.0
41,45,450.6938781738281,176.48233032226562,4018.0
41,46,13.726953506469728,426.2933654785156,2560.0
41,47,114.4084701538086,454.8221130371094,3283.0
41,48,265.9527587890625,487.3265380859375,2159.0
41,49,227.92323303222656,487.0990905761719,1524.0
41,50,365.3147277832031,483.7589111328125,3476.0
41,51,36.46635437011719,496.8064575195313,1917.0
41,52,46.85073852539063,43.33440017700195,1561.0
41,53,388.2370910644531,273.9094543457031,3037.0
41,54,429.3403625488281,493.2515563964844,2230.0
41,55,312.962158203125,495.09771728515625,1586.0
41,56,0.0,0.0,0.0
41,57,0.0,0.0,0.0
41,58,121.24848175048828,303.3267822265625,1980.0
41,59,199.9348907470703,502.3147277832031,645.0
41,60,284.9266052246094,259.9374694824219,1839.0
41,61,270.1458740234375,338.8490600585937,1186.0
41,62,485.5497131347656,488.7642822265625,2363.0
41,63,0.0,0.0,0.0
41,64,194.2039031982422,20.087804794311523,1025.0
41,65,17.277992248535156,477.49420166015625,259.0
41,66,0.0,0.0,0.0
41,67,39.76994323730469,368.5513610839844,3134.0
41,68,129.03765869140625,407.1530456542969,1248.0
41,69,299.65203857421875,444.6913757324219,3736.0
41,70,10.114999771118164,331.06500244140625,1000.0
41,71,203.30018615722656,321.6542663574219,5290.0
41,72,164.33631896972656,407.9592895507813,3907.0
41,73,127.8077163696289,499.1751098632813,1399.0
41,74,94.40998077392578,34.68601608276367,4427.0
41,75,468.4563903808594,370.7843322753906,5184.0
41,76,0.0,0.0,0.0
41,77,15.446382522583008,52.29263687133789,1548.0
41,78,369.8162841796875,330.7742919921875,1905.0
41,79,0.0,0.0,0.0
41,80,24.28555679321289,222.59371948242188,3628.0
41,81,7.5475687980651855,88.5243148803711,473.0
41,82,0.0,0.0,0.0
41,83,93.38973236083984,252.9853363037109,3954.0
41,84,410.2004089355469,30.59025382995605,4022.0
41,85,8.879032135009766,122.56989288330078,744.0
41,86,0.0,0.0,0.0
41,87,400.0011901855469,201.5093688964844,2507.0
41,88,149.6769561767578,14.458307266235352,1619.0
41,89,493.1964416503906,138.0410614013672,2703.0
41,90,53.48883819580078,301.521484375,4838.0
41,91,0.0,0.0,0.0
41,92,475.18853759765625,11.963647842407228,1623.0
41,93,341.7897033691406,209.3684234619141,4199.0
41,94,304.6341552734375,317.9731750488281,3354.0
41,95,268.75701904296875,25.10697555541992,3412.0
41,96,215.83660888671875,9.021180152893066,661.0
41,97,28.57174491882324,12.397929191589355,1352.0
41,98,499.6981201171875,190.0110015869141,636.0
41,99,0.0,0.0,0.0
41,100,246.8924102783203,338.6724548339844,632.0
41,101,0.0,0.0,0.0
41,102,0.0,0.0,0.0
41,103,0.0,0.0,0.0
41,104,0.0,0.0,0.0
41,105,0.0,0.0,0.0
41,106,0.0,0.0,0.0
41,107,0.0,0.0,0.0
41,108,0.0,0.0,0.0
41,109,0.0,0.0,0.0
41,110,0.0,0.0,0.0
41,111,0.0,0.0,0.0
41,112,0.0,0.0,0.0
41,113,0.0,0.0,0.0
41,114,0.0,0.0,0.0
41,115,0.0,0.0,0.0
41,116,0.0,0.0,0.0
41,117,0.0,0.0,0.0
41,118,0.0,0.0,0.0
41,119,0.0,0.0,0.0
41,120,0.0,0.0,0.0
41,121,0.0,0.0,0.0
41,122,0.0,0.0,0.0
41,123,0.0,0.0,0.0
41,124,0.0,0.0,0.0
41,125,0.0,0.0,0.0
41,126,0.0,0.0,0.0
41,127,504.5310668945313,343.8888854980469,531.0
41,128,0.0,0.0,0.0
41,129,0.0,0.0,0.0
41,130,0.0,0.0,0.0
41,131,0.0,0.0,0.0
41,132,0.0,0.0,0.0
42,0,381.1910095214844,245.88763427734372,267.0
42,1,316.9563903808594,254.2640838623047,2821.0
42,2,420.91510009765625,325.0346984863281,3745.0
42,3,164.83551025390625,61.872745513916016,4432.0
42,4,349.7120666503906,290.65557861328125,1292.0
42,5,0.0,0.0,0.0
42,6,475.7232055664063,302.0950622558594,2977.0
42,7,232.8966827392578,56.040977478027344,2294.0
42,8,373.1792297363281,83.44043731689453,3660.0
42,9,294.7475280761719,106.8504638671875,7383.0
42,10,335.3046569824219,158.2665252685547,2754.0
42,11,203.2029571533203,203.0847625732422,5085.0
42,12,238.95751953125,262.9117736816406,5531.0
42,13,443.4699401855469,248.74359130859372,4173.0
42,14,0.0,0.0,0.0
42,15,334.907470703125,32.220550537109375,4788.0
42,16,478.4729614257813,59.6616439819336,4844.0
42,17,95.89481353759766,103.83748626708984,5704.0
42,18,444.90521240234375,103.89994049072266,3218.0
42,19,394.9899291992188,136.557373046875,4471.0
42,20,211.13180541992188,116.17122650146484,6214.0
42,21,0.0,0.0,0.0
42,22,0.0,0.0,0.0
42,23,267.52899169921875,182.99334716796875,4210.0
42,24,493.6220397949219,239.3828887939453,2839.0
42,25,150.84188842773438,248.0446929931641,4699.0
42,26,394.3142700195313,388.9701232910156,3917.0
42,27,217.3013458251953,392.997314453125,4075.0
42,28,265.0546264648437,382.3689270019531,1648.0
42,29,34.91948318481445,93.60110473632812,1627.0
42,30,148.1304473876953,338.68670654296875,2959.0
42,31,319.14239501953125,380.7160034179688,5176.0
42,32,438.7063903808594,421.1596984863281,814.0
42,33,98.0275421142578,366.61041259765625,4538.0
42,34,366.6390075683594,432.8185119628906,3532.0
42,35,40.37411117553711,156.86973571777344,4921.0
42,36,145.75804138183594,159.84695434570312,6005.0
42,37,56.75449752807617,428.8545837402344,3837.0
42,38,220.97366333007807,447.7389526367188,4214.0
42,39,483.1296081542969,434.7117919921875,3480.0
42,40,425.176513671875,454.6152038574219,2300.0
42,41,164.99261474609375,481.4862060546875,2032.0
42,42,70.95207977294922,478.6495666503906,2066.0
42,43,0.0,0.0,0.0
42,44,86.36101531982422,193.1590118408203,3396.0
42,45,451.1286010742188,177.86477661132812,4082.0
42,46,13.673017501831056,427.7305603027344,2572.0
42,47,113.67767333984376,456.8485412597656,3301.0
42,48,266.2631225585937,486.6216430664063,2117.0
42,49,228.2452545166016,487.986083984375,1582.0
42,50,365.40863037109375,484.4422912597656,3387.0
42,51,37.30672454833984,496.9097900390625,1829.0
42,52,47.514251708984375,45.366172790527344,1614.0
42,53,386.4274597167969,275.1002502441406,2833.0
42,54,429.20361328125,492.799560546875,2210.0
42,55,313.0777587890625,494.52490234375,1646.0
42,56,0.0,0.0,0.0
42,57,0.0,0.0,0.0
42,58,120.72258758544922,303.6435546875,1961.0
42,59,200.00494384765625,502.4892883300781,607.0
42,60,282.8473815917969,262.9617004394531,1566.0
42,61,269.8870544433594,339.802978515625,1213.0
42,62,484.8505859375,488.8389892578125,2416.0
42,63,0.0,0.0,0.0
42,64,194.1817169189453,20.30555534362793,864.0
42,65,18.08633041381836,478.9280700683594,278.0
42,66,0.0,0.0,0.0
42,67,39.73751068115234,368.443359375,3063.0
42,68,129.2810821533203,408.7467956542969,1327.0
42,69,298.6937255859375,445.2429504394531,3585.0
42,70,9.411453247070312,332.96923828125,943.0
42,71,201.90562438964844,321.445556640625,5097.0
42,72,163.8052978515625,408.4292907714844,3811.0
42,73,127.6551742553711,499.9455871582031,1305.0
42,74,94.7460479736328,34.348838806152344,4300.0
42,75,467.220947265625,372.2603759765625,5223.0
42,76,0.0,0.0,0.0
42,77,15.518243789672852,53.364871978759766,1617.0
42,78,370.3551330566406,332.7581787109375,2233.0
42,79,0.0,0.0,0.0
42,80,24.302453994750977,222.43038940429688,3627.0
42,81,6.413793087005615,88.72701263427734,348.0
42,82,0.0,0.0,0.0
42,83,93.44326782226562,254.05812072753903,3957.0
42,84,408.826904296875,31.52880859375,4096.0
42,85,8.027656555175781,121.72634887695312,687.0
42,86,0.0,0.0,0.0
42,87,400.3968811035156,204.4882354736328,2890.0
42,88,150.1110382080078,14.578384399414062,1684.0
42,89,492.61865234375,138.31539916992188,2882.0
42,90,51.66938781738281,301.0764465332031,5024.0
42,91,0.0,0.0,0.0
42,92,473.0877990722656,12.163869857788086,1788.0
42,93,342.982421875,211.66380310058597,4780.0
42,94,306.5732727050781,315.8031616210937,3876.0
42,95,267.62115478515625,26.5832633972168,3537.0
42,96,214.46331787109372,9.510869979858398,736.0
42,97,29.643213272094727,12.69651699066162,1407.0
42,98,500.0782775878906,190.38612365722656,562.0
42,99,506.5525207519531,311.3424072265625,257.0
42,100,246.1212158203125,340.41461181640625,726.0
42,101,0.0,0.0,0.0
42,102,0.0,0.0,0.0
42,103,0.0,0.0,0.0
42,104,0.0,0.0,0.0
42,105,0.0,0.0,0.0
42,106,0.0,0.0,0.0
42,107,0.0,0.0,0.0
42,108,0.0,0.0,0.0
42,109,0.0,0.0,0.0
42,110,0.0,0.0,0.0
42,111,0.0,0.0,0.0
42,112,0.0,0.0,0.0
42,113,0.0,0.0,0.0
42,114,0.0,0.0,0.0
42,115,0.0,0.0,0.0
42,116,0.0,0.0,0.0
42,117,0.0,0.0,0.0
42,118,0.0,0.0,0.0
42,119,0.0,0.0,0.0
42,120,0.0,0.0,0.0
42,121,0.0,0.0,0.0
42,122,0.0,0.0,0.0
42,123,0.0,0.0,0.0
42,124,0.0,0.0,0.0
42,125,0.0,0.0,0.0
42,126,0.0,0.0,0.0
42,127,503.6286926269531,344.8150939941406,676.0
42,128,0.0,0.0,0.0
42,129,0.0,0.0,0.0
42,130,0.0,0.0,0.0
42,131,0.0,0.0,0.0
42,132,0.0,0.0,0.0
43,0,381.5484924316406,248.91973876953125,299.0
43,1,315.00701904296875,253.53504943847656,2568.0
43,2,420.2788696289063,324.2042541503906,3819.0
43,3,164.24322509765625,63.04155731201172,4572.0
43,4,350.94195556640625,284.74169921875,1413.0
43,5,0.0,0.0,0.0
43,6,475.7658996582031,303.1656188964844,2832.0
43,7,232.4810028076172,57.8996696472168,2422.0
43,8,372.1047973632813,83.13716888427734,3492.0
43,9,294.57830810546875,109.23116302490234,7458.0
43,10,336.2664489746094,157.16966247558594,2676.0
43,11,202.60731506347656,203.46665954589844,4920.0
43,12,239.35313415527344,261.9609680175781,5842.0
43,13,445.7228088378906,250.5849456787109,4185.0
43,14,0.0,0.0,0.0
43,15,334.9740600585937,32.22393798828125,4662.0
43,16,477.76898193359375,60.329620361328125,4848.0
43,17,95.10942840576172,105.089599609375,5748.0
43,18,444.5068664550781,103.93840026855467,2841.0
43,19,395.6097717285156,135.55880737304688,4651.0
43,20,211.12071228027344,117.5269775390625,6097.0
43,21,0.0,0.0,0.0
43,22,0.0,0.0,0.0
43,23,266.49383544921875,183.1523284912109,3965.0
43,24,494.6462097167969,239.3675994873047,2753.0
43,25,152.24693298339844,249.24375915527344,4410.0
43,26,394.75091552734375,387.8843078613281,3501.0
43,27,217.98220825195312,395.9991149902344,4495.0
43,28,264.71923828125,383.07952880859375,1446.0
43,29,29.954496383666992,94.51895904541016,1846.0
43,30,148.34695434570312,341.0600891113281,2813.0
43,31,318.5696716308594,382.7394714355469,5389.0
43,32,437.8894653320313,421.0578308105469,778.0
43,33,98.02253723144533,369.1685791015625,4704.0
43,34,368.1633911132813,431.4153137207031,3660.0
43,35,40.80899810791016,157.98797607421875,5157.0
43,36,146.12283325195312,160.7949981689453,5951.0
43,37,55.46635437011719,431.4933166503906,4042.0
43,38,221.3718719482422,448.7720947265625,3668.0
43,39,483.128173828125,435.25,3308.0
43,40,426.1561279296875,454.0157775878906,2280.0
43,41,166.0557403564453,481.8759765625,2314.0
43,42,72.83905029296875,479.5289916992188,1690.0
43,43,0.0,0.0,0.0
43,44,87.81441497802734,193.09197998046875,3066.0
43,45,452.2551574707031,178.69520568847656,4111.0
43,46,13.356278419494627,423.4764404296875,2397.0
43,47,113.66343688964844,458.5934448242188,3200.0
43,48,270.83984375,486.92523193359375,1792.0
43,49,232.1796417236328,486.8179626464844,2082.0
43,50,366.1604919433594,483.9487609863281,3377.0
43,51,42.95127868652344,497.4786987304688,1642.0
43,52,47.83322143554688,46.52802276611328,1481.0
43,53,388.0970764160156,276.3988952636719,2359.0
43,54,429.327392578125,492.394775390625,2300.0
43,55,314.39337158203125,494.2593078613281,1693.0
43,56,0.0,0.0,0.0
43,57,0.0,0.0,0.0
43,58,121.59326934814452,305.1644287109375,2080.0
43,59,201.18577575683597,502.7490234375,506.0
43,60,283.1078186035156,260.65313720703125,1280.0
43,61,268.79449462890625,341.5040588378906,1236.0
43,62,484.8840637207031,488.59423828125,2398.0
43,63,0.0,0.0,0.0
43,64,195.35423278808597,21.50626945495605,638.0
43,65,19.450878143310547,478.6526184082031,570.0
43,66,0.0,0.0,0.0
43,67,38.52467346191406,368.6089172363281,2979.0
43,68,131.446533203125,411.0388793945313,1543.0
43,69,298.7714538574219,446.1332092285156,3378.0
43,70,9.030048370361328,332.2391967773437,832.0
43,71,200.9031219482422,321.6527099609375,5068.0
43,72,164.44876098632812,409.1100158691406,3454.0
43,73,125.62907409667967,500.3224792480469,1259.0
43,74,94.2778549194336,34.88420867919922,4344.0
43,75,466.4404296875,373.2550048828125,5388.0
43,76,0.0,0.0,0.0
43,77,15.913018226623535,56.22662734985352,1690.0
43,78,369.7006530761719,332.7173156738281,2402.0
43,79,0.0,0.0,0.0
43,80,24.344846725463867,222.4445343017578,3561.0
43,81,0.0,0.0,0.0
43,82,0.0,0.0,0.0
43,83,94.85547637939452,252.71804809570312,4366.0
43,84,408.2084655761719,32.229209899902344,4341.0
43,85,6.994853973388672,121.5214385986328,583.0
43,86,0.0,0.0,0.0
43,87,402.4946594238281,206.7633209228516,3190.0
43,88,151.62384033203125,15.145434379577637,1829.0
43,89,491.3188781738281,137.94219970703125,3045.0
43,90,51.76680374145508,302.146240234375,5163.0
43,91,0.0,0.0,0.0
43,92,474.1514587402344,13.047618865966797,1743.0
43,93,342.76763916015625,212.06561279296875,5091.0
43,94,305.5314025878906,314.5699157714844,4362.0
43,95,269.06103515625,27.812807083129883,3670.0
43,96,214.08087158203125,10.328961372375488,915.0
43,97,29.540000915527344,13.420000076293944,1650.0
43,98,500.4018249511719,188.8036193847656,331.0
43,99,505.7743225097656,313.4747009277344,257.0
43,100,244.46241760253903,343.3948974609375,785.0
43,101,0.0,0.0,0.0
43,102,0.0,0.0,0.0
43,103,0.0,0.0,0.0
43,104,0.0,0.0,0.0
43,105,0.0,0.0,0.0
43,106,0.0,0.0,0.0
43,107,0.0,0.0,0.0
43,108,0.0,0.0,0.0
43,109,0.0,0.0,0.0
43,110,0.0,0.0,0.0
43,111,0.0,0.0,0.0
43,112,0.0,0.0,0.0
43,113,0.0,0.0,0.0
43,114,0.0,0.0,0.0
43,115,0.0,0.0,0.0
43,116,0.0,0.0,0.0
43,117,0.0,0.0,0.0
43,118,0.0,0.0,0.0
43,119,0.0,0.0,0.0
43,120,0.0,0.0,0.0
43,121,0.0,0.0,0.0
43,122,0.0,0.0,0.0
43,123,0.0,0.0,0.0
43,124,0.0,0.0,0.0
43,125,0.0,0.0,0.0
43,126,0.0,0.0,0.0
43,127,503.13482666015625,344.403076171875,712.0
43,128,0.0,0.0,0.0
43,129,0.0,0.0,0.0
43,130,0.0,0.0,0.0
43,131,0.0,0.0,0.0
43,132,0.0,0.0,0.0
44,0,382.80804443359375,250.6470642089844,323.0
44,1,314.3429260253906,254.3240203857422,2432.0
44,2,420.1206359863281,324.0538024902344,3995.0
44,3,163.6085205078125,64.71528625488281,4552.0
44,4,351.1360778808594,283.40753173828125,1433.0
44,5,0.0,0.0,0.0
44,6,478.0067138671875,305.7323608398437,2537.0
44,7,231.7532196044922,59.378684997558594,2646.0
44,8,373.2873840332031,83.87104034423828,3156.0
44,9,295.463623046875,110.20594787597656,7463.0
44,10,336.3953857421875,156.81602478027344,2734.0
44,11,201.2211456298828,205.1029357910156,4974.0
44,12,239.22979736328125,261.4334411621094,6114.0
44,13,445.4676208496094,253.5091552734375,4480.0
44,14,0.0,0.0,0.0
44,15,335.1237487792969,33.21806716918945,4760.0
44,16,477.4116516113281,59.90252304077149,4873.0
44,17,95.06695556640624,105.58116149902344,5840.0
44,18,443.3103942871094,103.19818115234376,2745.0
44,19,395.5776977539063,135.6214599609375,4549.0
44,20,211.22933959960935,119.06394958496094,5895.0
44,21,0.0,0.0,0.0
44,22,0.0,0.0,0.0
44,23,266.0043334960937,183.12835693359372,3911.0
44,24,495.1136169433594,235.37237548828125,3142.0
44,25,152.7060089111328,250.33514404296875,3864.0
44,26,394.6764526367188,387.2163391113281,3171.0
44,27,219.38861083984372,396.61517333984375,4758.0
44,28,265.2323303222656,379.7516174316406,1244.0
44,29,29.740161895751957,96.31597137451172,1728.0
44,30,148.50209045410156,342.33282470703125,2629.0
44,31,318.90399169921875,383.1556396484375,5416.0
44,32,436.8759460449219,421.9160461425781,798.0
44,33,97.31108856201172,370.4884948730469,4690.0
44,34,368.3309326171875,431.25103759765625,3892.0
44,35,40.82929611206055,159.1232147216797,5243.0
44,36,146.4857635498047,162.02308654785156,5935.0
44,37,54.40589904785156,435.2279968261719,4272.0
44,38,222.62356567382807,448.6007385253906,3504.0
44,39,482.1510314941406,436.6106262207031,3105.0
44,40,425.3672180175781,454.6044921875,2263.0
44,41,164.97975158691406,483.0334777832031,2569.0
44,42,77.74710083007812,482.3731384277344,1206.0
44,43,0.0,0.0,0.0
44,44,88.51802825927734,193.9990234375,3079.0
44,45,451.8973083496094,179.23683166503906,4138.0
44,46,13.091395378112791,420.751220703125,2243.0
44,47,113.0986557006836,459.5245056152344,3264.0
44,48,269.49029541015625,485.9709167480469,2064.0
44,49,229.3719024658203,486.5825805664063,2022.0
44,50,366.9517211914063,484.35943603515625,3127.0
44,51,45.31597900390625,497.1289367675781,1652.0
44,52,48.096435546875,48.3193588256836,1431.0
44,53,387.09710693359375,277.1177062988281,2039.0
44,54,428.0555114746094,492.7354431152344,2234.0
44,55,316.2943115234375,493.9331970214844,1811.0
44,56,0.0,0.0,0.0
44,57,0.0,0.0,0.0
44,58,123.09140014648438,306.2408142089844,2396.0
44,59,200.5281219482422,503.5452270507813,409.0
44,60,283.4230651855469,258.8304138183594,1144.0
44,61,268.9322814941406,341.950439453125,1211.0
44,62,484.57318115234375,488.0588684082031,2514.0
44,63,0.0,0.0,0.0
44,64,198.14260864257807,23.80570411682129,561.0
44,65,15.702544212341309,482.370849609375,1022.0
44,66,0.0,0.0,0.0
44,67,37.385520935058594,370.05029296875,2804.0
44,68,131.88070678710938,412.1085510253906,1861.0
44,69,299.172607421875,445.7271118164063,3221.0
44,70,7.994459629058838,333.7631530761719,722.0
44,71,201.77435302734372,322.6469116210937,5061.0
44,72,165.64501953125,409.3834838867188,3296.0
44,73,121.20720672607422,501.3523559570313,999.0
44,74,94.05956268310548,34.83432388305664,4382.0
44,75,465.9923706054688,375.5439758300781,5515.0
44,76,0.0,0.0,0.0
44,77,16.305112838745117,57.48323440551758,1819.0
44,78,369.915283203125,332.9954528808594,2420.0
44,79,0.0,0.0,0.0
44,80,24.35213661193848,223.35498046875,3510.0
44,81,0.0,0.0,0.0
44,82,0.0,0.0,0.0
44,83,96.45087432861328,253.04258728027344,4509.0
44,84,407.5610656738281,32.62700653076172,4488.0
44,85,7.19298267364502,121.8105239868164,570.0
44,86,0.0,0.0,0.0
44,87,401.96685791015625,206.6219940185547,3320.0
44,88,153.92376708984375,15.50373649597168,2007.0
44,89,490.1715393066406,137.3829345703125,3259.0
44,90,50.57456588745117,303.4425354003906,5552.0
44,91,0.0,0.0,0.0
44,92,474.8034362792969,12.909090995788574,1694.0
44,93,342.3480834960937,213.1980438232422,5125.0
44,94,305.4537048339844,314.4001770019531,4558.0
44,95,269.5663757324219,28.55896377563477,3782.0
44,96,214.38011169433597,10.509392738342283,905.0
44,97,29.727378845214844,13.713457107543944,1724.0
44,98,0.0,0.0,0.0
44,99,504.525634765625,318.8760681152344,234.0
44,100,245.3155670166016,344.7218933105469,694.0
44,101,0.0,0.0,0.0
44,102,0.0,0.0,0.0
44,103,0.0,0.0,0.0
44,104,0.0,0.0,0.0
44,105,0.0,0.0,0.0
44,106,0.0,0.0,0.0
44,107,0.0,0.0,0.0
44,108,0.0,0.0,0.0
44,109,0.0,0.0,0.0
44,110,0.0,0.0,0.0
44,111,0.0,0.0,0.0
44,112,0.0,0.0,0.0
44,113,0.0,0.0,0.0
44,114,0.0,0.0,0.0
44,115,0.0,0.0,0.0
44,116,0.0,0.0,0.0
44,117,0.0,0.0,0.0
44,118,0.0,0.0,0.0
44,119,0.0,0.0,0.0
44,120,0.0,0.0,0.0
44,121,0.0,0.0,0.0
44,122,0.0,0.0,0.0
44,123,0.0,0.0,0.0
44,124,0.0,0.0,0.0
44,125,0.0,0.0,0.0
44,126,0.0,0.0,0.0
44,127,502.0576171875,346.1190795898437,781.0
44,128,0.0,0.0,0.0
44,129,0.0,0.0,0.0
44,130,0.0,0.0,0.0
44,131,0.0,0.0,0.0
44,132,0.0,0.0,0.0
45,0,381.67913818359375,252.92156982421875,561.0
45,1,313.9850158691406,254.78530883789065,2669.0
45,2,419.2254028320313,323.1199035644531,3962.0
45,3,164.31704711914062,64.91878509521484,4605.0
45,4,349.26239013671875,281.3294372558594,343.0
45,5,0.0,0.0,0.0
45,6,478.2459106445313,306.6900939941406,2391.0
45,7,232.4378967285156,60.2265625,2560.0
45,8,375.1491088867188,84.72080993652344,2629.0
45,9,296.8187866210937,110.90991973876952,7704.0
45,10,335.8808898925781,157.9239044189453,2720.0
45,11,199.1735382080078,207.6615753173828,4846.0
45,12,238.41677856445312,261.68804931640625,6020.0
45,13,447.69476318359375,254.60633850097656,4603.0
45,14,0.0,0.0,0.0
45,15,335.2000427246094,34.65349197387695,4909.0
45,16,477.07904052734375,61.17713928222656,4934.0
45,17,95.06031799316406,106.0824203491211,6018.0
45,18,443.4496765136719,104.00875091552734,2513.0
45,19,395.9746398925781,135.2659454345703,4655.0
45,20,211.70350646972656,120.1063003540039,5936.0
45,21,0.0,0.0,0.0
45,22,0.0,0.0,0.0
45,23,264.524658203125,184.7162628173828,3972.0
45,24,495.0537414550781,237.0930328369141,2902.0
45,25,152.50070190429688,251.47398376464844,3555.0
45,26,394.4339294433594,386.0765075683594,3111.0
45,27,220.1893615722656,398.5164184570313,4816.0
45,28,266.4306335449219,385.116943359375,1103.0
45,29,33.339752197265625,98.09490966796876,1454.0
45,30,147.70550537109375,346.3188781738281,2214.0
45,31,319.2781677246094,383.706787109375,5450.0
45,32,436.0288391113281,422.1455993652344,728.0
45,33,96.0385513305664,370.2092895507813,4773.0
45,34,367.6868591308594,432.3823547363281,4174.0
45,35,40.81047058105469,160.17845153808594,5234.0
45,36,147.79714965820312,162.5224151611328,5955.0
45,37,54.6107292175293,436.0770263671875,4362.0
45,38,220.92044067382807,449.9963073730469,3243.0
45,39,481.1681823730469,437.5963134765625,3193.0
45,40,424.7321166992188,454.9666137695313,2277.0
45,41,165.51275634765625,484.0225524902344,2705.0
45,42,79.17688751220703,485.4595642089844,1125.0
45,43,0.0,0.0,0.0
45,44,88.79046630859375,194.85797119140625,3126.0
45,45,451.6723327636719,179.35794067382812,4065.0
45,46,13.625988006591797,415.1511840820313,2024.0
45,47,112.72886657714844,461.9500122070313,3301.0
45,48,269.9015197753906,485.5010070800781,1980.0
45,49,226.90646362304688,488.4855651855469,2459.0
45,50,367.1641540527344,485.0399475097656,2778.0
45,51,45.15138626098633,497.1254577636719,1658.0
45,52,48.73143768310547,48.48646926879883,1441.0
45,53,381.8788146972656,277.19891357421875,2187.0
45,54,426.7286071777344,493.2589111328125,2244.0
45,55,317.49139404296875,493.6812744140625,1917.0
45,56,0.0,0.0,0.0
45,57,0.0,0.0,0.0
45,58,127.18604278564452,308.6005249023437,2666.0
45,59,0.0,0.0,0.0
45,60,281.4664001464844,255.64031982421875,759.0
45,61,271.1399841308594,346.4372253417969,1386.0
45,62,485.0144348144531,488.2967224121094,2494.0
45,63,0.0,0.0,0.0
45,64,198.47528076171875,23.62998390197754,627.0
45,65,14.722222328186035,479.24127197265625,1260.0
45,66,0.0,0.0,0.0
45,67,36.9951286315918,369.9876403808594,2668.0
45,68,135.40724182128906,411.6181335449219,2404.0
45,69,298.193359375,446.52154541015625,3041.0
45,70,7.56876802444458,335.5716247558594,698.0
45,71,199.0023193359375,322.7081604003906,4749.0
45,72,166.69146728515625,410.1759643554688,2904.0
45,73,122.17362213134766,502.1305541992188,743.0
45,74,93.9330825805664,34.7733268737793,4244.0
45,75,464.9613037109375,376.0429382324219,5684.0
45,76,0.0,0.0,0.0
45,77,16.841968536376953,58.27046585083008,1930.0
45,78,368.5390625,330.34722900390625,2612.0
45,79,0.0,0.0,0.0
45,80,24.36037826538086,224.4630126953125,3488.0
45,81,0.0,0.0,0.0
45,82,0.0,0.0,0.0
45,83,98.34577178955078,254.0110626220703,4610.0
45,84,406.5146484375,34.29065704345703,4710.0
45,85,7.308319568634033,122.10114288330078,613.0
45,86,0.0,0.0,0.0
45,87,402.7247619628906,208.7452545166016,3419.0
45,88,151.97457885742188,16.160390853881836,2045.0
45,89,490.7320861816406,139.0727996826172,3434.0
45,90,50.51934814453125,303.4543762207031,5634.0
45,91,0.0,0.0,0.0
45,92,473.9632263183594,13.262349128723145,1822.0
45,93,341.6324462890625,212.60069274902344,5194.0
45,94,306.7915954589844,310.9022827148437,5005.0
45,95,269.8429260253906,28.80010414123535,3807.0
45,96,214.47927856445312,10.415514945983888,941.0
45,97,29.98498916625977,13.735566139221191,1732.0
45,98,0.0,0.0,0.0
45,99,504.898681640625,319.3876647949219,227.0
45,100,243.25949096679688,343.3391418457031,1318.0
45,101,5.085427284240723,92.27135467529295,199.0
45,102,0.0,0.0,0.0
45,103,0.0,0.0,0.0
45,104,0.0,0.0,0.0
45,105,0.0,0.0,0.0
45,106,0.0,0.0,0.0
45,107,0.0,0.0,0.0
45,108,0.0,0.0,0.0
45,109,0.0,0.0,0.0
45,110,0.0,0.0,0.0
45,111,0.0,0.0,0.0
45,112,0.0,0.0,0.0
45,113,0.0,0.0,0.0
45,114,0.0,0.0,0.0
45,115,0.0,0.0,0.0
45,116,0.0,0.0,0.0
45,117,0.0,0.0,0.0
45,118,0.0,0.0,0.0
45,119,0.0,0.0,0.0
45,120,0.0,0.0,0.0
45,121,0.0,0.0,0.0
45,122,0.0,0.0,0.0
45,123,0.0,0.0,0.0
45,124,0.0,0.0,0.0
45,125,0.0,0.0,0.0
45,126,0.0,0.0,0.0
45,127,501.3956909179688,346.5155944824219,834.0
45,128,0.0,0.0,0.0
45,129,0.0,0.0,0.0
45,130,0.0,0.0,0.0
45,131,0.0,0.0,0.0
45,132,0.0,0.0,0.0
46,0,380.0967712402344,253.08538818359372,527.0
46,1,314.56512451171875,254.7482452392578,2419.0
46,2,419.7105712890625,322.9315795898437,4122.0
46,3,164.51632690429688,65.9288101196289,4776.0
46,4,349.0810852050781,283.1749572753906,703.0
46,5,0.0,0.0,0.0
46,6,479.3020324707031,307.5097351074219,2109.0
46,7,232.60633850097656,60.86958312988281,2492.0
46,8,376.8233947753906,84.11097717285156,2514.0
46,9,297.8891296386719,110.99476623535156,7640.0
46,10,334.01611328125,157.95777893066406,2795.0
46,11,197.7647399902344,210.06869506835935,4527.0
46,12,240.3444061279297,260.738037109375,6440.0
46,13,449.0582885742188,256.26617431640625,4700.0
46,14,0.0,0.0,0.0
46,15,334.6049499511719,35.24442672729492,4979.0
46,16,476.4118347167969,61.68652725219727,4951.0
46,17,93.70006561279295,107.20205688476562,6038.0
46,18,443.828369140625,104.98388671875,2482.0
46,19,395.9080200195313,135.52511596679688,4719.0
46,20,212.23394775390625,120.88550567626952,6044.0
46,21,0.0,0.0,0.0
46,22,0.0,0.0,0.0
46,23,262.3153381347656,185.19175720214844,4078.0
46,24,495.2470397949219,237.91909790039065,2781.0
46,25,153.2197265625,251.09274291992188,3418.0
46,26,394.3620300292969,383.5947265625,2776.0
46,27,221.3710479736328,400.7806701660156,5622.0
46,28,263.47265625,379.3785705566406,457.0
46,29,33.234012603759766,99.13153839111328,1376.0
46,30,146.1488494873047,350.2594299316406,1881.0
46,31,317.1331787109375,385.3055725097656,5789.0
46,32,435.1880187988281,424.2339782714844,718.0
46,33,94.27913665771484,370.5527648925781,4908.0
46,34,367.6030578613281,431.6086730957031,4628.0
46,35,40.367897033691406,161.082763671875,5208.0
46,36,148.0206298828125,162.23703002929688,5818.0
46,37,55.29073715209961,437.5183715820313,4437.0
46,38,222.72933959960935,450.3876953125,2734.0
46,39,479.2850341796875,441.4344482421875,2891.0
46,40,424.8597717285156,456.1510009765625,2225.0
46,41,166.12989807128906,484.87701416015625,3033.0
46,42,80.85435485839844,486.090576171875,1126.0
46,43,0.0,0.0,0.0
46,44,89.52751159667969,195.78273010253903,3162.0
46,45,451.4054260253906,179.99777221679688,4050.0
46,46,14.287148475646973,413.2404479980469,1992.0
46,47,114.97728729248048,469.368408203125,3743.0
46,48,269.6744689941406,486.1424255371094,1966.0
46,49,227.4658050537109,487.747802734375,2383.0
46,50,366.0282897949219,485.0665283203125,2721.0
46,51,44.822208404541016,497.3677062988281,1648.0
46,52,47.737064361572266,49.61445617675781,1411.0
46,53,382.7625122070313,277.8121337890625,2076.0
46,54,425.9690856933594,493.4810485839844,2297.0
46,55,317.530517578125,493.19378662109375,1868.0
46,56,0.0,0.0,0.0
46,57,0.0,0.0,0.0
46,58,128.75303649902344,311.8205871582031,2887.0
46,59,0.0,0.0,0.0
46,60,286.73876953125,257.4100341796875,578.0
46,61,271.287841796875,348.8453674316406,1539.0
46,62,485.8111267089844,488.724365234375,2409.0
46,63,0.0,0.0,0.0
46,64,201.2589874267578,22.978416442871094,695.0
46,65,14.279617309570312,478.0640258789063,1359.0
46,66,0.0,0.0,0.0
46,67,36.643253326416016,370.9266052246094,2534.0
46,68,135.91372680664062,409.1269226074219,2608.0
46,69,296.20965576171875,448.0835876464844,2752.0
46,70,6.4016947746276855,336.116943359375,590.0
46,71,197.0458068847656,322.7707824707031,4716.0
46,72,168.09706115722656,413.4868774414063,2555.0
46,73,0.0,0.0,0.0
46,74,92.9466552734375,35.493133544921875,4368.0
46,75,464.0939636230469,377.6183471679688,5906.0
46,76,0.0,0.0,0.0
46,77,16.64387321472168,58.71334838867188,1828.0
46,78,367.9444885253906,331.25946044921875,2486.0
46,79,0.0,0.0,0.0
46,80,24.522363662719727,225.28045654296875,3555.0
46,81,0.0,0.0,0.0
46,82,0.0,0.0,0.0
46,83,99.75292205810548,254.92611694335935,4873.0
46,84,406.0870666503906,34.358341217041016,4652.0
46,85,6.974093437194824,121.43177795410156,579.0
46,86,0.0,0.0,0.0
46,87,404.2132263183594,211.0214691162109,3400.0
46,88,150.78262329101562,16.73051643371582,2130.0
46,89,490.4726867675781,139.82803344726562,3425.0
46,90,47.61127471923828,304.0481262207031,5819.0
46,91,0.0,0.0,0.0
46,92,473.7364501953125,13.650710105895996,1901.0
46,93,342.6991271972656,212.0659027099609,5371.0
46,94,305.3948059082031,311.8786315917969,4820.0
46,95,268.8993225097656,29.01712226867676,3913.0
46,96,213.69239807128903,8.927770614624023,803.0
46,97,28.804670333862305,14.365034103393556,1756.0
46,98,0.0,0.0,0.0
46,99,505.5227355957031,316.1420593261719,176.0
46,100,242.6539764404297,341.7775573730469,1497.0
46,101,6.475655555725098,92.06366729736328,267.0
46,102,504.206787109375,413.3425903320313,324.0
46,103,0.0,0.0,0.0
46,104,0.0,0.0,0.0
46,105,0.0,0.0,0.0
46,106,0.0,0.0,0.0
46,107,0.0,0.0,0.0
46,108,0.0,0.0,0.0
46,109,0.0,0.0,0.0
46,110,0.0,0.0,0.0
46,111,0.0,0.0,0.0
46,112,0.0,0.0,0.0
46,113,0.0,0.0,0.0
46,114,0.0,0.0,0.0
46,115,0.0,0.0,0.0
46,116,0.0,0.0,0.0
46,117,0.0,0.0,0.0
46,118,0.0,0.0,0.0
46,119,0.0,0.0,0.0
46,120,0.0,0.0,0.0
46,121,0.0,0.0,0.0
46,122,0.0,0.0,0.0
46,123,0.0,0.0,0.0
46,124,0.0,0.0,0.0
46,125,0.0,0.0,0.0
46,126,0.0,0.0,0.0
46,127,500.850341796875,343.5964660644531,902.0
46,128,0.0,0.0,0.0
46,129,0.0,0.0,0.0
46,130,0.0,0.0,0.0
46,131,0.0,0.0,0.0
46,132,0.0,0.0,0.0
47,0,378.3530578613281,254.93345642089844,541.0
47,1,314.4079284667969,256.2258605957031,2373.0
47,2,419.40911865234375,323.3554382324219,4209.0
47,3,164.68849182128906,68.30402374267578,5072.0
47,4,346.51104736328125,276.76025390625,317.0
47,5,0.0,0.0,0.0
47,6,477.6182556152344,308.1591491699219,2017.0
47,7,234.3234405517578,63.07929611206055,2560.0
47,8,377.3481750488281,85.24050903320312,2424.0
47,9,300.02606201171875,112.39557647705078,7637.0
47,10,333.535888671875,160.37417602539062,2857.0
47,11,196.5235137939453,212.4235382080078,4231.0
47,12,240.2437896728516,259.9814453125,6518.0
47,13,450.99652099609375,257.24078369140625,4618.0
47,14,0.0,0.0,0.0
47,15,334.7592163085937,35.29056930541992,4942.0
47,16,475.60064697265625,63.08015441894531,4953.0
47,17,92.9735107421875,107.85761260986328,6040.0
47,18,443.2855224609375,106.22735595703124,2098.0
47,19,396.3619384765625,135.77027893066406,4636.0
47,20,212.59132385253903,123.51109313964844,6083.0
47,21,0.0,0.0,0.0
47,22,0.0,0.0,0.0
47,23,260.7865600585937,184.8650360107422,3912.0
47,24,495.7310485839844,237.0059967041016,2837.0
47,25,153.3433837890625,250.711669921875,3052.0
47,26,392.8236083984375,383.0111999511719,2591.0
47,27,220.44720458984372,403.4098205566406,5805.0
47,28,262.6553955078125,382.4639587402344,444.0
47,29,32.66341781616211,100.39505004882812,1334.0
47,30,145.84365844726562,352.6298217773437,1791.0
47,31,315.67626953125,387.9147644042969,5690.0
47,32,433.4704895019531,425.9409790039063,593.0
47,33,93.8167953491211,372.4532470703125,4918.0
47,34,367.4010314941406,431.84124755859375,4825.0
47,35,41.380977630615234,161.9009246826172,5289.0
47,36,147.5972137451172,164.2216339111328,5807.0
47,37,54.07501220703125,438.1256103515625,4506.0
47,38,227.4598388671875,449.7303161621094,2440.0
47,39,479.6175537109375,443.3371276855469,2803.0
47,40,425.0531311035156,456.0632019042969,2183.0
47,41,167.6029052734375,484.447021484375,3105.0
47,42,82.75980377197266,486.3504943847656,1224.0
47,43,0.0,0.0,0.0
47,44,89.679443359375,197.41619873046875,3001.0
47,45,450.0418090820313,180.33192443847656,4043.0
47,46,14.58743667602539,410.0656433105469,1767.0
47,47,116.81095886230467,471.2798461914063,3359.0
47,48,272.7939453125,487.4166259765625,1553.0
47,49,230.96353149414065,486.796875,2742.0
47,50,368.2993469238281,485.8963623046875,2422.0
47,51,47.61592102050781,496.8509216308594,1583.0
47,52,48.41442108154297,51.8692741394043,1484.0
47,53,380.980224609375,278.7862854003906,2073.0
47,54,425.0974426269531,493.3038330078125,2350.0
47,55,319.03375244140625,493.5727844238281,1985.0
47,56,0.0,0.0,0.0
47,57,0.0,0.0,0.0
47,58,129.03170776367188,313.64215087890625,2965.0
47,59,0.0,0.0,0.0
47,60,286.259765625,256.5360412597656,666.0
47,61,270.9129638671875,349.8798828125,1873.0
47,62,484.990966796875,489.7512817382813,2328.0
47,63,0.0,0.0,0.0
47,64,202.2180633544922,23.259355545043945,775.0
47,65,13.900943756103516,479.0970458984375,1484.0
47,66,0.0,0.0,0.0
47,67,34.846458435058594,370.8618774414063,2527.0
47,68,145.12588500976562,408.41119384765625,4409.0
47,69,298.0281982421875,451.5407104492188,2517.0
47,70,5.103641510009766,337.8095092773437,357.0
47,71,195.2073211669922,321.6573486328125,4751.0
47,72,171.66253662109375,437.0652465820313,889.0
47,73,0.0,0.0,0.0
47,74,92.66986083984376,35.445613861083984,4174.0
47,75,463.2119140625,380.2725830078125,6163.0
47,76,0.0,0.0,0.0
47,77,16.626310348510742,60.43131637573242,1718.0
47,78,367.3120422363281,332.52069091796875,2660.0
47,79,0.0,0.0,0.0
47,80,24.43486785888672,225.6702880859375,3585.0
47,81,0.0,0.0,0.0
47,82,0.0,0.0,0.0
47,83,101.48279571533205,256.060791015625,5116.0
47,84,405.714599609375,36.11662292480469,4776.0
47,85,6.754000186920166,124.10399627685548,500.0
47,86,0.0,0.0,0.0
47,87,403.83489990234375,212.715087890625,3731.0
47,88,149.7496795654297,17.48398208618164,2341.0
47,89,489.4983215332031,138.58641052246094,3576.0
47,90,46.54575347900391,305.2163391113281,6120.0
47,91,0.0,0.0,0.0
47,92,472.9183349609375,14.364608764648438,2057.0
47,93,341.3045654296875,213.9854278564453,5283.0
47,94,307.6246337890625,311.5010070800781,4950.0
47,95,269.29571533203125,30.000730514526367,4102.0
47,96,213.88575744628903,8.432795524597168,744.0
47,97,28.409563064575195,15.521309852600098,1924.0
47,98,0.0,0.0,0.0
47,99,504.5136413574219,312.9772644042969,220.0
47,100,240.05441284179688,342.6166381835937,1599.0
47,101,6.690340995788574,94.6647720336914,352.0
47,102,504.2302856445313,415.15142822265625,317.0
47,103,0.0,0.0,0.0
47,104,0.0,0.0,0.0
47,105,0.0,0.0,0.0
47,106,0.0,0.0,0.0
47,107,0.0,0.0,0.0
47,108,0.0,0.0,0.0
47,109,0.0,0.0,0.0
47,110,0.0,0.0,0.0
47,111,0.0,0.0,0.0
47,112,0.0,0.0,0.0
47,113,0.0,0.0,0.0
47,114,0.0,0.0,0.0
47,115,0.0,0.0,0.0
47,116,0.0,0.0,0.0
47,117,0.0,0.0,0.0
47,118,0.0,0.0,0.0
47,119,0.0,0.0,0.0
47,120,0.0,0.0,0.0
47,121,0.0,0.0,0.0
47,122,0.0,0.0,0.0
47,123,0.0,0.0,0.0
47,124,0.0,0.0,0.0
47,125,0.0,0.0,0.0
47,126,0.0,0.0,0.0
47,127,500.4269714355469,343.4565734863281,979.0
47,128,0.0,0.0,0.0
47,129,0.0,0.0,0.0
47,130,0.0,0.0,0.0
47,131,0.0,0.0,0.0
47,132,0.0,0.0,0.0
48,0,379.43353271484375,254.32369995117188,519.0
48,1,312.3540954589844,256.20684814453125,2248.0
48,2,418.3899230957031,323.3885192871094,4252.0
48,3,164.99142456054688,70.31237030029297,5247.0
48,4,347.3209533691406,282.1757507324219,916.0
48,5,0.0,0.0,0.0
48,6,475.6134033203125,308.7832946777344,1878.0
48,7,235.95260620117188,64.99276733398438,2490.0
48,8,376.8814086914063,87.43704223632812,2462.0
48,9,300.3576354980469,113.71017456054688,7608.0
48,10,332.69024658203125,161.50576782226562,2857.0
48,11,195.53411865234372,213.64260864257807,4074.0
48,12,239.10011291503903,260.3534851074219,6453.0
48,13,451.5646057128906,257.77166748046875,4559.0
48,14,0.0,0.0,0.0
48,15,334.3072814941406,35.56155776977539,4979.0
48,16,475.5373840332031,63.84776306152344,4920.0
48,17,93.15360260009766,109.33795928955078,6048.0
48,18,442.6251525878906,105.30838012695312,1790.0
48,19,397.6116943359375,136.44007873535156,4656.0
48,20,213.1680145263672,124.21344757080078,5964.0
48,21,0.0,0.0,0.0
48,22,0.0,0.0,0.0
48,23,260.0450134277344,185.86399841308597,4000.0
48,24,496.052490234375,237.61915588378903,2820.0
48,25,153.042236328125,251.6573944091797,2983.0
48,26,392.01953125,382.8320007324219,2357.0
48,27,219.6016998291016,405.150390625,6018.0
48,28,262.159912109375,384.1641845703125,469.0
48,29,32.3730583190918,101.40192413330078,1351.0
48,30,147.84620666503906,356.920654296875,1437.0
48,31,315.1523132324219,390.1476745605469,5620.0
48,32,434.0757141113281,426.8528442382813,700.0
48,33,93.79621124267578,373.0823059082031,4799.0
48,34,367.4804382324219,431.94720458984375,4981.0
48,35,40.96087265014648,162.42689514160156,5444.0
48,36,148.92617797851562,165.69345092773438,5676.0
48,37,53.71045303344727,438.4549560546875,4286.0
48,38,226.52828979492188,450.9612121582031,2192.0
48,39,479.8713073730469,444.72564697265625,2650.0
48,40,424.7040100097656,456.2679748535156,2071.0
48,41,167.891357421875,484.193115234375,3102.0
48,42,82.13172912597656,486.1685485839844,1412.0
48,43,0.0,0.0,0.0
48,44,90.83700561523438,197.3316650390625,2994.0
48,45,449.4349365234375,181.01202392578125,4157.0
48,46,15.037925720214844,409.9336242675781,1793.0
48,47,116.28665924072266,470.6153564453125,2878.0
48,48,272.1718444824219,488.1549987792969,1542.0
48,49,230.6343994140625,486.8641052246094,2686.0
48,50,370.0464172363281,485.8884887695313,2197.0
48,51,46.98668670654297,497.1226501464844,1427.0
48,52,48.72432327270508,53.4344596862793,1480.0
48,53,382.8126525878906,278.8680725097656,1895.0
48,54,424.7334289550781,493.1339111328125,2427.0
48,55,320.8455505371094,492.89593505859375,2085.0
48,56,0.0,0.0,0.0
48,57,0.0,0.0,0.0
48,58,129.7779083251953,316.8401794433594,3404.0
48,59,0.0,0.0,0.0
48,60,285.3427734375,256.2606201171875,706.0
48,61,270.52850341796875,349.5634155273437,2176.0
48,62,484.4367065429688,489.9295959472656,2315.0
48,63,0.0,0.0,0.0
48,64,202.8389892578125,28.535593032836918,590.0
48,65,13.733838081359863,478.4723205566406,1717.0
48,66,0.0,0.0,0.0
48,67,34.746055603027344,371.2693176269531,2536.0
48,68,141.86026000976562,410.0342712402344,4437.0
48,69,296.7782287597656,453.3721008300781,2408.0
48,70,0.0,0.0,0.0
48,71,194.39187622070312,321.4464111328125,4601.0
48,72,168.17042541503906,438.6242370605469,974.0
48,73,130.7058868408203,504.2549133300781,306.0
48,74,91.6627960205078,35.73393249511719,4217.0
48,75,462.4898986816406,380.9033508300781,6240.0
48,76,0.0,0.0,0.0
48,77,16.802305221557617,60.4720458984375,1735.0
48,78,367.22845458984375,335.5884704589844,2600.0
48,79,0.0,0.0,0.0
48,80,24.050594329833984,226.68682861328125,3538.0
48,81,0.0,0.0,0.0
48,82,0.0,0.0,0.0
48,83,100.5625,256.17333984375,5152.0
48,84,405.0161743164063,37.00990676879883,4946.0
48,85,6.2461137771606445,122.50518035888672,386.0
48,86,0.0,0.0,0.0
48,87,402.31494140625,213.3766632080078,3969.0
48,88,148.22093200683594,18.26423454284668,2494.0
48,89,488.3066711425781,138.28282165527344,3649.0
48,90,43.88492965698242,307.0164489746094,6622.0
48,91,0.0,0.0,0.0
48,92,472.3163146972656,14.941149711608888,2175.0
48,93,339.9932556152344,215.947998046875,5039.0
48,94,306.8625183105469,313.1962585449219,4713.0
48,95,269.1468811035156,30.554319381713867,4133.0
48,96,210.4835205078125,10.667582511901855,1092.0
48,97,27.8056583404541,15.824515342712402,1909.0
48,98,0.0,0.0,0.0
48,99,503.36083984375,310.8505249023437,388.0
48,100,237.72071838378903,344.0790405273437,1708.0
48,101,6.621917724609375,94.89588928222656,365.0
48,102,503.3523559570313,416.7096862792969,403.0
48,103,0.0,0.0,0.0
48,104,0.0,0.0,0.0
48,105,0.0,0.0,0.0
48,106,0.0,0.0,0.0
48,107,0.0,0.0,0.0
48,108,0.0,0.0,0.0
48,109,0.0,0.0,0.0
48,110,0.0,0.0,0.0
48,111,0.0,0.0,0.0
48,112,0.0,0.0,0.0
48,113,0.0,0.0,0.0
48,114,0.0,0.0,0.0
48,115,0.0,0.0,0.0
48,116,0.0,0.0,0.0
48,117,0.0,0.0,0.0
48,118,0.0,0.0,0.0
48,119,0.0,0.0,0.0
48,120,0.0,0.0,0.0
48,121,0.0,0.0,0.0
48,122,0.0,0.0,0.0
48,123,0.0,0.0,0.0
48,124,0.0,0.0,0.0
48,125,0.0,0.0,0.0
48,126,0.0,0.0,0.0
48,127,500.14984130859375,344.0959777832031,1021.0
48,128,0.0,0.0,0.0
48,129,0.0,0.0,0.0
48,130,0.0,0.0,0.0
48,131,0.0,0.0,0.0
48,132,0.0,0.0,0.0
49,0,378.06060791015625,257.0404052734375,495.0
49,1,311.7265319824219,255.9320526123047,2355.0
49,2,418.4993896484375,324.5285949707031,4145.0
49,3,164.34390258789062,72.00203704833984,5391.0
49,4,346.66845703125,283.6577453613281,561.0
49,5,0.0,0.0,0.0
49,6,475.6313781738281,309.6617126464844,1880.0
49,7,235.9128875732422,66.9649887084961,2342.0
49,8,377.8331298828125,88.5740966796875,2301.0
49,9,301.4252624511719,114.46141052246094,7748.0
49,10,333.68927001953125,161.95858764648438,2874.0
49,11,195.1767425537109,213.0378875732422,3853.0
49,12,238.0562896728516,260.6287841796875,6538.0
49,13,450.7443237304688,259.7886962890625,4439.0
49,14,0.0,0.0,0.0
49,15,334.55810546875,35.961456298828125,5137.0
49,16,476.17962646484375,63.507808685302734,4866.0
49,17,93.01863098144533,110.36046600341795,5959.0
49,18,442.0046081542969,104.29238891601562,1734.0
49,19,398.5232849121094,136.6675567626953,4464.0
49,20,213.06504821777344,125.30132293701172,5904.0
49,21,0.0,0.0,0.0
49,22,0.0,0.0,0.0
49,23,260.3031921386719,187.13497924804688,4149.0
49,24,495.7500915527344,236.74508666992188,3209.0
49,25,152.20452880859375,251.31886291503903,3271.0
49,26,393.8438415527344,383.6166687011719,2267.0
49,27,218.26980590820312,406.06390380859375,6008.0
49,28,262.15252685546875,384.0537109375,577.0
49,29,31.68023681640625,102.73204803466795,1351.0
49,30,145.4724884033203,359.6020202636719,1490.0
49,31,314.1635437011719,391.0573120117188,5601.0
49,32,433.1068115234375,426.3575744628906,646.0
49,33,93.29104614257812,373.58013916015625,4580.0
49,34,366.3889465332031,432.6330871582031,5132.0
49,35,40.3311653137207,163.01858520507812,5381.0
49,36,148.8232421875,166.6572723388672,5465.0
49,37,53.61033248901367,440.0077209472656,4278.0
49,38,227.52149963378903,451.049072265625,1977.0
49,39,479.68402099609375,445.744384765625,2535.0
49,40,424.2524719238281,455.5096130371094,2131.0
49,41,167.59922790527344,485.3634948730469,3084.0
49,42,83.40328216552734,487.3354797363281,1401.0
49,43,0.0,0.0,0.0
49,44,90.87330627441406,196.6279754638672,3102.0
49,45,448.1417846679688,181.42874145507807,4133.0
49,46,15.597363471984863,409.3367004394531,1972.0
49,47,118.2011947631836,474.2332153320313,2843.0
49,48,272.6166076660156,487.9825744628906,1492.0
49,49,230.1700439453125,486.79339599609375,2817.0
49,50,370.2702331542969,486.6984558105469,2013.0
49,51,0.0,0.0,0.0
49,52,49.03984451293945,55.284706115722656,1556.0
49,53,379.77044677734375,279.3659362792969,1943.0
49,54,424.2521057128906,492.8818054199219,2479.0
49,55,321.4410705566406,493.4723205566406,2113.0
49,56,0.0,0.0,0.0
49,57,0.0,0.0,0.0
49,58,129.25961303710938,317.3089904785156,3382.0
49,59,0.0,0.0,0.0
49,60,285.6820678710937,262.909423828125,563.0
49,61,270.3053283691406,347.89501953125,2286.0
49,62,484.10101318359375,489.94049072265625,2336.0
49,63,0.0,0.0,0.0
49,64,201.73883056640625,30.395252227783203,716.0
49,65,29.099225997924805,487.91302490234375,3104.0
49,66,0.0,0.0,0.0
49,67,34.79999923706055,370.9621887207031,2460.0
49,68,137.2393798828125,411.8086242675781,4332.0
49,69,295.8489990234375,453.852783203125,2384.0
49,70,0.0,0.0,0.0
49,71,192.6258087158203,321.63690185546875,4503.0
49,72,166.33775329589844,438.8268432617188,1282.0
49,73,0.0,0.0,0.0
49,74,91.55472564697266,36.427711486816406,4157.0
49,75,463.0843505859375,381.8074035644531,6189.0
49,76,0.0,0.0,0.0
49,77,16.591705322265625,61.9375,1712.0
49,78,367.1975708007813,337.1292724609375,2870.0
49,79,0.0,0.0,0.0
49,80,23.18181800842285,226.6625823974609,3432.0
49,81,0.0,0.0,0.0
49,82,0.0,0.0,0.0
49,83,98.44734954833984,256.99432373046875,5119.0
49,84,405.0513916015625,38.254180908203125,4961.0
49,85,5.936675548553467,122.5778350830078,379.0
49,86,0.0,0.0,0.0
49,87,401.7672119140625,215.31141662597656,4197.0
49,88,146.75633239746094,18.51307487487793,2524.0
49,89,487.89739990234375,137.77430725097656,3899.0
49,90,43.86557769775391,307.4523620605469,6621.0
49,91,0.0,0.0,0.0
49,92,470.8486022949219,14.61780071258545,2292.0
49,93,339.1559143066406,216.79315185546875,5028.0
49,94,308.360595703125,312.7802124023437,4673.0
49,95,268.90435791015625,31.758996963500977,4224.0
49,96,210.4259796142578,11.633223533630373,1216.0
49,97,28.09000968933105,16.57962417602539,2022.0
49,98,0.0,0.0,0.0
49,99,503.6712951660156,311.8440246582031,359.0
49,100,235.0529937744141,344.4181823730469,1925.0
49,101,6.047618865966797,95.0920639038086,315.0
49,102,503.23480224609375,420.4129943847656,477.0
49,103,0.0,0.0,0.0
49,104,0.0,0.0,0.0
49,105,0.0,0.0,0.0
49,106,0.0,0.0,0.0
49,107,0.0,0.0,0.0
49,108,0.0,0.0,0.0
49,109,0.0,0.0,0.0
49,110,0.0,0.0,0.0
49,111,0.0,0.0,0.0
49,112,0.0,0.0,0.0
49,113,0.0,0.0,0.0
49,114,0.0,0.0,0.0
49,115,0.0,0.0,0.0
49,116,0.0,0.0,0.0
49,117,0.0,0.0,0.0
49,118,0.0,0.0,0.0
49,119,0.0,0.0,0.0
49,120,0.0,0.0,0.0
49,121,0.0,0.0,0.0
49,122,0.0,0.0,0.0
49,123,0.0,0.0,0.0
49,124,0.0,0.0,0.0
49,125,0.0,0.0,0.0
49,126,0.0,0.0,0.0
49,127,499.9136047363281,344.7527160644531,1007.0
49,128,0.0,0.0,0.0
49,129,0.0,0.0,0.0
49,130,0.0,0.0,0.0
49,131,0.0,0.0,0.0
49,132,0.0,0.0,0.0
50,0,372.5630187988281,259.5411682128906,595.0
50,1,310.7166442871094,256.9374694824219,2287.0
50,2,418.2043762207031,324.647705078125,4218.0
50,3,164.32339477539062,72.72454833984375,5402.0
50,4,345.8825988769531,284.6391296386719,460.0
50,5,0.0,0.0,0.0
50,6,473.8057861328125,310.0826110839844,1828.0
50,7,235.83644104003903,68.7235336303711,2409.0
50,8,378.2344055175781,88.91484069824219,2278.0
50,9,301.8816833496094,115.54525756835938,7734.0
50,10,335.4954833984375,162.94992065429688,2995.0
50,11,195.55596923828125,212.6623077392578,3752.0
50,12,237.327392578125,259.7562561035156,6396.0
50,13,450.9178466796875,260.2004699707031,4260.0
50,14,0.0,0.0,0.0
50,15,334.3768920898437,36.91961288452149,5150.0
50,16,476.1349182128906,63.88083267211914,4758.0
50,17,92.51734924316406,111.001953125,6139.0
50,18,440.34613037109375,104.00389862060548,1797.0
50,19,398.5582275390625,137.28396606445312,4233.0
50,20,212.6676025390625,126.43853759765624,5719.0
50,21,0.0,0.0,0.0
50,22,0.0,0.0,0.0
50,23,261.3552551269531,187.6237945556641,4152.0
50,24,495.2024841308594,235.6944732666016,3368.0
50,25,152.43812561035156,251.35601806640625,3556.0
50,26,395.0267333984375,385.1616821289063,2245.0
50,27,216.98765563964844,406.4226379394531,6154.0
50,28,261.3028869628906,381.0930480957031,591.0
50,29,26.403356552124023,103.20402526855467,1490.0
50,30,143.379150390625,361.2230529785156,1448.0
50,31,311.9580383300781,393.1617736816406,5384.0
50,32,431.8877258300781,427.2271423339844,766.0
50,33,91.7574234008789,373.0403137207031,4514.0
50,34,365.27545166015625,433.1761474609375,5297.0
50,35,39.94259643554688,163.83058166503906,5383.0
50,36,149.45826721191406,166.72373962402344,5368.0
50,37,53.63756942749024,441.8384399414063,4296.0
50,38,230.1909027099609,449.8942260742188,1891.0
50,39,479.0036926269531,446.7242736816406,2430.0
50,40,423.5328063964844,456.3910827636719,1997.0
50,41,166.38754272460938,484.8290100097656,3228.0
50,42,83.47209930419922,486.0057373046875,1398.0
50,43,0.0,0.0,0.0
50,44,92.07379150390624,196.3702850341797,3022.0
50,45,447.0157775878906,181.3795623779297,4060.0
50,46,16.587846755981445,410.1521301269531,2123.0
50,47,118.08612060546876,476.0711364746094,2601.0
50,48,272.5787658691406,488.2215270996094,1422.0
50,49,229.59796142578125,486.5345764160156,2935.0
50,50,371.6792602539063,487.9217224121094,1827.0
50,51,0.0,0.0,0.0
50,52,49.6328010559082,56.05112838745117,1506.0
50,53,378.8707275390625,281.28759765625,1756.0
50,54,424.3445129394531,492.5369262695313,2505.0
50,55,321.856689453125,493.3784484863281,2254.0
50,56,0.0,0.0,0.0
50,57,0.0,0.0,0.0
50,58,128.7826385498047,318.52783203125,3340.0
50,59,0.0,0.0,0.0
50,60,284.3537902832031,262.5361022949219,554.0
50,61,269.6727600097656,345.6123962402344,2402.0
50,62,483.690673828125,490.3088989257813,2305.0
50,63,0.0,0.0,0.0
50,64,206.68609619140625,34.05263137817383,532.0
50,65,29.74485206604004,489.2226867675781,2865.0
50,66,0.0,0.0,0.0
50,67,34.354522705078125,372.1929321289063,2234.0
50,68,134.60873413085938,414.1187438964844,4396.0
50,69,295.8883972167969,454.735595703125,2258.0
50,70,0.0,0.0,0.0
50,71,191.89727783203125,322.7138061523437,4546.0
50,72,166.44154357910156,438.7947998046875,1189.0
50,73,0.0,0.0,0.0
50,74,91.10818481445312,36.77476501464844,4058.0
50,75,463.853515625,382.2425537109375,6151.0
50,76,0.0,0.0,0.0
50,77,17.267255783081055,64.71065521240234,1811.0
50,78,366.1042175292969,339.3650817871094,3128.0
50,79,0.0,0.0,0.0
50,80,23.558883666992188,226.78765869140625,3405.0
50,81,0.0,0.0,0.0
50,82,0.0,0.0,0.0
50,83,98.27637481689452,257.7236328125,5138.0
50,84,403.674560546875,38.3482666015625,4821.0
50,85,5.627071857452393,122.79833984375,362.0
50,86,0.0,0.0,0.0
50,87,401.5578918457031,217.7490997314453,4456.0
50,88,148.5430450439453,19.144207000732425,2753.0
50,89,486.9280090332031,137.73748779296875,4015.0
50,90,40.8201904296875,306.15673828125,7191.0
50,91,0.0,0.0,0.0
50,92,468.6499938964844,15.981278419494627,2457.0
50,93,338.09490966796875,218.6631622314453,4952.0
50,94,308.146484375,312.813720703125,4751.0
50,95,269.0223693847656,32.42782974243164,4427.0
50,96,209.9532470703125,12.461173057556152,1262.0
50,97,27.71550178527832,17.701322555541992,2116.0
50,98,0.0,0.0,0.0
50,99,502.5386047363281,312.5224304199219,557.0
50,100,233.16909790039065,346.06866455078125,1922.0
50,101,0.0,0.0,0.0
50,102,503.2186584472656,421.7779541015625,590.0
50,103,0.0,0.0,0.0
50,104,0.0,0.0,0.0
50,105,0.0,0.0,0.0
50,106,0.0,0.0,0.0
50,107,0.0,0.0,0.0
50,108,0.0,0.0,0.0
50,109,0.0,0.0,0.0
50,110,0.0,0.0,0.0
50,111,0.0,0.0,0.0
50,112,0.0,0.0,0.0
50,113,0.0,0.0,0.0
50,114,0.0,0.0,0.0
50,115,0.0,0.0,0.0
50,116,0.0,0.0,0.0
50,117,0.0,0.0,0.0
50,118,0.0,0.0,0.0
50,119,0.0,0.0,0.0
50,120,0.0,0.0,0.0
50,121,0.0,0.0,0.0
50,122,0.0,0.0,0.0
50,123,0.0,0.0,0.0
50,124,0.0,0.0,0.0
50,125,0.0,0.0,0.0
50,126,0.0,0.0,0.0
50,127,499.6816101074219,345.5328369140625,914.0
50,128,0.0,0.0,0.0
50,129,0.0,0.0,0.0
50,130,0.0,0.0,0.0
50,131,0.0,0.0,0.0
50,132,0.0,0.0,0.0
51,0,366.9622497558594,263.3672790527344,874.0
51,1,310.845947265625,258.35748291015625,2168.0
51,2,417.30316162109375,324.6062927246094,4097.0
51,3,164.31655883789062,74.06554412841797,5645.0
51,4,0.0,0.0,0.0
51,5,0.0,0.0,0.0
51,6,472.0395812988281,309.7502746582031,1870.0
51,7,235.4830322265625,69.28594207763672,2476.0
51,8,378.4899291992188,90.38369750976562,2184.0
51,9,302.46649169921875,116.45635223388672,7503.0
51,10,334.5164794921875,163.8653106689453,3096.0
51,11,196.24888610839844,214.0654754638672,3604.0
51,12,238.10916137695312,260.1895446777344,6458.0
51,13,451.1018676757813,260.3629150390625,4045.0
51,14,0.0,0.0,0.0
51,15,334.25201416015625,37.56797409057617,5127.0
51,16,476.29833984375,64.8421401977539,4656.0
51,17,92.9958038330078,112.64311981201172,6201.0
51,18,437.1309509277344,100.91309356689452,1680.0
51,19,398.5600891113281,138.1387939453125,4251.0
51,20,214.11622619628903,127.7416534423828,5601.0
51,21,0.0,0.0,0.0
51,22,0.0,0.0,0.0
51,23,261.55035400390625,188.3565826416016,4072.0
51,24,494.7337646484375,234.7492218017578,3557.0
51,25,152.7257843017578,252.12014770507807,3654.0
51,26,394.6233215332031,384.34320068359375,2092.0
51,27,217.7823486328125,408.5884094238281,5904.0
51,28,260.1192932128906,388.6526184082031,285.0
51,29,31.98429679870605,105.54817962646484,1401.0
51,30,142.58538818359375,361.2430114746094,1218.0
51,31,311.3150329589844,394.8323059082031,5063.0
51,32,432.759765625,427.2653503417969,716.0
51,33,92.14977264404295,373.5290222167969,4340.0
51,34,365.5394592285156,433.4142150878906,5613.0
51,35,39.02153778076172,165.39788818359375,5293.0
51,36,151.4888916015625,167.6854248046875,5312.0
51,37,53.67922592163086,441.3784790039063,4246.0
51,38,235.2317657470703,449.221923828125,1933.0
51,39,479.93548583984375,447.12786865234375,2526.0
51,40,423.9920959472656,456.11474609375,2022.0
51,41,166.1724395751953,484.86279296875,3207.0
51,42,83.99275207519531,485.6539306640625,1517.0
51,43,0.0,0.0,0.0
51,44,94.40386199951172,194.98239135742188,2954.0
51,45,445.5714721679688,182.31439208984372,4030.0
51,46,16.489412307739258,409.9646911621094,2125.0
51,47,119.29684448242188,477.3460998535156,2375.0
51,48,272.8479309082031,488.59124755859375,1348.0
51,49,228.8945770263672,487.0783081054688,2988.0
51,50,372.8036193847656,488.6149291992188,1553.0
51,51,0.0,0.0,0.0
51,52,49.92307662963867,56.22192001342773,1469.0
51,53,376.3595886230469,284.6438293457031,1752.0
51,54,423.5188598632813,492.50823974609375,2544.0
51,55,323.1255798339844,493.64068603515625,2349.0
51,56,0.0,0.0,0.0
51,57,0.0,0.0,0.0
51,58,126.51541900634766,319.44000244140625,3275.0
51,59,0.0,0.0,0.0
51,60,284.5165100097656,264.376708984375,515.0
51,61,269.1420288085937,350.29217529296875,2957.0
51,62,483.3876953125,490.8488159179688,2262.0
51,63,0.0,0.0,0.0
51,64,206.49468994140625,33.921443939208984,471.0
51,65,29.554933547973636,488.84326171875,2858.0
51,66,0.0,0.0,0.0
51,67,35.31493377685547,373.0140380859375,2210.0
51,68,136.39434814453125,414.620361328125,5031.0
51,69,296.7165832519531,455.5640258789063,2124.0
51,70,0.0,0.0,0.0
51,71,189.7743225097656,323.5316162109375,4759.0
51,72,167.54031372070312,441.6743469238281,955.0
51,73,0.0,0.0,0.0
51,74,89.83390808105469,37.13460540771485,4034.0
51,75,463.27923583984375,381.6522216796875,6271.0
51,76,0.0,0.0,0.0
51,77,17.667036056518555,64.90763092041016,1808.0
51,78,365.2476501464844,341.03875732421875,3174.0
51,79,0.0,0.0,0.0
51,80,24.0049991607666,228.1252593994141,3401.0
51,81,0.0,0.0,0.0
51,82,0.0,0.0,0.0
51,83,97.02942657470705,257.1280517578125,5302.0
51,84,402.681396484375,38.36995697021485,4906.0
51,85,5.55955696105957,122.4072036743164,361.0
51,86,0.0,0.0,0.0
51,87,401.8408203125,220.5383453369141,4473.0
51,88,147.3690948486328,19.1806640625,2834.0
51,89,485.2638244628906,137.20126342773438,4268.0
51,90,40.95397567749024,307.867431640625,7105.0
51,91,0.0,0.0,0.0
51,92,468.021240234375,16.427356719970703,2588.0
51,93,337.7522888183594,219.25770568847656,4994.0
51,94,310.0743408203125,312.4119567871094,4923.0
51,95,269.62921142578125,33.97682571411133,4617.0
51,96,209.6987152099609,12.676759719848633,1321.0
51,97,26.45612335205078,18.150917053222656,2074.0
51,98,0.0,0.0,0.0
51,99,502.3316040039063,311.9739685058594,576.0
51,100,231.67564392089844,347.75299072265625,2004.0
51,101,0.0,0.0,0.0
51,102,502.8033142089844,420.4859619140625,605.0
51,103,5.452755928039551,96.05511474609376,254.0
51,104,0.0,0.0,0.0
51,105,0.0,0.0,0.0
51,106,0.0,0.0,0.0
51,107,0.0,0.0,0.0
51,108,0.0,0.0,0.0
51,109,0.0,0.0,0.0
51,110,0.0,0.0,0.0
51,111,0.0,0.0,0.0
51,112,0.0,0.0,0.0
51,113,0.0,0.0,0.0
51,114,0.0,0.0,0.0
51,115,0.0,0.0,0.0
51,116,0.0,0.0,0.0
51,117,0.0,0.0,0.0
51,118,0.0,0.0,0.0
51,119,0.0,0.0,0.0
51,120,0.0,0.0,0.0
51,121,0.0,0.0,0.0
51,122,0.0,0.0,0.0
51,123,0.0,0.0,0.0
51,124,0.0,0.0,0.0
51,125,0.0,0.0,0.0
51,126,0.0,0.0,0.0
51,127,499.0289916992188,343.6622009277344,897.0
51,128,0.0,0.0,0.0
51,129,0.0,0.0,0.0
51,130,0.0,0.0,0.0
51,131,0.0,0.0,0.0
51,132,0.0,0.0,0.0
52,0,366.09271240234375,264.3363647460937,1100.0
52,1,311.5580139160156,259.01910400390625,2043.0
52,2,416.7891540527344,324.1761474609375,4150.0
52,3,163.54489135742188,76.14019012451172,5792.0
52,4,0.0,0.0,0.0
52,5,0.0,0.0,0.0
52,6,470.44384765625,309.107421875,1843.0
52,7,234.60743713378903,72.7542724609375,2690.0
52,8,378.8416442871094,89.41281127929688,2248.0
52,9,302.5992736816406,117.62939453125,7334.0
52,10,335.8840026855469,163.2544403076172,3207.0
52,11,196.36282348632807,215.39002990722656,3492.0
52,12,238.679443359375,260.59521484375,6364.0
52,13,452.6014709472656,262.19683837890625,3287.0
52,14,0.0,0.0,0.0
52,15,333.283447265625,38.64219665527344,5313.0
52,16,473.5367126464844,67.3072509765625,4358.0
52,17,92.4604721069336,114.77249145507812,6224.0
52,18,435.0785217285156,98.55598449707033,1554.0
52,19,400.39544677734375,137.96026611328125,4228.0
52,20,214.48416137695312,131.24273681640625,5335.0
52,21,0.0,0.0,0.0
52,22,0.0,0.0,0.0
52,23,262.8446655273437,190.7201385498047,4152.0
52,24,492.3122253417969,216.57928466796875,2636.0
52,25,152.993896484375,252.3307037353516,3937.0
52,26,397.35748291015625,385.4780578613281,1891.0
52,27,220.03488159179688,410.77093505859375,6077.0
52,28,261.6303405761719,387.9533081054688,257.0
52,29,27.901878356933597,110.57098388671876,958.0
52,30,141.54295349121094,363.6922302246094,1199.0
52,31,310.61199951171875,395.4823913574219,4938.0
52,32,429.9788208007813,427.7999877929688,755.0
52,33,91.47904205322266,374.2225646972656,4246.0
52,34,364.6037902832031,434.2409362792969,5603.0
52,35,38.22205352783203,164.54713439941406,5251.0
52,36,152.58982849121094,168.09127807617188,5171.0
52,37,53.18636703491211,442.1708984375,4137.0
52,38,229.2092437744141,451.6175231933594,1472.0
52,39,477.6650085449219,446.907958984375,2618.0
52,40,422.8251647949219,456.8180847167969,1836.0
52,41,165.34506225585938,485.4851989746094,3211.0
52,42,85.0228500366211,485.4354553222656,1619.0
52,43,0.0,0.0,0.0
52,44,93.96604919433594,196.151611328125,3034.0
52,45,444.5653991699219,184.05552673339844,4052.0
52,46,16.284080505371094,410.9237365722656,2098.0
52,47,119.8796615600586,476.49267578125,2119.0
52,48,272.70184326171875,488.7056884765625,1298.0
52,49,228.8207550048828,486.2601623535156,3102.0
52,50,371.8103942871094,488.2648010253906,1503.0
52,51,0.0,0.0,0.0
52,52,51.11111068725586,58.20561981201172,1566.0
52,53,374.0980224609375,287.1935729980469,1622.0
52,54,422.3070983886719,492.5482177734375,2592.0
52,55,322.3302307128906,493.7107238769531,2368.0
52,56,0.0,0.0,0.0
52,57,0.0,0.0,0.0
52,58,124.85587310791016,321.0937194824219,3254.0
52,59,0.0,0.0,0.0
52,60,284.94775390625,268.1473999023437,536.0
52,61,268.5015563964844,347.8455810546875,3186.0
52,62,483.4187927246094,490.494140625,2309.0
52,63,0.0,0.0,0.0
52,64,206.77757263183597,35.132354736328125,544.0
52,65,30.55678939819336,488.4801940917969,2703.0
52,66,0.0,0.0,0.0
52,67,35.293792724609375,373.4528198242188,2352.0
52,68,136.66603088378906,416.04046630859375,5264.0
52,69,294.293701171875,454.5100708007813,2186.0
52,70,0.0,0.0,0.0
52,71,187.48866271972656,324.1240234375,4805.0
52,72,168.16751098632812,443.5365295410156,794.0
52,73,0.0,0.0,0.0
52,74,94.73868560791016,47.756568908691406,2740.0
52,75,462.8799133300781,381.4603271484375,6337.0
52,76,0.0,0.0,0.0
52,77,18.79730224609375,72.43604278564453,2447.0
52,78,364.62005615234375,345.3375549316406,3398.0
52,79,0.0,0.0,0.0
52,80,23.391292572021484,228.21624755859372,3422.0
52,81,0.0,0.0,0.0
52,82,0.0,0.0,0.0
52,83,96.10261535644533,257.9637145996094,5321.0
52,84,402.0353698730469,37.97593307495117,4695.0
52,85,4.897674560546875,122.13953399658205,215.0
52,86,0.0,0.0,0.0
52,87,403.0802612304688,224.38494873046875,4972.0
52,88,146.15774536132812,19.711767196655277,3119.0
52,89,484.55950927734375,136.48077392578125,4370.0
52,90,40.30941390991211,308.0492248535156,6926.0
52,91,0.0,0.0,0.0
52,92,465.462890625,16.465625762939453,2560.0
52,93,336.8932189941406,218.8499755859375,4786.0
52,94,311.1575622558594,312.844970703125,4722.0
52,95,268.8246154785156,34.75407409667969,4664.0
52,96,210.8067169189453,12.660809516906738,1309.0
52,97,26.776615142822266,18.447242736816406,2104.0
52,98,0.0,0.0,0.0
52,99,500.8214721679688,313.9638061523437,801.0
52,100,229.41856384277344,349.3522644042969,2112.0
52,101,0.0,0.0,0.0
52,102,502.7724609375,422.3126831054688,646.0
52,103,0.0,0.0,0.0
52,104,75.54717254638672,13.738422393798828,1166.0
52,105,502.9656066894531,30.71990203857422,407.0
52,106,495.6281433105469,274.1424865722656,1151.0
52,107,0.0,0.0,0.0
52,108,0.0,0.0,0.0
52,109,0.0,0.0,0.0
52,110,0.0,0.0,0.0
52,111,0.0,0.0,0.0
52,112,0.0,0.0,0.0
52,113,0.0,0.0,0.0
52,114,0.0,0.0,0.0
52,115,0.0,0.0,0.0
52,116,0.0,0.0,0.0
52,117,0.0,0.0,0.0
52,118,0.0,0.0,0.0
52,119,0.0,0.0,0.0
52,120,0.0,0.0,0.0
52,121,0.0,0.0,0.0
52,122,0.0,0.0,0.0
52,123,0.0,0.0,0.0
52,124,0.0,0.0,0.0
52,125,0.0,0.0,0.0
52,126,0.0,0.0,0.0
52,127,499.3930969238281,345.7296447753906,725.0
52,128,0.0,0.0,0.0
52,129,0.0,0.0,0.0
52,130,0.0,0.0,0.0
52,131,0.0,0.0,0.0
52,132,0.0,0.0,0.0
53,0,366.7892150878906,265.4937438964844,1039.0
53,1,311.6288452148437,258.7100830078125,2142.0
53,2,417.1267700195313,324.1725769042969,4149.0
53,3,163.40003967285156,77.41581726074219,5767.0
53,4,0.0,0.0,0.0
53,5,0.0,0.0,0.0
53,6,470.377685546875,309.1241149902344,1676.0
53,7,234.9789581298828,74.89811706542969,2709.0
53,8,379.82330322265625,90.8603286743164,2377.0
53,9,302.6103820800781,118.3205108642578,7017.0
53,10,337.34747314453125,162.54071044921875,3255.0
53,11,196.7845458984375,216.8717803955078,3221.0
53,12,239.3448944091797,260.358642578125,6402.0
53,13,453.69964599609375,263.859130859375,2740.0
53,14,0.0,0.0,0.0
53,15,333.8529663085937,39.204837799072266,5414.0
53,16,472.69232177734375,68.42474365234375,4365.0
53,17,92.49874877929688,116.74005126953124,6382.0
53,18,428.7571716308594,92.15291595458984,1079.0
53,19,401.9204711914063,139.0039825439453,4275.0
53,20,214.94992065429688,133.93328857421875,5411.0
53,21,0.0,0.0,0.0
53,22,0.0,0.0,0.0
53,23,264.75067138671875,191.39913940429688,4179.0
53,24,491.2225036621094,216.36587524414065,2755.0
53,25,153.9239959716797,253.06858825683597,4039.0
53,26,400.2709045410156,387.119140625,1746.0
53,27,221.87835693359372,412.6705017089844,6149.0
53,28,0.0,0.0,0.0
53,29,26.11703109741211,111.83824920654295,1051.0
53,30,139.2075958251953,363.3263244628906,1238.0
53,31,309.0214538574219,396.139892578125,4847.0
53,32,429.8939208984375,429.9952392578125,839.0
53,33,90.8815689086914,375.5887451171875,3842.0
53,34,363.907958984375,434.8899536132813,5607.0
53,35,36.70132827758789,164.82418823242188,5193.0
53,36,153.57363891601562,169.6773223876953,5160.0
53,37,51.71346664428711,441.8782653808594,4181.0
53,38,227.88641357421875,453.0937194824219,1259.0
53,39,475.83245849609375,448.4609680175781,2638.0
53,40,420.4406127929688,457.48150634765625,1541.0
53,41,164.64596557617188,484.9265747070313,3268.0
53,42,85.03694915771484,485.1605224609375,1651.0
53,43,0.0,0.0,0.0
53,44,93.86585235595705,196.49435424804688,3101.0
53,45,443.7526245117188,185.094970703125,4075.0
53,46,15.73770523071289,410.7014465332031,2013.0
53,47,119.5199203491211,478.7858581542969,2008.0
53,48,272.8861389160156,488.746826171875,1335.0
53,49,228.2982635498047,486.4041137695313,3118.0
53,50,372.489990234375,488.1252746582031,1349.0
53,51,0.0,0.0,0.0
53,52,51.70429992675781,60.28091430664063,1488.0
53,53,373.0599365234375,288.03631591796875,1652.0
53,54,421.8441162109375,491.6163330078125,2643.0
53,55,324.1710510253906,493.3615112304688,2473.0
53,56,0.0,0.0,0.0
53,57,0.0,0.0,0.0
53,58,123.6800765991211,321.5166931152344,3232.0
53,59,0.0,0.0,0.0
53,60,285.8484802246094,264.3393859863281,330.0
53,61,268.0712585449219,348.3192749023437,3536.0
53,62,484.0108947753906,490.65185546875,2295.0
53,63,0.0,0.0,0.0
53,64,206.61593627929688,36.21159362792969,690.0
53,65,30.64161491394043,489.3946838378906,2701.0
53,66,0.0,0.0,0.0
53,67,36.35607147216797,373.8206787109375,2331.0
53,68,140.15628051757812,418.95751953125,6405.0
53,69,293.52154541015625,454.9219970703125,2090.0
53,70,0.0,0.0,0.0
53,71,187.28778076171875,325.6698608398437,4910.0
53,72,0.0,0.0,0.0
53,73,0.0,0.0,0.0
53,74,95.0412826538086,50.278934478759766,2592.0
53,75,462.5906677246094,382.0365905761719,6342.0
53,76,0.0,0.0,0.0
53,77,18.592365264892575,73.06937408447266,2436.0
53,78,365.0061340332031,348.9518127441406,3755.0
53,79,0.0,0.0,0.0
53,80,23.311397552490234,228.6686248779297,3404.0
53,81,0.0,0.0,0.0
53,82,0.0,0.0,0.0
53,83,96.0968017578125,258.8233947753906,5413.0
53,84,402.0052795410156,37.62491607666016,4559.0
53,85,0.0,0.0,0.0
53,86,0.0,0.0,0.0
53,87,404.9358825683594,228.38943481445312,5146.0
53,88,146.26966857910156,20.243038177490234,3304.0
53,89,484.2763977050781,136.20140075683594,4414.0
53,90,40.02964782714844,309.1190185546875,7016.0
53,91,0.0,0.0,0.0
53,92,466.1195373535156,17.075458526611328,2677.0
53,93,338.27117919921875,219.07290649414065,4746.0
53,94,311.1542053222656,312.69696044921875,4689.0
53,95,269.5267944335937,36.29738235473633,4812.0
53,96,212.2064971923828,12.57463264465332,1293.0
53,97,25.992435455322266,19.635461807250977,2115.0
53,98,0.0,0.0,0.0
53,99,499.7524108886719,318.2882080078125,1034.0
53,100,229.2790679931641,349.6841125488281,2064.0
53,101,0.0,0.0,0.0
53,102,502.6318054199219,423.4992980957031,717.0
53,103,0.0,0.0,0.0
53,104,74.59559631347656,15.393397331237791,1454.0
53,105,503.2193908691406,34.05867385864258,392.0
53,106,494.1200256347656,274.4273681640625,1308.0
53,107,448.1383972167969,114.59861755371094,289.0
53,108,0.0,0.0,0.0
53,109,0.0,0.0,0.0
53,110,0.0,0.0,0.0
53,111,0.0,0.0,0.0
53,112,0.0,0.0,0.0
53,113,0.0,0.0,0.0
53,114,0.0,0.0,0.0
53,115,0.0,0.0,0.0
53,116,0.0,0.0,0.0
53,117,0.0,0.0,0.0
53,118,0.0,0.0,0.0
53,119,0.0,0.0,0.0
53,120,0.0,0.0,0.0
53,121,0.0,0.0,0.0
53,122,0.0,0.0,0.0
53,123,0.0,0.0,0.0
53,124,0.0,0.0,0.0
53,125,0.0,0.0,0.0
53,126,0.0,0.0,0.0
53,127,499.47845458984375,351.7488708496094,673.0
53,128,0.0,0.0,0.0
53,129,0.0,0.0,0.0
53,130,0.0,0.0,0.0
53,131,0.0,0.0,0.0
53,132,0.0,0.0,0.0
54,0,359.2693786621094,265.7664794921875,865.0
54,1,310.85968017578125,259.7848205566406,2017.0
54,2,417.8293762207031,324.6584777832031,4073.0
54,3,163.3498077392578,79.1214370727539,5929.0
54,4,0.0,0.0,0.0
54,5,0.0,0.0,0.0
54,6,470.4512023925781,307.5889892578125,1691.0
54,7,235.0751495361328,75.31597900390625,2728.0
54,8,380.8959655761719,91.29757690429688,2480.0
54,9,303.43072509765625,119.26996612548828,6923.0
54,10,339.1537475585937,161.42823791503906,2940.0
54,11,197.19073486328125,217.74205017089844,3020.0
54,12,238.7395782470703,259.8045959472656,6336.0
54,13,453.3156433105469,264.6246643066406,2563.0
54,14,0.0,0.0,0.0
54,15,334.5946044921875,40.22198486328125,5649.0
54,16,471.9839782714844,68.86109924316406,4118.0
54,17,92.20901489257812,119.07186126708984,6234.0
54,18,427.8988952636719,90.6600570678711,1009.0
54,19,401.9561462402344,138.81773376464844,4082.0
54,20,215.9367828369141,134.02044677734375,5283.0
54,21,0.0,0.0,0.0
54,22,0.0,0.0,0.0
54,23,264.739013671875,191.4075927734375,4345.0
54,24,490.854248046875,215.1510162353516,2854.0
54,25,154.81011962890625,252.25588989257807,4029.0
54,26,400.7702026367188,386.5481872558594,1671.0
54,27,219.39340209960935,410.57623291015625,6027.0
54,28,0.0,0.0,0.0
54,29,0.0,0.0,0.0
54,30,134.4647674560547,364.26666259765625,1050.0
54,31,307.2340393066406,397.67474365234375,4790.0
54,32,430.0581359863281,431.6975402832031,1015.0
54,33,90.04241180419922,375.37054443359375,3395.0
54,34,363.9723510742188,434.0514221191406,5678.0
54,35,36.00532913208008,164.55966186523438,5255.0
54,36,154.4226837158203,170.68116760253906,5219.0
54,37,51.916046142578125,442.37255859375,4300.0
54,38,234.0007476806641,449.6694030761719,1346.0
54,39,476.0743103027344,448.5294494628906,2597.0
54,40,419.3564758300781,459.153076171875,1411.0
54,41,163.57916259765625,484.391357421875,3291.0
54,42,86.91681671142578,488.7130737304688,1659.0
54,43,0.0,0.0,0.0
54,44,94.04548645019533,197.6215057373047,3078.0
54,45,442.3318786621094,185.35699462890625,4143.0
54,46,15.187966346740724,409.51416015625,2011.0
54,47,119.93084716796876,480.2423400878906,1634.0
54,48,272.3636474609375,490.0339965820313,1265.0
54,49,226.58946228027344,484.5450134277344,3398.0
54,50,371.5495910644531,487.5361633300781,1341.0
54,51,0.0,0.0,0.0
54,52,52.39235305786133,61.406436920166016,1491.0
54,53,374.5357971191406,288.1014709472656,2040.0
54,54,421.288818359375,492.0157165527344,2673.0
54,55,323.8333435058594,493.1785583496094,2526.0
54,56,0.0,0.0,0.0
54,57,0.0,0.0,0.0
54,58,0.0,0.0,0.0
54,59,0.0,0.0,0.0
54,60,284.04071044921875,268.3959350585937,442.0
54,61,267.6054382324219,345.5533142089844,3817.0
54,62,483.58831787109375,490.51861572265625,2310.0
54,63,0.0,0.0,0.0
54,64,206.6443328857422,36.69058990478516,627.0
54,65,28.64561462402344,488.6676330566406,2771.0
54,66,0.0,0.0,0.0
54,67,36.88385391235352,373.3119201660156,2273.0
54,68,136.82579040527344,419.3637390136719,6865.0
54,69,293.1893920898437,456.5220642089844,2017.0
54,70,0.0,0.0,0.0
54,71,160.5999298095703,324.5486145019531,7876.0
54,72,0.0,0.0,0.0
54,73,0.0,0.0,0.0
54,74,95.4600601196289,53.676116943359375,2504.0
54,75,462.22174072265625,381.8036193847656,6345.0
54,76,0.0,0.0,0.0
54,77,21.21293067932129,83.6227035522461,3480.0
54,78,364.4751281738281,351.25732421875,3719.0
54,79,0.0,0.0,0.0
54,80,24.12052726745605,229.2877197265625,3493.0
54,81,0.0,0.0,0.0
54,82,0.0,0.0,0.0
54,83,96.67496490478516,260.7367248535156,5504.0
54,84,403.1944885253906,36.91600036621094,4381.0
54,85,0.0,0.0,0.0
54,86,0.0,0.0,0.0
54,87,405.20025634765625,229.545166015625,5158.0
54,88,146.54722595214844,20.907838821411133,3483.0
54,89,484.3765563964844,135.41448974609375,4456.0
54,90,40.73402786254883,310.3377380371094,7091.0
54,91,0.0,0.0,0.0
54,92,466.2346801757813,17.179180145263672,2757.0
54,93,337.7266540527344,217.7899627685547,5023.0
54,94,313.0583801269531,313.6432800292969,4505.0
54,95,269.73345947265625,36.73324966430664,4866.0
54,96,213.8255157470703,13.059185028076172,1301.0
54,97,25.669557571411133,19.528902053833008,2076.0
54,98,0.0,0.0,0.0
54,99,499.8592834472656,317.41717529296875,1002.0
54,100,227.8394317626953,348.9661560058594,2186.0
54,101,0.0,0.0,0.0
54,102,502.6314086914063,423.58306884765625,662.0
54,103,0.0,0.0,0.0
54,104,75.02070617675781,17.155298233032227,1642.0
54,105,503.2938537597656,37.89006423950195,473.0
54,106,493.4118041992188,273.9006042480469,1338.0
54,107,446.9006652832031,114.1788101196289,453.0
54,108,0.0,0.0,0.0
54,109,0.0,0.0,0.0
54,110,0.0,0.0,0.0
54,111,0.0,0.0,0.0
54,112,0.0,0.0,0.0
54,113,0.0,0.0,0.0
54,114,0.0,0.0,0.0
54,115,0.0,0.0,0.0
54,116,0.0,0.0,0.0
54,117,0.0,0.0,0.0
54,118,0.0,0.0,0.0
54,119,0.0,0.0,0.0
54,120,0.0,0.0,0.0
54,121,0.0,0.0,0.0
54,122,0.0,0.0,0.0
54,123,0.0,0.0,0.0
54,124,0.0,0.0,0.0
54,125,0.0,0.0,0.0
54,126,0.0,0.0,0.0
54,127,498.8333435058594,351.45416259765625,720.0
54,128,0.0,0.0,0.0
54,129,0.0,0.0,0.0
54,130,0.0,0.0,0.0
54,131,0.0,0.0,0.0
54,132,0.0,0.0,0.0
55,0,361.0537109375,266.017578125,1024.0
55,1,310.2250061035156,259.07586669921875,1911.0
55,2,417.2966918945313,325.9498291015625,3947.0
55,3,163.5458526611328,80.2823257446289,6117.0
55,4,0.0,0.0,0.0
55,5,0.0,0.0,0.0
55,6,469.4270324707031,307.0795593261719,1672.0
55,7,234.9563140869141,77.27392578125,2884.0
55,8,382.8587646484375,93.10739135742188,2747.0
55,9,303.9639587402344,119.6517333984375,6963.0
55,10,340.7778015136719,163.1153564453125,3398.0
55,11,197.0321502685547,220.1836700439453,2706.0
55,12,238.46371459960935,258.5089111328125,6284.0
55,13,452.1118774414063,263.62799072265625,2914.0
55,14,0.0,0.0,0.0
55,15,336.413818359375,40.48805618286133,5860.0
55,16,471.2586975097656,70.06441497802734,3881.0
55,17,92.54959869384766,121.29339599609376,6210.0
55,18,435.3342590332031,100.51927185058594,1427.0
55,19,403.73046875,139.45901489257812,3599.0
55,20,215.6363525390625,137.16053771972656,5145.0
55,21,0.0,0.0,0.0
55,22,0.0,0.0,0.0
55,23,264.6365661621094,189.8050842285156,4053.0
55,24,491.0661926269531,215.97715759277344,2976.0
55,25,155.11936950683594,252.4688415527344,4172.0
55,26,400.455078125,387.7825012207031,1692.0
55,27,218.4910430908203,409.9184875488281,5582.0
55,28,0.0,0.0,0.0
55,29,0.0,0.0,0.0
55,30,130.77835083007812,364.3631591796875,1173.0
55,31,305.6842956542969,398.85845947265625,4536.0
55,32,428.467041015625,432.6989440917969,1229.0
55,33,90.09180450439452,376.7051696777344,2832.0
55,34,362.3840026855469,434.7308349609375,5703.0
55,35,35.35435485839844,164.49037170410156,5249.0
55,36,155.8367462158203,171.99942016601562,5121.0
55,37,51.55085754394531,440.7117614746094,4375.0
55,38,234.09580993652344,449.2942504882813,1910.0
55,39,474.16351318359375,449.6695556640625,2654.0
55,40,416.7181701660156,459.2771606445313,1068.0
55,41,162.7732391357422,483.6667785644531,3259.0
55,42,85.2890396118164,490.928955078125,1633.0
55,43,0.0,0.0,0.0
55,44,94.34468841552734,198.76031494140625,3200.0
55,45,440.4863586425781,185.22592163085935,4174.0
55,46,14.039915084838867,407.6897277832031,1879.0
55,47,120.03720092773438,482.6876220703125,1559.0
55,48,271.6602783203125,490.9768676757813,1254.0
55,49,225.9029235839844,485.73486328125,3255.0
55,50,371.3719482421875,487.2210388183594,1398.0
55,51,0.0,0.0,0.0
55,52,51.71378707885742,65.76950073242188,1436.0
55,53,373.6138305664063,290.2670288085937,1981.0
55,54,421.9934997558594,490.8716735839844,2774.0
55,55,322.659423828125,493.3058166503906,2531.0
55,56,0.0,0.0,0.0
55,57,0.0,0.0,0.0
55,58,0.0,0.0,0.0
55,59,0.0,0.0,0.0
55,60,283.427978515625,266.08447265625,722.0
55,61,268.8663024902344,344.4783935546875,4024.0
55,62,484.6990661621094,490.5611267089844,2233.0
55,63,0.0,0.0,0.0
55,64,206.34864807128903,36.58795547485352,631.0
55,65,27.654741287231445,487.66009521484375,2795.0
55,66,0.0,0.0,0.0
55,67,38.616844177246094,372.8575439453125,2422.0
55,68,135.12750244140625,420.4586791992188,7090.0
55,69,293.2054748535156,456.5751037597656,1864.0
55,70,0.0,0.0,0.0
55,71,160.15817260742188,324.809326171875,7751.0
55,72,0.0,0.0,0.0
55,73,0.0,0.0,0.0
55,74,94.61612701416016,57.194034576416016,2381.0
55,75,462.48291015625,381.3418273925781,6351.0
55,76,0.0,0.0,0.0
55,77,20.757740020751957,83.63540649414062,3327.0
55,78,363.5461120605469,352.45233154296875,3838.0
55,79,0.0,0.0,0.0
55,80,24.40813446044922,229.5416717529297,3467.0
55,81,0.0,0.0,0.0
55,82,0.0,0.0,0.0
55,83,94.75955963134766,262.1884460449219,5598.0
55,84,404.68304443359375,36.83781814575195,4051.0
55,85,0.0,0.0,0.0
55,86,0.0,0.0,0.0
55,87,403.5426940917969,229.94859313964844,4883.0
55,88,146.0376739501953,21.687971115112305,3583.0
55,89,484.1708679199219,135.8858642578125,4512.0
55,90,41.14949417114258,312.3011169433594,7017.0
55,91,0.0,0.0,0.0
55,92,464.9306945800781,17.678558349609375,2943.0
55,93,336.585205078125,219.79638671875,4759.0
55,94,314.752197265625,314.03765869140625,4302.0
55,95,270.00665283203125,37.445587158203125,4962.0
55,96,213.7545318603516,13.07703971862793,1324.0
55,97,24.07146453857422,20.60396957397461,2015.0
55,98,0.0,0.0,0.0
55,99,499.14154052734375,319.0054931640625,1095.0
55,100,226.85923767089844,348.5940246582031,2515.0
55,101,0.0,0.0,0.0
55,102,502.3622131347656,424.5340881347656,704.0
55,103,0.0,0.0,0.0
55,104,73.82998657226562,19.043437957763672,2141.0
55,105,503.0718994140625,42.58466339111328,626.0
55,106,493.4190979003906,275.83172607421875,1236.0
55,107,0.0,0.0,0.0
55,108,0.0,0.0,0.0
55,109,0.0,0.0,0.0
55,110,0.0,0.0,0.0
55,111,0.0,0.0,0.0
55,112,0.0,0.0,0.0
55,113,0.0,0.0,0.0
55,114,0.0,0.0,0.0
55,115,0.0,0.0,0.0
55,116,0.0,0.0,0.0
55,117,0.0,0.0,0.0
55,118,0.0,0.0,0.0
55,119,0.0,0.0,0.0
55,120,0.0,0.0,0.0
55,121,0.0,0.0,0.0
55,122,0.0,0.0,0.0
55,123,0.0,0.0,0.0
55,124,0.0,0.0,0.0
55,125,0.0,0.0,0.0
55,126,0.0,0.0,0.0
55,127,498.73431396484375,352.5492553710937,670.0
55,128,0.0,0.0,0.0
55,129,0.0,0.0,0.0
55,130,0.0,0.0,0.0
55,131,0.0,0.0,0.0
55,132,0.0,0.0,0.0
56,0,362.11627197265625,264.7013854980469,1075.0
56,1,311.74151611328125,260.1192321777344,1795.0
56,2,417.320556640625,327.8341369628906,3678.0
56,3,163.4121856689453,81.11730194091797,6104.0
56,4,0.0,0.0,0.0
56,5,0.0,0.0,0.0
56,6,468.510498046875,306.9784240722656,1714.0
56,7,234.9412384033203,79.40656280517578,2927.0
56,8,382.61474609375,95.78165435791016,2780.0
56,9,305.6229553222656,121.21336364746094,6946.0
56,10,343.2349548339844,163.87538146972656,3226.0
56,11,198.10353088378903,222.52825927734372,2637.0
56,12,238.5362548828125,258.56719970703125,6012.0
56,13,449.7638244628906,264.5947570800781,2981.0
56,14,0.0,0.0,0.0
56,15,336.7818908691406,40.76258850097656,6116.0
56,16,471.1621398925781,69.56951141357422,3805.0
56,17,92.76560974121094,122.9636688232422,6165.0
56,18,434.3377685546875,102.22451782226562,1501.0
56,19,403.6564331054688,140.32821655273438,3193.0
56,20,216.49046325683597,138.35743713378906,5240.0
56,21,0.0,0.0,0.0
56,22,0.0,0.0,0.0
56,23,264.63885498046875,189.7503204345703,3957.0
56,24,490.8807678222656,216.4337158203125,3078.0
56,25,155.35284423828125,252.7049865722656,4254.0
56,26,400.1180419921875,388.958740234375,1745.0
56,27,219.88059997558597,413.08740234375,5938.0
56,28,0.0,0.0,0.0
56,29,0.0,0.0,0.0
56,30,128.88607788085938,364.142578125,1501.0
56,31,304.9245910644531,398.91943359375,4270.0
56,32,426.9187927246094,433.8233947753906,1342.0
56,33,88.39933013916016,380.6835632324219,2389.0
56,34,361.4831237792969,434.8390197753906,5721.0
56,35,35.275047302246094,166.63638305664062,5250.0
56,36,156.86605834960938,173.20022583007812,5189.0
56,37,50.25790023803711,440.12109375,4335.0
56,38,237.92013549804688,450.3045349121094,1540.0
56,39,471.5224914550781,450.5554809570313,2668.0
56,40,413.8913879394531,460.8331604003906,893.0
56,41,161.97491455078125,483.6275329589844,3348.0
56,42,85.43038940429688,491.3522033691406,1573.0
56,43,0.0,0.0,0.0
56,44,95.0507583618164,200.1535186767578,3231.0
56,45,439.447998046875,185.8943634033203,4288.0
56,46,13.968894004821776,407.5057678222656,1736.0
56,47,119.34725189208984,485.5369873046875,1365.0
56,48,272.1810302734375,491.3785400390625,1276.0
56,49,226.10931396484372,484.98138427734375,3330.0
56,50,371.8999938964844,488.239013671875,1410.0
56,51,0.0,0.0,0.0
56,52,52.05403137207031,68.8778076171875,1203.0
56,53,372.9488525390625,290.8721008300781,2033.0
56,54,421.8896789550781,490.5763549804688,2665.0
56,55,323.312255859375,492.8611755371094,2514.0
56,56,0.0,0.0,0.0
56,57,0.0,0.0,0.0
56,58,0.0,0.0,0.0
56,59,0.0,0.0,0.0
56,60,283.0506286621094,261.81756591796875,1047.0
56,61,269.8165283203125,341.5504455566406,4202.0
56,62,481.3774719238281,493.745361328125,1881.0
56,63,0.0,0.0,0.0
56,64,207.00973510742188,37.00324630737305,616.0
56,65,28.1435661315918,487.5253601074219,2821.0
56,66,0.0,0.0,0.0
56,67,37.862789154052734,372.0123901367188,2580.0
56,68,133.77793884277344,421.9071350097656,7345.0
56,69,294.104736328125,456.4656677246094,1776.0
56,70,0.0,0.0,0.0
56,71,158.5828857421875,325.0736083984375,7540.0
56,72,0.0,0.0,0.0
56,73,0.0,0.0,0.0
56,74,92.9242935180664,59.16472625732422,2404.0
56,75,463.1216430664063,381.3813171386719,6454.0
56,76,0.0,0.0,0.0
56,77,21.59977149963379,84.96969604492188,3498.0
56,78,363.6888427734375,353.1322631835937,3924.0
56,79,0.0,0.0,0.0
56,80,24.322389602661133,230.6918029785156,3381.0
56,81,0.0,0.0,0.0
56,82,0.0,0.0,0.0
56,83,93.9479751586914,263.6248779296875,5574.0
56,84,405.0015258789063,38.05845260620117,3969.0
56,85,0.0,0.0,0.0
56,86,0.0,0.0,0.0
56,87,403.3179321289063,230.7256622314453,4611.0
56,88,146.58639526367188,22.6499080657959,3779.0
56,89,483.39837646484375,134.9759063720703,4689.0
56,90,41.70587539672852,312.9347839355469,6946.0
56,91,0.0,0.0,0.0
56,92,463.6031188964844,17.610410690307617,3016.0
56,93,337.18829345703125,219.5806884765625,4753.0
56,94,317.32354736328125,314.7737121582031,4123.0
56,95,269.7341003417969,38.69264602661133,5017.0
56,96,215.1739501953125,12.967248916625977,1374.0
56,97,24.21445846557617,21.460241317749023,2075.0
56,98,0.0,0.0,0.0
56,99,499.6291198730469,318.1906433105469,1154.0
56,100,226.6323699951172,348.68048095703125,2848.0
56,101,0.0,0.0,0.0
56,102,503.06396484375,429.98040771484375,766.0
56,103,0.0,0.0,0.0
56,104,73.72550201416016,20.24067687988281,2306.0
56,105,503.1831359863281,41.03662490844727,628.0
56,106,492.8150024414063,276.0079650878906,1254.0
56,107,0.0,0.0,0.0
56,108,0.0,0.0,0.0
56,109,0.0,0.0,0.0
56,110,503.4259338378906,476.1428527832031,378.0
56,111,0.0,0.0,0.0
56,112,0.0,0.0,0.0
56,113,0.0,0.0,0.0
56,114,0.0,0.0,0.0
56,115,0.0,0.0,0.0
56,116,0.0,0.0,0.0
56,117,0.0,0.0,0.0
56,118,0.0,0.0,0.0
56,119,0.0,0.0,0.0
56,120,0.0,0.0,0.0
56,121,0.0,0.0,0.0
56,122,0.0,0.0,0.0
56,123,0.0,0.0,0.0
56,124,0.0,0.0,0.0
56,125,0.0,0.0,0.0
56,126,0.0,0.0,0.0
56,127,498.9742736816406,352.5189208984375,661.0
56,128,0.0,0.0,0.0
56,129,0.0,0.0,0.0
56,130,0.0,0.0,0.0
56,131,0.0,0.0,0.0
56,132,0.0,0.0,0.0
57,0,364.3904724121094,263.3300170898437,1009.0
57,1,310.9803161621094,260.15972900390625,1728.0
57,2,416.66937255859375,327.9637756347656,3451.0
57,3,162.92271423339844,82.37126159667969,6249.0
57,4,0.0,0.0,0.0
57,5,0.0,0.0,0.0
57,6,466.6882629394531,306.4874572753906,1713.0
57,7,234.93621826171875,79.53414154052734,2885.0
57,8,381.5013427734375,103.3475112915039,3010.0
57,9,304.14361572265625,121.69109344482422,6782.0
57,10,339.90087890625,165.51617431640625,3309.0
57,11,197.9381866455078,224.01901245117188,2524.0
57,12,237.591796875,259.24383544921875,5877.0
57,13,446.5977478027344,266.1208801269531,2829.0
57,14,0.0,0.0,0.0
57,15,338.7941589355469,41.29078674316406,6393.0
57,16,469.4588317871094,69.74405670166016,3450.0
57,17,92.46253967285156,124.0592803955078,6073.0
57,18,434.2824096679688,106.13880157470705,1866.0
57,19,401.4375305175781,145.8874969482422,2809.0
57,20,216.04660034179688,139.1850128173828,5151.0
57,21,0.0,0.0,0.0
57,22,0.0,0.0,0.0
57,23,263.6565246582031,190.9452667236328,4111.0
57,24,490.4004821777344,218.7878570556641,3276.0
57,25,155.19480895996094,254.16094970703125,4194.0
57,26,398.3324279785156,388.033203125,1868.0
57,27,218.5510711669922,414.5806884765625,5335.0
57,28,260.8240661621094,393.4969177246094,324.0
57,29,0.0,0.0,0.0
57,30,127.67877960205078,365.28271484375,1376.0
57,31,304.2336730957031,398.7403869628906,3933.0
57,32,425.77880859375,433.9828186035156,1397.0
57,33,87.47216796875,378.2687072753906,2713.0
57,34,360.52935791015625,435.2622680664063,5773.0
57,35,35.5367546081543,166.7864227294922,5183.0
57,36,156.85598754882812,174.062744140625,5291.0
57,37,49.38803863525391,441.5914611816406,4247.0
57,38,240.9825592041016,450.3492126464844,2122.0
57,39,470.9136962890625,449.82958984375,2711.0
57,40,412.7293701171875,461.9724731445313,872.0
57,41,159.8321990966797,483.25921630859375,3522.0
57,42,84.87328338623047,491.1754150390625,1602.0
57,43,0.0,0.0,0.0
57,44,96.163330078125,200.9447021484375,3147.0
57,45,438.9172668457031,186.105224609375,4400.0
57,46,13.725455284118652,408.37213134765625,1701.0
57,47,117.42884826660156,488.0569152832031,1019.0
57,48,272.2128295898437,492.3720703125,1231.0
57,49,225.1996154785156,486.7710876464844,3141.0
57,50,371.34808349609375,488.5937805175781,1445.0
57,51,0.0,0.0,0.0
57,52,52.11893844604492,71.38883972167969,1093.0
57,53,368.9640197753906,290.9623718261719,2391.0
57,54,422.3391723632813,491.2002258300781,2627.0
57,55,323.76287841796875,493.3647766113281,2311.0
57,56,0.0,0.0,0.0
57,57,0.0,0.0,0.0
57,58,0.0,0.0,0.0
57,59,0.0,0.0,0.0
57,60,282.69384765625,264.8759765625,1153.0
57,61,268.97802734375,339.8661804199219,4230.0
57,62,480.171875,494.1247863769531,1763.0
57,63,0.0,0.0,0.0
57,64,206.8539886474609,37.65025329589844,589.0
57,65,27.79448509216309,487.4151916503906,2647.0
57,66,0.0,0.0,0.0
57,67,37.65024566650391,371.487060546875,2862.0
57,68,133.82188415527344,422.2657775878906,7529.0
57,69,295.73638916015625,458.1749877929688,1783.0
57,70,0.0,0.0,0.0
57,71,156.94992065429688,325.9736328125,7547.0
57,72,0.0,0.0,0.0
57,73,0.0,0.0,0.0
57,74,90.9737777709961,59.74806594848633,2326.0
57,75,462.73834228515625,381.2999877929688,6547.0
57,76,0.0,0.0,0.0
57,77,22.10436248779297,87.56898498535156,3392.0
57,78,361.7806701660156,353.89666748046875,4026.0
57,79,0.0,0.0,0.0
57,80,25.223804473876957,230.54299926757807,3512.0
57,81,0.0,0.0,0.0
57,82,0.0,0.0,0.0
57,83,93.35415649414062,264.35791015625,5602.0
57,84,404.7646484375,41.48126983642578,3684.0
57,85,0.0,0.0,0.0
57,86,0.0,0.0,0.0
57,87,403.6409301757813,231.7292022705078,4350.0
57,88,145.89413452148438,23.25571632385254,4024.0
57,89,483.83056640625,134.5961151123047,4739.0
57,90,39.2368049621582,311.1249694824219,6385.0
57,91,0.0,0.0,0.0
57,92,460.6191101074219,17.99213981628418,3308.0
57,93,337.5910949707031,221.13812255859372,4583.0
57,94,316.545654296875,315.9433288574219,3812.0
57,95,270.23028564453125,39.076759338378906,5120.0
57,96,215.39251708984372,13.620416641235352,1391.0
57,97,23.29162979125977,23.684328079223636,2246.0
57,98,0.0,0.0,0.0
57,99,498.8202209472656,319.0657958984375,1246.0
57,100,225.1699676513672,349.9646301269531,3024.0
57,101,0.0,0.0,0.0
57,102,503.4807434082031,428.9460754394531,649.0
57,103,0.0,0.0,0.0
57,104,71.87425231933594,21.32736587524414,2346.0
57,105,502.6260070800781,43.82554244995117,877.0
57,106,491.9461059570313,276.8510437011719,1262.0
57,107,0.0,0.0,0.0
57,108,0.0,0.0,0.0
57,109,0.0,0.0,0.0
57,110,502.8790893554688,475.7434692382813,612.0
57,111,0.0,0.0,0.0
57,112,0.0,0.0,0.0
57,113,0.0,0.0,0.0
57,114,0.0,0.0,0.0
57,115,0.0,0.0,0.0
57,116,0.0,0.0,0.0
57,117,0.0,0.0,0.0
57,118,0.0,0.0,0.0
57,119,0.0,0.0,0.0
57,120,0.0,0.0,0.0
57,121,0.0,0.0,0.0
57,122,0.0,0.0,0.0
57,123,0.0,0.0,0.0
57,124,0.0,0.0,0.0
57,125,0.0,0.0,0.0
57,126,0.0,0.0,0.0
57,127,498.1899719238281,353.1325378417969,679.0
57,128,0.0,0.0,0.0
57,129,0.0,0.0,0.0
57,130,0.0,0.0,0.0
57,131,0.0,0.0,0.0
57,132,0.0,0.0,0.0
58,0,370.33294677734375,262.7502746582031,877.0
58,1,321.4214782714844,266.0797119140625,2133.0
58,2,416.7241516113281,328.5794982910156,3277.0
58,3,162.4296875,82.88150787353516,6549.0
58,4,0.0,0.0,0.0
58,5,0.0,0.0,0.0
58,6,464.7343444824219,306.5440979003906,1724.0
58,7,234.9422149658203,80.3915786743164,2873.0
58,8,381.5196838378906,104.76122283935548,3275.0
58,9,302.66326904296875,122.3550262451172,6839.0
58,10,338.4174499511719,166.13099670410156,3107.0
58,11,198.8868103027344,224.7119903564453,2677.0
58,12,236.25196838378903,260.5565795898437,5604.0
58,13,441.6791687011719,267.1879577636719,2905.0
58,14,0.0,0.0,0.0
58,15,339.8947448730469,41.77467727661133,6555.0
58,16,467.5187683105469,70.50555419921875,3331.0
58,17,91.5828857421875,126.52401733398438,5809.0
58,18,437.1116638183594,105.6535415649414,1397.0
58,19,401.80706787109375,145.70741271972656,3281.0
58,20,216.53244018554688,140.57318115234375,5056.0
58,21,0.0,0.0,0.0
58,22,0.0,0.0,0.0
58,23,265.56500244140625,192.29576110839844,3993.0
58,24,489.1817626953125,223.2984313964844,3763.0
58,25,154.689453125,255.39976501464844,4170.0
58,26,398.6099853515625,388.8252868652344,1923.0
58,27,216.7703399658203,417.1131286621094,4977.0
58,28,256.96893310546875,396.685302734375,483.0
58,29,0.0,0.0,0.0
58,30,127.545166015625,366.76275634765625,1273.0
58,31,303.6749572753906,397.1925354003906,4067.0
58,32,424.81585693359375,433.3321533203125,1412.0
58,33,85.9311752319336,380.2874450683594,2964.0
58,34,360.9643249511719,434.73236083984375,5552.0
58,35,35.34505844116211,162.94052124023438,5515.0
58,36,156.82733154296875,174.5110626220703,5467.0
58,37,48.23963928222656,441.1690673828125,3981.0
58,38,242.3243865966797,450.2702331542969,2124.0
58,39,470.47503662109375,451.2293701171875,2825.0
58,40,412.4601135253906,462.0076599121094,915.0
58,41,159.48516845703125,482.64251708984375,3673.0
58,42,85.24714660644531,490.2545776367188,1752.0
58,43,0.0,0.0,0.0
58,44,96.52433776855467,202.89468383789065,3143.0
58,45,437.8526916503906,186.11412048339844,4460.0
58,46,13.611822128295898,408.61669921875,1641.0
58,47,117.96522521972656,488.46282958984375,834.0
58,48,272.0990600585937,492.8497009277344,1171.0
58,49,225.82618713378903,486.7400817871094,3101.0
58,50,370.7568664550781,488.7682495117188,1493.0
58,51,0.0,0.0,0.0
58,52,51.440040588378906,77.2095947265625,959.0
58,53,374.0585021972656,293.5946655273437,1949.0
58,54,421.49017333984375,491.5951232910156,2497.0
58,55,323.4662170410156,493.23333740234375,2280.0
58,56,0.0,0.0,0.0
58,57,0.0,0.0,0.0
58,58,0.0,0.0,0.0
58,59,0.0,0.0,0.0
58,60,282.7001342773437,262.8817749023437,1624.0
58,61,269.5503845214844,339.572265625,4159.0
58,62,481.7112426757813,493.3911437988281,2012.0
58,63,0.0,0.0,0.0
58,64,207.6666717529297,38.39068222045898,558.0
58,65,28.449926376342773,486.8943176269531,2716.0
58,66,0.0,0.0,0.0
58,67,36.008811950683594,370.4873046875,2951.0
58,68,133.9527587890625,422.16064453125,7451.0
58,69,297.3318176269531,457.8593444824219,1998.0
58,70,0.0,0.0,0.0
58,71,154.55165100097656,326.7456359863281,7599.0
58,72,0.0,0.0,0.0
58,73,0.0,0.0,0.0
58,74,89.12525177001953,62.14025115966797,2467.0
58,75,462.6154174804688,380.8801574707031,6441.0
58,76,0.0,0.0,0.0
58,77,20.020408630371094,83.08197784423828,2891.0
58,78,362.49560546875,354.21649169921875,3991.0
58,79,0.0,0.0,0.0
58,80,25.832876205444336,230.09588623046875,3650.0
58,81,0.0,0.0,0.0
58,82,0.0,0.0,0.0
58,83,92.09323120117188,265.6544189453125,5524.0
58,84,405.453125,42.63176727294922,3381.0
58,85,0.0,0.0,0.0
58,86,0.0,0.0,0.0
58,87,402.9201965332031,231.57716369628903,3810.0
58,88,146.0736541748047,23.494068145751957,4046.0
58,89,483.59368896484375,134.97865295410156,4777.0
58,90,38.02569961547852,310.6310729980469,6031.0
58,91,0.0,0.0,0.0
58,92,460.3365173339844,18.380096435546875,3557.0
58,93,337.9134521484375,221.6533050537109,4517.0
58,94,318.0777282714844,315.3707580566406,3679.0
58,95,270.4269714355469,39.13566970825195,5108.0
58,96,216.0421600341797,13.977885246276855,1447.0
58,97,22.837156295776367,24.982006072998047,2223.0
58,98,0.0,0.0,0.0
58,99,498.2440490722656,320.1934509277344,1344.0
58,100,224.6511688232422,350.7201538085937,3334.0
58,101,0.0,0.0,0.0
58,102,502.7312622070313,429.3888854980469,774.0
58,103,0.0,0.0,0.0
58,104,71.04423522949219,22.23670959472656,2577.0
58,105,501.5925598144531,48.66914749145508,940.0
58,106,490.0635681152344,280.2649841308594,1117.0
58,107,0.0,0.0,0.0
58,108,0.0,0.0,0.0
58,109,0.0,0.0,0.0
58,110,503.681640625,474.2771606445313,267.0
58,111,0.0,0.0,0.0
58,112,0.0,0.0,0.0
58,113,0.0,0.0,0.0
58,114,0.0,0.0,0.0
58,115,0.0,0.0,0.0
58,116,0.0,0.0,0.0
58,117,0.0,0.0,0.0
58,118,0.0,0.0,0.0
58,119,0.0,0.0,0.0
58,120,0.0,0.0,0.0
58,121,0.0,0.0,0.0
58,122,0.0,0.0,0.0
58,123,0.0,0.0,0.0
58,124,0.0,0.0,0.0
58,125,0.0,0.0,0.0
58,126,0.0,0.0,0.0
58,127,498.67486572265625,354.6387634277344,609.0
58,128,0.0,0.0,0.0
58,129,0.0,0.0,0.0
58,130,0.0,0.0,0.0
58,131,0.0,0.0,0.0
58,132,0.0,0.0,0.0
59,0,367.9919738769531,263.53790283203125,1121.0
59,1,323.3487548828125,269.09527587890625,2162.0
59,2,415.85845947265625,330.2796325683594,3179.0
59,3,162.76821899414062,83.36390686035156,6683.0
59,4,0.0,0.0,0.0
59,5,0.0,0.0,0.0
59,6,462.0647888183594,308.9598999023437,1821.0
59,7,235.349853515625,81.41020202636719,2784.0
59,8,381.0601501464844,105.01277923583984,3209.0
59,9,302.8717041015625,124.0756607055664,6820.0
59,10,339.75469970703125,166.50564575195312,3184.0
59,11,198.9268341064453,226.73208618164065,2624.0
59,12,234.6645050048828,262.1533203125,4918.0
59,13,436.5790710449219,269.6177978515625,2687.0
59,14,0.0,0.0,0.0
59,15,340.2041931152344,41.24988555908203,6651.0
59,16,468.0368041992188,71.59923553466797,3124.0
59,17,91.2094268798828,128.9507293701172,5582.0
59,18,432.8059997558594,107.28861236572266,2072.0
59,19,400.8677368164063,147.3468475341797,2344.0
59,20,216.79763793945312,141.42694091796875,5174.0
59,21,0.0,0.0,0.0
59,22,0.0,0.0,0.0
59,23,264.790771484375,195.0612030029297,4101.0
59,24,487.7104187011719,225.5620574951172,4085.0
59,25,154.92259216308594,256.03570556640625,4341.0
59,26,399.8324890136719,389.0399475097656,1803.0
59,27,216.9711456298828,420.9359436035156,4574.0
59,28,253.1383209228516,398.149658203125,441.0
59,29,0.0,0.0,0.0
59,30,124.851318359375,366.71783447265625,1251.0
59,31,302.216796875,396.9306335449219,4022.0
59,32,423.9393615722656,432.79986572265625,1534.0
59,33,85.05724334716797,380.8148498535156,2830.0
59,34,359.7338256835937,434.1466064453125,5545.0
59,35,34.85871505737305,162.5979766845703,5542.0
59,36,156.6288604736328,175.62060546875,5572.0
59,37,47.68149185180664,441.4625549316406,4047.0
59,38,242.85484313964844,449.2468566894531,2232.0
59,39,468.997802734375,450.2739868164063,2730.0
59,40,411.0553283691406,461.99456787109375,922.0
59,41,158.48997497558594,482.3870544433594,3741.0
59,42,84.69731140136719,490.4704284667969,1860.0
59,43,0.0,0.0,0.0
59,44,95.59085083007812,203.69175720214844,3082.0
59,45,436.5653991699219,187.0274810791016,4549.0
59,46,14.60535717010498,407.8797607421875,1680.0
59,47,117.46002960205078,487.3761596679688,763.0
59,48,271.6549377441406,493.9390563964844,1165.0
59,49,225.25912475585935,487.77197265625,2960.0
59,50,370.9712524414063,488.2156677246094,1391.0
59,51,0.0,0.0,0.0
59,52,51.07081604003906,79.33476257324219,932.0
59,53,375.9704895019531,295.03326416015625,1593.0
59,54,420.8705139160156,491.5555419921875,2556.0
59,55,325.5888061523437,493.263671875,2196.0
59,56,0.0,0.0,0.0
59,57,0.0,0.0,0.0
59,58,0.0,0.0,0.0
59,59,0.0,0.0,0.0
59,60,280.6761474609375,263.9307556152344,2007.0
59,61,269.5003662109375,340.1747131347656,4241.0
59,62,479.9187927246094,493.6348876953125,1909.0
59,63,0.0,0.0,0.0
59,64,208.50831604003903,38.63182830810547,421.0
59,65,27.63573265075684,487.705810546875,2597.0
59,66,0.0,0.0,0.0
59,67,53.38325119018555,376.7044982910156,1242.0
59,68,134.36460876464844,421.952880859375,7471.0
59,69,296.229736328125,459.794189453125,2133.0
59,70,0.0,0.0,0.0
59,71,153.87672424316406,327.944580078125,7739.0
59,72,0.0,0.0,0.0
59,73,0.0,0.0,0.0
59,74,89.2142562866211,65.09390258789062,2609.0
59,75,460.2452392578125,381.1480102539063,5811.0
59,76,0.0,0.0,0.0
59,77,19.62238311767578,83.08158874511719,2770.0
59,78,361.6015319824219,355.3403015136719,4161.0
59,79,0.0,0.0,0.0
59,80,25.22362518310547,230.15235900878903,3564.0
59,81,0.0,0.0,0.0
59,82,0.0,0.0,0.0
59,83,90.10702514648438,266.1858215332031,5597.0
59,84,406.2307434082031,44.73881912231445,3220.0
59,85,0.0,0.0,0.0
59,86,0.0,0.0,0.0
59,87,400.4407043457031,229.2189483642578,3905.0
59,88,145.778564453125,23.69856834411621,4263.0
59,89,483.6773376464844,136.22445678710938,4807.0
59,90,37.87179183959961,309.9096069335937,5686.0
59,91,0.0,0.0,0.0
59,92,452.3890380859375,20.01177978515625,3226.0
59,93,337.1637878417969,221.47386169433597,4457.0
59,94,318.81268310546875,315.1519470214844,3534.0
59,95,270.8763427734375,40.86360168457031,5264.0
59,96,216.3392639160156,14.811944007873535,1574.0
59,97,22.87433815002441,25.981922149658203,2268.0
59,98,0.0,0.0,0.0
59,99,498.6009216308594,320.0084533691406,1303.0
59,100,223.12521362304688,351.9589233398437,3602.0
59,101,0.0,0.0,0.0
59,102,502.04010009765625,428.75,748.0
59,103,0.0,0.0,0.0
59,104,70.27527618408203,23.74125289916992,2601.0
59,105,501.7217102050781,52.74351119995117,963.0
59,106,486.812744140625,281.7777709960937,1287.0
59,107,0.0,0.0,0.0
59,108,0.0,0.0,0.0
59,109,0.0,0.0,0.0
59,110,503.0321350097656,474.77142333984375,560.0
59,111,0.0,0.0,0.0
59,112,0.0,0.0,0.0
59,113,0.0,0.0,0.0
59,114,0.0,0.0,0.0
59,115,0.0,0.0,0.0
59,116,0.0,0.0,0.0
59,117,500.6171569824219,15.056105613708496,606.0
59,118,0.0,0.0,0.0
59,119,0.0,0.0,0.0
59,120,0.0,0.0,0.0
59,121,0.0,0.0,0.0
59,122,0.0,0.0,0.0
59,123,0.0,0.0,0.0
59,124,0.0,0.0,0.0
59,125,0.0,0.0,0.0
59,126,0.0,0.0,0.0
59,127,499.4308166503906,365.5608215332031,1077.0
59,128,0.0,0.0,0.0
59,129,0.0,0.0,0.0
59,130,0.0,0.0,0.0
59,131,0.0,0.0,0.0
59,132,22.96388053894043,363.2603759765625,1855.0
60,0,367.2770080566406,263.27947998046875,1213.0
60,1,325.20904541015625,271.8564147949219,2124.0
60,2,415.2412414550781,328.7552795410156,3167.0
60,3,162.474365234375,84.45960998535156,6710.0
60,4,0.0,0.0,0.0
60,5,0.0,0.0,0.0
60,6,461.479248046875,309.3378295898437,1782.0
60,7,235.1638946533203,83.40214538574219,2703.0
60,8,380.5063171386719,107.9573211669922,3093.0
60,9,301.8760681152344,125.03589630126952,6964.0
60,10,342.66705322265625,167.5293731689453,3472.0
60,11,201.4188995361328,226.1505279541016,3089.0
60,12,234.4030914306641,262.2020263671875,4267.0
60,13,432.9967041015625,270.6059265136719,2426.0
60,14,0.0,0.0,0.0
60,15,339.23345947265625,41.73825073242188,6682.0
60,16,463.6965637207031,71.56149291992188,2976.0
60,17,91.57037353515624,131.7100067138672,5407.0
60,18,432.00048828125,110.4089126586914,1998.0
60,19,400.0059814453125,151.64920043945312,2175.0
60,20,217.24424743652344,143.61416625976562,5212.0
60,21,0.0,0.0,0.0
60,22,0.0,0.0,0.0
60,23,269.2875366210937,197.3980865478516,3655.0
60,24,486.403564453125,227.0817108154297,4210.0
60,25,154.96070861816406,256.4499816894531,4429.0
60,26,401.4764404296875,390.1290893554688,1805.0
60,27,215.71612548828125,422.6715393066406,4798.0
60,28,255.92025756835935,399.2543029785156,464.0
60,29,0.0,0.0,0.0
60,30,121.6661376953125,366.6820068359375,1261.0
60,31,303.2846069335937,394.5988464355469,3510.0
60,32,423.1318664550781,433.25048828125,1585.0
60,33,83.90357971191406,382.5726013183594,2541.0
60,34,358.3346252441406,433.7540588378906,5400.0
60,35,34.61836242675781,163.16600036621094,5500.0
60,36,157.03330993652344,175.96888732910156,5495.0
60,37,46.89347839355469,440.6908874511719,4018.0
60,38,243.2208251953125,451.0035095214844,1997.0
60,39,468.5220031738281,449.460693359375,2544.0
60,40,408.6981201171875,463.5186767578125,1070.0
60,41,158.28160095214844,482.6716003417969,3718.0
60,42,83.46162414550781,490.1268310546875,1837.0
60,43,0.0,0.0,0.0
60,44,95.59054565429688,205.15794372558597,3153.0
60,45,437.7436218261719,187.5283050537109,4505.0
60,46,14.053250312805176,407.6551208496094,1615.0
60,47,116.606689453125,487.9723205566406,867.0
60,48,271.0282897949219,493.4900207519531,1202.0
60,49,226.3645477294922,488.3595275878906,2798.0
60,50,369.8138732910156,488.46527099609375,1397.0
60,51,0.0,0.0,0.0
60,52,51.3172492980957,82.5020523071289,974.0
60,53,376.96234130859375,295.63653564453125,1461.0
60,54,421.37994384765625,491.5678405761719,2432.0
60,55,325.0175476074219,492.9436340332031,2165.0
60,56,0.0,0.0,0.0
60,57,0.0,0.0,0.0
60,58,0.0,0.0,0.0
60,59,0.0,0.0,0.0
60,60,279.1120910644531,264.70458984375,2346.0
60,61,270.4366760253906,339.6048278808594,4312.0
60,62,484.56341552734375,488.46002197265625,2602.0
60,63,0.0,0.0,0.0
60,64,209.38919067382807,38.80900955200195,555.0
60,65,27.866539001464844,487.95703125,2630.0
60,66,0.0,0.0,0.0
60,67,54.33035659790039,378.7291564941406,1008.0
60,68,133.58428955078125,421.9231262207031,7546.0
60,69,293.98883056640625,454.5961608886719,2595.0
60,70,0.0,0.0,0.0
60,71,152.62991333007812,328.2491149902344,7836.0
60,72,0.0,0.0,0.0
60,73,0.0,0.0,0.0
60,74,88.18014526367188,69.31575012207031,2559.0
60,75,460.34173583984375,380.9183349609375,5940.0
60,76,0.0,0.0,0.0
60,77,19.818084716796875,82.67537689208984,2831.0
60,78,361.6280822753906,356.5697631835937,4321.0
60,79,0.0,0.0,0.0
60,80,25.32877922058105,230.22857666015625,3513.0
60,81,0.0,0.0,0.0
60,82,0.0,0.0,0.0
60,83,88.1419448852539,267.9803771972656,5657.0
60,84,403.2311096191406,49.7447624206543,3150.0
60,85,0.0,0.0,0.0
60,86,0.0,0.0,0.0
60,87,400.9710693359375,229.99044799804688,3663.0
60,88,145.7977752685547,24.86677360534668,4391.0
60,89,483.5745544433594,135.55885314941406,4910.0
60,90,37.303035736083984,311.5467834472656,5567.0
60,91,0.0,0.0,0.0
60,92,447.2096252441406,20.80125999450684,3492.0
60,93,336.2786865234375,222.7893829345703,4349.0
60,94,319.7255249023437,315.35919189453125,3352.0
60,95,271.2721862792969,41.41298294067383,5114.0
60,96,218.3163146972656,14.843916893005373,1685.0
60,97,22.249755859375,26.80254173278809,2046.0
60,98,0.0,0.0,0.0
60,99,498.560302734375,320.49169921875,1385.0
60,100,222.6171112060547,351.4413757324219,3881.0
60,101,0.0,0.0,0.0
60,102,501.20306396484375,428.0458984375,719.0
60,103,0.0,0.0,0.0
60,104,70.55518341064453,24.356592178344727,2981.0
60,105,500.9881896972656,57.065879821777344,1184.0
60,106,484.2112731933594,281.8422546386719,1382.0
60,107,0.0,0.0,0.0
60,108,0.0,0.0,0.0
60,109,0.0,0.0,0.0
60,110,0.0,0.0,0.0
60,111,0.0,0.0,0.0
60,112,0.0,0.0,0.0
60,113,0.0,0.0,0.0
60,114,0.0,0.0,0.0
60,115,0.0,0.0,0.0
60,116,0.0,0.0,0.0
60,117,498.6826171875,15.812748908996582,753.0
60,118,0.0,0.0,0.0
60,119,0.0,0.0,0.0
60,120,0.0,0.0,0.0
60,121,0.0,0.0,0.0
60,122,0.0,0.0,0.0
60,123,0.0,0.0,0.0
60,124,0.0,0.0,0.0
60,125,0.0,0.0,0.0
60,126,0.0,0.0,0.0
60,127,500.4146728515625,366.7264099121094,1049.0
60,128,0.0,0.0,0.0
60,129,0.0,0.0,0.0
60,130,0.0,0.0,0.0
60,131,0.0,0.0,0.0
60,132,24.52991104125977,364.4531555175781,2006.0
61,0,365.5949096679688,262.9515380859375,1259.0
61,1,325.7470397949219,273.65484619140625,2028.0
61,2,414.1487426757813,328.39630126953125,3086.0
61,3,161.6275177001953,85.88299560546875,6846.0
61,4,0.0,0.0,0.0
61,5,0.0,0.0,0.0
61,6,459.7433166503906,309.3983764648437,1722.0
61,7,235.7777404785156,84.78496551513672,2767.0
61,8,378.44671630859375,109.65199279785156,3181.0
61,9,301.1922302246094,126.039794921875,6810.0
61,10,341.4515380859375,168.4428253173828,3446.0
61,11,199.362060546875,230.44630432128903,3110.0
61,12,231.9134826660156,264.96746826171875,4057.0
61,13,432.1761474609375,269.1073608398437,2515.0
61,14,0.0,0.0,0.0
61,15,339.3233337402344,42.195499420166016,6532.0
61,16,464.2346496582031,74.94678497314453,2706.0
61,17,91.74705505371094,133.44760131835938,5096.0
61,18,430.6759643554688,111.86856079101562,2077.0
61,19,400.6730651855469,151.83004760742188,2083.0
61,20,216.99485778808597,144.79623413085938,5251.0
61,21,0.0,0.0,0.0
61,22,0.0,0.0,0.0
61,23,266.79119873046875,199.0306854248047,3812.0
61,24,486.05963134765625,226.8917999267578,4242.0
61,25,152.92214965820312,259.0477905273437,4457.0
61,26,399.6383056640625,390.0916442871094,1822.0
61,27,215.15789794921875,424.9920043945313,4883.0
61,28,255.97262573242188,402.788330078125,548.0
61,29,25.37032127380371,130.2685546875,1523.0
61,30,122.62464904785156,367.149169921875,1428.0
61,31,300.5530090332031,396.7735900878906,3604.0
61,32,422.0110168457031,433.2014770507813,1633.0
61,33,82.99505615234375,382.4613952636719,2629.0
61,34,356.340087890625,434.6156311035156,5466.0
61,35,38.958866119384766,175.8321990966797,3987.0
61,36,156.1898193359375,178.04750061035156,5600.0
61,37,46.98833847045898,440.6575622558594,3773.0
61,38,241.81678771972656,452.1421203613281,1752.0
61,39,469.7222290039063,450.1434326171875,2538.0
61,40,410.26458740234375,464.8736877441406,1251.0
61,41,157.65000915527344,483.1394653320313,3463.0
61,42,81.84432983398438,490.45404052734375,1773.0
61,43,0.0,0.0,0.0
61,44,96.43331146240234,205.1662139892578,2924.0
61,45,436.5747680664063,188.85208129882807,4374.0
61,46,13.667973518371582,409.4137268066406,1530.0
61,47,116.45336151123048,489.2076110839844,997.0
61,48,269.3937683105469,493.8153381347656,1186.0
61,49,224.9279022216797,488.8666076660156,2774.0
61,50,369.9094543457031,489.7229919433594,1491.0
61,51,0.0,0.0,0.0
61,52,50.63835525512695,82.3031997680664,1095.0
61,53,376.6631164550781,296.6737670898437,1505.0
61,54,420.8263244628906,492.4461975097656,2044.0
61,55,323.37139892578125,492.5814208984375,2119.0
61,56,0.0,0.0,0.0
61,57,0.0,0.0,0.0
61,58,0.0,0.0,0.0
61,59,0.0,0.0,0.0
61,60,277.4302062988281,265.9260559082031,2515.0
61,61,272.8984680175781,339.4831237792969,4413.0
61,62,481.9847412109375,489.4749755859375,2619.0
61,63,0.0,0.0,0.0
61,64,209.7970123291016,40.62395858764648,601.0
61,65,28.76835250854492,485.5240478515625,2452.0
61,66,0.0,0.0,0.0
61,67,55.94419097900391,377.4681091308594,878.0
61,68,132.64053344726562,423.2362976074219,7575.0
61,69,292.63946533203125,458.8009643554688,2316.0
61,70,0.0,0.0,0.0
61,71,153.0293731689453,329.5372314453125,7559.0
61,72,0.0,0.0,0.0
61,73,0.0,0.0,0.0
61,74,86.0793228149414,73.62470245361328,2534.0
61,75,458.5166320800781,381.2867736816406,6012.0
61,76,0.0,0.0,0.0
61,77,19.42101287841797,83.72744750976562,2627.0
61,78,360.1964111328125,357.7171630859375,4292.0
61,79,0.0,0.0,0.0
61,80,26.424409866333008,229.13064575195312,3605.0
61,81,0.0,0.0,0.0
61,82,0.0,0.0,0.0
61,83,85.65850067138672,268.9447631835937,5631.0
61,84,403.28997802734375,54.17176818847656,2876.0
61,85,0.0,0.0,0.0
61,86,0.0,0.0,0.0
61,87,397.18310546875,227.8577880859375,3741.0
61,88,144.820556640625,25.473018646240234,4503.0
61,89,483.10736083984375,136.92645263671875,4908.0
61,90,36.67392349243164,310.8269348144531,5281.0
61,91,0.0,0.0,0.0
61,92,446.31158447265625,24.09486389160156,3816.0
61,93,333.4705505371094,224.38671875,4246.0
61,94,321.0600280761719,314.8440856933594,3066.0
61,95,272.9581298828125,42.45429611206055,5087.0
61,96,219.21278381347656,15.986372947692873,1908.0
61,97,22.643386840820312,27.571365356445312,2291.0
61,98,0.0,0.0,0.0
61,99,497.5169982910156,321.09869384765625,1530.0
61,100,223.57000732421875,352.7569885253906,4000.0
61,101,0.0,0.0,0.0
61,102,500.9685668945313,428.6120300292969,732.0
61,103,0.0,0.0,0.0
61,104,71.98054504394531,25.39013671875,2981.0
61,105,500.5774230957031,58.98054504394531,1285.0
61,106,483.7388916015625,281.84185791015625,1486.0
61,107,0.0,0.0,0.0
61,108,0.0,0.0,0.0
61,109,0.0,0.0,0.0
61,110,0.0,0.0,0.0
61,111,387.9715270996094,7.9113922119140625,316.0
61,112,0.0,0.0,0.0
61,113,0.0,0.0,0.0
61,114,0.0,0.0,0.0
61,115,0.0,0.0,0.0
61,116,0.0,0.0,0.0
61,117,497.369384765625,16.64034080505371,823.0
61,118,0.0,0.0,0.0
61,119,0.0,0.0,0.0
61,120,0.0,0.0,0.0
61,121,0.0,0.0,0.0
61,122,0.0,0.0,0.0
61,123,0.0,0.0,0.0
61,124,0.0,0.0,0.0
61,125,0.0,0.0,0.0
61,126,0.0,0.0,0.0
61,127,499.9688415527344,369.3818054199219,1155.0
61,128,0.0,0.0,0.0
61,129,0.0,0.0,0.0
61,130,0.0,0.0,0.0
61,131,0.0,0.0,0.0
61,132,25.817235946655277,365.4450378417969,2402.0
62,0,363.4541015625,263.6416931152344,1482.0
62,1,323.115478515625,273.39361572265625,2035.0
62,2,412.5528869628906,331.6344909667969,3015.0
62,3,161.33384704589844,86.2119369506836,7087.0
62,4,0.0,0.0,0.0
62,5,0.0,0.0,0.0
62,6,455.58099365234375,309.6246643066406,1809.0
62,7,235.7764892578125,85.681396484375,2671.0
62,8,376.2329711914063,111.97262573242188,3288.0
62,9,299.8460693359375,127.02962493896484,6548.0
62,10,342.7041320800781,170.22738647460938,3549.0
62,11,198.9242706298828,234.22120666503903,3169.0
62,12,231.9295959472656,267.3436889648437,3707.0
62,13,431.3470458984375,267.9332275390625,2576.0
62,14,0.0,0.0,0.0
62,15,339.6230773925781,43.04029846191406,6675.0
62,16,463.8410949707031,76.29052734375,2492.0
62,17,92.2160186767578,135.15667724609375,4819.0
62,18,429.54779052734375,114.00951385498048,2207.0
62,19,399.7314147949219,151.26214599609375,1709.0
62,20,216.9378204345703,146.00057983398438,5227.0
62,21,0.0,0.0,0.0
62,22,0.0,0.0,0.0
62,23,265.4158935546875,199.89962768554688,3965.0
62,24,485.4364318847656,225.79302978515625,4271.0
62,25,151.96083068847656,259.5350952148437,4672.0
62,26,397.6955261230469,389.9468688964844,1882.0
62,27,216.08624267578125,427.5806274414063,4719.0
62,28,255.0876617431641,403.2214050292969,673.0
62,29,26.112293243408203,131.31619262695312,1692.0
62,30,118.2016372680664,365.9181518554688,1344.0
62,31,299.6877746582031,399.6539611816406,3251.0
62,32,420.5896301269531,432.0636901855469,1696.0
62,33,81.56561279296875,385.3861389160156,2652.0
62,34,355.7026062011719,433.7474670410156,5397.0
62,35,39.43444442749024,176.96722412109375,3966.0
62,36,157.10348510742188,178.01380920410156,5576.0
62,37,43.08501052856445,440.3031311035156,3929.0
62,38,193.42105102539065,471.9512634277344,513.0
62,39,471.2748107910156,451.1572265625,2722.0
62,40,410.4446105957031,464.6750793457031,1345.0
62,41,157.25247192382812,483.1584167480469,3339.0
62,42,81.5537109375,490.0166015625,1927.0
62,43,0.0,0.0,0.0
62,44,96.99574279785156,207.2889404296875,3056.0
62,45,434.29632568359375,188.8334045410156,4394.0
62,46,12.45368766784668,409.4202270507813,1166.0
62,47,114.885986328125,482.25823974609375,728.0
62,48,268.7730712890625,494.5728759765625,1084.0
62,49,225.84852600097656,487.28363037109375,2951.0
62,50,369.7278442382813,489.5052490234375,1433.0
62,51,0.0,0.0,0.0
62,52,48.38784408569336,86.3359146118164,905.0
62,53,376.78759765625,297.68414306640625,1469.0
62,54,420.26416015625,493.1388549804688,2067.0
62,55,323.24078369140625,492.7686767578125,2222.0
62,56,0.0,0.0,0.0
62,57,0.0,0.0,0.0
62,58,0.0,0.0,0.0
62,59,0.0,0.0,0.0
62,60,275.65167236328125,265.669921875,2466.0
62,61,274.31744384765625,340.4957580566406,4716.0
62,62,480.5057678222656,490.723876953125,2430.0
62,63,0.0,0.0,0.0
62,64,209.1007843017578,41.25494003295898,506.0
62,65,28.08191299438477,487.7999877929688,2405.0
62,66,0.0,0.0,0.0
62,67,57.10436630249024,373.64642333984375,939.0
62,68,132.9517059326172,422.6847534179688,7743.0
62,69,283.7953186035156,454.38330078125,3376.0
62,70,0.0,0.0,0.0
62,71,151.78660583496094,330.5667724609375,7479.0
62,72,0.0,0.0,0.0
62,73,122.41776275634766,504.694091796875,304.0
62,74,82.82598876953125,78.44713592529297,2563.0
62,75,458.3665161132813,381.517333984375,5888.0
62,76,0.0,0.0,0.0
62,77,18.76421165466309,83.72698211669922,2498.0
62,78,357.413330078125,357.3680114746094,4171.0
62,79,0.0,0.0,0.0
62,80,26.27812385559082,229.1837158203125,3538.0
62,81,0.0,0.0,0.0
62,82,0.0,0.0,0.0
62,83,83.50770568847656,271.4111328125,5582.0
62,84,402.4298400878906,57.87654495239258,2673.0
62,85,0.0,0.0,0.0
62,86,0.0,0.0,0.0
62,87,395.7273864746094,228.23486328125,3551.0
62,88,145.51402282714844,26.356517791748047,4457.0
62,89,482.6227416992188,137.90528869628906,4941.0
62,90,34.87220001220703,309.4399108886719,4867.0
62,91,0.0,0.0,0.0
62,92,443.8946838378906,26.348608016967773,3950.0
62,93,332.4679870605469,224.6827087402344,4094.0
62,94,321.8149108886719,313.9972839355469,2950.0
62,95,273.6209411621094,43.71061706542969,5218.0
62,96,220.0221405029297,17.19537925720215,2078.0
62,97,23.352373123168945,26.746580123901367,2486.0
62,98,0.0,0.0,0.0
62,99,497.1231689453125,321.751220703125,1632.0
62,100,221.92999267578125,353.72998046875,4185.0
62,101,0.0,0.0,0.0
62,102,500.4010925292969,427.7925415039063,723.0
62,103,0.0,0.0,0.0
62,104,73.48634338378906,27.71601867675781,3296.0
62,105,499.6807861328125,61.09576797485352,1441.0
62,106,482.1539916992188,281.1057434082031,1721.0
62,107,0.0,0.0,0.0
62,108,0.0,0.0,0.0
62,109,0.0,0.0,0.0
62,110,0.0,0.0,0.0
62,111,389.82025146484375,7.913223266601562,484.0
62,112,0.0,0.0,0.0
62,113,0.0,0.0,0.0
62,114,0.0,0.0,0.0
62,115,0.0,0.0,0.0
62,116,0.0,0.0,0.0
62,117,495.2701721191406,16.802419662475586,992.0
62,118,0.0,0.0,0.0
62,119,0.0,0.0,0.0
62,120,0.0,0.0,0.0
62,121,0.0,0.0,0.0
62,122,0.0,0.0,0.0
62,123,0.0,0.0,0.0
62,124,0.0,0.0,0.0
62,125,0.0,0.0,0.0
62,126,0.0,0.0,0.0
62,127,499.4119262695313,370.269775390625,1175.0
62,128,0.0,0.0,0.0
62,129,0.0,0.0,0.0
62,130,0.0,0.0,0.0
62,131,0.0,0.0,0.0
62,132,25.03597068786621,365.3392639160156,2641.0
63,0,362.8406677246094,262.5352783203125,1588.0
63,1,325.0600891113281,275.00360107421875,2213.0
63,2,412.2773742675781,333.2391967773437,3198.0
63,3,160.7974395751953,86.64154815673828,6941.0
63,4,0.0,0.0,0.0
63,5,0.0,0.0,0.0
63,6,455.5708312988281,310.074462890625,1652.0
63,7,235.8124542236328,88.54008483886719,2794.0
63,8,372.4869384765625,114.15470123291016,3329.0
63,9,297.9765625,128.8149871826172,6059.0
63,10,344.3547058105469,171.20603942871094,3713.0
63,11,198.81922912597656,235.3451232910156,3225.0
63,12,230.5840301513672,269.0050354003906,3582.0
63,13,430.3379821777344,269.98687744140625,2512.0
63,14,0.0,0.0,0.0
63,15,339.6990051269531,44.2422103881836,6837.0
63,16,464.38092041015625,80.8567886352539,2402.0
63,17,90.51774597167967,136.38812255859375,5184.0
63,18,429.0755615234375,115.28668212890624,2515.0
63,19,399.978515625,152.31434631347656,1721.0
63,20,216.49594116210935,146.8569793701172,5293.0
63,21,0.0,0.0,0.0
63,22,0.0,0.0,0.0
63,23,266.3035583496094,201.65676879882807,3808.0
63,24,484.1683349609375,226.37110900878903,4562.0
63,25,150.28807067871094,259.8095092773437,4735.0
63,26,395.6380004882813,391.1754760742188,1989.0
63,27,215.59927368164065,428.7272033691406,4729.0
63,28,255.08441162109372,403.6947937011719,770.0
63,29,0.0,0.0,0.0
63,30,113.659912109375,365.8408508300781,1332.0
63,31,301.4377136230469,400.8290710449219,2504.0
63,32,419.9608459472656,433.2153015136719,1686.0
63,33,79.55827331542969,387.9612731933594,2660.0
63,34,354.1080017089844,434.0190734863281,5454.0
63,35,34.721126556396484,164.94271850585938,5325.0
63,36,158.41554260253906,179.705078125,5737.0
63,37,34.72455978393555,435.28076171875,4894.0
63,38,193.47299194335935,471.919921875,537.0
63,39,471.8616027832031,453.1121826171875,2977.0
63,40,408.700439453125,465.901611328125,1362.0
63,41,156.07260131835938,483.2733154296875,3333.0
63,42,79.79640197753906,489.65032958984375,1999.0
63,43,0.0,0.0,0.0
63,44,96.1978988647461,209.3798675537109,2951.0
63,45,434.0631713867188,189.6432342529297,4353.0
63,46,0.0,0.0,0.0
63,47,114.23065948486328,483.0558776855469,698.0
63,48,268.6219787597656,498.93359375,783.0
63,49,226.94923400878903,486.7340393066406,3053.0
63,50,367.929443359375,489.7915954589844,1545.0
63,51,0.0,0.0,0.0
63,52,46.53467178344727,99.06934356689452,548.0
63,53,377.62347412109375,297.68896484375,1405.0
63,54,420.7939147949219,493.3023986816406,2004.0
63,55,320.5298767089844,493.50048828125,2076.0
63,56,0.0,0.0,0.0
63,57,0.0,0.0,0.0
63,58,0.0,0.0,0.0
63,59,0.0,0.0,0.0
63,60,274.6790771484375,264.7833557128906,2474.0
63,61,276.074462890625,342.7020874023437,5156.0
63,62,477.5376281738281,494.3718566894531,1834.0
63,63,0.0,0.0,0.0
63,64,209.6141662597656,41.9716796875,565.0
63,65,31.66456794738769,487.4831237792969,1747.0
63,66,0.0,0.0,0.0
63,67,57.00764846801758,370.4282836914063,1046.0
63,68,132.20046997070312,423.0222778320313,7722.0
63,69,283.5018920898437,453.3271179199219,3696.0
63,70,0.0,0.0,0.0
63,71,149.9581298828125,332.097412109375,7546.0
63,72,0.0,0.0,0.0
63,73,121.32142639160156,504.6818237304688,308.0
63,74,82.8608169555664,77.95816802978516,2486.0
63,75,458.1412963867188,382.8597412109375,5917.0
63,76,0.0,0.0,0.0
63,77,19.424732208251957,84.33161926269531,2717.0
63,78,355.09796142578125,356.9638366699219,4175.0
63,79,0.0,0.0,0.0
63,80,27.387998580932617,230.06610107421875,3616.0
63,81,0.0,0.0,0.0
63,82,0.0,0.0,0.0
63,83,82.64137268066406,273.4825744628906,5390.0
63,84,402.8113098144531,60.295989990234375,2544.0
63,85,0.0,0.0,0.0
63,86,0.0,0.0,0.0
63,87,397.506103515625,231.20025634765625,3116.0
63,88,146.08399963378906,27.04166603088379,4536.0
63,89,483.6167907714844,140.2093505859375,4452.0
63,90,33.17063903808594,308.89031982421875,4659.0
63,91,0.0,0.0,0.0
63,92,444.8426208496094,28.2026424407959,4086.0
63,93,333.28387451171875,223.7108612060547,4171.0
63,94,320.82666015625,311.7345886230469,2694.0
63,95,274.12994384765625,45.15253448486328,5271.0
63,96,221.09727478027344,18.026865005493164,2159.0
63,97,23.66762924194336,25.73814392089844,2425.0
63,98,0.0,0.0,0.0
63,99,496.4697570800781,323.40924072265625,1752.0
63,100,221.07986450195312,352.9115600585937,4320.0
63,101,0.0,0.0,0.0
63,102,500.6034851074219,428.196533203125,575.0
63,103,0.0,0.0,0.0
63,104,72.38724517822266,31.277231216430664,3654.0
63,105,498.2391662597656,62.31813049316406,1710.0
63,106,482.1365356445313,282.5746765136719,1714.0
63,107,0.0,0.0,0.0
63,108,0.0,0.0,0.0
63,109,0.0,0.0,0.0
63,110,0.0,0.0,0.0
63,111,391.3598327636719,9.524407386779783,717.0
63,112,503.2287292480469,480.9920349121094,376.0
63,113,0.0,0.0,0.0
63,114,0.0,0.0,0.0
63,115,0.0,0.0,0.0
63,116,0.0,0.0,0.0
63,117,495.4079284667969,16.602783203125,934.0
63,118,0.0,0.0,0.0
63,119,0.0,0.0,0.0
63,120,0.0,0.0,0.0
63,121,0.0,0.0,0.0
63,122,0.0,0.0,0.0
63,123,0.0,0.0,0.0
63,124,0.0,0.0,0.0
63,125,0.0,0.0,0.0
63,126,0.0,0.0,0.0
63,127,498.9539184570313,372.6434631347656,1150.0
63,128,0.0,0.0,0.0
63,129,0.0,0.0,0.0
63,130,0.0,0.0,0.0
63,131,0.0,0.0,0.0
63,132,23.735912322998047,367.2509460449219,2662.0
64,0,361.2775573730469,262.43170166015625,1596.0
64,1,325.02197265625,275.4486694335937,2231.0
64,2,412.18988037109375,333.125,3344.0
64,3,160.85238647460938,86.19158172607422,6937.0
64,4,0.0,0.0,0.0
64,5,0.0,0.0,0.0
64,6,457.2595520019531,311.74462890625,1441.0
64,7,235.14407348632807,88.59381103515625,2457.0
64,8,360.7721557617188,114.57888793945312,4652.0
64,9,285.073486328125,133.8772430419922,4668.0
64,10,344.4355773925781,171.967529296875,3788.0
64,11,197.04331970214844,236.3890686035156,3439.0
64,12,229.37649536132807,271.7308349609375,3429.0
64,13,427.8014526367188,271.5332336425781,2483.0
64,14,0.0,0.0,0.0
64,15,342.5902709960937,47.46602630615234,6358.0
64,16,465.1323547363281,83.59243774414062,2380.0
64,17,90.8259048461914,137.31784057617188,5273.0
64,18,429.0905151367188,117.91650390625,2563.0
64,19,398.2408142089844,153.03359985351562,1607.0
64,20,215.5048828125,146.56980895996094,5637.0
64,21,0.0,0.0,0.0
64,22,0.0,0.0,0.0
64,23,263.25396728515625,202.81375122070312,3855.0
64,24,482.1287536621094,226.471923828125,4683.0
64,25,150.26168823242188,261.6915588378906,4662.0
64,26,391.64788818359375,391.3835754394531,2130.0
64,27,214.15968322753903,428.0748901367188,4459.0
64,28,254.9859619140625,419.50042724609375,1211.0
64,29,25.323699951171875,133.36929321289062,1557.0
64,30,117.37863159179688,368.47802734375,1479.0
64,31,300.99676513671875,404.5599670410156,1859.0
64,32,417.7976989746094,433.8338012695313,1745.0
64,33,78.53624725341797,387.6961975097656,2676.0
64,34,351.5329284667969,433.7786865234375,5449.0
64,35,37.44022750854492,178.8406982421875,3848.0
64,36,156.17080688476562,180.2907867431641,5468.0
64,37,33.890724182128906,435.8059997558594,4722.0
64,38,195.0181121826172,474.908203125,828.0
64,39,474.9431762695313,449.3508911132813,3625.0
64,40,410.2453918457031,468.6882019042969,1626.0
64,41,153.51409912109375,483.1184387207031,3369.0
64,42,77.20958709716797,490.087890625,2128.0
64,43,0.0,0.0,0.0
64,44,96.04266357421876,210.4127655029297,2883.0
64,45,432.3673706054688,189.9243011474609,4320.0
64,46,0.0,0.0,0.0
64,47,112.03172302246094,483.5208740234375,599.0
64,48,267.10565185546875,499.43560791015625,691.0
64,49,227.5912628173828,488.2431335449219,2772.0
64,50,366.53948974609375,489.9209899902344,1557.0
64,51,0.0,0.0,0.0
64,52,45.24546813964844,98.1334457397461,607.0
64,53,377.4815368652344,298.575927734375,1462.0
64,54,417.1907958984375,496.1768493652344,1651.0
64,55,318.7923583984375,493.1961669921875,2090.0
64,56,0.0,0.0,0.0
64,57,0.0,0.0,0.0
64,58,0.0,0.0,0.0
64,59,0.0,0.0,0.0
64,60,273.9647216796875,264.6107482910156,2664.0
64,61,278.0188903808594,347.216796875,5660.0
64,62,471.1283264160156,494.8728942871094,1660.0
64,63,0.0,0.0,0.0
64,64,211.2552795410156,42.94514846801758,474.0
64,65,26.64353370666504,488.4653015136719,1902.0
64,66,0.0,0.0,0.0
64,67,55.21749496459961,368.2560119628906,1246.0
64,68,131.6383819580078,423.8671569824219,7776.0
64,69,284.7829895019531,457.0413513183594,3313.0
64,70,0.0,0.0,0.0
64,71,149.10133361816406,332.6835021972656,7283.0
64,72,0.0,0.0,0.0
64,73,119.43081665039062,504.72955322265625,318.0
64,74,82.50666809082031,79.14482116699219,2548.0
64,75,455.5330200195313,383.2309265136719,5664.0
64,76,0.0,0.0,0.0
64,77,17.987123489379883,85.39396667480469,2485.0
64,78,351.9723815917969,356.97821044921875,4129.0
64,79,0.0,0.0,0.0
64,80,28.17269325256348,231.5870513916016,3567.0
64,81,0.0,0.0,0.0
64,82,0.0,0.0,0.0
64,83,77.3959732055664,277.4328918457031,6311.0
64,84,401.0915832519531,63.331085205078125,2522.0
64,85,0.0,0.0,0.0
64,86,0.0,0.0,0.0
64,87,395.6540222167969,231.456787109375,3032.0
64,88,146.55374145507812,26.64573860168457,4587.0
64,89,484.0683288574219,142.20729064941406,4361.0
64,90,28.73015785217285,311.9830322265625,3654.0
64,91,0.0,0.0,0.0
64,92,442.59027099609375,30.264057159423828,4393.0
64,93,331.8780517578125,223.40606689453125,4051.0
64,94,322.05810546875,311.1329345703125,2392.0
64,95,274.1943054199219,46.75674819946289,5373.0
64,96,222.11485290527344,18.80133056640625,2255.0
64,97,23.82547378540039,26.625150680541992,2481.0
64,98,0.0,0.0,0.0
64,99,496.0,323.2686462402344,1876.0
64,100,221.6466522216797,352.68438720703125,4480.0
64,101,0.0,0.0,0.0
64,102,0.0,0.0,0.0
64,103,0.0,0.0,0.0
64,104,71.01895141601562,32.82994842529297,3693.0
64,105,497.8830261230469,63.275978088378906,1761.0
64,106,480.9488220214844,281.7292175292969,1876.0
64,107,0.0,0.0,0.0
64,108,0.0,0.0,0.0
64,109,0.0,0.0,0.0
64,110,0.0,0.0,0.0
64,111,391.5845642089844,8.428308486938477,544.0
64,112,502.8403930664063,486.9986267089844,733.0
64,113,313.6272277832031,10.761649131774902,558.0
64,114,0.0,0.0,0.0
64,115,0.0,0.0,0.0
64,116,0.0,0.0,0.0
64,117,493.8599853515625,17.038000106811523,1000.0
64,118,0.0,0.0,0.0
64,119,0.0,0.0,0.0
64,120,0.0,0.0,0.0
64,121,0.0,0.0,0.0
64,122,0.0,0.0,0.0
64,123,0.0,0.0,0.0
64,124,0.0,0.0,0.0
64,125,0.0,0.0,0.0
64,126,0.0,0.0,0.0
64,127,497.2534484863281,376.1284484863281,1448.0
64,128,0.0,0.0,0.0
64,129,0.0,0.0,0.0
64,130,0.0,0.0,0.0
64,131,0.0,0.0,0.0
64,132,22.112035751342773,368.1318359375,2526.0
65,0,361.4283752441406,261.4173278808594,1536.0
65,1,326.5639953613281,278.0106811523437,2156.0
65,2,410.0362854003906,337.297607421875,3115.0
65,3,161.00453186035156,86.5426025390625,7053.0
65,4,0.0,0.0,0.0
65,5,0.0,0.0,0.0
65,6,451.9903564453125,313.3097839355469,1869.0
65,7,239.88055419921875,89.75448608398438,2118.0
65,8,361.5233459472656,116.08570861816406,4177.0
65,9,286.0882568359375,133.8660430908203,4815.0
65,10,341.9287414550781,172.1999969482422,3775.0
65,11,197.7206115722656,237.3023834228516,3565.0
65,12,229.971435546875,272.5295104980469,3150.0
65,13,425.5960083007813,271.7200622558594,2354.0
65,14,0.0,0.0,0.0
65,15,343.216064453125,49.80698013305664,5989.0
65,16,468.1707458496094,86.79353332519531,2659.0
65,17,90.97412872314452,140.5807647705078,5064.0
65,18,427.80810546875,118.26570892333984,2642.0
65,19,396.922119140625,158.659912109375,1926.0
65,20,214.30490112304688,144.89077758789062,6015.0
65,21,0.0,0.0,0.0
65,22,0.0,0.0,0.0
65,23,263.8700256347656,203.82823181152344,3755.0
65,24,480.7532348632813,227.364990234375,4644.0
65,25,151.39730834960938,264.4288330078125,4981.0
65,26,390.0399169921875,392.496826171875,2204.0
65,27,213.4247131347656,429.1278991699219,4363.0
65,28,254.02073669433597,419.59423828125,1109.0
65,29,25.079757690429688,134.25196838378906,1655.0
65,30,114.87590026855467,367.1500854492188,1386.0
65,31,298.73553466796875,405.2062377929688,2473.0
65,32,416.0552978515625,435.2477416992188,1772.0
65,33,77.243408203125,385.3334655761719,2732.0
65,34,350.94366455078125,433.5021057128906,5200.0
65,35,36.15492630004883,180.7834625244141,3847.0
65,36,155.6553192138672,181.2236785888672,5405.0
65,37,33.62037658691406,435.9989318847656,4652.0
65,38,191.5535430908203,475.3083801269531,775.0
65,39,469.87347412109375,453.7799072265625,3217.0
65,40,409.5078430175781,471.4377136230469,1782.0
65,41,152.37953186035156,483.7119445800781,3225.0
65,42,74.67866516113281,489.0996398925781,2278.0
65,43,0.0,0.0,0.0
65,44,96.75526428222656,211.32827758789065,2897.0
65,45,432.00726318359375,191.6072235107422,4127.0
65,46,0.0,0.0,0.0
65,47,110.983154296875,481.3981628417969,653.0
65,48,266.1511535644531,499.6720581054688,741.0
65,49,225.74449157714844,487.6479797363281,2767.0
65,50,365.6276245117188,489.9195251464844,1665.0
65,51,0.0,0.0,0.0
65,52,0.0,0.0,0.0
65,53,378.8035888671875,297.50732421875,1502.0
65,54,416.9270324707031,497.7911376953125,1288.0
65,55,317.839599609375,493.6935729980469,2020.0
65,56,0.0,0.0,0.0
65,57,0.0,0.0,0.0
65,58,0.0,0.0,0.0
65,59,0.0,0.0,0.0
65,60,273.9606018066406,263.4752197265625,2563.0
65,61,278.6098022460937,343.2897644042969,5943.0
65,62,469.9253540039063,495.3640747070313,1648.0
65,63,0.0,0.0,0.0
65,64,213.6254425048828,44.78494644165039,558.0
65,65,25.73414802551269,488.6602783203125,1719.0
65,66,0.0,0.0,0.0
65,67,52.263858795166016,366.1736755371094,1353.0
65,68,132.24427795410156,422.1850891113281,7991.0
65,69,284.6444702148437,459.0647277832031,3291.0
65,70,0.0,0.0,0.0
65,71,147.4611053466797,332.67138671875,7057.0
65,72,0.0,0.0,0.0
65,73,117.36895751953124,503.8244323730469,393.0
65,74,81.83756256103516,82.48802185058594,2838.0
65,75,454.2322082519531,385.2055358886719,5469.0
65,76,0.0,0.0,0.0
65,77,18.02086639404297,84.83268737792969,2588.0
65,78,352.6246643066406,355.1380310058594,3818.0
65,79,0.0,0.0,0.0
65,80,28.668682098388672,233.66522216796875,3474.0
65,81,0.0,0.0,0.0
65,82,0.0,0.0,0.0
65,83,76.24913024902344,276.0507507324219,5752.0
65,84,400.6362609863281,65.26192474365234,2642.0
65,85,0.0,0.0,0.0
65,86,0.0,0.0,0.0
65,87,392.3822326660156,231.05111694335935,2993.0
65,88,147.05709838867188,26.908729553222656,4536.0
65,89,483.28802490234375,146.32484436035156,4319.0
65,90,30.5149040222168,312.6162109375,3791.0
65,91,0.0,0.0,0.0
65,92,442.7297058105469,30.835437774658203,4436.0
65,93,328.03131103515625,225.5620880126953,3962.0
65,94,324.5550231933594,310.5193176269531,2072.0
65,95,274.336669921875,47.696533203125,5480.0
65,96,221.77926635742188,18.414655685424805,2238.0
65,97,23.84816551208496,26.003795623779297,2371.0
65,98,0.0,0.0,0.0
65,99,495.66400146484375,322.8031921386719,2012.0
65,100,221.2847137451172,354.3652648925781,4594.0
65,101,0.0,0.0,0.0
65,102,0.0,0.0,0.0
65,103,0.0,0.0,0.0
65,104,68.35535430908203,40.62209701538086,4390.0
65,105,497.7220458984375,62.64423751831055,1709.0
65,106,479.3393249511719,280.5803527832031,2004.0
65,107,0.0,0.0,0.0
65,108,0.0,0.0,0.0
65,109,0.0,0.0,0.0
65,110,0.0,0.0,0.0
65,111,392.1080627441406,9.325648307800291,694.0
65,112,502.4833984375,488.1819458007813,753.0
65,113,316.8843078613281,12.62958812713623,899.0
65,114,0.0,0.0,0.0
65,115,0.0,0.0,0.0
65,116,0.0,0.0,0.0
65,117,494.0352478027344,17.40684700012207,993.0
65,118,0.0,0.0,0.0
65,119,0.0,0.0,0.0
65,120,0.0,0.0,0.0
65,121,0.0,0.0,0.0
65,122,0.0,0.0,0.0
65,123,0.0,0.0,0.0
65,124,0.0,0.0,0.0
65,125,0.0,0.0,0.0
65,126,0.0,0.0,0.0
65,127,498.0543518066406,391.3423156738281,2153.0
65,128,0.0,0.0,0.0
65,129,0.0,0.0,0.0
65,130,0.0,0.0,0.0
65,131,0.0,0.0,0.0
65,132,20.281578063964844,369.3898315429688,2383.0
66,0,361.2689514160156,260.86212158203125,1610.0
66,1,324.9082336425781,277.52783203125,1940.0
66,2,407.6242370605469,340.2147216796875,2906.0
66,3,161.4610137939453,86.92662048339844,6991.0
66,4,0.0,0.0,0.0
66,5,0.0,0.0,0.0
66,6,450.4356994628906,315.729248046875,2061.0
66,7,240.42015075683597,94.46634674072266,2273.0
66,8,359.9571533203125,117.92987060546876,4178.0
66,9,285.0035095214844,135.05857849121094,4541.0
66,10,339.4905090332031,173.30409240722656,3637.0
66,11,196.8025054931641,238.05563354492188,3595.0
66,12,228.35427856445312,273.4883117675781,2992.0
66,13,423.4996337890625,272.5555114746094,2702.0
66,14,0.0,0.0,0.0
66,15,341.45556640625,52.84675598144531,6245.0
66,16,468.1715698242188,89.8231430053711,3223.0
66,17,90.49705505371094,141.69039916992188,5100.0
66,18,426.105224609375,120.90894317626952,2471.0
66,19,395.4923400878906,163.94091796875,2285.0
66,20,213.11911010742188,145.98904418945312,5751.0
66,21,0.0,0.0,0.0
66,22,0.0,0.0,0.0
66,23,261.8665466308594,203.90826416015625,3859.0
66,24,479.4830017089844,224.54537963867188,4617.0
66,25,149.1483612060547,263.9844055175781,5062.0
66,26,388.08148193359375,392.1625061035156,2209.0
66,27,216.1344146728516,434.6524963378906,3013.0
66,28,250.3009033203125,426.5531311035156,1336.0
66,29,24.277341842651367,135.22055053710938,1655.0
66,30,112.37606048583984,366.26361083984375,1654.0
66,31,296.2051696777344,410.1024169921875,3173.0
66,32,414.1617736816406,434.9489135742188,1879.0
66,33,75.21549987792969,387.1226806640625,2478.0
66,34,351.3467102050781,433.0930786132813,4759.0
66,35,35.47313690185547,182.15675354003903,3834.0
66,36,154.826416015625,181.4470672607422,5346.0
66,37,33.099979400634766,435.8544921875,4611.0
66,38,193.83871459960935,476.0842895507813,961.0
66,39,469.0305786132813,455.3601684570313,3204.0
66,40,412.6790161132813,477.95355224609375,2455.0
66,41,151.99191284179688,483.5492858886719,3215.0
66,42,73.54741668701172,489.1964111328125,2225.0
66,43,0.0,0.0,0.0
66,44,95.62166595458984,212.76544189453125,2963.0
66,45,431.6356506347656,191.7399444580078,3730.0
66,46,0.0,0.0,0.0
66,47,110.19629669189452,480.892578125,810.0
66,48,264.63385009765625,499.4632568359375,762.0
66,49,225.7716522216797,489.3839721679688,2448.0
66,50,362.5700378417969,488.4862365722656,1742.0
66,51,0.0,0.0,0.0
66,52,46.0889778137207,99.18592071533205,753.0
66,53,375.9161071777344,298.87548828125,1502.0
66,54,405.6780090332031,501.8439636230469,705.0
66,55,316.9271850585937,495.236083984375,1868.0
66,56,0.0,0.0,0.0
66,57,0.0,0.0,0.0
66,58,0.0,0.0,0.0
66,59,0.0,0.0,0.0
66,60,272.7442932128906,263.0047302246094,2757.0
66,61,278.11602783203125,341.84002685546875,5895.0
66,62,468.6517333984375,495.1150512695313,1608.0
66,63,0.0,0.0,0.0
66,64,215.3919219970703,47.88752365112305,569.0
66,65,24.556560516357425,489.02093505859375,1768.0
66,66,0.0,0.0,0.0
66,67,52.169681549072266,362.2682495117188,1603.0
66,68,130.3107147216797,422.9333190917969,7827.0
66,69,287.3491516113281,463.0780334472656,2973.0
66,70,0.0,0.0,0.0
66,71,147.93545532226562,333.0828857421875,7143.0
66,72,198.81411743164065,417.5189208984375,1162.0
66,73,116.7741928100586,504.2956848144531,372.0
66,74,83.98219299316406,81.7070541381836,2864.0
66,75,453.5246276855469,386.0376281738281,5501.0
66,76,0.0,0.0,0.0
66,77,17.569400787353516,88.27361297607422,2255.0
66,78,349.2955627441406,355.1796569824219,3813.0
66,79,0.0,0.0,0.0
66,80,28.093141555786133,235.0440216064453,3339.0
66,81,0.0,0.0,0.0
66,82,0.0,0.0,0.0
66,83,73.83296203613281,279.63153076171875,5873.0
66,84,401.5333557128906,67.13790893554688,2683.0
66,85,0.0,0.0,0.0
66,86,0.0,0.0,0.0
66,87,392.2975158691406,232.5762634277344,2662.0
66,88,148.10867309570312,26.944887161254883,4518.0
66,89,481.767822265625,149.2977294921875,3997.0
66,90,25.33490562438965,310.8754577636719,3180.0
66,91,0.0,0.0,0.0
66,92,442.6209411621094,30.72270965576172,4324.0
66,93,327.7127380371094,225.71774291992188,4000.0
66,94,325.96295166015625,310.00811767578125,1971.0
66,95,273.5047912597656,54.8694953918457,4475.0
66,96,221.24632263183597,19.488311767578125,2310.0
66,97,22.615949630737305,28.193572998046875,2583.0
66,98,0.0,0.0,0.0
66,99,496.070068359375,321.66717529296875,1941.0
66,100,221.17837524414065,355.77117919921875,4698.0
66,101,0.0,0.0,0.0
66,102,500.9905395507813,431.9622192382813,741.0
66,103,0.0,0.0,0.0
66,104,71.1708984375,33.03015899658203,3979.0
66,105,497.96722412109375,62.883548736572266,1769.0
66,106,479.8291320800781,278.41522216796875,2300.0
66,107,0.0,0.0,0.0
66,108,0.0,0.0,0.0
66,109,0.0,0.0,0.0
66,110,0.0,0.0,0.0
66,111,392.2605590820313,10.268999099731444,829.0
66,112,502.0596008300781,491.9665832519531,688.0
66,113,316.7568054199219,13.487386703491213,991.0
66,114,272.12799072265625,8.177033424377441,836.0
66,115,0.0,0.0,0.0
66,116,0.0,0.0,0.0
66,117,492.0553588867188,18.40599822998047,867.0
66,118,0.0,0.0,0.0
66,119,0.0,0.0,0.0
66,120,0.0,0.0,0.0
66,121,0.0,0.0,0.0
66,122,0.0,0.0,0.0
66,123,0.0,0.0,0.0
66,124,0.0,0.0,0.0
66,125,0.0,0.0,0.0
66,126,0.0,0.0,0.0
66,127,496.1427001953125,376.8828430175781,1724.0
66,128,0.0,0.0,0.0
66,129,0.0,0.0,0.0
66,130,0.0,0.0,0.0
66,131,0.0,0.0,0.0
66,132,19.84282493591309,368.8958129882813,2265.0
67,0,357.7331848144531,261.8377685546875,1769.0
67,1,318.1899719238281,275.8763732910156,1537.0
67,2,406.72760009765625,343.6397399902344,2823.0
67,3,162.20184326171875,88.12235260009766,7045.0
67,4,0.0,0.0,0.0
67,5,0.0,0.0,0.0
67,6,447.1925048828125,316.803955078125,2535.0
67,7,237.2452850341797,97.14109802246094,2601.0
67,8,359.242919921875,119.06257629394533,3915.0
67,9,284.8232727050781,136.79141235351562,4521.0
67,10,337.8927917480469,173.20130920410156,3517.0
67,11,198.4349822998047,236.03829956054688,3968.0
67,12,227.78521728515625,273.73681640625,2747.0
67,13,422.68017578125,271.4910888671875,2692.0
67,14,0.0,0.0,0.0
67,15,340.89959716796875,54.1536979675293,6285.0
67,16,469.6793518066406,95.97309112548828,3493.0
67,17,90.62674713134766,142.3778533935547,5002.0
67,18,426.03814697265625,124.63892364501952,2595.0
67,19,393.47210693359375,167.51039123535156,2455.0
67,20,212.97625732421875,148.98080444335938,5055.0
67,21,0.0,0.0,0.0
67,22,0.0,0.0,0.0
67,23,262.8964233398437,204.5891265869141,3534.0
67,24,478.8836059570313,223.2713928222656,4639.0
67,25,145.79737854003906,263.6943054199219,5414.0
67,26,383.8242492675781,392.52978515625,2350.0
67,27,218.32212829589844,436.5660400390625,2915.0
67,28,250.9398193359375,427.8516540527344,1429.0
67,29,23.727672576904297,136.6421356201172,1590.0
67,30,111.8850326538086,366.1434326171875,1757.0
67,31,297.8746337890625,411.8805236816406,2712.0
67,32,412.5711059570313,437.0280151367188,1856.0
67,33,73.68653106689453,386.4716796875,2383.0
67,34,349.7933349609375,434.4954223632813,4689.0
67,35,35.017364501953125,183.152587890625,3801.0
67,36,154.96759033203125,182.69493103027344,5461.0
67,37,33.70346450805664,437.1562805175781,4620.0
67,38,190.75,478.6957092285156,1216.0
67,39,470.0747985839844,455.29638671875,3249.0
67,40,411.1940612792969,484.062744140625,3236.0
67,41,149.26651000976562,483.8662414550781,3043.0
67,42,73.30877685546875,490.4706726074219,2131.0
67,43,0.0,0.0,0.0
67,44,94.73298645019533,212.29913330078125,2895.0
67,45,430.7075500488281,193.09524536132807,3433.0
67,46,0.0,0.0,0.0
67,47,110.63551330566406,487.1300048828125,1177.0
67,48,263.653076171875,500.7056579589844,761.0
67,49,224.3497467041016,491.2794189453125,2133.0
67,50,362.249267578125,489.6454162597656,1709.0
67,51,0.0,0.0,0.0
67,52,46.3974838256836,100.63636016845705,1034.0
67,53,373.1818237304688,300.1259155273437,1771.0
67,54,0.0,0.0,0.0
67,55,316.6518249511719,495.0804748535156,1752.0
67,56,0.0,0.0,0.0
67,57,0.0,0.0,0.0
67,58,0.0,0.0,0.0
67,59,0.0,0.0,0.0
67,60,271.1466369628906,263.6670227050781,2796.0
67,61,278.767822265625,344.7435607910156,6146.0
67,62,469.21429443359375,494.9054260253906,1512.0
67,63,0.0,0.0,0.0
67,64,213.37286376953125,48.45428466796875,700.0
67,65,24.631162643432617,488.6500244140625,1643.0
67,66,0.0,0.0,0.0
67,67,51.84102249145508,361.9721984863281,1799.0
67,68,128.9387664794922,423.2856140136719,7790.0
67,69,285.4781494140625,464.4687194824219,3068.0
67,70,0.0,0.0,0.0
67,71,147.25904846191406,333.1347961425781,7130.0
67,72,199.23292541503903,418.2055969238281,1537.0
67,73,0.0,0.0,0.0
67,74,86.00386810302734,82.46920013427734,2841.0
67,75,452.4219055175781,388.9243774414063,5487.0
67,76,0.0,0.0,0.0
67,77,17.57705307006836,90.47527313232422,2083.0
67,78,348.0746765136719,354.90679931640625,3616.0
67,79,0.0,0.0,0.0
67,80,27.556856155395508,235.7808990478516,3245.0
67,81,0.0,0.0,0.0
67,82,0.0,0.0,0.0
67,83,70.44152069091797,281.20220947265625,5583.0
67,84,400.3358154296875,70.1649398803711,2698.0
67,85,0.0,0.0,0.0
67,86,0.0,0.0,0.0
67,87,391.9203186035156,234.09349060058597,2610.0
67,88,146.30096435546875,26.82795143127441,4429.0
67,89,481.6262817382813,154.02542114257812,3500.0
67,90,22.68760871887207,309.5804443359375,2865.0
67,91,0.0,0.0,0.0
67,92,441.2238464355469,33.207149505615234,4615.0
67,93,325.5892333984375,225.1120758056641,4158.0
67,94,326.3375549316406,310.1333923339844,1979.0
67,95,273.2893371582031,55.6446647644043,4545.0
67,96,221.0552673339844,19.736989974975582,2479.0
67,97,22.10779190063477,29.984493255615234,2644.0
67,98,0.0,0.0,0.0
67,99,496.34033203125,320.47564697265625,1951.0
67,100,221.27618408203125,354.7917175292969,4830.0
67,101,0.0,0.0,0.0
67,102,0.0,0.0,0.0
67,103,0.0,0.0,0.0
67,104,70.796142578125,33.88633728027344,4047.0
67,105,497.27386474609375,65.82884216308594,1782.0
67,106,480.4056396484375,277.8121643066406,2337.0
67,107,0.0,0.0,0.0
67,108,0.0,0.0,0.0
67,109,0.0,0.0,0.0
67,110,0.0,0.0,0.0
67,111,391.3608703613281,11.096738815307615,920.0
67,112,501.5222473144531,491.7840270996094,764.0
67,113,316.249267578125,13.648700714111328,1039.0
67,114,271.61102294921875,7.845221996307373,743.0
67,115,0.0,0.0,0.0
67,116,0.0,0.0,0.0
67,117,492.1979370117188,19.75328254699707,1066.0
67,118,0.0,0.0,0.0
67,119,0.0,0.0,0.0
67,120,0.0,0.0,0.0
67,121,0.0,0.0,0.0
67,122,0.0,0.0,0.0
67,123,0.0,0.0,0.0
67,124,0.0,0.0,0.0
67,125,0.0,0.0,0.0
67,126,0.0,0.0,0.0
67,127,496.9640502929688,390.5807189941406,2447.0
67,128,0.0,0.0,0.0
67,129,0.0,0.0,0.0
67,130,0.0,0.0,0.0
67,131,0.0,0.0,0.0
67,132,18.971162796020508,367.89752197265625,2254.0
68,0,355.1274108886719,263.58624267578125,1774.0
68,1,315.4341735839844,276.5749816894531,1534.0
68,2,407.2726745605469,344.3365783691406,2879.0
68,3,162.31338500976562,87.96141052246094,7049.0
68,4,0.0,0.0,0.0
68,5,0.0,0.0,0.0
68,6,448.2840270996094,321.0869140625,2623.0
68,7,234.73257446289065,99.5008544921875,2913.0
68,8,357.5035400390625,121.03475952148438,3970.0
68,9,283.74371337890625,138.1441650390625,4245.0
68,10,334.9200134277344,174.75721740722656,3501.0
68,11,198.47348022460935,234.0629730224609,4431.0
68,12,226.66184997558597,276.0292663574219,2768.0
68,13,421.6302185058594,273.5490417480469,2845.0
68,14,0.0,0.0,0.0
68,15,340.6273193359375,54.76730728149414,6558.0
68,16,470.22943115234375,100.41179656982422,3526.0
68,17,90.7577896118164,143.7391357421875,4876.0
68,18,426.44622802734375,127.05582427978516,2687.0
68,19,391.6444396972656,168.95164489746094,2461.0
68,20,215.90431213378903,154.2003173828125,5152.0
68,21,0.0,0.0,0.0
68,22,0.0,0.0,0.0
68,23,263.2466125488281,208.3002471923828,2871.0
68,24,477.05419921875,224.86990356445312,4612.0
68,25,145.63226318359375,265.058349609375,5330.0
68,26,379.025146484375,393.5628967285156,2663.0
68,27,216.03553771972656,434.6815185546875,2983.0
68,28,248.6619873046875,432.7127075195313,1636.0
68,29,23.9088077545166,135.95440673828125,1601.0
68,30,112.10787200927734,366.0911560058594,1854.0
68,31,296.0320129394531,413.4641418457031,2342.0
68,32,411.4915466308594,436.9143676757813,1892.0
68,33,72.79373931884766,384.19622802734375,2395.0
68,34,348.03326416015625,435.8004150390625,4389.0
68,35,33.88897705078125,183.4247589111328,3828.0
68,36,152.49905395507812,181.5697784423828,5302.0
68,37,33.553741455078125,436.7593994140625,4410.0
68,38,190.7331085205078,481.7804870605469,1731.0
68,39,471.77685546875,454.6582336425781,3482.0
68,40,411.0345764160156,483.8522338867188,3181.0
68,41,146.96023559570312,483.5690002441406,2942.0
68,42,72.28044128417969,489.90081787109375,2168.0
68,43,0.0,0.0,0.0
68,44,94.56170654296876,211.92974853515625,2747.0
68,45,429.0656433105469,195.32192993164065,3535.0
68,46,0.0,0.0,0.0
68,47,109.22745513916016,486.2510070800781,1231.0
68,48,262.4684753417969,500.3498229980469,809.0
68,49,227.262939453125,491.2922973632813,1738.0
68,50,362.6407775878906,488.7746276855469,1726.0
68,51,0.0,0.0,0.0
68,52,45.755706787109375,100.33904266357422,876.0
68,53,374.3102722167969,300.9798278808594,1734.0
68,54,0.0,0.0,0.0
68,55,317.5998840332031,495.5118713378906,1727.0
68,56,0.0,0.0,0.0
68,57,0.0,0.0,0.0
68,58,0.0,0.0,0.0
68,59,0.0,0.0,0.0
68,60,269.8689270019531,263.6264343261719,2693.0
68,61,277.9568786621094,344.7401123046875,6122.0
68,62,468.20208740234375,494.733154296875,1529.0
68,63,0.0,0.0,0.0
68,64,214.07470703125,51.12451934814453,522.0
68,65,23.107545852661133,488.2443542480469,1776.0
68,66,0.0,0.0,0.0
68,67,49.64552307128906,364.9266052246094,1608.0
68,68,126.7265853881836,423.421875,7538.0
68,69,285.28179931640625,464.3259582519531,3169.0
68,70,0.0,0.0,0.0
68,71,146.92776489257812,333.91021728515625,7005.0
68,72,194.684814453125,412.9227294921875,1488.0
68,73,0.0,0.0,0.0
68,74,84.33748626708984,85.56674194335938,3049.0
68,75,451.5433349609375,392.2916564941406,5054.0
68,76,0.0,0.0,0.0
68,77,18.189252853393555,90.21160125732422,2103.0
68,78,353.3334350585937,354.031982421875,3002.0
68,79,0.0,0.0,0.0
68,80,28.10679626464844,235.9755706787109,3193.0
68,81,0.0,0.0,0.0
68,82,0.0,0.0,0.0
68,83,70.33196258544922,280.79815673828125,5841.0
68,84,399.777099609375,72.83309173583984,2750.0
68,85,0.0,0.0,0.0
68,86,0.0,0.0,0.0
68,87,387.1474914550781,233.9845123291016,2712.0
68,88,143.99342346191406,27.01118850708008,4558.0
68,89,483.1914367675781,157.98580932617188,3312.0
68,90,22.43114471435547,310.25634765625,2832.0
68,91,0.0,0.0,0.0
68,92,440.5525512695313,35.76053237915039,4794.0
68,93,321.7222900390625,226.14845275878903,3961.0
68,94,324.6417541503906,326.492919921875,2755.0
68,95,273.29931640625,50.66944885253906,5152.0
68,96,221.1733856201172,21.78945541381836,2826.0
68,97,17.232492446899414,32.07283020019531,2142.0
68,98,0.0,0.0,0.0
68,99,496.3903503417969,321.50128173828125,1947.0
68,100,222.0574188232422,354.8666381835937,4754.0
68,101,0.0,0.0,0.0
68,102,0.0,0.0,0.0
68,103,0.0,0.0,0.0
68,104,66.17591094970703,33.08119201660156,4434.0
68,105,497.2242126464844,68.24113464355469,1833.0
68,106,481.378173828125,278.4786682128906,2438.0
68,107,0.0,0.0,0.0
68,108,0.0,0.0,0.0
68,109,0.0,0.0,0.0
68,110,0.0,0.0,0.0
68,111,391.6978454589844,11.20322608947754,930.0
68,112,501.2991943359375,493.3019104003906,732.0
68,113,312.30767822265625,13.71857452392578,1066.0
68,114,0.0,0.0,0.0
68,115,0.0,0.0,0.0
68,116,0.0,0.0,0.0
68,117,489.9767761230469,22.30396842956543,1033.0
68,118,0.0,0.0,0.0
68,119,0.0,0.0,0.0
68,120,0.0,0.0,0.0
68,121,0.0,0.0,0.0
68,122,0.0,0.0,0.0
68,123,0.0,0.0,0.0
68,124,0.0,0.0,0.0
68,125,0.0,0.0,0.0
68,126,0.0,0.0,0.0
68,127,496.2376403808594,388.0050964355469,2348.0
68,128,0.0,0.0,0.0
68,129,0.0,0.0,0.0
68,130,0.0,0.0,0.0
68,131,0.0,0.0,0.0
68,132,18.55219268798828,368.1565856933594,2280.0
69,0,353.68365478515625,265.36602783203125,1590.0
69,1,313.2268981933594,275.98114013671875,1591.0
69,2,410.9045104980469,337.743896484375,3686.0
69,3,160.81495666503906,89.1480941772461,6847.0
69,4,0.0,0.0,0.0
69,5,0.0,0.0,0.0
69,6,458.53948974609375,326.6768798828125,1405.0
69,7,235.88864135742188,101.65194702148438,3080.0
69,8,355.0878295898437,124.4887924194336,3791.0
69,9,282.2742004394531,141.86712646484375,3665.0
69,10,328.130126953125,177.313720703125,3704.0
69,11,197.1638946533203,234.3849639892578,4338.0
69,12,225.27880859375,276.6202087402344,2733.0
69,13,420.7655029296875,275.12091064453125,3002.0
69,14,0.0,0.0,0.0
69,15,338.7852783203125,56.62816619873047,7186.0
69,16,470.2374877929688,101.97557830810548,3440.0
69,17,91.71314239501952,145.4856414794922,4734.0
69,18,424.6614990234375,129.47190856933594,2706.0
69,19,390.0354309082031,171.28306579589844,2540.0
69,20,216.3896484375,156.67588806152344,5310.0
69,21,0.0,0.0,0.0
69,22,0.0,0.0,0.0
69,23,257.9432067871094,213.15174865722656,2412.0
69,24,474.8865661621094,227.2201995849609,4328.0
69,25,147.2279052734375,268.6445617675781,5340.0
69,26,379.5343627929688,394.5236206054688,2605.0
69,27,217.8786163330078,433.5262145996094,3320.0
69,28,250.6350860595703,429.95648193359375,1425.0
69,29,24.265522003173828,137.49945068359375,1804.0
69,30,110.92919158935548,365.7756042480469,1836.0
69,31,295.5062561035156,412.97955322265625,2398.0
69,32,410.86724853515625,437.5571899414063,1906.0
69,33,70.94511413574219,384.1582336425781,2332.0
69,34,347.8506774902344,436.409912109375,4413.0
69,35,33.12731170654297,185.91905212402344,3731.0
69,36,150.9638671875,181.8798675537109,5369.0
69,37,33.50043487548828,436.197265625,4618.0
69,38,190.5557861328125,482.83502197265625,1891.0
69,39,472.9050903320313,455.5353088378906,3624.0
69,40,411.84954833984375,484.3292541503906,3104.0
69,41,146.3948516845703,483.3818054199219,2834.0
69,42,72.21281433105469,490.8152465820313,2138.0
69,43,0.0,0.0,0.0
69,44,94.00640106201172,213.0931701660156,2812.0
69,45,428.5873107910156,196.8768615722656,3419.0
69,46,0.0,0.0,0.0
69,47,109.38594818115234,484.6684265136719,1324.0
69,48,261.1430358886719,499.9674377441406,860.0
69,49,227.5564117431641,491.2532043457031,1560.0
69,50,363.2255554199219,490.3068237304688,1760.0
69,51,0.0,0.0,0.0
69,52,43.82558059692383,102.39070129394533,860.0
69,53,372.9457702636719,302.0160827636719,1678.0
69,54,0.0,0.0,0.0
69,55,316.73504638671875,494.8840026855469,1638.0
69,56,0.0,0.0,0.0
69,57,0.0,0.0,0.0
69,58,0.0,0.0,0.0
69,59,0.0,0.0,0.0
69,60,268.5097961425781,264.1217041015625,2654.0
69,61,278.5413513183594,342.6754455566406,5839.0
69,62,478.6792602539063,495.16400146484375,2067.0
69,63,0.0,0.0,0.0
69,64,212.57618713378903,52.20988845825195,991.0
69,65,22.99456787109375,487.73626708984375,1657.0
69,66,0.0,0.0,0.0
69,67,49.02782440185547,360.88580322265625,1725.0
69,68,124.52333068847656,423.3150939941406,7414.0
69,69,284.8094177246094,464.32080078125,3248.0
69,70,0.0,0.0,0.0
69,71,146.32611083984375,335.4060363769531,6832.0
69,72,191.4724578857422,412.7037658691406,1725.0
69,73,0.0,0.0,0.0
69,74,81.7860107421875,89.07058715820312,3145.0
69,75,449.7224426269531,391.5982666015625,5098.0
69,76,0.0,0.0,0.0
69,77,17.149879455566406,88.59373474121094,2075.0
69,78,362.3685302734375,350.40020751953125,1989.0
69,79,0.0,0.0,0.0
69,80,27.876543045043945,236.88031005859372,2916.0
69,81,0.0,0.0,0.0
69,82,0.0,0.0,0.0
69,83,69.69922637939453,282.0500793457031,6091.0
69,84,398.0523376464844,76.09515380859375,2827.0
69,85,0.0,0.0,0.0
69,86,0.0,0.0,0.0
69,87,385.5577392578125,235.25621032714844,2736.0
69,88,143.6622772216797,27.455642700195312,4554.0
69,89,482.9534912109375,161.12355041503906,3699.0
69,90,19.642040252685547,304.41864013671875,2274.0
69,91,0.0,0.0,0.0
69,92,440.70697021484375,37.87847137451172,5003.0
69,93,322.295654296875,226.2984161376953,3971.0
69,94,327.247314453125,337.9210510253906,3825.0
69,95,274.21026611328125,55.27950668334961,4694.0
69,96,224.31629943847656,21.02223777770996,3013.0
69,97,13.89056396484375,32.97903060913086,1526.0
69,98,0.0,0.0,0.0
69,99,495.4933471679688,323.0137634277344,2108.0
69,100,223.7578125,353.5137023925781,4707.0
69,101,0.0,0.0,0.0
69,102,0.0,0.0,0.0
69,103,0.0,0.0,0.0
69,104,63.15180206298828,33.510501861572266,5046.0
69,105,496.3517761230469,68.51127624511719,1862.0
69,106,479.7582702636719,279.4164123535156,2656.0
69,107,0.0,0.0,0.0
69,108,0.0,0.0,0.0
69,109,0.0,0.0,0.0
69,110,0.0,0.0,0.0
69,111,392.1329956054688,12.767961502075195,1030.0
69,112,0.0,0.0,0.0
69,113,307.2492980957031,13.113743782043455,1055.0
69,114,0.0,0.0,0.0
69,115,0.0,0.0,0.0
69,116,0.0,0.0,0.0
69,117,492.6458129882813,18.16977310180664,1502.0
69,118,0.0,0.0,0.0
69,119,0.0,0.0,0.0
69,120,0.0,0.0,0.0
69,121,0.0,0.0,0.0
69,122,0.0,0.0,0.0
69,123,0.0,0.0,0.0
69,124,0.0,0.0,0.0
69,125,0.0,0.0,0.0
69,126,0.0,0.0,0.0
69,127,495.0439758300781,388.6723937988281,2387.0
69,128,0.0,0.0,0.0
69,129,0.0,0.0,0.0
69,130,0.0,0.0,0.0
69,131,0.0,0.0,0.0
69,132,16.802900314331055,362.41253662109375,2344.0
70,0,350.686279296875,267.1836853027344,1546.0
70,1,310.59552001953125,275.7686767578125,1513.0
70,2,410.3433227539063,338.5134582519531,3568.0
70,3,160.5575714111328,92.58965301513672,6609.0
70,4,0.0,0.0,0.0
70,5,0.0,0.0,0.0
70,6,457.1551513671875,328.3255615234375,1244.0
70,7,235.42063903808597,104.2790985107422,3024.0
70,8,353.4919128417969,127.3540496826172,4135.0
70,9,282.5257263183594,142.08201599121094,3304.0
70,10,321.8205261230469,179.20506286621094,3243.0
70,11,194.2030792236328,236.3222503662109,3969.0
70,12,222.8033905029297,278.6996765136719,2594.0
70,13,417.8922729492188,274.6297302246094,2952.0
70,14,0.0,0.0,0.0
70,15,338.8302307128906,55.89962005615234,6844.0
70,16,471.3390197753906,104.05746459960938,3463.0
70,17,90.73224639892578,147.69737243652344,4732.0
70,18,416.0362243652344,134.9493865966797,3616.0
70,19,385.3079528808594,186.55758666992188,2127.0
70,20,217.28076171875,158.80564880371094,5243.0
70,21,0.0,0.0,0.0
70,22,0.0,0.0,0.0
70,23,254.14910888671875,213.0512542724609,2790.0
70,24,476.8762817382813,225.51454162597656,4470.0
70,25,145.2525177001953,269.1529235839844,5271.0
70,26,379.2999267578125,395.86767578125,2804.0
70,27,215.16998291015625,433.3540649414063,2912.0
70,28,248.03651428222656,430.2969970703125,1835.0
70,29,23.730749130249023,140.0296173095703,1857.0
70,30,109.71170806884766,365.729736328125,2109.0
70,31,295.7132873535156,412.2154235839844,2567.0
70,32,411.1888122558594,439.6966552734375,1912.0
70,33,69.70358276367188,387.691162109375,2176.0
70,34,348.9360656738281,435.7116394042969,3988.0
70,35,32.50297927856445,188.1914825439453,3525.0
70,36,148.4874267578125,183.41683959960935,5568.0
70,37,32.89065170288086,436.8414611816406,4289.0
70,38,184.0555877685547,483.3562927246094,1583.0
70,39,472.1570434570313,457.0393371582031,3585.0
70,40,409.8503112792969,485.6982727050781,3006.0
70,41,145.70196533203125,484.3717956542969,2644.0
70,42,71.3617172241211,490.0895385742188,2278.0
70,43,0.0,0.0,0.0
70,44,92.19410705566406,214.80943298339844,2545.0
70,45,429.1708984375,197.58621215820312,3236.0
70,46,0.0,0.0,0.0
70,47,106.56595611572266,471.9753112792969,1175.0
70,48,260.11199951171875,500.4479675292969,759.0
70,49,223.94403076171875,489.7618713378906,1894.0
70,50,360.0403747558594,488.5914916992188,1858.0
70,51,0.0,0.0,0.0
70,52,42.27800750732422,102.55290222167967,964.0
70,53,372.9934997558594,302.1574401855469,1696.0
70,54,0.0,0.0,0.0
70,55,315.85650634765625,498.5823364257813,1324.0
70,56,0.0,0.0,0.0
70,57,0.0,0.0,0.0
70,58,0.0,0.0,0.0
70,59,0.0,0.0,0.0
70,60,265.89892578125,265.7240600585937,2968.0
70,61,279.3524780273437,343.890380859375,5501.0
70,62,478.2114868164063,495.7818298339844,2104.0
70,63,0.0,0.0,0.0
70,64,214.0570373535156,53.32796096801758,1613.0
70,65,21.43790054321289,487.5737609863281,1715.0
70,66,0.0,0.0,0.0
70,67,46.0164794921875,364.9435119628906,2124.0
70,68,124.44009399414062,422.8501281738281,7053.0
70,69,287.93487548828125,465.8562622070313,3778.0
70,70,0.0,0.0,0.0
70,71,148.22091674804688,335.63671875,7143.0
70,72,190.4770050048828,415.6987915039063,1826.0
70,73,113.48680877685548,502.3069458007813,417.0
70,74,80.31010437011719,93.32384490966795,3057.0
70,75,450.1417846679688,392.4031677246094,5261.0
70,76,0.0,0.0,0.0
70,77,15.706094741821287,89.01549530029297,1936.0
70,78,364.73291015625,350.2665100097656,1786.0
70,79,0.0,0.0,0.0
70,80,28.776382446289062,237.0681915283203,2786.0
70,81,0.0,0.0,0.0
70,82,0.0,0.0,0.0
70,83,64.83190155029297,286.5782470703125,6639.0
70,84,397.2395629882813,78.33014678955078,2826.0
70,85,0.0,0.0,0.0
70,86,0.0,0.0,0.0
70,87,383.1932373046875,235.2994842529297,2748.0
70,88,144.1515655517578,29.877328872680664,4777.0
70,89,481.3337097167969,161.27523803710938,3437.0
70,90,11.060750961303713,292.6040954589844,1465.0
70,91,0.0,0.0,0.0
70,92,439.2500915527344,40.74541091918945,5122.0
70,93,320.4984130859375,227.68167114257807,3776.0
70,94,328.5936279296875,337.39508056640625,3984.0
70,95,276.323486328125,58.29275131225586,4912.0
70,96,225.8393402099609,20.157201766967773,2888.0
70,97,15.539175987243652,32.622169494628906,1723.0
70,98,0.0,0.0,0.0
70,99,494.5543823242188,323.2221069335937,2179.0
70,100,225.77772521972656,353.7070617675781,4571.0
70,101,0.0,0.0,0.0
70,102,0.0,0.0,0.0
70,103,0.0,0.0,0.0
70,104,65.60740661621094,34.95315933227539,5209.0
70,105,496.50439453125,71.24311828613281,1707.0
70,106,475.7933654785156,280.44744873046875,3044.0
70,107,0.0,0.0,0.0
70,108,236.5,300.5,2.0
70,109,0.0,0.0,0.0
70,110,0.0,0.0,0.0
70,111,391.4523010253906,15.180212020874023,1132.0
70,112,0.0,0.0,0.0
70,113,308.6942443847656,13.334031105041504,955.0
70,114,0.0,0.0,0.0
70,115,1.0,393.0,3.0
70,116,0.0,0.0,0.0
70,117,491.38385009765625,20.732301712036133,1808.0
70,118,0.0,0.0,0.0
70,119,0.0,0.0,0.0
70,120,0.0,0.0,0.0
70,121,0.0,0.0,0.0
70,122,0.0,0.0,0.0
70,123,0.0,0.0,0.0
70,124,0.0,0.0,0.0
70,125,0.0,0.0,0.0
70,126,0.0,0.0,0.0
70,127,494.86822509765625,388.7027587890625,2345.0
70,128,0.0,0.0,0.0
70,129,0.0,0.0,0.0
70,130,0.0,0.0,0.0
70,131,0.0,0.0,0.0
70,132,16.31102180480957,359.27264404296875,2241.0
71,0,346.0112609863281,269.59600830078125,1599.0
71,1,307.587646484375,275.70343017578125,1278.0
71,2,404.3041687011719,345.8741455078125,2630.0
71,3,159.85643005371094,94.71588134765624,6610.0
71,4,0.0,0.0,0.0
71,5,0.0,0.0,0.0
71,6,431.676513671875,317.50811767578125,1354.0
71,7,234.0177001953125,106.2194595336914,2939.0
71,8,351.9629211425781,128.48486328125,4127.0
71,9,281.8482971191406,142.82562255859375,3309.0
71,10,313.5003967285156,180.1361083984375,2564.0
71,11,192.5098571777344,238.0204620361328,3958.0
71,12,220.14682006835935,278.910888671875,2738.0
71,13,418.3052673339844,273.3788757324219,3125.0
71,14,0.0,0.0,0.0
71,15,337.4831848144531,57.679317474365234,6904.0
71,16,471.8335571289063,109.73509979248048,2986.0
71,17,90.07793426513672,149.48858642578125,4953.0
71,18,415.6266479492188,136.30055236816406,3640.0
71,19,378.9441223144531,185.2260284423828,2774.0
71,20,215.6513671875,160.21136474609375,5034.0
71,21,0.0,0.0,0.0
71,22,0.0,0.0,0.0
71,23,254.9826202392578,212.4184417724609,2992.0
71,24,474.4945373535156,228.58189392089844,4121.0
71,25,142.96524047851562,269.25457763671875,4863.0
71,26,377.70068359375,395.2500915527344,2803.0
71,27,216.2689514160156,432.8652038574219,2982.0
71,28,247.7006378173828,432.4135437011719,1550.0
71,29,24.131196975708008,140.18226623535156,1997.0
71,30,110.4574737548828,365.6472778320313,2234.0
71,31,295.9378967285156,413.02935791015625,2657.0
71,32,411.19281005859375,441.6070556640625,1784.0
71,33,69.06927490234375,386.2605895996094,2122.0
71,34,350.2675170898437,434.4933471679688,3839.0
71,35,31.385862350463867,188.30014038085935,3395.0
71,36,145.9093475341797,184.89259338378903,5670.0
71,37,32.69291305541992,437.7044372558594,4077.0
71,38,182.9135589599609,483.66595458984375,1874.0
71,39,472.5069580078125,459.0049133300781,3661.0
71,40,408.9537963867188,486.6402893066406,3008.0
71,41,142.7943572998047,483.7788696289063,2519.0
71,42,68.81017303466797,489.6009216308594,2418.0
71,43,0.0,0.0,0.0
71,44,90.605224609375,217.3890686035156,2105.0
71,45,427.7167663574219,199.2439117431641,3206.0
71,46,0.0,0.0,0.0
71,47,104.68853759765624,470.6179504394531,1204.0
71,48,259.23779296875,501.375,656.0
71,49,224.82760620117188,490.2242126464844,1775.0
71,50,356.20343017578125,487.3564758300781,2045.0
71,51,0.0,0.0,0.0
71,52,40.219512939453125,103.6282958984375,1025.0
71,53,373.12005615234375,301.95733642578125,1641.0
71,54,0.0,0.0,0.0
71,55,312.3730163574219,500.3533325195313,1067.0
71,56,0.0,0.0,0.0
71,57,0.0,0.0,0.0
71,58,0.0,0.0,0.0
71,59,0.0,0.0,0.0
71,60,265.8128662109375,266.3051147460937,3094.0
71,61,278.931640625,344.9014587402344,5237.0
71,62,478.35345458984375,496.6948547363281,1904.0
71,63,0.0,0.0,0.0
71,64,212.5150146484375,53.70920944213867,1998.0
71,65,19.015796661376957,488.4197998046875,1646.0
71,66,0.0,0.0,0.0
71,67,39.54051971435547,367.867431640625,2542.0
71,68,123.46060943603516,422.3890686035156,7045.0
71,69,287.89434814453125,467.1819458007813,4089.0
71,70,0.0,0.0,0.0
71,71,147.49880981445312,335.0447998046875,7097.0
71,72,190.5559539794922,414.9002075195313,1984.0
71,73,111.69166564941406,501.7791748046875,480.0
71,74,79.49981689453125,93.85441589355467,2775.0
71,75,449.7153625488281,386.4677429199219,6324.0
71,76,0.0,0.0,0.0
71,77,14.313966751098633,88.97769927978516,1704.0
71,78,365.2396545410156,349.4744567871094,1644.0
71,79,0.0,0.0,0.0
71,80,29.48823547363281,236.2801513671875,2720.0
71,81,0.0,0.0,0.0
71,82,0.0,0.0,0.0
71,83,66.31884002685547,283.5062866210937,6508.0
71,84,396.783447265625,79.70780944824219,2803.0
71,85,0.0,0.0,0.0
71,86,0.0,0.0,0.0
71,87,380.8299865722656,235.9733123779297,2735.0
71,88,141.96971130371094,30.239450454711918,4953.0
71,89,482.9881286621094,165.1312713623047,3786.0
71,90,12.715417861938477,295.7720947265625,1641.0
71,91,0.0,0.0,0.0
71,92,439.7841491699219,46.091678619384766,5323.0
71,93,320.74566650390625,228.65538024902344,3633.0
71,94,327.7037658691406,337.4203491210937,4206.0
71,95,275.6390380859375,61.52197647094727,4596.0
71,96,227.88673400878903,19.330093383789062,2984.0
71,97,15.43978214263916,31.446866989135746,1835.0
71,98,0.0,0.0,0.0
71,99,493.2374877929688,322.0868835449219,2198.0
71,100,226.76026916503903,352.806640625,4722.0
71,101,0.0,0.0,0.0
71,102,0.0,0.0,0.0
71,103,0.0,0.0,0.0
71,104,64.96455383300781,36.72974395751953,5332.0
71,105,495.5667419433594,73.96480560302734,1648.0
71,106,477.4713134765625,281.08551025390625,2877.0
71,107,0.0,0.0,0.0
71,108,0.0,0.0,0.0
71,109,0.0,0.0,0.0
71,110,0.0,0.0,0.0
71,111,390.9075317382813,17.24235725402832,1341.0
71,112,0.0,0.0,0.0
71,113,304.3207397460937,13.423670768737791,1166.0
71,114,0.0,0.0,0.0
71,115,0.0,0.0,0.0
71,116,12.0,459.5,2.0
71,117,488.7262268066406,22.99515914916992,2272.0
71,118,0.0,0.0,0.0
71,119,0.0,0.0,0.0
71,120,0.0,0.0,0.0
71,121,0.0,0.0,0.0
71,122,0.0,0.0,0.0
71,123,0.0,0.0,0.0
71,124,0.0,0.0,0.0
71,125,0.0,0.0,0.0
71,126,0.0,0.0,0.0
71,127,494.45648193359375,387.7642517089844,2528.0
71,128,0.0,0.0,0.0
71,129,0.0,0.0,0.0
71,130,0.0,0.0,0.0
71,131,0.0,0.0,0.0
71,132,15.633572578430176,356.15966796875,1954.0
72,0,343.0272521972656,271.6972045898437,1615.0
72,1,302.931396484375,276.619873046875,1268.0
72,2,403.8528137207031,347.22198486328125,2500.0
72,3,157.6817169189453,99.23706817626952,6070.0
72,4,0.0,0.0,0.0
72,5,0.0,0.0,0.0
72,6,429.6804809570313,318.123779296875,1543.0
72,7,232.22732543945312,107.59089660644533,2987.0
72,8,351.08819580078125,129.52243041992188,3991.0
72,9,281.9296264648437,149.316162109375,3922.0
72,10,319.8259582519531,183.27151489257807,2103.0
72,11,190.62503051757807,239.36817932128903,3683.0
72,12,216.68663024902344,278.70611572265625,2923.0
72,13,414.2269592285156,274.6891784667969,2635.0
72,14,0.0,0.0,0.0
72,15,337.098388671875,58.57415008544922,7195.0
72,16,471.8848876953125,111.11714935302734,2945.0
72,17,90.91604614257812,153.8962860107422,5110.0
72,18,413.2619934082031,137.418212890625,3790.0
72,19,379.9554138183594,188.7037506103516,2849.0
72,20,214.0765686035156,162.56040954589844,5107.0
72,21,0.0,0.0,0.0
72,22,0.0,0.0,0.0
72,23,254.7003631591797,212.76487731933597,2790.0
72,24,475.0798034667969,230.3867034912109,4285.0
72,25,140.0352325439453,269.470703125,4542.0
72,26,377.60247802734375,395.0799865722656,2913.0
72,27,215.5828857421875,433.6033935546875,2781.0
72,28,245.3614501953125,430.2329711914063,1292.0
72,29,23.209178924560547,140.29469299316406,2070.0
72,30,110.56096649169922,365.0096435546875,2485.0
72,31,294.56414794921875,413.3364562988281,2767.0
72,32,412.2293395996094,443.4821472167969,1792.0
72,33,68.9073486328125,384.5928955078125,2083.0
72,34,351.296142578125,434.1579895019531,3684.0
72,35,31.139293670654297,189.5755920410156,3367.0
72,36,146.3914031982422,187.7191467285156,5373.0
72,37,32.614864349365234,436.4464111328125,3983.0
72,38,183.05357360839844,483.5760192871094,1960.0
72,39,472.9200439453125,459.6911926269531,3439.0
72,40,408.5195007324219,487.077392578125,2972.0
72,41,142.85667419433594,484.6385803222656,2421.0
72,42,75.17181396484375,490.3580932617188,3044.0
72,43,0.0,0.0,0.0
72,44,93.68798828125,218.3703765869141,1782.0
72,45,427.20123291015625,200.4922790527344,3240.0
72,46,0.0,0.0,0.0
72,47,105.5429229736328,467.7823791503906,1328.0
72,48,258.1019592285156,501.2927551269531,608.0
72,49,224.7553558349609,490.6575927734375,1729.0
72,50,354.5009155273437,487.2181701660156,2214.0
72,51,0.0,0.0,0.0
72,52,36.97014999389648,103.86268615722656,1005.0
72,53,372.9328308105469,302.9229736328125,1623.0
72,54,0.0,0.0,0.0
72,55,308.4122314453125,498.5959167480469,1225.0
72,56,0.0,0.0,0.0
72,57,0.0,0.0,0.0
72,58,0.0,0.0,0.0
72,59,0.0,0.0,0.0
72,60,262.62579345703125,266.4231262207031,2985.0
72,61,278.3663024902344,345.2545471191406,5217.0
72,62,475.1814270019531,497.5827331542969,1692.0
72,63,0.0,0.0,0.0
72,64,210.12350463867188,53.73441696166992,2583.0
72,65,19.10042381286621,488.4277038574219,1653.0
72,66,0.0,0.0,0.0
72,67,37.24128723144531,367.9786376953125,2669.0
72,68,123.90530395507812,422.1173706054688,6885.0
72,69,284.9282531738281,464.8509826660156,4167.0
72,70,0.0,0.0,0.0
72,71,147.58734130859375,334.2590637207031,7110.0
72,72,190.6277313232422,415.073974609375,2055.0
72,73,0.0,0.0,0.0
72,74,77.12220001220703,98.56076049804688,2905.0
72,75,449.3770446777344,387.5196838378906,6373.0
72,76,0.0,0.0,0.0
72,77,12.681700706481934,86.27835083007812,1552.0
72,78,365.0164489746094,348.741943359375,1581.0
72,79,0.0,0.0,0.0
72,80,31.350385665893555,236.6278839111328,2854.0
72,81,0.0,0.0,0.0
72,82,0.0,0.0,0.0
72,83,64.56230926513672,284.303955078125,6468.0
72,84,396.0968322753906,82.73738098144531,2654.0
72,85,0.0,0.0,0.0
72,86,0.0,0.0,0.0
72,87,377.3741760253906,237.29913330078125,2865.0
72,88,139.37847900390625,32.71803283691406,5678.0
72,89,481.9266052246094,166.20314025878906,3815.0
72,90,10.46629238128662,292.8834228515625,1424.0
72,91,0.0,0.0,0.0
72,92,439.5638427734375,47.89837265014648,5225.0
72,93,316.9164428710937,231.4338836669922,3494.0
72,94,327.13446044921875,338.5011901855469,4254.0
72,95,275.4061584472656,66.79621124267578,4225.0
72,96,231.00607299804688,18.789669036865234,2962.0
72,97,14.562692642211914,26.61148834228516,1619.0
72,98,0.0,0.0,0.0
72,99,493.7412109375,322.6690979003906,2191.0
72,100,227.0177154541016,352.2523803710937,4743.0
72,101,0.0,0.0,0.0
72,102,0.0,0.0,0.0
72,103,0.0,0.0,0.0
72,104,61.59775161743164,39.55076599121094,5427.0
72,105,494.0688781738281,74.4540786743164,1742.0
72,106,473.0858154296875,281.5728454589844,3123.0
72,107,0.0,0.0,0.0
72,108,0.0,0.0,0.0
72,109,0.0,0.0,0.0
72,110,0.0,0.0,0.0
72,111,392.32757568359375,19.69289779663086,1563.0
72,112,0.0,0.0,0.0
72,113,298.7333679199219,12.917231559753418,1474.0
72,114,0.0,0.0,0.0
72,115,0.0,0.0,0.0
72,116,0.0,0.0,0.0
72,117,488.3098754882813,23.027978897094727,2359.0
72,118,0.0,0.0,0.0
72,119,504.5873107910156,487.1230163574219,252.0
72,120,0.0,0.0,0.0
72,121,0.0,0.0,0.0
72,122,0.0,0.0,0.0
72,123,0.0,0.0,0.0
72,124,0.0,0.0,0.0
72,125,0.0,0.0,0.0
72,126,0.0,0.0,0.0
72,127,493.9652404785156,389.5218200683594,2589.0
72,128,0.0,0.0,0.0
72,129,0.0,0.0,0.0
72,130,0.0,0.0,0.0
72,131,0.0,0.0,0.0
72,132,14.48024845123291,355.4870300292969,1772.0
73,0,332.1902160644531,274.27215576171875,2087.0
73,1,294.0672302246094,273.7747802734375,595.0
73,2,403.5973510742188,351.2625427246094,2255.0
73,3,156.50953674316406,102.94417572021484,5768.0
73,4,0.0,0.0,0.0
73,5,0.0,0.0,0.0
73,6,439.5317077636719,332.4051818847656,3517.0
73,7,229.63841247558597,111.01252746582033,3114.0
73,8,350.0426940917969,130.7723846435547,4121.0
73,9,280.4668884277344,149.7132110595703,3881.0
73,10,316.4903869628906,184.6761932373047,2029.0
73,11,187.08514404296875,237.11317443847656,2854.0
73,12,208.5311737060547,282.2097473144531,3609.0
73,13,411.9284362792969,275.43756103515625,2683.0
73,14,0.0,0.0,0.0
73,15,336.3383483886719,59.99494552612305,7123.0
73,16,470.0349731445313,111.9084701538086,2917.0
73,17,89.17306518554688,156.209228515625,5420.0
73,18,414.9007263183594,136.63253784179688,3546.0
73,19,380.2540283203125,186.16868591308597,3539.0
73,20,212.31390380859372,165.64588928222656,4925.0
73,21,0.0,0.0,0.0
73,22,0.0,0.0,0.0
73,23,249.80992126464844,213.87669372558597,3025.0
73,24,474.6067199707031,230.56570434570312,4437.0
73,25,137.14141845703125,269.64404296875,4554.0
73,26,374.3482360839844,394.2405090332031,2952.0
73,27,212.7213897705078,437.052734375,2692.0
73,28,249.40858459472656,441.0808715820313,2609.0
73,29,21.048641204833984,139.0819549560547,2611.0
73,30,111.42689514160156,365.6356506347656,2558.0
73,31,293.9992980957031,413.6226196289063,2793.0
73,32,413.0302429199219,446.7742919921875,1852.0
73,33,67.27903747558594,381.412109375,2247.0
73,34,351.7381286621094,435.19915771484375,3605.0
73,35,29.953474044799805,192.461669921875,3052.0
73,36,145.6640625,189.4689483642578,5233.0
73,37,31.521577835083008,436.2723083496094,4032.0
73,38,182.75521850585935,486.0819396972656,1916.0
73,39,477.5545654296875,463.9962463378906,3720.0
73,40,407.4792175292969,487.79693603515625,2861.0
73,41,141.69540405273438,484.0824279785156,2390.0
73,42,67.15067291259766,487.6203002929688,2668.0
73,43,0.0,0.0,0.0
73,44,94.693115234375,220.08328247070312,1525.0
73,45,427.268798828125,204.1284027099609,3006.0
73,46,0.0,0.0,0.0
73,47,105.3164520263672,466.7095642089844,1422.0
73,48,257.0902404785156,501.4843444824219,543.0
73,49,225.4370574951172,491.7380065917969,1565.0
73,50,353.1993713378906,486.0490417480469,2202.0
73,51,0.0,0.0,0.0
73,52,0.0,0.0,0.0
73,53,372.6167907714844,303.9503479003906,1631.0
73,54,0.0,0.0,0.0
73,55,308.6913757324219,499.4996337890625,1335.0
73,56,0.0,0.0,0.0
73,57,0.0,0.0,0.0
73,58,0.0,0.0,0.0
73,59,0.0,0.0,0.0
73,60,261.0828552246094,266.4985046386719,3029.0
73,61,276.87164306640625,344.0347900390625,4971.0
73,62,471.8656311035156,497.7380676269531,1466.0
73,63,0.0,0.0,0.0
73,64,209.04058837890625,55.6198844909668,2907.0
73,65,18.763378143310547,490.7601623535156,1551.0
73,66,0.0,0.0,0.0
73,67,33.55404281616211,368.7542724609375,2572.0
73,68,142.34909057617188,419.481201171875,4148.0
73,69,293.3006591796875,467.5311584472656,3050.0
73,70,0.0,0.0,0.0
73,71,147.22183227539062,336.7456359863281,6915.0
73,72,189.7215118408203,418.5491638183594,2176.0
73,73,0.0,0.0,0.0
73,74,74.77587890625,97.96483612060548,3043.0
73,75,445.7718200683594,405.4623718261719,4838.0
73,76,0.0,0.0,0.0
73,77,22.11844253540039,87.01776885986328,2364.0
73,78,364.7457885742188,348.51422119140625,1546.0
73,79,0.0,0.0,0.0
73,80,32.52326202392578,237.39244079589844,2966.0
73,81,0.0,0.0,0.0
73,82,0.0,0.0,0.0
73,83,64.18476867675781,284.6326904296875,6251.0
73,84,395.7967529296875,82.17467498779297,2519.0
73,85,0.0,0.0,0.0
73,86,0.0,0.0,0.0
73,87,375.2262268066406,237.8290863037109,2785.0
73,88,136.5838623046875,34.579345703125,5974.0
73,89,481.68206787109375,166.6185302734375,3746.0
73,90,10.015649795532228,292.9076538085937,1278.0
73,91,0.0,0.0,0.0
73,92,438.4358215332031,49.488555908203125,5025.0
73,93,316.3227844238281,232.68777465820312,3507.0
73,94,325.0398254394531,338.1844787597656,4521.0
73,95,274.0151062011719,65.7967529296875,4438.0
73,96,227.0651092529297,17.920377731323242,2964.0
73,97,14.309734344482422,22.52433586120605,1356.0
73,98,0.0,0.0,0.0
73,99,493.4057312011719,321.8672790527344,2238.0
73,100,227.07516479492188,353.1388854980469,4723.0
73,101,0.0,0.0,0.0
73,102,0.0,0.0,0.0
73,103,0.0,0.0,0.0
73,104,60.3823471069336,39.18766021728516,5121.0
73,105,495.404052734375,79.92704772949219,1782.0
73,106,471.8056640625,281.6598205566406,3113.0
73,107,0.0,0.0,0.0
73,108,0.0,0.0,0.0
73,109,294.0,293.0,1.0
73,110,0.0,0.0,0.0
73,111,391.4075317382813,22.156963348388672,1752.0
73,112,0.0,0.0,0.0
73,113,300.40283203125,13.243382453918455,1549.0
73,114,0.0,0.0,0.0
73,115,0.0,0.0,0.0
73,116,0.0,0.0,0.0
73,117,486.0845947265625,24.230165481567383,2672.0
73,118,0.0,0.0,0.0
73,119,0.0,0.0,0.0
73,120,87.37786102294922,427.4645080566406,2493.0
73,121,109.8574447631836,501.41064453125,470.0
73,122,0.0,0.0,0.0
73,123,0.0,0.0,0.0
73,124,0.0,0.0,0.0
73,125,0.0,0.0,0.0
73,126,0.0,0.0,0.0
73,127,493.9499206542969,388.9981994628906,2756.0
73,128,0.0,0.0,0.0
73,129,0.0,0.0,0.0
73,130,0.0,0.0,0.0
73,131,0.0,0.0,0.0
73,132,13.992402076721191,350.253662109375,1711.0
74,0,330.4249572753906,273.8266906738281,1979.0
74,1,290.518798828125,276.3364562988281,532.0
74,2,402.3043212890625,352.9053649902344,2103.0
74,3,154.9613800048828,105.6141128540039,5670.0
74,4,0.0,0.0,0.0
74,5,0.0,0.0,0.0
74,6,435.82415771484375,328.956787109375,3310.0
74,7,229.76547241210935,113.99018096923828,3360.0
74,8,348.8495483398437,132.56539916992188,4473.0
74,9,279.7978820800781,153.44435119628906,3666.0
74,10,313.2466125488281,186.9006805419922,1772.0
74,11,185.41033935546875,238.25830078125,2710.0
74,12,205.38800048828125,283.4730834960937,3902.0
74,13,409.81781005859375,275.078857421875,2739.0
74,14,0.0,0.0,0.0
74,15,335.0421142578125,59.18493270874024,7527.0
74,16,469.1360168457031,113.89656066894533,2823.0
74,17,88.51629638671875,158.6444854736328,5125.0
74,18,411.7042541503906,139.09190368652344,3939.0
74,19,377.8723449707031,189.5470123291016,3329.0
74,20,211.89913940429688,167.8257598876953,4838.0
74,21,0.0,0.0,0.0
74,22,0.0,0.0,0.0
74,23,245.88186645507807,215.4131317138672,2895.0
74,24,473.4973754882813,230.57962036132807,4377.0
74,25,134.43470764160156,269.910400390625,4419.0
74,26,372.1066284179688,394.178466796875,3076.0
74,27,216.07086181640625,435.4559326171875,2893.0
74,28,251.7404022216797,440.5304565429688,2396.0
74,29,23.03243827819824,141.1483917236328,2682.0
74,30,109.73197174072266,366.881591796875,2593.0
74,31,292.0340576171875,414.7731018066406,2847.0
74,32,414.8143005371094,448.7980041503906,1901.0
74,33,65.7435302734375,379.68695068359375,2086.0
74,34,353.0406799316406,437.2514953613281,3686.0
74,35,28.35586929321289,194.1089782714844,2973.0
74,36,144.6551055908203,189.9689483642578,5216.0
74,37,31.86001968383789,434.9920959472656,4172.0
74,38,183.7035675048828,485.0928649902344,2186.0
74,39,478.9775390625,463.2755126953125,3782.0
74,40,407.9895324707031,488.9371643066406,2769.0
74,41,141.40298461914062,483.7796325683594,2278.0
74,42,66.18792724609375,487.1825256347656,2783.0
74,43,0.0,0.0,0.0
74,44,95.34535217285156,221.01318359375,1442.0
74,45,426.183837890625,205.4398193359375,2883.0
74,46,0.0,0.0,0.0
74,47,104.836181640625,466.8796081542969,1520.0
74,48,257.3952941894531,501.9646911621094,425.0
74,49,227.55935668945312,492.4470825195313,1550.0
74,50,351.7722473144531,487.0339965820313,2235.0
74,51,0.0,0.0,0.0
74,52,0.0,0.0,0.0
74,53,370.2335815429688,303.6483154296875,1507.0
74,54,0.0,0.0,0.0
74,55,304.3236999511719,499.7233581542969,1211.0
74,56,0.0,0.0,0.0
74,57,0.0,0.0,0.0
74,58,0.0,0.0,0.0
74,59,0.0,0.0,0.0
74,60,258.5566711425781,267.6625671386719,3079.0
74,61,277.1129455566406,344.5380554199219,4808.0
74,62,471.33447265625,498.1339416503906,1456.0
74,63,0.0,0.0,0.0
74,64,208.96876525878903,57.0030632019043,3265.0
74,65,17.984542846679688,491.1679992675781,1488.0
74,66,0.0,0.0,0.0
74,67,24.32323455810547,362.4621276855469,3895.0
74,68,142.3583984375,420.9133911132813,3764.0
74,69,294.2376708984375,467.9900207519531,2903.0
74,70,0.0,0.0,0.0
74,71,148.03330993652344,339.3936767578125,7054.0
74,72,188.38536071777344,421.6462097167969,2281.0
74,73,110.57939910888672,502.0879821777344,466.0
74,74,73.53927612304688,99.34927368164062,3221.0
74,75,444.9588317871094,402.0478515625,5246.0
74,76,0.0,0.0,0.0
74,77,16.072452545166016,77.06169128417969,1394.0
74,78,364.1828918457031,348.471923828125,1602.0
74,79,0.0,0.0,0.0
74,80,33.195743560791016,237.4581298828125,2866.0
74,81,0.0,0.0,0.0
74,82,0.0,0.0,0.0
74,83,63.1384391784668,286.1859130859375,6530.0
74,84,395.6681823730469,83.27322387695312,2185.0
74,85,0.0,0.0,0.0
74,86,0.0,0.0,0.0
74,87,374.2005920410156,238.60748291015625,2647.0
74,88,134.4951171875,36.05718231201172,6453.0
74,89,480.4800720214844,167.89537048339844,3737.0
74,90,9.992990493774414,293.4431457519531,1284.0
74,91,468.0,356.0,1.0
74,92,437.217529296875,50.75685501098633,5034.0
74,93,316.3199157714844,233.49655151367188,3623.0
74,94,323.5658874511719,337.7323303222656,4644.0
74,95,273.7987976074219,65.74832153320312,4617.0
74,96,223.66958618164065,17.355182647705078,2624.0
74,97,0.0,0.0,0.0
74,98,0.0,0.0,0.0
74,99,493.5034790039063,318.9972229003906,2155.0
74,100,227.63998413085935,352.8307189941406,4472.0
74,101,0.0,0.0,0.0
74,102,0.0,0.0,0.0
74,103,0.0,0.0,0.0
74,104,50.01557159423828,37.04459381103516,5651.0
74,105,495.1146545410156,84.08875274658203,1814.0
74,106,470.3733215332031,281.81103515625,3276.0
74,107,0.0,0.0,0.0
74,108,0.0,0.0,0.0
74,109,0.0,0.0,0.0
74,110,0.0,0.0,0.0
74,111,391.3856506347656,24.045948028564453,1937.0
74,112,0.0,0.0,0.0
74,113,295.5082092285156,12.99544620513916,1098.0
74,114,0.0,0.0,0.0
74,115,0.0,0.0,0.0
74,116,0.0,0.0,0.0
74,117,484.501220703125,27.133079528808597,2893.0
74,118,0.0,0.0,0.0
74,119,0.0,0.0,0.0
74,120,88.15084075927734,425.5584106445313,2559.0
74,121,0.0,0.0,0.0
74,122,0.0,0.0,0.0
74,123,31.015045166015625,103.87562561035156,997.0
74,124,0.0,0.0,0.0
74,125,0.0,0.0,0.0
74,126,0.0,0.0,0.0
74,127,493.67425537109375,386.3123474121094,2763.0
74,128,0.0,0.0,0.0
74,129,0.0,0.0,0.0
74,130,0.0,0.0,0.0
74,131,0.0,0.0,0.0
74,132,0.0,0.0,0.0
75,0,332.52398681640625,267.8111572265625,2584.0
75,1,290.2634582519531,277.523193359375,539.0
75,2,408.2509765625,367.5682067871094,1283.0
75,3,152.68417358398438,104.74551391601562,6016.0
75,4,0.0,0.0,0.0
75,5,0.0,0.0,0.0
75,6,427.4792785644531,332.3373413085937,4586.0
75,7,230.8334808349609,115.36363983154295,3333.0
75,8,337.3367004394531,149.49072265625,3071.0
75,9,280.0264587402344,154.14903259277344,3288.0
75,10,312.0404663085937,188.8399810791016,1606.0
75,11,183.23208618164065,238.6550445556641,2525.0
75,12,201.31704711914065,284.0121459960937,4195.0
75,13,407.7215576171875,276.4446105957031,2618.0
75,14,0.0,0.0,0.0
75,15,335.4461975097656,61.76812744140625,7241.0
75,16,468.21966552734375,112.57123565673828,2941.0
75,17,87.9156723022461,161.86068725585938,5111.0
75,18,413.1738586425781,140.32049560546875,3635.0
75,19,376.2730102539063,190.24392700195312,3337.0
75,20,210.58767700195312,168.07501220703125,5212.0
75,21,0.0,0.0,0.0
75,22,0.0,0.0,0.0
75,23,244.5256805419922,215.73683166503903,2998.0
75,24,472.9072265625,231.6968231201172,4311.0
75,25,132.24632263183594,270.2740173339844,4080.0
75,26,371.2483215332031,393.8136901855469,2968.0
75,27,217.1312713623047,433.12701416015625,3291.0
75,28,253.0618133544922,445.5496826171875,2103.0
75,29,24.047094345092773,139.8523712158203,2994.0
75,30,108.2568588256836,366.7127380371094,2698.0
75,31,294.0881042480469,415.13616943359375,2996.0
75,32,417.1519470214844,455.8581237792969,1586.0
75,33,60.60333251953125,373.8123779296875,2521.0
75,34,354.9061584472656,438.0276794433594,3506.0
75,35,28.64033317565918,196.052001953125,3000.0
75,36,143.78285217285156,190.6484832763672,5061.0
75,37,32.17714309692383,435.9805908203125,4279.0
75,38,181.364501953125,485.4783935546875,2107.0
75,39,476.9507446289063,467.8959045410156,4121.0
75,40,405.3318786621094,490.3941345214844,2522.0
75,41,141.3070068359375,484.5544128417969,2114.0
75,42,73.49702453613281,489.72015380859375,3191.0
75,43,0.0,0.0,0.0
75,44,95.3524169921875,222.12045288085935,1345.0
75,45,423.9812316894531,206.82383728027344,2929.0
75,46,0.0,0.0,0.0
75,47,106.16603088378906,466.06781005859375,1578.0
75,48,253.87619018554688,504.028564453125,210.0
75,49,226.6957855224609,493.1419982910156,1683.0
75,50,347.7972106933594,487.67279052734375,2500.0
75,51,0.0,0.0,0.0
75,52,0.0,0.0,0.0
75,53,369.15625,303.3559875488281,1472.0
75,54,0.0,0.0,0.0
75,55,290.7469482421875,502.1690673828125,905.0
75,56,0.0,0.0,0.0
75,57,0.0,0.0,0.0
75,58,0.0,0.0,0.0
75,59,0.0,0.0,0.0
75,60,257.26470947265625,267.9861755371094,3113.0
75,61,276.0155639648437,345.3793029785156,4756.0
75,62,467.7507019042969,499.3862915039063,1051.0
75,63,0.0,0.0,0.0
75,64,209.54608154296875,57.4174690246582,3320.0
75,65,18.002105712890625,492.1473693847656,1425.0
75,66,0.0,0.0,0.0
75,67,19.11269760131836,365.0810241699219,3221.0
75,68,142.5009307861328,421.1859436035156,3759.0
75,69,293.408447265625,470.1824951171875,3178.0
75,70,0.0,0.0,0.0
75,71,146.28880310058594,339.2630920410156,7157.0
75,72,187.6006317138672,420.4959716796875,2226.0
75,73,0.0,0.0,0.0
75,74,68.44071960449219,98.79695892333984,3551.0
75,75,441.7930908203125,407.7124633789063,5408.0
75,76,0.0,0.0,0.0
75,77,17.997886657714844,90.02677917480469,1419.0
75,78,363.96527099609375,348.0669860839844,1642.0
75,79,0.0,0.0,0.0
75,80,31.44720268249512,239.4082946777344,2699.0
75,81,0.0,0.0,0.0
75,82,0.0,0.0,0.0
75,83,61.87377548217773,285.65008544921875,6536.0
75,84,382.0683898925781,98.22188568115234,3948.0
75,85,0.0,0.0,0.0
75,86,0.0,0.0,0.0
75,87,372.1502075195313,239.845703125,2696.0
75,88,130.6158905029297,35.844017028808594,6834.0
75,89,480.8578796386719,169.22250366210938,3919.0
75,90,9.39310359954834,293.8275756835937,1160.0
75,91,0.0,0.0,0.0
75,92,435.9816589355469,51.777286529541016,4746.0
75,93,307.76763916015625,230.5335693359375,2905.0
75,94,322.4994506835937,338.2812194824219,4637.0
75,95,275.06500244140625,65.2821273803711,4661.0
75,96,227.99807739257807,17.771997451782227,3114.0
75,97,0.0,0.0,0.0
75,98,0.0,0.0,0.0
75,99,493.78759765625,317.9058532714844,2114.0
75,100,227.56280517578125,353.248291015625,4426.0
75,101,0.0,0.0,0.0
75,102,0.0,0.0,0.0
75,103,0.0,0.0,0.0
75,104,48.70797729492188,47.8526611328125,3760.0
75,105,496.33197021484375,86.46275329589844,1705.0
75,106,467.6929016113281,280.6711730957031,3318.0
75,107,0.0,0.0,0.0
75,108,0.0,0.0,0.0
75,109,0.0,0.0,0.0
75,110,0.0,0.0,0.0
75,111,388.8541870117188,28.380090713500977,1989.0
75,112,0.0,0.0,0.0
75,113,306.8709411621094,14.062273979187012,1108.0
75,114,0.0,0.0,0.0
75,115,0.0,0.0,0.0
75,116,0.0,0.0,0.0
75,117,483.6194152832031,28.748231887817383,3253.0
75,118,0.0,0.0,0.0
75,119,0.0,0.0,0.0
75,120,87.67539978027344,426.0778198242188,2634.0
75,121,0.0,0.0,0.0
75,122,0.0,0.0,0.0
75,123,0.0,0.0,0.0
75,124,39.344825744628906,12.43191146850586,1711.0
75,125,407.9655151367188,5.107279777526856,261.0
75,126,10.103286743164062,29.171361923217773,426.0
75,127,493.3124084472656,385.97991943359375,3089.0
75,128,0.0,0.0,0.0
75,129,0.0,0.0,0.0
75,130,0.0,0.0,0.0
75,131,0.0,0.0,0.0
75,132,0.0,0.0,0.0
76,0,329.0628662109375,268.0206298828125,2959.0
76,1,287.7963562011719,280.5362854003906,496.0
76,2,408.8194580078125,370.02532958984375,1501.0
76,3,152.0773162841797,106.16258239746094,6040.0
76,4,0.0,0.0,0.0
76,5,0.0,0.0,0.0
76,6,425.6443176269531,329.9642333984375,4251.0
76,7,231.12489318847656,118.47367095947266,3323.0
76,8,337.1861267089844,153.00367736816406,3261.0
76,9,278.5316467285156,154.43618774414062,3111.0
76,10,307.72900390625,190.812255859375,1321.0
76,11,184.9705352783203,235.3063201904297,2579.0
76,12,201.46519470214844,285.5502319335937,3822.0
76,13,406.884521484375,275.14862060546875,2624.0
76,14,0.0,0.0,0.0
76,15,332.3480529785156,66.0473403930664,6907.0
76,16,465.8345642089844,111.92445373535156,3137.0
76,17,85.98970031738281,164.87380981445312,4953.0
76,18,413.6768798828125,141.41171264648438,3432.0
76,19,376.3365783691406,190.71859741210935,3607.0
76,20,209.54782104492188,170.10545349121094,5102.0
76,21,0.0,0.0,0.0
76,22,0.0,0.0,0.0
76,23,247.2071228027344,216.1440277099609,2694.0
76,24,473.65374755859375,232.64503479003903,4485.0
76,25,134.54078674316406,272.03680419921875,4536.0
76,26,370.7852478027344,394.4320068359375,2794.0
76,27,215.7040863037109,428.6734008789063,3812.0
76,28,254.17727661132807,450.5471496582031,2025.0
76,29,24.791170120239254,145.96621704101562,2605.0
76,30,106.87954711914062,366.0025634765625,2723.0
76,31,294.518310546875,414.555908203125,3031.0
76,32,417.4893798828125,458.095947265625,1553.0
76,33,54.81295394897461,372.0747375488281,2903.0
76,34,354.3635559082031,439.8956604003906,3862.0
76,35,27.432432174682617,197.6842041015625,2812.0
76,36,144.00558471679688,189.0753326416016,5018.0
76,37,33.240570068359375,436.0923461914063,4082.0
76,38,182.59971618652344,488.0278015136719,2086.0
76,39,474.6658935546875,474.9041748046875,5166.0
76,40,404.7112426757813,491.4157104492188,2355.0
76,41,141.65158081054688,484.771240234375,1989.0
76,42,72.19042205810547,489.171142578125,3319.0
76,43,0.0,0.0,0.0
76,44,96.70308685302734,222.6435546875,1327.0
76,45,425.2500915527344,207.5929718017578,2619.0
76,46,0.0,0.0,0.0
76,47,106.6224136352539,466.42083740234375,1642.0
76,48,0.0,0.0,0.0
76,49,229.49642944335935,494.0487365722656,1682.0
76,50,344.4907531738281,489.4787902832031,2594.0
76,51,0.0,0.0,0.0
76,52,0.0,0.0,0.0
76,53,368.79791259765625,304.2787475585937,1539.0
76,54,0.0,0.0,0.0
76,55,289.1097412109375,502.4993896484375,811.0
76,56,0.0,0.0,0.0
76,57,0.0,0.0,0.0
76,58,0.0,0.0,0.0
76,59,0.0,0.0,0.0
76,60,254.30563354492188,268.2605895996094,3262.0
76,61,274.9364013671875,345.94439697265625,4623.0
76,62,0.0,0.0,0.0
76,63,0.0,0.0,0.0
76,64,209.40673828125,58.82075500488281,3710.0
76,65,17.074512481689453,491.83984375,1436.0
76,66,0.0,0.0,0.0
76,67,15.582576751708984,368.8257751464844,2755.0
76,68,140.34259033203125,420.3125305175781,3494.0
76,69,290.3044738769531,471.3670043945313,2910.0
76,70,0.0,0.0,0.0
76,71,145.1010284423828,339.5617980957031,7186.0
76,72,184.59939575195312,428.0329895019531,2334.0
76,73,0.0,0.0,0.0
76,74,65.48371124267578,107.39241027832033,2793.0
76,75,442.72119140625,406.6091918945313,5742.0
76,76,0.0,0.0,0.0
76,77,18.2431640625,93.041015625,2048.0
76,78,364.0941467285156,348.9327697753906,1636.0
76,79,0.0,0.0,0.0
76,80,30.727375030517575,240.2666473388672,2674.0
76,81,0.0,0.0,0.0
76,82,0.0,0.0,0.0
76,83,60.01069259643555,285.7725830078125,6640.0
76,84,381.0835876464844,100.73711395263672,4055.0
76,85,0.0,0.0,0.0
76,86,0.0,0.0,0.0
76,87,372.0808715820313,240.94029235839844,2646.0
76,88,117.09518432617188,42.072052001953125,6745.0
76,89,480.0033264160156,169.05706787109375,3908.0
76,90,8.386693954467773,295.26300048828125,962.0
76,91,0.0,0.0,0.0
76,92,436.7600708007813,52.76030731201172,4172.0
76,93,306.9715270996094,229.38751220703125,2916.0
76,94,321.8837280273437,340.5440673828125,4619.0
76,95,265.730224609375,52.60838317871094,6394.0
76,96,0.0,0.0,0.0
76,97,0.0,0.0,0.0
76,98,0.0,0.0,0.0
76,99,493.32916259765625,315.9860534667969,2078.0
76,100,227.63682556152344,353.1843566894531,4345.0
76,101,0.0,0.0,0.0
76,102,0.0,0.0,0.0
76,103,0.0,0.0,0.0
76,104,42.72413635253906,49.75062561035156,4002.0
76,105,496.5623779296875,88.77351379394531,1563.0
76,106,464.2854309082031,281.8253479003906,3132.0
76,107,0.0,0.0,0.0
76,108,0.0,0.0,0.0
76,109,0.0,0.0,0.0
76,110,0.0,0.0,0.0
76,111,384.7983093261719,32.25958633422852,2504.0
76,112,0.0,0.0,0.0
76,113,307.1390380859375,14.039966583251951,1201.0
76,114,0.0,0.0,0.0
76,115,0.0,0.0,0.0
76,116,0.0,0.0,0.0
76,117,483.11724853515625,30.706892013549805,3497.0
76,118,185.48497009277344,16.57189178466797,2163.0
76,119,0.0,0.0,0.0
76,120,88.51354217529297,424.9985046386719,2658.0
76,121,0.0,0.0,0.0
76,122,0.0,0.0,0.0
76,123,0.0,0.0,0.0
76,124,40.5571517944336,13.29261875152588,1531.0
76,125,409.9964599609375,8.008833885192871,566.0
76,126,0.0,0.0,0.0
76,127,492.7060852050781,384.3205261230469,3045.0
76,128,0.0,0.0,0.0
76,129,0.0,0.0,0.0
76,130,0.0,0.0,0.0
76,131,0.0,0.0,0.0
76,132,0.0,0.0,0.0
77,0,331.40679931640625,266.9813232421875,2409.0
77,1,293.241943359375,279.0353088378906,963.0
77,2,408.1794128417969,373.9713439941406,942.0
77,3,152.380615234375,112.00895690917967,6366.0
77,4,0.0,0.0,0.0
77,5,0.0,0.0,0.0
77,6,424.607421875,331.78179931640625,4725.0
77,7,229.89231872558597,123.27840423583984,3362.0
77,8,332.9463806152344,153.3338623046875,3190.0
77,9,275.7957763671875,157.0856475830078,2884.0
77,10,307.7177124023437,191.0680694580078,999.0
77,11,183.3505401611328,235.7147979736328,2479.0
77,12,194.5756072998047,285.1423034667969,4378.0
77,13,403.9371032714844,274.4324645996094,2798.0
77,14,0.0,0.0,0.0
77,15,333.2647399902344,67.8376235961914,7150.0
77,16,464.291748046875,111.41053771972656,3359.0
77,17,85.82151794433594,167.38926696777344,4303.0
77,18,412.2091064453125,143.30877685546875,3692.0
77,19,372.3804931640625,191.0062561035156,3514.0
77,20,207.5011138916016,173.45774841308594,4935.0
77,21,0.0,0.0,0.0
77,22,0.0,0.0,0.0
77,23,249.8790283203125,215.2662048339844,2761.0
77,24,472.5809631347656,233.64666748046875,4384.0
77,25,128.43515014648438,269.65008544921875,3978.0
77,26,371.4468688964844,393.7306518554688,2918.0
77,27,213.0267333984375,430.9700927734375,3142.0
77,28,252.3884429931641,444.8961791992188,2389.0
77,29,25.715925216674805,146.93353271484375,2964.0
77,30,104.80014038085938,365.0473327636719,2852.0
77,31,293.0126037597656,415.25482177734375,3014.0
77,32,421.0036926269531,460.74945068359375,1353.0
77,33,52.68267440795898,370.9847106933594,2811.0
77,34,352.9517517089844,438.7099609375,4082.0
77,35,24.93097305297852,200.7119598388672,2767.0
77,36,143.3207550048828,194.1202545166016,3975.0
77,37,32.5750617980957,435.6643371582031,4010.0
77,38,180.8291015625,487.1568298339844,2206.0
77,39,473.92681884765625,474.5193481445313,5247.0
77,40,404.0008544921875,491.6652221679688,2303.0
77,41,139.90650939941406,484.8445129394531,1936.0
77,42,61.69183349609375,486.1255798339844,2755.0
77,43,0.0,0.0,0.0
77,44,97.08428955078124,220.8609771728516,1827.0
77,45,425.2810668945313,206.30743408203125,2729.0
77,46,0.0,0.0,0.0
77,47,104.88965606689452,467.6185302734375,1586.0
77,48,0.0,0.0,0.0
77,49,230.15054321289065,493.7600402832031,1767.0
77,50,339.905517578125,489.0941467285156,2942.0
77,51,0.0,0.0,0.0
77,52,0.0,0.0,0.0
77,53,358.42291259765625,306.95721435546875,2244.0
77,54,0.0,0.0,0.0
77,55,295.7096862792969,503.5935363769531,155.0
77,56,0.0,0.0,0.0
77,57,0.0,0.0,0.0
77,58,0.0,0.0,0.0
77,59,0.0,0.0,0.0
77,60,252.2178649902344,268.7896728515625,3314.0
77,61,274.3326721191406,345.3124694824219,4455.0
77,62,0.0,0.0,0.0
77,63,0.0,0.0,0.0
77,64,208.25669860839844,61.74155426025391,3997.0
77,65,16.04951286315918,492.5641479492188,1333.0
77,66,0.0,0.0,0.0
77,67,15.13060474395752,370.5629577636719,2565.0
77,68,136.16712951660156,420.8450012207031,2884.0
77,69,287.173583984375,476.6814575195313,3042.0
77,70,0.0,0.0,0.0
77,71,144.9932861328125,339.5179443359375,7157.0
77,72,180.85960388183597,426.0401916503906,3134.0
77,73,105.62460327148438,501.2332153320313,626.0
77,74,63.51141357421875,111.81515502929688,3154.0
77,75,438.4399719238281,407.4975891113281,5607.0
77,76,0.0,0.0,0.0
77,77,15.373147010803224,95.64909362792967,1214.0
77,78,365.0286254882813,350.27130126953125,1607.0
77,79,0.0,0.0,0.0
77,80,32.41377639770508,239.4605712890625,2308.0
77,81,0.0,0.0,0.0
77,82,0.0,0.0,0.0
77,83,58.01010894775391,286.3182373046875,6530.0
77,84,381.7442932128906,101.30696868896484,4020.0
77,85,0.0,0.0,0.0
77,86,0.0,0.0,0.0
77,87,369.3362121582031,239.9730987548828,2677.0
77,88,113.33904266357422,61.09735870361328,4961.0
77,89,480.5240173339844,169.8043212890625,3935.0
77,90,8.685393333435059,295.0177917480469,1068.0
77,91,0.0,0.0,0.0
77,92,435.1415100097656,51.60171508789063,3844.0
77,93,304.7025756835937,229.6761474609375,2952.0
77,94,316.9705810546875,346.9840087890625,3942.0
77,95,274.1922302246094,73.00023651123047,4240.0
77,96,236.69949340820312,19.794849395751957,3534.0
77,97,0.0,0.0,0.0
77,98,0.0,0.0,0.0
77,99,493.7071533203125,314.7452392578125,1943.0
77,100,227.2491455078125,353.662353515625,4419.0
77,101,0.0,0.0,0.0
77,102,0.0,0.0,0.0
77,103,0.0,0.0,0.0
77,104,30.201929092407227,54.56027603149414,3318.0
77,105,497.0280456542969,90.14737701416016,1391.0
77,106,464.7429504394531,281.4819030761719,3260.0
77,107,0.0,0.0,0.0
77,108,0.0,0.0,0.0
77,109,0.0,0.0,0.0
77,110,0.0,0.0,0.0
77,111,382.4284362792969,30.32508850097656,2264.0
77,112,0.0,0.0,0.0
77,113,308.1241149902344,13.35401725769043,1257.0
77,114,0.0,0.0,0.0
77,115,0.0,0.0,0.0
77,116,0.0,0.0,0.0
77,117,481.590087890625,32.2933464050293,3818.0
77,118,164.61163330078125,21.322328567504883,1787.0
77,119,0.0,0.0,0.0
77,120,88.71253204345703,424.1761169433594,2856.0
77,121,0.0,0.0,0.0
77,122,97.39922332763672,16.285282135009766,2317.0
77,123,0.0,0.0,0.0
77,124,44.45854568481445,22.727651596069336,2159.0
77,125,408.3645935058594,9.039334297180176,661.0
77,126,0.0,0.0,0.0
77,127,491.7575378417969,385.1846008300781,3510.0
77,128,0.0,0.0,0.0
77,129,0.0,0.0,0.0
77,130,0.0,0.0,0.0
77,131,0.0,0.0,0.0
77,132,0.0,0.0,0.0
78,0,330.74041748046875,263.7301940917969,2450.0
78,1,296.94732666015625,281.7873229980469,1025.0
78,2,407.0257263183594,378.5590515136719,855.0
78,3,154.07408142089844,115.22887420654295,6047.0
78,4,0.0,0.0,0.0
78,5,0.0,0.0,0.0
78,6,424.437744140625,332.96661376953125,5003.0
78,7,229.3717193603516,123.59912872314452,3430.0
78,8,328.61602783203125,154.8119659423828,3409.0
78,9,272.0711669921875,156.92510986328125,2684.0
78,10,301.14215087890625,194.21534729003903,1407.0
78,11,183.4131622314453,234.1641387939453,2309.0
78,12,191.809814453125,284.4432067871094,4359.0
78,13,402.7094421386719,273.7447509765625,3001.0
78,14,0.0,0.0,0.0
78,15,333.3315734863281,66.86212158203125,7202.0
78,16,464.367431640625,112.89413452148438,3391.0
78,17,85.94334411621094,169.02166748046875,4430.0
78,18,410.9026489257813,144.61251831054688,3595.0
78,19,365.7983093261719,191.6105499267578,3089.0
78,20,205.975830078125,174.80239868164062,4757.0
78,21,0.0,0.0,0.0
78,22,0.0,0.0,0.0
78,23,245.2548675537109,217.3689117431641,2464.0
78,24,471.6441955566406,235.0341644287109,4567.0
78,25,127.63395690917967,269.76080322265625,4076.0
78,26,369.2998352050781,391.9722595214844,2668.0
78,27,210.4317321777344,428.76068115234375,3347.0
78,28,250.01080322265625,440.7864685058594,2407.0
78,29,22.89580726623535,138.226806640625,4127.0
78,30,104.09233856201172,364.8835144042969,2859.0
78,31,291.237548828125,414.72113037109375,3170.0
78,32,424.6301574707031,460.9241638183594,1187.0
78,33,51.10873031616211,369.6726684570313,2612.0
78,34,354.2013244628906,436.78802490234375,3760.0
78,35,25.113819122314453,207.67022705078125,2996.0
78,36,141.80413818359375,195.62814331054688,3824.0
78,37,32.03726577758789,433.9207458496094,4025.0
78,38,178.4210205078125,487.8583984375,2140.0
78,39,473.8929748535156,474.8049926757813,5102.0
78,40,405.17681884765625,491.7366943359375,2313.0
78,41,137.8623504638672,485.1858520507813,1867.0
78,42,66.44410705566406,488.2881164550781,3641.0
78,43,0.0,0.0,0.0
78,44,94.4465789794922,225.2021942138672,1825.0
78,45,421.3292541503906,204.3101959228516,3098.0
78,46,0.0,0.0,0.0
78,47,103.40036010742188,466.0059509277344,1681.0
78,48,0.0,0.0,0.0
78,49,228.3666076660156,494.1080322265625,1833.0
78,50,338.721923828125,488.2858276367188,3348.0
78,51,0.0,0.0,0.0
78,52,0.0,0.0,0.0
78,53,356.7240905761719,306.57977294921875,2432.0
78,54,0.0,0.0,0.0
78,55,0.0,0.0,0.0
78,56,0.0,0.0,0.0
78,57,0.0,0.0,0.0
78,58,0.0,0.0,0.0
78,59,0.0,0.0,0.0
78,60,251.35287475585935,269.1615600585937,3497.0
78,61,274.1531066894531,342.7334899902344,4409.0
78,62,0.0,0.0,0.0
78,63,0.0,0.0,0.0
78,64,207.64781188964844,62.31602096557617,4120.0
78,65,14.397676467895508,493.9052734375,1119.0
78,66,0.0,0.0,0.0
78,67,15.80229663848877,372.1497192382813,2438.0
78,68,134.28765869140625,419.7950439453125,2781.0
78,69,286.9739685058594,475.8364868164063,3419.0
78,70,0.0,0.0,0.0
78,71,144.36807250976562,340.1202392578125,7186.0
78,72,177.81661987304688,428.4417419433594,3201.0
78,73,0.0,0.0,0.0
78,74,57.55141067504883,108.22853088378906,3540.0
78,75,437.376953125,410.7598571777344,6038.0
78,76,0.0,0.0,0.0
78,77,0.0,0.0,0.0
78,78,364.7326354980469,351.0376892089844,1698.0
78,79,0.0,0.0,0.0
78,80,36.49458694458008,241.6700897216797,1755.0
78,81,0.0,0.0,0.0
78,82,0.0,0.0,0.0
78,83,55.57317352294922,289.0501708984375,6300.0
78,84,374.1634826660156,109.49401092529295,3340.0
78,85,0.0,0.0,0.0
78,86,0.0,0.0,0.0
78,87,368.0875244140625,239.2061309814453,2445.0
78,88,110.56077575683594,65.06671142578125,5726.0
78,89,478.2574768066406,170.08114624023438,3783.0
78,90,8.049808502197266,293.6063232421875,1044.0
78,91,0.0,0.0,0.0
78,92,430.7746276855469,57.72686004638672,4397.0
78,93,302.02203369140625,230.33706665039065,2679.0
78,94,315.7142028808594,350.8880615234375,3681.0
78,95,276.367919921875,70.15428161621094,4213.0
78,96,237.6910095214844,23.041088104248047,3602.0
78,97,0.0,0.0,0.0
78,98,0.0,0.0,0.0
78,99,493.5950622558594,313.2658386230469,1941.0
78,100,227.68516540527344,351.2948303222656,4199.0
78,101,0.0,0.0,0.0
78,102,0.0,0.0,0.0
78,103,0.0,0.0,0.0
78,104,34.74750900268555,48.155853271484375,3715.0
78,105,497.0699462890625,92.38201141357422,1301.0
78,106,464.1667785644531,282.6239624023437,2920.0
78,107,0.0,0.0,0.0
78,108,0.0,0.0,0.0
78,109,0.0,0.0,0.0
78,110,0.0,0.0,0.0
78,111,382.3175354003906,33.31930923461914,2258.0
78,112,0.0,0.0,0.0
78,113,310.8397216796875,12.278814315795898,911.0
78,114,0.0,0.0,0.0
78,115,0.0,0.0,0.0
78,116,0.0,0.0,0.0
78,117,481.21331787109375,33.22600555419922,4022.0
78,118,166.92575073242188,31.762603759765625,1091.0
78,119,0.0,0.0,0.0
78,120,87.32536315917969,423.8612365722656,2760.0
78,121,0.0,0.0,0.0
78,122,89.4731216430664,17.818740844726562,1953.0
78,123,0.0,0.0,0.0
78,124,0.0,0.0,0.0
78,125,408.3171997070313,12.790556907653809,826.0
78,126,0.0,0.0,0.0
78,127,491.74462890625,382.2052307128906,3450.0
78,128,151.8844451904297,10.044562339782717,1324.0
78,129,504.6588134765625,200.18235778808597,170.0
78,130,0.0,0.0,0.0
78,131,0.0,0.0,0.0
78,132,0.0,0.0,0.0
79,0,333.61981201171875,261.7375183105469,2362.0
79,1,300.0545654296875,280.9003295898437,953.0
79,2,409.073486328125,386.4986877441406,381.0
79,3,153.33892822265625,116.53087615966795,6736.0
79,4,0.0,0.0,0.0
79,5,0.0,0.0,0.0
79,6,425.0794067382813,332.8968811035156,4761.0
79,7,232.21925354003903,125.72692108154295,3585.0
79,8,323.8653564453125,154.3379669189453,3595.0
79,9,272.4028625488281,155.85653686523438,2105.0
79,10,298.0166320800781,194.419677734375,1382.0
79,11,184.7950439453125,234.13397216796875,2381.0
79,12,190.0867462158203,286.2733764648437,4415.0
79,13,397.55078125,274.4153747558594,3279.0
79,14,0.0,0.0,0.0
79,15,333.76971435546875,66.65119171142578,7408.0
79,16,465.0349731445313,112.29903411865234,3946.0
79,17,85.32359313964844,168.08416748046875,4586.0
79,18,407.0085144042969,144.82395935058594,3522.0
79,19,361.8376770019531,192.01495361328125,3142.0
79,20,206.34600830078125,175.22412109375,4578.0
79,21,0.0,0.0,0.0
79,22,0.0,0.0,0.0
79,23,244.6630859375,217.14183044433597,2517.0
79,24,472.4556579589844,235.9794158935547,4712.0
79,25,126.68082427978516,271.3250732421875,4073.0
79,26,369.6984252929688,392.3162536621094,2656.0
79,27,206.73883056640625,428.0946960449219,3358.0
79,28,248.96897888183597,439.48187255859375,2289.0
79,29,26.14783477783203,149.0732421875,3673.0
79,30,103.40371704101562,365.0458068847656,3012.0
79,31,290.0577697753906,415.6993713378906,3150.0
79,32,424.9459838867188,461.1532897949219,1259.0
79,33,49.12162780761719,367.5921630859375,2631.0
79,34,352.5137023925781,436.9813232421875,4018.0
79,35,25.251474380493164,206.92922973632807,2374.0
79,36,142.03712463378906,197.7918701171875,3690.0
79,37,31.42674827575684,430.69183349609375,3761.0
79,38,183.59983825683597,485.0291748046875,2399.0
79,39,473.3204345703125,474.8897705078125,5062.0
79,40,403.9327392578125,491.2026977539063,2304.0
79,41,137.90782165527344,485.375732421875,1855.0
79,42,54.47721481323242,483.5523071289063,3116.0
79,43,0.0,0.0,0.0
79,44,91.06533813476562,224.48655700683597,2158.0
79,45,419.4068298339844,204.43344116210935,3343.0
79,46,0.0,0.0,0.0
79,47,102.97232055664062,465.5950622558594,1662.0
79,48,251.0381622314453,506.4503784179688,131.0
79,49,225.8738555908203,492.09674072265625,1633.0
79,50,339.0256652832031,490.60546875,3077.0
79,51,0.0,0.0,0.0
79,52,0.0,0.0,0.0
79,53,357.3932189941406,308.3271484375,2210.0
79,54,0.0,0.0,0.0
79,55,0.0,0.0,0.0
79,56,0.0,0.0,0.0
79,57,0.0,0.0,0.0
79,58,0.0,0.0,0.0
79,59,0.0,0.0,0.0
79,60,251.10595703125,270.90789794921875,3681.0
79,61,275.0098876953125,341.7916564941406,4454.0
79,62,0.0,0.0,0.0
79,63,0.0,0.0,0.0
79,64,203.10459899902344,58.70867538452149,4761.0
79,65,14.415486335754396,494.3616638183594,1059.0
79,66,0.0,0.0,0.0
79,67,15.090909004211426,372.6041259765625,2233.0
79,68,131.7536163330078,419.2939758300781,2837.0
79,69,286.3920288085937,476.6474609375,3594.0
79,70,0.0,0.0,0.0
79,71,141.39944458007812,339.3145751953125,7280.0
79,72,174.71185302734375,425.6082763671875,3002.0
79,73,0.0,0.0,0.0
79,74,54.26583480834961,103.5633316040039,3600.0
79,75,436.5753173828125,409.5646057128906,6061.0
79,76,0.0,0.0,0.0
79,77,0.0,0.0,0.0
79,78,370.7389526367188,353.7465515136719,2103.0
79,79,0.0,0.0,0.0
79,80,27.66866874694824,243.1462860107422,1832.0
79,81,0.0,0.0,0.0
79,82,0.0,0.0,0.0
79,83,54.59501266479492,286.9677429199219,5857.0
79,84,376.4764709472656,107.87088775634766,3377.0
79,85,0.0,0.0,0.0
79,86,0.0,0.0,0.0
79,87,366.16888427734375,234.8632049560547,2025.0
79,88,111.30347442626952,60.6585693359375,6297.0
79,89,474.8126525878906,170.11546325683594,3603.0
79,90,8.573432922363281,296.2628479003906,1069.0
79,91,0.0,0.0,0.0
79,92,431.9402770996094,54.97187805175781,4018.0
79,93,299.5564880371094,231.7294769287109,2717.0
79,94,316.18048095703125,350.59771728515625,3873.0
79,95,277.3268127441406,70.79827880859375,3837.0
79,96,239.4228973388672,24.102035522460938,3930.0
79,97,0.0,0.0,0.0
79,98,0.0,0.0,0.0
79,99,492.4989929199219,312.3092956542969,1998.0
79,100,227.9468688964844,352.155517578125,4141.0
79,101,0.0,0.0,0.0
79,102,0.0,0.0,0.0
79,103,0.0,0.0,0.0
79,104,34.94464492797852,41.30668258666992,3577.0
79,105,495.7770080566406,86.60891723632812,1166.0
79,106,458.8279113769531,283.64141845703125,2772.0
79,107,0.0,0.0,0.0
79,108,0.0,0.0,0.0
79,109,0.0,0.0,0.0
79,110,0.0,0.0,0.0
79,111,382.3014526367188,31.516826629638672,2080.0
79,112,0.0,0.0,0.0
79,113,308.9232177734375,12.45155429840088,547.0
79,114,0.0,0.0,0.0
79,115,0.0,0.0,0.0
79,116,0.0,0.0,0.0
79,117,480.6714172363281,31.942646026611328,3801.0
79,118,0.0,0.0,0.0
79,119,0.0,0.0,0.0
79,120,84.18038940429688,425.1751403808594,2672.0
79,121,0.0,0.0,0.0
79,122,93.7708511352539,16.901695251464844,1475.0
79,123,0.0,0.0,0.0
79,124,0.0,0.0,0.0
79,125,409.0326843261719,19.969560623168945,887.0
79,126,0.0,0.0,0.0
79,127,491.0120544433594,381.8877258300781,3483.0
79,128,161.2811737060547,11.664435386657717,1195.0
79,129,502.5812377929688,196.7406311035156,320.0
79,130,9.031553268432615,90.55097198486328,824.0
79,131,101.48284912109376,499.57177734375,787.0
79,132,0.0,0.0,0.0
